{"type":"FeatureCollection","metadata":{"dataset":"Rulers of Russia Territory Archive","polity_id":"grand-moscow","polity_label":"Великое княжество Московское","project_owned_runtime_data":true,"external_runtime_dependencies":[],"review_status":"unreviewed-source-capture"},"features":[{"type":"Feature","properties":{"polity_id":"grand-moscow","name":"Московское княжество","start_date":"1263","end_date":"1389","status":"provisional-source-capture","confidence":"unreviewed","legal_basis":[],"source_ids":["capture:ohm:2849503"],"provenance":{"capture_source":"OpenHistoricalMap","capture_id":2849503,"capture_date":"2026-08-22"},"notes":"One-time geometry capture. Review against project historical sources before marking verified."},"geometry":{"type":"Polygon","coordinates":[[[39.5292349,55.2660204],[41.0558972,55.7394879],[41.3525281,55.9983871],[41.484364,56.2311446],[41.3854871,56.728628],[41.5392957,57.6042273],[41.9018445,58.0836908],[42.4072156,58.4879577],[43.9782605,59.1590414],[44.7253308,59.5788566],[45.0871981,59.8655519],[44.5231639,59.858562],[42.1688593,60.1416715],[41.2152169,60.3118527],[40.7979983,60.4370717],[40.3807798,60.6933636],[39.5314421,60.9041843],[38.9205149,60.9982403],[38.1754818,61.0126858],[36.7003162,60.8751881],[35.6870712,60.6568748],[35.5231639,60.4958319],[35.5976672,60.2601519],[35.8360778,60.0450908],[36.4172036,58.8561609],[36.6729169,58.2163145],[36.6117499,58.1099373],[37.0953259,57.8228235],[37.5237982,57.6365834],[37.952265,57.4922166],[38.3312933,57.4005866],[37.7819769,57.0287768],[37.5347845,56.6592488],[37.4688666,56.5836947],[37.3974554,56.5504031],[37.2656195,56.5534308],[37.1063177,56.5957936],[36.9854681,56.6562295],[36.7987006,56.6683051],[36.5734808,56.5715921],[36.2933295,56.2982562],[36.0845892,56.1730841],[35.8373969,56.1639091],[35.0408881,56.2921597],[34.9090521,56.2860623],[34.5681271,55.9449766],[34.9639782,55.8537395],[35.3127942,55.6373047],[35.9692273,55.2728635],[36.1779675,54.9965306],[36.4855847,54.3677649],[36.7602429,54.3165296],[37.5732312,54.7753522],[39.5292349,55.2660204]]]}},{"type":"Feature","properties":{"polity_id":"grand-moscow","name":"Великое княжество Московское","start_date":"1389","end_date":"1392","status":"provisional-source-capture","confidence":"unreviewed","legal_basis":[],"source_ids":["capture:ohm:2849502"],"provenance":{"capture_source":"OpenHistoricalMap","capture_id":2849502,"capture_date":"2026-08-22"},"notes":"One-time geometry capture. Review against project historical sources before marking verified."},"geometry":{"type":"Polygon","coordinates":[[[37.0953259,57.8228235],[37.5237982,57.6365834],[37.952265,57.4922166],[38.3312933,57.4005866],[37.7819769,57.0287768],[37.5347845,56.6592488],[37.4688666,56.5836947],[37.3974554,56.5504031],[37.2656195,56.5534308],[37.1063177,56.5957936],[36.9854681,56.6562295],[36.7987006,56.6683051],[36.5734808,56.5715921],[36.2933295,56.2982562],[36.0845892,56.1730841],[35.8373969,56.1639091],[35.0408881,56.2921597],[34.9090521,56.2860623],[34.5681271,55.9449766],[34.9639782,55.8537395],[35.3127942,55.6373047],[35.9692273,55.2728635],[36.1779675,54.9965306],[36.4855847,54.3677649],[36.7602429,54.3165296],[37.5732312,54.7753522],[39.5837292,55.2791215],[41.0558972,55.7394879],[41.3525281,55.9983871],[41.484364,56.2311446],[41.3854871,56.728628],[41.5392957,57.6042273],[41.9018445,58.0836908],[42.4072156,58.4879577],[43.9782605,59.1590414],[44.7253308,59.5788566],[45.0871981,59.8655519],[44.5231639,59.858562],[42.1688593,60.1416715],[41.2152169,60.3118527],[40.7979983,60.4370717],[40.3807798,60.6933636],[39.5314421,60.9041843],[38.9205149,60.9982403],[38.1754818,61.0126858],[36.7003162,60.8751881],[35.6870712,60.6568748],[35.5231639,60.4958319],[35.5976672,60.2601519],[35.8360778,60.0450908],[36.4172036,58.8561609],[36.6729169,58.2163145],[36.6117499,58.1099373],[37.0953259,57.8228235]]]}},{"type":"Feature","properties":{"polity_id":"grand-moscow","name":"Великое княжество Московское","start_date":"1392","end_date":"1478","status":"provisional-source-capture","confidence":"unreviewed","legal_basis":[],"source_ids":["capture:ohm:2890623"],"provenance":{"capture_source":"OpenHistoricalMap","capture_id":2890623,"capture_date":"2026-08-22"},"notes":"One-time geometry capture. Review against project historical sources before marking verified."},"geometry":{"type":"Polygon","coordinates":[[[39.5292349,55.2660204],[39.6441595,55.2133594],[40.4736273,54.9586973],[40.8911078,54.8070203],[42.138056,54.6865374],[42.7203314,54.6611269],[42.7038464,54.8955711],[42.5720105,55.2540833],[42.5170789,55.6342041],[42.6489148,55.8999623],[42.9345593,56.194487],[43.1982312,56.5110236],[43.3740125,56.7587517],[43.3849988,57.0108386],[43.3520398,57.2909241],[43.4509167,57.4863149],[43.8244519,57.7510818],[44.1979871,57.9323565],[43.5717664,57.978989],[42.7368054,57.9556803],[42.3962292,57.9673366],[41.9018445,58.0836908],[42.4072156,58.4879577],[43.9782605,59.1590414],[44.7253308,59.5788566],[45.0871981,59.8655519],[44.5231639,59.858562],[42.1688593,60.1416715],[41.2152169,60.3118527],[40.7979983,60.4370717],[40.3807798,60.6933636],[39.5314421,60.9041843],[38.9205149,60.9982403],[38.1754818,61.0126858],[36.7003162,60.8751881],[35.6870712,60.6568748],[35.5231639,60.4958319],[35.5976672,60.2601519],[35.8360778,60.0450908],[36.4172036,58.8561609],[36.6729169,58.2163145],[36.6117499,58.1099373],[37.0953259,57.8228235],[37.5237982,57.6365834],[37.952265,57.4922166],[38.3312933,57.4005866],[37.7819769,57.0287768],[37.5347845,56.6592488],[37.4688666,56.5836947],[37.3974554,56.5504031],[37.2656195,56.5534308],[37.1063177,56.5957936],[36.9854681,56.6562295],[36.7987006,56.6683051],[36.5734808,56.5715921],[36.2933295,56.2982562],[36.0845892,56.1730841],[35.8373969,56.1639091],[35.0408881,56.2921597],[34.9090521,56.2860623],[34.5681271,55.9449766],[34.9639782,55.8537395],[35.3127942,55.6373047],[35.9692273,55.2728635],[36.1779675,54.9965306],[36.4855847,54.3677649],[36.7602429,54.3165296],[37.5732312,54.7753522],[39.5292349,55.2660204]]]}},{"type":"Feature","properties":{"polity_id":"grand-moscow","name":"Великое Княжество Московское","start_date":"1462","end_date":"1462","status":"provisional-source-capture","confidence":"unreviewed","legal_basis":[],"source_ids":["capture:ohm:2697961"],"provenance":{"capture_source":"OpenHistoricalMap","capture_id":2697961,"capture_date":"2026-08-22"},"notes":"One-time geometry capture. Review against project historical sources before marking verified."},"geometry":{"type":"Polygon","coordinates":[[[35.1596825,56.0087475],[34.8115533,55.9722616],[34.678342,56.0797013],[34.4064304,56.1853125],[34.6014377,56.4336497],[34.6920749,56.5170805],[34.7277805,56.7331436],[34.8239108,56.8008798],[34.7882053,56.9120028],[34.6728488,57.142202],[34.8101779,57.3428293],[34.7909518,57.4552952],[34.6261569,57.4700676],[34.4805853,57.4419963],[34.2883246,57.5217257],[33.733515,57.5924503],[33.0853217,57.4981203],[32.8436224,57.4538191],[32.5964301,57.2909211],[32.459101,57.070606],[32.4975531,57.0108356],[32.7667181,56.8820036],[33.0194037,56.8429667],[33.1512396,56.7376646],[33.3215277,56.5413184],[33.365473,56.3865457],[34.1461941,56.124314],[34.1794964,56.1021091],[34.1872215,56.0572655],[34.2273044,56.0502559],[34.2157173,56.0355615],[34.2363596,56.0396372],[34.2243433,56.0305022],[34.2663574,56.0254183],[34.3035221,55.995933],[34.3793105,56.0235717],[34.4102093,55.9908927],[34.5130346,55.959291],[34.5513151,55.9051529],[34.5274542,55.8995713],[34.5289992,55.8837845],[34.5518301,55.8699177],[34.7071835,55.8774296],[34.7336193,55.8404343],[34.700316,55.8174878],[34.7270959,55.7866129],[34.9351495,55.6713897],[35.001583,55.5978442],[34.9859616,55.5779567],[35.019264,55.5180388],[34.959869,55.499861],[34.9627875,55.4487819],[34.9907683,55.4261887],[34.8239122,55.2117901],[35.0017541,55.0315645],[35.1960748,55.0559561],[35.2770969,55.0390421],[35.2963229,55.0028274],[35.2194186,54.9129368],[35.2331516,54.8718673],[35.4731366,54.7793063],[35.4922137,54.7435079],[35.4755157,54.7237774],[35.5381516,54.7090999],[35.50668,54.6629474],[35.5808225,54.6594816],[35.5709187,54.6855982],[35.617831,54.6962639],[35.5883109,54.7414492],[35.6286946,54.744555],[35.6610363,54.7258973],[35.9110851,54.6898934],[35.9528427,54.6358772],[35.9949597,54.6160291],[35.9384013,54.6126219],[35.9383716,54.5943517],[35.9858272,54.5558871],[36.0214928,54.5665922],[36.0836915,54.5354954],[36.0930862,54.5254927],[36.0750428,54.5116337],[36.1089991,54.5074738],[36.1401899,54.5279164],[36.2651134,54.4942534],[36.3354802,54.4975013],[36.3814991,54.45099],[36.5836307,54.4435705],[36.6106394,54.4195507],[36.792602,54.446504],[36.8827366,54.423464],[36.9118388,54.4408642],[36.9209276,54.3101151],[36.8975816,54.2555992],[36.7080675,54.2307224],[36.616057,54.1913703],[36.6091905,54.1366973],[36.6380296,54.0932289],[36.8124376,54.0626128],[37.0651218,54.0481033],[37.9138156,54.1383071],[38.1829807,54.1929781],[38.2928439,54.2523909],[38.4768649,54.4700392],[38.5510226,54.4923788],[38.7075778,54.4907835],[38.7680026,54.5194889],[38.8146945,54.5832067],[38.8366672,54.6309297],[38.8009616,54.6785967],[38.8613864,54.7975199],[38.7607954,54.989237],[38.7621687,55.0540876],[39.0533064,55.0983109],[39.0871237,55.0918278],[39.0642927,55.0576273],[39.140428,55.0476486],[39.1825674,55.0226103],[39.2832706,55.031477],[39.449155,55.2055222],[39.5315524,55.2415536],[39.5782443,55.2853739],[39.7540269,55.2642515],[40.0328036,55.1215836],[40.2181979,55.0799411],[40.2813693,55.0311721],[40.2813693,54.9523873],[40.3170749,54.8576412],[40.4241916,54.7658412],[40.572507,54.7230356],[40.8938571,54.7341377],[40.9927341,54.7214493],[41.0504123,54.589573],[41.12457,54.4875927],[41.2179538,54.4444934],[41.3168307,54.4444934],[41.6683932,54.5083281],[41.9815036,54.4173334],[42.1188327,54.2202865],[42.1517917,54.1222137],[42.110593,54.0642255],[42.0227023,54.0303616],[41.9512912,53.9059579],[41.9320651,53.7844281],[41.9622775,53.7210931],[43.0993625,54.1736907],[43.3190891,54.2748491],[43.3905002,54.3341442],[43.4454318,54.3965519],[43.4893771,54.5194889],[43.5717746,54.6547702],[44.7940036,55.0862295],[45.0109836,55.1898461],[45.1043674,55.2525132],[45.0988742,55.2806812],[45.12634,55.3182075],[45.2032443,55.3478906],[45.5465671,55.4243393],[45.8431979,55.5255229],[46.1096164,55.7116416],[46.2387057,55.8552765],[46.3018771,55.9968465],[46.3499437,56.3035875],[46.3348375,56.3538393],[46.1686693,56.58823],[46.0327121,56.656228],[45.9722873,56.7210888],[45.7003757,56.8159157],[45.5191013,56.8341387],[45.3955051,57.0018603],[45.3625461,57.085532],[45.34332,57.1987853],[45.3543063,57.3635726],[45.3900119,57.5158243],[45.8761569,57.857906],[45.9310886,58.0444592],[45.8569308,58.2820652],[45.8184787,58.489389],[45.8706638,58.5653891],[46.0093675,58.699063],[46.2950121,58.9117382],[46.3403265,59.0349053],[46.4611761,59.5454596],[46.5270941,59.689929],[46.6369574,59.800637],[46.9528171,60.0346749],[47.0489474,60.1551774],[47.0983859,60.2520801],[47.150571,60.6395311],[47.150571,60.9544452],[47.1038791,61.362514],[47.0791599,61.3861992],[46.867673,61.4558349],[46.6946384,61.4846947],[46.4570604,61.4755142],[46.260454,61.4221173],[46.1322781,61.5316973],[46.0732266,61.5521471],[45.8933203,61.5696439],[45.7305853,61.5488785],[45.6372015,61.5802665],[44.7637885,61.6272891],[43.9233344,61.6142344],[43.7255804,61.5724225],[42.7917426,61.5017369],[42.473139,61.4597732],[41.7864935,61.2834349],[41.533808,61.2702354],[40.8251898,61.3282716],[40.6329291,61.315091],[40.5010931,61.2543887],[40.4626437,61.175034],[40.5285617,61.0183879],[40.6480394,60.8743352],[40.1866136,60.8970533],[40.0520311,60.8783454],[39.9943529,60.8469183],[39.9696336,60.8080932],[39.9504076,60.6852842],[39.87213,60.5640294],[39.8872362,60.527564],[39.9710069,60.4754959],[40.0904832,60.4348654],[40.0588976,60.3765396],[39.9710069,60.316069],[39.6922289,60.2861321],[39.5082079,60.1428728],[38.8421603,60.1018272],[38.8449069,60.1374036],[38.680112,60.1934267],[38.4384128,60.3079078],[38.2365404,60.5289153],[38.1417833,60.6112382],[38.0360399,60.6651067],[37.9550157,60.6873013],[37.7256761,60.6792323],[37.4839769,60.7350013],[37.3631273,60.6637611],[37.2340379,60.6664523],[36.9813524,60.7303016],[36.9099413,60.7209002],[36.8536363,60.6839394],[36.7643724,60.5566046],[36.6984544,60.53432],[36.5185533,60.5221582],[36.4004503,60.4633121],[36.0461412,60.4070719],[35.9197971,60.2425391],[35.8291599,60.2016172],[35.7247897,60.1865998],[35.617673,60.2384492],[35.532529,60.2357223],[35.4061862,60.1647439],[35.3622409,60.0456479],[35.3759738,59.9715094],[35.466611,59.9302495],[35.8126804,59.8448162],[35.9225436,59.7923453],[36.0282884,59.6052654],[36.1539452,59.517255],[36.1958306,59.4635709],[36.2308495,59.3499962],[36.2521355,59.341594],[36.2548814,59.1956263],[36.2123094,59.1174737],[36.0200487,58.9960193],[35.965117,58.8720053],[35.988463,58.8357801],[36.0530077,58.8023626],[36.2878404,58.7454077],[36.6874681,58.7047703],[36.3304124,58.4175389],[36.2864671,58.3585129],[36.2837206,58.3116538],[36.375731,58.2437783],[36.3180515,58.0648046],[36.3427707,57.9265187],[36.3290378,57.8725154],[36.0708591,57.7026812],[36.0461398,57.6630361],[36.1038181,57.5512095],[36.0928317,57.4375604],[36.0488878,57.3791217],[36.389464,57.318366],[36.6545091,57.3354174],[36.8179308,57.4042836],[37.0390306,57.377641],[37.1626268,57.3368997],[37.220305,57.3539425],[37.2477708,57.3828231],[37.1914659,57.7723213],[37.4331651,57.7474126],[37.6927171,57.6857999],[37.9302965,57.4641586],[38.3834811,57.4139005],[38.6444064,57.4094626],[38.74603,57.4346037],[38.8284274,57.4863105],[38.9025851,57.5556302],[38.9602634,57.7290872],[38.7281786,57.7686593],[38.6196886,57.8023354],[38.5153185,57.8776266],[38.4040819,57.919225],[38.2612596,57.9352677],[38.3024583,57.9615038],[38.2928453,57.9899047],[38.2516466,58.0357355],[38.1596361,58.0756985],[37.5471483,58.162011],[37.3315402,58.1649094],[37.2766086,58.2155797],[37.1667453,58.4045912],[37.1777316,58.4721585],[37.2189304,58.5123498],[37.5128146,58.6540861],[37.5347873,58.7111906],[37.8314182,58.7111906],[37.9000827,58.6912146],[38.2681247,58.4793389],[38.5208102,58.2907281],[38.6196872,58.1938727],[38.8201891,58.1127152],[38.8970934,58.1061856],[39.1127,58.1438955],[39.3475328,58.1583887],[39.4697557,58.0815076],[39.5315538,58.0655303],[39.6908556,58.0677094],[40.0698825,58.257509],[40.185239,58.016829],[40.2896091,57.6424623],[40.0726311,57.3042737],[40.2408593,57.2604802],[40.3040307,57.2322466],[40.32669,57.1909719],[40.2655785,57.1246872],[40.0355523,57.1030631],[40.0108331,57.065004],[39.9201958,57.0070942],[39.9092095,56.986898],[39.9572747,56.8838767],[39.9188226,56.8354523],[39.3513104,56.8480334],[39.3324266,56.9187488],[39.2912279,56.9569579],[39.1854845,56.9913873],[38.9492784,57.0100857],[38.1376634,57.2419083],[37.8959642,57.1377304],[37.7682481,57.031764],[37.720183,56.9636966],[37.6927171,56.801631],[37.7023302,56.6532077],[37.4935886,56.6214892],[37.3782321,56.7075225],[37.2821017,56.7225958],[37.0980807,56.6909349],[37.0651218,56.6305545],[37.056882,56.5292007],[36.9552585,56.4715955],[36.9909641,56.4078249],[37.0816013,56.3332905],[37.1063205,56.2875852],[37.0678683,56.2326667],[36.7149339,56.2067047],[36.2493883,56.2578467],[36.1463921,56.2540321],[36.1264794,56.246021],[36.1257928,56.1757571],[35.7831567,56.2028851],[35.728225,56.1963914],[35.5661767,56.117233],[35.5194848,56.1551117],[35.5119317,56.2387715],[35.3457635,56.2620415],[35.2832787,56.249836],[35.2585595,56.0931089],[35.1596825,56.0087475]]]}},{"type":"Feature","properties":{"polity_id":"grand-moscow","name":"Великое княжество Московское","start_date":"1463","end_date":"1470","status":"provisional-source-capture","confidence":"unreviewed","legal_basis":[],"source_ids":["capture:ohm:2697960"],"provenance":{"capture_source":"OpenHistoricalMap","capture_id":2697960,"capture_date":"2026-08-22"},"notes":"One-time geometry capture. Review against project historical sources before marking verified."},"geometry":{"type":"Polygon","coordinates":[[[38.3834811,57.4139005],[38.6444064,57.4094626],[38.74603,57.4346037],[38.9025851,57.5556302],[38.9602634,57.7290872],[39.2019626,57.6674433],[39.3914767,57.5394183],[39.6661349,57.4848341],[39.9737521,57.3102089],[40.0726311,57.3042737],[40.2408593,57.2604802],[40.3040307,57.2322466],[40.32669,57.1909719],[40.2655785,57.1246872],[40.0355523,57.1030631],[40.0108331,57.065004],[39.9201958,57.0070942],[39.9092095,56.986898],[39.9572747,56.8838767],[39.9188226,56.8354523],[39.3513104,56.8480334],[39.3324266,56.9187488],[39.2912279,56.9569579],[39.1854845,56.9913873],[38.9492784,57.0100857],[38.1376634,57.2419083],[37.8959642,57.1377304],[37.7682481,57.031764],[37.720183,56.9636966],[37.6927171,56.801631],[37.7023302,56.6532077],[37.4935886,56.6214892],[37.3782321,56.7075225],[37.2821017,56.7225958],[37.0980807,56.6909349],[37.0651218,56.6305545],[37.056882,56.5292007],[36.9552585,56.4715955],[36.9909641,56.4078249],[37.0816013,56.3332905],[37.1063205,56.2875852],[37.0678683,56.2326667],[36.7149339,56.2067047],[36.2493883,56.2578467],[36.1463921,56.2540321],[36.1264794,56.246021],[36.1257928,56.1757571],[35.7831567,56.2028851],[35.728225,56.1963914],[35.5661767,56.117233],[35.5194848,56.1551117],[35.5119317,56.2387715],[35.3457635,56.2620415],[35.2832787,56.249836],[35.2585595,56.0931089],[35.1596825,56.0087475],[34.8115533,55.9722616],[34.678342,56.0797013],[34.4064304,56.1853125],[34.6014377,56.4336497],[34.6920749,56.5170805],[34.7277805,56.7331436],[34.8239108,56.8008798],[34.7882053,56.9120028],[34.6728488,57.142202],[34.8101779,57.3428293],[34.7909518,57.4552952],[34.6261569,57.4700676],[34.4805853,57.4419963],[34.2883246,57.5217257],[33.733515,57.5924503],[33.0853217,57.4981203],[32.8436224,57.4538191],[32.5964301,57.2909211],[32.459101,57.070606],[32.4975531,57.0108356],[32.7667181,56.8820036],[33.0194037,56.8429667],[33.1512396,56.7376646],[33.3215277,56.5413184],[33.365473,56.3865457],[34.1461941,56.124314],[34.1794964,56.1021091],[34.1872215,56.0572655],[34.2273044,56.0502559],[34.2157173,56.0355615],[34.2363596,56.0396372],[34.2243433,56.0305022],[34.2663574,56.0254183],[34.3035221,55.995933],[34.3793105,56.0235717],[34.4102093,55.9908927],[34.5130346,55.959291],[34.5513151,55.9051529],[34.5274542,55.8995713],[34.5289992,55.8837845],[34.5518301,55.8699177],[34.7071835,55.8774296],[34.7336193,55.8404343],[34.700316,55.8174878],[34.7270959,55.7866129],[34.9351495,55.6713897],[35.001583,55.5978442],[34.9859616,55.5779567],[35.019264,55.5180388],[34.959869,55.499861],[34.9627875,55.4487819],[34.9907683,55.4261887],[34.8239122,55.2117901],[35.0017541,55.0315645],[35.1960748,55.0559561],[35.2770969,55.0390421],[35.2963229,55.0028274],[35.2194186,54.9129368],[35.2331516,54.8718673],[35.4731366,54.7793063],[35.4922137,54.7435079],[35.4755157,54.7237774],[35.5381516,54.7090999],[35.50668,54.6629474],[35.5808225,54.6594816],[35.5709187,54.6855982],[35.617831,54.6962639],[35.5883109,54.7414492],[35.6286946,54.744555],[35.6610363,54.7258973],[35.9110851,54.6898934],[35.9528427,54.6358772],[35.9949597,54.6160291],[35.9384013,54.6126219],[35.9383716,54.5943517],[35.9858272,54.5558871],[36.0214928,54.5665922],[36.0836915,54.5354954],[36.0930862,54.5254927],[36.0750428,54.5116337],[36.1089991,54.5074738],[36.1401899,54.5279164],[36.2651134,54.4942534],[36.3354802,54.4975013],[36.3814991,54.45099],[36.5836307,54.4435705],[36.6106394,54.4195507],[36.792602,54.446504],[36.8827366,54.423464],[36.9118388,54.4408642],[36.9209276,54.3101151],[36.8975816,54.2555992],[36.7080675,54.2307224],[36.616057,54.1913703],[36.6091905,54.1366973],[36.6380296,54.0932289],[36.8124376,54.0626128],[37.0651218,54.0481033],[37.9138156,54.1383071],[38.1829807,54.1929781],[38.2928439,54.2523909],[38.4768649,54.4700392],[38.5510226,54.4923788],[38.7075778,54.4907835],[38.7680026,54.5194889],[38.8146945,54.5832067],[38.8366672,54.6309297],[38.8009616,54.6785967],[38.8613864,54.7975199],[38.7607954,54.989237],[38.7621687,55.0540876],[39.0533064,55.0983109],[39.0871237,55.0918278],[39.0642927,55.0576273],[39.140428,55.0476486],[39.1825674,55.0226103],[39.2832706,55.031477],[39.449155,55.2055222],[39.5315524,55.2415536],[39.5782443,55.2853739],[39.6688829,55.2814626],[39.8735033,55.2125736],[40.0328036,55.1215836],[40.2181979,55.0799411],[40.2813693,55.0311721],[40.2813693,54.9523873],[40.3170749,54.8576412],[40.4241916,54.7658412],[40.572507,54.7230356],[40.8938571,54.7341377],[40.9927341,54.7214493],[41.0504123,54.589573],[41.12457,54.4875927],[41.2179538,54.4444934],[41.3168307,54.4444934],[41.6683932,54.5083281],[41.9815036,54.4173334],[42.1188327,54.2202865],[42.1517917,54.1222137],[42.110593,54.0642255],[42.0227023,54.0303616],[41.9512912,53.9059579],[41.9320651,53.7844281],[41.9622775,53.7210931],[43.3190891,54.2748491],[43.4454318,54.3965519],[43.4893771,54.5194889],[43.5717746,54.6547702],[44.7940036,55.0862295],[45.0109836,55.1898461],[45.1043674,55.2525132],[45.0988742,55.2806812],[45.12634,55.3182075],[45.2032443,55.3478906],[45.5465671,55.4243393],[45.8431979,55.5255229],[46.1096164,55.7116416],[46.2387057,55.8552765],[46.3018771,55.9968465],[46.3499437,56.3035875],[46.3348375,56.3538393],[46.1686693,56.58823],[46.0327121,56.656228],[45.9722873,56.7210888],[45.7003757,56.8159157],[45.5191013,56.8341387],[45.3955051,57.0018603],[45.3625461,57.085532],[45.34332,57.1987853],[45.3543063,57.3635726],[45.3900119,57.5158243],[45.8761569,57.857906],[45.9310886,58.0444592],[45.8569308,58.2820652],[45.8184787,58.489389],[45.8706638,58.5653891],[46.0093675,58.699063],[46.2950121,58.9117382],[46.3403265,59.0349053],[46.4611761,59.5454596],[46.5270941,59.689929],[46.6369574,59.800637],[46.9528171,60.0346749],[47.0489474,60.1551774],[47.0983859,60.2520801],[47.150571,60.6395311],[47.150571,60.9544452],[47.1038791,61.362514],[47.0791599,61.3861992],[46.867673,61.4558349],[46.6946384,61.4846947],[46.4570604,61.4755142],[46.260454,61.4221173],[46.1322781,61.5316973],[46.0732266,61.5521471],[45.8933203,61.5696439],[45.7305853,61.5488785],[45.6372015,61.5802665],[44.7637885,61.6272891],[43.9233344,61.6142344],[43.7255804,61.5724225],[42.7917426,61.5017369],[42.473139,61.4597732],[41.7864935,61.2834349],[41.533808,61.2702354],[40.8251898,61.3282716],[40.6329291,61.315091],[40.5010931,61.2543887],[40.4626437,61.175034],[40.5285617,61.0183879],[40.6480394,60.8743352],[40.1866136,60.8970533],[40.0520311,60.8783454],[39.9943529,60.8469183],[39.9696336,60.8080932],[39.9504076,60.6852842],[39.87213,60.5640294],[39.8872362,60.527564],[39.9710069,60.4754959],[40.0904832,60.4348654],[40.0588976,60.3765396],[39.9710069,60.316069],[39.6922289,60.2861321],[39.5082079,60.1428728],[38.8421603,60.1018272],[38.8449069,60.1374036],[38.680112,60.1934267],[38.4384128,60.3079078],[38.2365404,60.5289153],[38.1417833,60.6112382],[38.0360399,60.6651067],[37.9550157,60.6873013],[37.7256761,60.6792323],[37.4839769,60.7350013],[37.3631273,60.6637611],[37.2340379,60.6664523],[36.9813524,60.7303016],[36.9099413,60.7209002],[36.8536363,60.6839394],[36.7643724,60.5566046],[36.6984544,60.53432],[36.5185533,60.5221582],[36.4004503,60.4633121],[36.0461412,60.4070719],[35.9197971,60.2425391],[35.8291599,60.2016172],[35.7247897,60.1865998],[35.617673,60.2384492],[35.532529,60.2357223],[35.4061862,60.1647439],[35.3622409,60.0456479],[35.3759738,59.9715094],[35.466611,59.9302495],[35.8126804,59.8448162],[35.9225436,59.7923453],[36.0282884,59.6052654],[36.1539452,59.517255],[36.2191766,59.418536],[36.2308495,59.3499962],[36.2521355,59.341594],[36.2548814,59.1956263],[36.2123094,59.1174737],[36.0200487,58.9960193],[35.965117,58.8720053],[35.988463,58.8357801],[36.0530077,58.8023626],[36.2878404,58.7454077],[36.6874681,58.7047703],[36.3304124,58.4175389],[36.2864671,58.3585129],[36.2837206,58.3116538],[36.375731,58.2437783],[36.3180515,58.0648046],[36.3427707,57.9265187],[36.3290378,57.8725154],[36.0708591,57.7026812],[36.0461398,57.6630361],[36.1038181,57.5512095],[36.0928317,57.4375604],[36.0488878,57.3791217],[36.389464,57.318366],[36.6545091,57.3354174],[36.8179308,57.4042836],[37.0390306,57.377641],[37.1626268,57.3368997],[37.220305,57.3539425],[37.2477708,57.3828231],[37.1914659,57.7723213],[37.4331651,57.7474126],[37.6927171,57.6857999],[37.9302965,57.4641586],[38.3834811,57.4139005]]]}},{"type":"Feature","properties":{"polity_id":"grand-moscow","name":"Великое княжество Московское","start_date":"1478","end_date":"1485","status":"provisional-source-capture","confidence":"unreviewed","legal_basis":[],"source_ids":["capture:ohm:2890622"],"provenance":{"capture_source":"OpenHistoricalMap","capture_id":2890622,"capture_date":"2026-08-22"},"notes":"One-time geometry capture. Review against project historical sources before marking verified."},"geometry":{"type":"MultiPolygon","coordinates":[[[[56.6922044,68.8032523],[56.6500616,68.8498594],[56.5169931,68.8690476],[56.389491,68.8442335],[56.3320401,68.8013925],[56.3766902,68.7580506],[56.4929286,68.7404834],[56.6053204,68.7556751],[56.6922044,68.8032523]]],[[[48.0575383,68.9211032],[48.0756005,68.8016681],[48.1092766,68.7558902],[48.3260701,68.6710937],[49.1325232,68.6087663],[49.522443,68.6100947],[49.6792447,68.6400539],[49.7606529,68.689139],[49.7180005,68.7325953],[49.5976649,68.7481069],[49.9697029,68.8696522],[50.2264399,68.9226732],[50.4219574,69.0508923],[50.4597077,69.1173327],[50.4388854,69.1688668],[50.3853127,69.2163397],[50.1756533,69.3167463],[49.3816559,69.5419907],[48.9624816,69.5496608],[48.6289583,69.4989818],[48.4088812,69.4147366],[48.208567,69.3006972],[48.0890114,69.1352091],[48.0575383,68.9211032]]],[[[42.3365605,66.7042877],[42.6322366,66.6122278],[42.733132,66.6193574],[42.7905685,66.6463718],[42.8123259,66.6942349],[42.7873508,66.7441713],[42.7331205,66.7849714],[42.5666196,66.8278738],[42.3920124,66.8187085],[42.3011535,66.7645081],[42.3031635,66.7294309],[42.3365605,66.7042877]]],[[[35.6624571,64.7753732],[35.7282046,64.8218365],[35.6727356,64.8663778],[35.5306962,64.8742581],[35.4547548,64.8300238],[35.4657484,64.802289],[35.5128251,64.7783258],[35.6624571,64.7753732]]],[[[37.0953259,57.8228235],[37.5237982,57.6365834],[37.952265,57.4922166],[38.3312933,57.4005866],[37.7819769,57.0287768],[37.5347845,56.6592488],[37.4688666,56.5836947],[37.3974554,56.5504031],[37.2656195,56.5534308],[37.1063177,56.5957936],[36.9854681,56.6562295],[36.7987006,56.6683051],[36.5734808,56.5715921],[36.2933295,56.2982562],[36.0845892,56.1730841],[35.8373969,56.1639091],[35.0408881,56.2921597],[34.9090521,56.2860623],[34.5681271,55.9449766],[34.9639782,55.8537395],[35.3127942,55.6373047],[35.9692273,55.2728635],[36.1779675,54.9965306],[36.4855847,54.3677649],[36.7602429,54.3165296],[37.5732312,54.7753522],[39.5292349,55.2660204],[39.6441595,55.2133594],[40.4736273,54.9586973],[40.8911078,54.8070203],[42.138056,54.6865374],[42.7203314,54.6611269],[42.7038464,54.8955711],[42.5720105,55.2540833],[42.5170789,55.6342041],[42.6489148,55.8999623],[42.9345593,56.194487],[43.1982312,56.5110236],[43.3740125,56.7587517],[43.3849988,57.0108386],[43.3520398,57.2909241],[43.4509167,57.4863149],[43.8244519,57.7510818],[44.1979871,57.9323565],[43.5717664,57.978989],[42.7368054,57.9556803],[42.3962292,57.9673366],[41.9018445,58.0836908],[42.4072156,58.4879577],[43.9782605,59.1590414],[44.7253308,59.5788566],[45.0871981,59.8655519],[47.8460116,59.9258333],[48.9188593,59.9855158],[49.6638924,60.097131],[50.1705149,60.2601519],[50.4238262,60.2231728],[50.6324354,59.9780614],[51.5860778,58.4764809],[53.2251507,58.755832],[54.6556142,58.7944543],[55.326144,59.2393442],[56.1456805,59.6785048],[57.4420381,60.2527595],[59.0959967,60.6787804],[67.4999851,61.8604385],[67.3807798,62.0565767],[66.7698526,62.2653293],[65.5032964,62.5963483],[64.8923692,63.0658042],[65.3691904,63.4746228],[65.8013096,63.8776796],[65.9354156,64.3008947],[65.7119056,64.7622219],[65.473495,65.1720405],[65.607601,65.4706666],[65.8311109,66.2085567],[66.7698526,68.0269243],[67.2057669,68.6921408],[67.4915485,68.7151587],[67.5424059,68.7426279],[67.5459637,68.78568],[67.4745935,68.8342059],[67.3914533,68.8607639],[66.6949694,68.934393],[66.5539427,69.0255695],[66.2626081,69.1212112],[65.3500579,69.2444927],[65.2408206,69.3010514],[65.1096332,69.3214519],[64.6309487,69.4795257],[63.9394224,69.6360822],[62.7639244,69.7730823],[62.2236548,69.7811804],[61.8811313,69.8004778],[61.7655418,69.8238248],[61.5575982,69.8201344],[61.4837878,69.830248],[61.3007179,69.9022974],[61.1983727,69.9169291],[61.0021173,69.8979148],[60.8253236,69.9166333],[60.6272914,69.8753855],[60.6369366,69.9185584],[60.5705138,69.9620639],[60.3649569,70.0161972],[60.2104312,70.081846],[60.2013601,70.1107655],[60.1568973,70.1321562],[59.974757,70.1471112],[59.915454,70.1871754],[59.7064044,70.2507756],[59.5136255,70.3731717],[59.237756,70.4600003],[59.1832339,70.5021795],[59.0221925,70.5198643],[58.8613006,70.4790233],[58.760742,70.5065866],[58.6266847,70.5116192],[58.5113519,70.4753852],[58.5092678,70.4496309],[58.5455946,70.4128175],[58.3588929,70.4207021],[58.2543028,70.3934964],[58.238627,70.3593938],[58.2970838,70.304422],[58.1686284,70.2715771],[58.1589761,70.2464553],[58.1824245,70.2046055],[58.390365,70.1329894],[58.4608355,70.0489939],[58.5560591,69.989423],[58.6796953,69.9323962],[58.8347295,69.8934006],[58.8925154,69.8489126],[58.9763262,69.8185247],[59.2015375,69.8030468],[59.3049619,69.7646299],[59.4127967,69.7642804],[59.3682855,69.7395136],[59.3701592,69.7079108],[59.5093466,69.6634779],[60.0369072,69.6088098],[60.0266519,69.5561089],[60.0785723,69.4843204],[60.4850566,69.2322626],[60.4825845,69.1390919],[60.5221453,69.0938543],[60.6189657,69.0525587],[60.7814019,69.0351595],[60.8074729,68.9754145],[60.785114,68.9256368],[60.6617224,68.8835883],[60.5916342,68.8227403],[60.4215434,68.7478731],[60.1243215,68.7310707],[59.9183408,68.762212],[59.692179,68.6738172],[59.656068,68.6394269],[59.6737965,68.5856083],[59.809607,68.4970697],[59.8304581,68.453719],[59.7423771,68.4065255],[59.64135,68.3841046],[59.2623173,68.4402263],[59.3268708,68.5143899],[59.3057373,68.5473332],[59.2627524,68.5664629],[59.3114439,68.5871588],[59.3313623,68.6179187],[59.5465515,68.6281172],[59.6070158,68.6503202],[59.6289948,68.6812655],[59.6147278,68.7069842],[59.5466686,68.7389324],[59.56857,68.7639905],[59.5474365,68.8055076],[59.4486214,68.8345005],[59.3068754,68.9086195],[59.455416,68.9458184],[59.6418251,68.9561894],[59.6874472,68.9901933],[59.6660199,69.039643],[59.6193689,69.0763371],[59.4917027,69.1254124],[59.4622214,69.1539085],[59.4531598,69.2274767],[59.3990966,69.2729007],[59.2220369,69.3294508],[58.9179451,69.3866076],[58.8347688,69.4334241],[58.7213783,69.4451359],[58.7244914,69.4881285],[58.6571327,69.5237685],[58.4366944,69.5360527],[58.3463133,69.5090212],[58.3084829,69.4729909],[58.3101406,69.4517288],[58.3777143,69.4157948],[58.4903335,69.3985155],[58.4886684,69.372048],[58.5134871,69.3525513],[58.7620928,69.2573399],[59.0558791,69.200452],[59.0980425,69.1158951],[59.238349,69.0628475],[59.2638331,69.0327733],[58.8093308,69.0232735],[57.7408793,68.8268798],[57.2781113,68.7840355],[57.1365989,68.7541011],[57.0207225,68.6804059],[57.0400754,68.6349456],[57.1395238,68.6085392],[57.2476624,68.6151016],[57.361776,68.6579594],[57.3469097,68.6161432],[57.2661982,68.5839711],[57.118582,68.5771879],[56.9620031,68.598593],[56.8752992,68.6422123],[56.6603082,68.6743889],[56.3267692,68.6412889],[56.1771335,68.6844509],[56.0438702,68.6972624],[55.8811579,68.6836069],[55.6067946,68.6047386],[55.3400988,68.6018976],[54.8851646,68.4527316],[54.8210849,68.3786196],[54.7062924,68.3250714],[54.7168014,68.2820697],[54.7737724,68.2521174],[54.7535154,68.241078],[54.4948527,68.3985967],[54.3688725,68.4039268],[54.221419,68.3746349],[54.1215997,68.3844867],[54.0932563,68.3994448],[54.0780706,68.4768752],[54.037011,68.535982],[53.8798679,68.6279665],[53.9884239,68.6762798],[54.0060555,68.7009776],[53.9901921,68.7389845],[54.1064879,68.7772988],[54.4107419,68.7334632],[54.5211033,68.7547507],[54.5581185,68.7871083],[54.5185559,68.8274217],[54.387736,68.8649264],[54.0920413,68.8774024],[54.4326467,68.9044823],[54.5617378,68.8835551],[54.7803973,68.9005336],[54.9159131,68.8623877],[55.1471526,68.8772382],[55.2715954,68.8472783],[55.3975979,68.850703],[55.5807858,68.8194686],[55.7137365,68.845944],[55.7466932,68.8875046],[55.743893,68.911151],[55.6695504,68.9464616],[55.5069464,68.9755823],[55.1379019,68.9645547],[54.9123113,69.0243046],[54.7797775,69.0188465],[54.5401241,69.0428304],[54.0417658,69.0317744],[53.6127976,68.9839085],[52.9203425,68.8427863],[52.060724,68.6027515],[51.6917355,68.5470521],[51.1798273,68.5438513],[50.9599702,68.5109639],[50.7466765,68.4398859],[50.580162,68.3402804],[50.0700799,68.1595179],[49.1794205,67.910129],[48.9452762,67.8803822],[48.8536968,67.8936546],[48.6826608,67.9586322],[48.5111603,67.9541365],[48.4660532,67.9306962],[48.4603253,67.9064503],[48.6413042,67.8213467],[48.6425916,67.7643371],[48.6234067,67.7444522],[48.4620808,67.6990635],[48.2956292,67.7154085],[48.1208681,67.6714105],[47.9461146,67.6914917],[47.7152999,67.6009668],[47.7026079,67.5679854],[47.7293669,67.5163345],[47.801721,67.4608058],[47.7462626,67.4001534],[47.6368644,67.3433292],[47.6472757,67.2526342],[47.5884391,67.227973],[47.5572022,67.1926101],[47.6243652,67.1221067],[47.6243723,67.0548362],[47.541764,66.9818547],[47.4983462,66.9648549],[47.3338932,66.9655296],[46.9151143,66.8940538],[46.7083335,66.879746],[46.6303833,66.9121921],[46.5204702,66.9209944],[46.1691158,66.8777921],[45.9149144,66.9320383],[45.8283068,67.0083313],[45.8104734,67.051454],[45.7529838,67.0900633],[45.7503727,67.1388868],[45.6901575,67.1897613],[45.1896555,67.301601],[45.0455212,67.3570816],[45.0388978,67.3886476],[45.0642141,67.4343509],[45.1292443,67.4841398],[45.2492463,67.5293283],[45.3416072,67.5283176],[45.4226676,67.5550625],[45.4799036,67.6329701],[45.4679748,67.677416],[45.5503852,67.6994718],[45.8745751,67.7048152],[46.0027461,67.7351656],[46.3497442,67.7682843],[46.6910328,67.7534742],[46.8124549,67.7851206],[46.8476125,67.8459765],[46.8342186,67.8995578],[46.6704832,68.0349685],[46.6606568,68.1333734],[46.4286043,68.2602537],[46.5062602,68.2934778],[46.5124672,68.3239445],[46.4860823,68.358652],[46.0963653,68.473367],[45.5043614,68.5718239],[45.037959,68.5997207],[44.0896174,68.5821504],[43.8150585,68.6591198],[43.5106471,68.711451],[43.2343825,68.7104665],[43.1430963,68.6644564],[43.204619,68.5904865],[43.457743,68.4872532],[43.8982083,68.3581644],[44.0851796,68.2744594],[44.0883523,68.2075617],[44.0592801,68.0898559],[44.0089992,68.0094597],[44.0279433,67.9576319],[43.973249,67.8512083],[44.0023366,67.7610229],[43.9378403,67.6961689],[43.9122355,67.6335866],[43.8162984,67.5476929],[43.7076987,67.4107991],[43.6325053,67.2674135],[43.645226,67.1940438],[43.6894805,67.1590931],[43.8588546,67.1054923],[44.0531005,67.1041195],[44.3547059,66.9113779],[44.3363366,66.8792192],[44.3498095,66.8452913],[44.2637929,66.8175528],[44.2256557,66.783548],[44.239816,66.7361268],[44.3270606,66.6669742],[44.2506542,66.5764768],[44.2452656,66.531919],[44.1003233,66.4484571],[44.0026375,66.3417721],[43.9407285,66.2297801],[43.8099605,66.2483795],[43.7575859,66.2935096],[43.6446239,66.3452423],[43.4636962,66.3754025],[43.4045531,66.4261128],[43.3179029,66.4582891],[43.1297912,66.468405],[42.7458336,66.451377],[42.6621159,66.4906546],[42.3772269,66.5540433],[42.2300941,66.5676052],[42.1138315,66.5543104],[41.9746657,66.5033051],[41.846461,66.3885399],[41.7411725,66.3518491],[41.6169761,66.253372],[41.382198,66.1434973],[41.002565,66.0623617],[40.6330532,66.0184775],[40.3217699,65.8226398],[40.0428007,65.7245561],[39.7862214,65.6673543],[39.667545,65.6065843],[39.6064854,65.5420961],[39.5692766,65.4293971],[39.5902561,65.3388348],[39.7982974,65.2100523],[39.904087,65.128793],[39.9312487,65.0861365],[40.0256917,65.031512],[40.0888696,64.8971077],[40.1368435,64.8432836],[39.8673901,64.797846],[39.7327857,64.7187923],[39.6542197,64.6074721],[39.5801249,64.6048395],[39.3589114,64.6888036],[39.1671838,64.7143577],[38.9414913,64.787997],[38.6066532,64.8215268],[38.4063562,64.8967557],[38.1544228,64.899487],[37.9786022,64.9306114],[37.8324741,64.9853058],[37.8232775,65.0376368],[37.752919,65.0760188],[37.4461908,65.1512071],[37.077575,65.2199856],[36.9653389,65.2192034],[36.8669842,65.2625625],[36.7668696,65.2602003],[36.6878611,65.2333711],[36.6603509,65.1949699],[36.7067637,65.1538685],[36.6955424,65.119402],[36.7305822,65.0820246],[36.6816488,64.9934356],[36.6081224,64.975682],[36.3959618,64.9769987],[36.3160401,64.9300938],[36.3177873,64.8926045],[36.3894815,64.7964218],[36.4260581,64.6912085],[36.4889916,64.6670311],[36.6221433,64.6612632],[36.8047864,64.5035834],[37.0325768,64.3579275],[37.321564,64.288016],[37.2609808,64.2704256],[37.2333251,64.240913],[37.2437601,64.2081984],[37.2908368,64.1837085],[37.3910569,64.1717928],[37.4823237,64.1956733],[37.5034233,64.225504],[37.4885081,64.2516401],[37.3723993,64.2899642],[37.4952401,64.3250783],[37.6238983,64.3023824],[37.7180477,64.3213979],[37.7947866,64.3026087],[37.8256448,64.274858],[37.7816296,64.2473559],[37.7729304,64.1949259],[37.8208728,64.1373519],[37.882376,64.1110624],[37.9122487,64.0566163],[37.8140464,64.0947704],[37.6973366,64.078861],[37.6665588,64.0561765],[37.6640041,64.0290809],[37.7647007,63.9549723],[37.570867,63.9308268],[37.5151792,63.8914686],[37.5173103,63.8566227],[37.4362629,63.8422158],[37.3859046,63.8491635],[37.4201027,63.8815932],[37.4058359,63.9132532],[37.3059157,63.9419279],[37.2515224,63.9902591],[37.2799849,64.0246336],[37.257937,64.0585201],[37.3290515,64.1022857],[37.3323447,64.1416174],[37.3066824,64.1654143],[37.1887356,64.2028829],[37.0725992,64.1925042],[37.0210585,64.1516767],[37.0303764,64.1256829],[37.0966609,64.0799214],[37.0574695,64.0670548],[36.9698961,64.1078385],[36.9641571,64.1590492],[36.8730539,64.1996088],[36.8271766,64.2507106],[36.641396,64.3062904],[36.6059725,64.3505112],[36.5363253,64.3794533],[36.4308919,64.3943699],[36.3339978,64.3782568],[36.2866857,64.4236913],[36.2142269,64.4425327],[36.0272219,64.4333214],[35.7155478,64.4616258],[35.688821,64.4790828],[35.7374505,64.5078278],[35.738176,64.5505038],[35.8115625,64.5726493],[35.8320295,64.6078697],[35.7736641,64.6589922],[35.6246963,64.7360484],[35.4552179,64.7358269],[35.3619578,64.6808916],[35.3889868,64.6368129],[35.4892362,64.6165886],[35.5478909,64.5787568],[35.4960209,64.5443825],[35.4955337,64.5121242],[35.5288467,64.4855427],[35.4955549,64.4708574],[35.4321194,64.4614417],[35.3502116,64.496285],[35.3520485,64.5384455],[35.2894514,64.5674368],[35.2041433,64.5727038],[35.1317409,64.5532258],[35.0658755,64.5655468],[35.197169,64.6397861],[35.2058431,64.6724666],[35.1760985,64.7019248],[35.223423,64.7274495],[35.2325599,64.753866],[35.3151051,64.7624953],[35.3682902,64.7963665],[35.3637942,64.8274763],[35.3330808,64.8495472],[35.2217446,64.8653258],[35.3580797,64.8998432],[35.4759302,64.8943035],[35.5438999,64.9226309],[35.6189957,64.9033915],[35.8021513,64.9042495],[36.0747959,64.9689095],[36.1413873,65.0119618],[36.1403004,65.0544696],[36.1184947,65.0757263],[36.3396012,65.1128318],[36.3864203,65.1373532],[36.3933445,65.1738817],[36.3194413,65.2119742],[36.1261708,65.2131193],[36.0042168,65.2453265],[35.5200829,65.1993497],[35.3964529,65.153664],[35.3754341,65.1211283],[35.3810214,65.0895541],[35.4432103,65.0342603],[35.3328507,64.9951219],[35.1656475,65.0249729],[35.1442507,65.0870961],[35.0878854,65.1150471],[34.9161564,65.1198359],[34.9288535,65.1423977],[34.9174606,65.1679173],[34.8030542,65.2492286],[34.6893567,65.2948232],[34.7015048,65.3167587],[34.6885288,65.3401382],[34.8089446,65.4032806],[34.8131884,65.4537338],[34.9044646,65.5171918],[34.9185704,65.5628583],[35.0341263,65.5796975],[35.0662106,65.6037733],[35.0680301,65.6275728],[35.1467387,65.6688033],[35.1841244,65.7482441],[35.1614658,65.7837722],[35.1680992,65.8293029],[34.9815278,65.8975399],[34.9388993,65.9356886],[34.8484633,65.9501511],[34.821477,66.004399],[34.6266017,66.1095115],[34.1212425,66.2835583],[34.004755,66.3529119],[33.9891402,66.384574],[34.0110848,66.4222417],[33.9646652,66.4568555],[33.882125,66.4850237],[33.7597094,66.4869398],[33.6512806,66.5449097],[33.7996287,66.5575288],[33.8356732,66.5906643],[33.816397,66.6219027],[34.0060016,66.6322183],[34.1773834,66.6110028],[34.3585687,66.5066008],[34.4413648,66.4880699],[34.5903067,66.4904035],[34.8383505,66.5421958],[35.1049373,66.4330051],[35.4837845,66.3367835],[36.503702,66.2239455],[36.7527874,66.2309465],[36.9275832,66.2113423],[37.2908908,66.154069],[37.58634,66.0692462],[37.8482424,66.0381468],[38.3899196,66.0034263],[38.749122,66.012547],[38.9588953,66.0553692],[39.1523613,66.0525422],[39.5184411,66.1322487],[40.0630422,66.2090091],[40.3487405,66.3255084],[40.4669424,66.3417058],[40.6824855,66.4278844],[40.7640011,66.4410747],[40.8286885,66.482593],[40.8361088,66.5476834],[41.2070409,66.7150032],[41.3577507,66.8169711],[41.4246768,66.9451068],[41.5012383,67.0057273],[41.5074452,67.0348555],[41.4829278,67.0605526],[41.5259068,67.0852878],[41.5376094,67.1188379],[41.4736785,67.1599715],[41.4940389,67.1990662],[41.4517008,67.2417441],[41.3567002,67.2670162],[41.2231144,67.2717135],[41.2493614,67.328889],[41.2549597,67.4072737],[41.2274963,67.4500079],[41.142787,67.494071],[41.1279679,67.5509977],[41.176919,67.6315624],[41.1057224,67.7209349],[40.9863273,67.7698657],[40.8560346,67.7797119],[40.761147,67.8337437],[40.522783,67.885528],[40.3913563,67.9489525],[40.2308892,67.9844182],[40.0778387,68.057385],[40.0376864,68.1111284],[39.9714208,68.1527433],[39.8484041,68.1952316],[39.7379951,68.2086907],[39.6443379,68.194283],[39.6016752,68.1595717],[39.6275348,68.1155854],[39.4622227,68.1484576],[39.2875702,68.2257888],[39.1259376,68.2624263],[39.0674833,68.3097621],[38.8496643,68.3606213],[38.7358065,68.4170749],[38.4565003,68.4509751],[38.2140723,68.5297824],[38.0863869,68.609564],[37.959763,68.6509198],[37.8931126,68.7245804],[37.6921943,68.7558047],[37.6275517,68.8093878],[37.1846301,68.9004299],[36.5580458,69.0751277],[36.5092421,69.1046283],[36.1022705,69.1875694],[35.958792,69.240687],[35.2499308,69.3072554],[35.0843489,69.3006162],[35.0077079,69.2658438],[34.8697511,69.3003638],[34.5497677,69.3127538],[34.5440722,69.3482097],[34.4971786,69.3743029],[34.1226837,69.4379219],[33.9588003,69.4264855],[33.8679999,69.3977305],[33.819983,69.3619245],[33.6221654,69.3568799],[33.6375653,69.3878131],[33.6280866,69.4190353],[33.5207433,69.4625734],[32.9047246,69.5213939],[33.0654097,69.550108],[33.2122126,69.6182199],[33.2724131,69.725355],[33.1576557,69.789283],[32.6552852,69.8521634],[32.1342604,70.0026787],[31.8563593,70.0050167],[31.7711409,69.9737737],[31.7160438,69.8923547],[31.5855417,69.9068879],[31.437654,69.8898559],[31.3840227,69.8567359],[31.401387,69.792854],[30.8953155,69.8450293],[30.8176414,69.7948444],[30.8905984,69.7372657],[30.8736595,69.7149353],[30.9444154,69.6832279],[30.9233763,69.6697388],[30.9542528,69.6324096],[30.9465507,69.576363],[30.81799,69.5288883],[30.5159812,69.5404206],[30.2240291,69.6531205],[30.1516722,69.6693762],[30.0852915,69.6580972],[30.0912854,69.6428379],[30.137826,69.6435197],[30.1855994,69.5505719],[30.1223803,69.5166756],[30.1168881,69.4692538],[30.0345285,69.4246791],[29.9481468,69.4050014],[29.8504972,69.4228126],[29.7226467,69.3890938],[29.5704517,69.3178794],[29.3965182,69.3236938],[29.2923407,69.2979319],[29.276971,69.250761],[29.3139861,69.2312317],[29.2864934,69.1692013],[29.2487203,69.1615253],[29.2310095,69.1216852],[29.242137,69.1130186],[29.0566538,69.0152255],[28.9292868,69.0519146],[28.4157884,68.9154506],[28.4680152,68.8854349],[28.8007884,68.8692833],[28.7064097,68.7322371],[28.4339319,68.539671],[28.6461512,68.1963033],[29.3270886,68.0745422],[29.6594055,67.8029589],[30.017043,67.6735527],[29.9302245,67.5225238],[29.6160519,67.345731],[29.6440601,67.3357821],[29.5225573,67.3098971],[29.5044673,67.2855845],[29.5164949,67.2806526],[29.0728518,66.995901],[29.0331725,66.9255118],[29.0605147,66.8531003],[29.1189692,66.8014769],[29.1058565,66.7904471],[29.1494135,66.7804339],[29.3611293,66.6388082],[29.3825949,66.5984441],[29.4190358,66.5919864],[29.4106071,66.5831721],[29.4720555,66.5439006],[29.6313606,66.366276],[29.6963998,66.2687473],[29.9233057,66.1271457],[29.9926245,66.0223595],[29.9971176,65.978834],[30.0242232,65.9667021],[30.068452,65.8949649],[30.1193759,65.7522112],[30.1384654,65.668677],[30.0171088,65.6964778],[29.7218687,65.6370846],[29.8639021,65.5604438],[29.7330481,65.4725004],[29.7273933,65.4003301],[29.7465796,65.347402],[29.6017879,65.2599327],[29.6340018,65.2315851],[29.8856591,65.2062953],[29.8935882,65.1929709],[29.8193328,65.1442782],[29.8968589,65.1051397],[29.7326676,65.0912944],[29.6269757,65.0605969],[29.5993331,64.9950558],[29.6191848,64.959659],[29.6109949,64.9273109],[29.6449074,64.866493],[29.699703,64.8372234],[29.6875026,64.8188089],[29.7396283,64.7897836],[30.0429299,64.7928807],[30.0865096,64.7739882],[30.0413965,64.7411934],[30.1358375,64.6489996],[30.130109,64.6347287],[29.9894001,64.5876222],[29.9869571,64.5338969],[30.0583381,64.4508873],[30.0448663,64.4020287],[30.1099241,64.3650286],[30.3669331,64.2996872],[30.3608053,64.2813189],[30.3882735,64.2690683],[30.4824363,64.2623259],[30.5095961,64.2216872],[30.4663645,64.2044309],[30.5534022,64.1322472],[30.5535576,64.1016869],[30.4918692,64.0169518],[30.3209136,63.9095321],[30.2604128,63.8220093],[29.9723741,63.756915],[30.2441514,63.6072718],[30.2582144,63.583947],[30.3845366,63.5455091],[30.4840079,63.4667034],[30.7876915,63.4052755],[30.8501493,63.3684509],[30.9344216,63.3554973],[30.9791661,63.3077728],[31.2398348,63.2188742],[31.2548471,63.1786518],[31.2553452,63.1461864],[31.1503594,63.1124643],[30.9635918,63.0991085],[30.8702081,63.0667807],[30.8406823,63.0400209],[30.8029168,62.9221105],[30.5907433,62.8379106],[30.3902428,62.7999575],[30.2220147,62.8626635],[30.2014153,62.8134505],[30.1300042,62.7917958],[30.1464837,62.7669832],[30.0517266,62.7396337],[30.0709527,62.7154067],[30.0537865,62.6993493],[29.94255,62.680132],[29.8498528,62.7043879],[29.8402398,62.664686],[29.899978,62.6252466],[29.7784417,62.6031375],[29.7200768,62.5639326],[29.7859948,62.4723587],[29.7921746,62.4396537],[29.7750085,62.412955],[29.6129601,62.3734992],[29.5127099,62.3196411],[29.4941705,62.2768682],[29.369201,62.164861],[29.3980401,62.0897441],[29.6040337,61.9331361],[29.2579644,61.7152618],[29.2222588,61.6612031],[29.1790002,61.6429451],[29.0401266,61.6407434],[29.1796848,61.5711137],[29.2401096,61.5069771],[29.4009166,61.3973084],[29.5587144,61.2081216],[29.5556256,61.0579533],[29.5947644,61.0481493],[29.5892712,61.0260379],[29.6136471,61.0203828],[29.5686718,60.9701086],[29.7556112,60.8594588],[29.787712,60.8098508],[29.7710609,60.7873638],[29.7895145,60.7670827],[29.7702884,60.7570212],[29.7887417,60.7128392],[29.9260708,60.6676291],[30.03647,60.6618537],[30.0828939,60.6109789],[30.1749713,60.5994279],[30.0521089,60.551254],[30.0336247,60.5203254],[30.0557054,60.4967071],[30.1899145,60.4575564],[30.2446743,60.4770181],[30.3602026,60.4417248],[30.440368,60.4446888],[30.449981,60.4243606],[30.5220788,60.4673735],[30.5454247,60.4443501],[30.6779466,60.4863221],[30.7033537,60.5175113],[31.2456326,60.7111903],[31.3467393,60.1038801],[31.5493005,59.9360968],[31.7394992,59.7287171],[31.8081638,59.599707],[31.832883,59.4520571],[31.7889397,59.3993169],[31.8006127,59.3429945],[31.7669671,59.3384427],[31.4758273,59.4101519],[31.2203952,59.4115496],[31.2176486,59.3835851],[31.313779,59.2876317],[31.2794467,59.087151],[31.2135287,59.0744496],[31.1036655,59.1047841],[30.9320041,59.088562],[30.8935519,59.1139498],[30.9402438,59.2630746],[30.8496066,59.3926761],[30.7534763,59.4304125],[30.5145236,59.4031626],[30.2920505,59.2644783],[30.1821872,59.222341],[29.9157687,59.1477709],[29.6987888,59.0631554],[29.5834337,59.0518569],[29.5927003,58.7016885],[29.697005,58.5465281],[29.9950182,58.421903],[30.3526341,58.3124931],[30.5612434,58.1791817],[30.6357467,57.9822238],[30.5571405,57.7900024],[31.9917144,57.8595594],[32.4312839,57.8516314],[32.9900588,57.8079964],[33.2582707,57.585034],[33.6233369,57.4650247],[34.0107541,57.5570672],[34.2491647,57.7404564],[34.4652243,57.8555956],[34.9196945,57.9347881],[35.5008204,57.9901191],[36.3203568,57.994068],[36.5513171,58.05325],[36.6117499,58.1099373],[37.0953259,57.8228235]]]]}},{"type":"Feature","properties":{"polity_id":"grand-moscow","name":"Великое княжество Московское","start_date":"1485","end_date":"1521","status":"provisional-source-capture","confidence":"unreviewed","legal_basis":[],"source_ids":["capture:ohm:2890621"],"provenance":{"capture_source":"OpenHistoricalMap","capture_id":2890621,"capture_date":"2026-08-22"},"notes":"One-time geometry capture. Review against project historical sources before marking verified."},"geometry":{"type":"MultiPolygon","coordinates":[[[[32.1388124,70.002122],[31.8563593,70.0050167],[31.7711409,69.9737737],[31.7160438,69.8923547],[31.5855417,69.9068879],[31.437654,69.8898559],[31.3840227,69.8567359],[31.401387,69.792854],[30.8953155,69.8450293],[30.8176414,69.7948444],[30.8905984,69.7372657],[30.8736595,69.7149353],[30.9444154,69.6832279],[30.9233763,69.6697388],[30.9542528,69.6324096],[30.9465507,69.576363],[30.81799,69.5288883],[30.5159812,69.5404206],[30.2240291,69.6531205],[30.1516722,69.6693762],[30.0852915,69.6580972],[30.0912854,69.6428379],[30.137826,69.6435197],[30.1855994,69.5505719],[30.1223803,69.5166756],[30.1168881,69.4692538],[30.0345285,69.4246791],[29.9481468,69.4050014],[29.8504972,69.4228126],[29.7226467,69.3890938],[29.5704517,69.3178794],[29.3965182,69.3236938],[29.2923407,69.2979319],[29.276971,69.250761],[29.3139861,69.2312317],[29.2864934,69.1692013],[29.2487203,69.1615253],[29.2310095,69.1216852],[29.242137,69.1130186],[29.0566538,69.0152255],[28.9292868,69.0519146],[28.4157884,68.9154506],[28.4680152,68.8854349],[28.8007884,68.8692833],[28.7064097,68.7322371],[28.4339319,68.539671],[28.6461512,68.1963033],[29.3270886,68.0745422],[29.6594055,67.8029589],[30.017043,67.6735527],[29.9302245,67.5225238],[29.6160519,67.345731],[29.6440601,67.3357821],[29.5225573,67.3098971],[29.5044673,67.2855845],[29.5164949,67.2806526],[29.0728518,66.995901],[29.0331725,66.9255118],[29.0605147,66.8531003],[29.1189692,66.8014769],[29.1058565,66.7904471],[29.1494135,66.7804339],[29.3611293,66.6388082],[29.3825949,66.5984441],[29.4190358,66.5919864],[29.4106071,66.5831721],[29.4720555,66.5439006],[29.6313606,66.366276],[29.6963998,66.2687473],[29.9233057,66.1271457],[29.9926245,66.0223595],[29.9971176,65.978834],[30.0242232,65.9667021],[30.068452,65.8949649],[30.1193759,65.7522112],[30.1384654,65.668677],[30.0171088,65.6964778],[29.7218687,65.6370846],[29.8639021,65.5604438],[29.7330481,65.4725004],[29.7273933,65.4003301],[29.7465796,65.347402],[29.6017879,65.2599327],[29.6340018,65.2315851],[29.8856591,65.2062953],[29.8935882,65.1929709],[29.8193328,65.1442782],[29.8968589,65.1051397],[29.7326676,65.0912944],[29.6269757,65.0605969],[29.5993331,64.9950558],[29.6191848,64.959659],[29.6109949,64.9273109],[29.6449074,64.866493],[29.699703,64.8372234],[29.6875026,64.8188089],[29.7396283,64.7897836],[30.0429299,64.7928807],[30.0865096,64.7739882],[30.0413965,64.7411934],[30.1358375,64.6489996],[30.130109,64.6347287],[29.9894001,64.5876222],[29.9869571,64.5338969],[30.0583381,64.4508873],[30.0448663,64.4020287],[30.1099241,64.3650286],[30.3669331,64.2996872],[30.3608053,64.2813189],[30.3882735,64.2690683],[30.4824363,64.2623259],[30.5095961,64.2216872],[30.4663645,64.2044309],[30.5534022,64.1322472],[30.5535576,64.1016869],[30.4918692,64.0169518],[30.3209136,63.9095321],[30.2604128,63.8220093],[29.9723741,63.756915],[30.2441514,63.6072718],[30.2582144,63.583947],[30.3845366,63.5455091],[30.4840079,63.4667034],[30.7876915,63.4052755],[30.8501493,63.3684509],[30.9344216,63.3554973],[30.9791661,63.3077728],[31.2398348,63.2188742],[31.2548471,63.1786518],[31.2553452,63.1461864],[31.1503594,63.1124643],[30.9635918,63.0991085],[30.8702081,63.0667807],[30.8406823,63.0400209],[30.8029168,62.9221105],[30.5907433,62.8379106],[30.3902428,62.7999575],[30.2220147,62.8626635],[30.2014153,62.8134505],[30.1300042,62.7917958],[30.1464837,62.7669832],[30.0517266,62.7396337],[30.0709527,62.7154067],[30.0537865,62.6993493],[29.94255,62.680132],[29.8498528,62.7043879],[29.8402398,62.664686],[29.899978,62.6252466],[29.7784417,62.6031375],[29.7200768,62.5639326],[29.7859948,62.4723587],[29.7921746,62.4396537],[29.7750085,62.412955],[29.6129601,62.3734992],[29.5127099,62.3196411],[29.4941705,62.2768682],[29.369201,62.164861],[29.3980401,62.0897441],[29.6040337,61.9331361],[29.2579644,61.7152618],[29.2222588,61.6612031],[29.1790002,61.6429451],[29.0401266,61.6407434],[29.1796848,61.5711137],[29.2401096,61.5069771],[29.4009166,61.3973084],[29.5587144,61.2081216],[29.5556256,61.0579533],[29.5947644,61.0481493],[29.5892712,61.0260379],[29.6136471,61.0203828],[29.5686718,60.9701086],[29.7556112,60.8594588],[29.787712,60.8098508],[29.7710609,60.7873638],[29.7895145,60.7670827],[29.7702884,60.7570212],[29.7887417,60.7128392],[29.9260708,60.6676291],[30.03647,60.6618537],[30.0828939,60.6109789],[30.1749713,60.5994279],[30.0521089,60.551254],[30.0336247,60.5203254],[30.0557054,60.4967071],[30.1899145,60.4575564],[30.2446743,60.4770181],[30.3602026,60.4417248],[30.440368,60.4446888],[30.449981,60.4243606],[30.5220788,60.4673735],[30.5454247,60.4443501],[30.6779466,60.4863221],[30.7033537,60.5175113],[31.2456326,60.7111903],[31.3467393,60.1038801],[31.5493005,59.9360968],[31.7394992,59.7287171],[31.8081638,59.599707],[31.832883,59.4520571],[31.7889397,59.3993169],[31.8006127,59.3429945],[31.7669671,59.3384427],[31.4758273,59.4101519],[31.2203952,59.4115496],[31.2176486,59.3835851],[31.313779,59.2876317],[31.2794467,59.087151],[31.2135287,59.0744496],[31.1036655,59.1047841],[30.9320041,59.088562],[30.8935519,59.1139498],[30.9402438,59.2630746],[30.8496066,59.3926761],[30.7534763,59.4304125],[30.5145236,59.4031626],[30.2920505,59.2644783],[30.1821872,59.222341],[29.9157687,59.1477709],[29.6987888,59.0631554],[29.5834337,59.0518569],[29.5927003,58.7016885],[29.697005,58.5465281],[29.9950182,58.421903],[30.3526341,58.3124931],[30.5612434,58.1791817],[30.6357467,57.9822238],[30.5571405,57.7900024],[31.9917144,57.8595594],[32.4312839,57.8516314],[32.9900588,57.8079964],[33.2582707,57.585034],[33.6233369,57.4650247],[34.0107541,57.5570672],[34.2491647,57.7404564],[34.4652243,57.8555956],[34.9196945,57.9347881],[35.5008204,57.9901191],[36.3203568,57.994068],[36.5513171,58.05325],[36.6117499,58.1099373],[37.0953259,57.8228235],[36.8975775,57.2790457],[36.7547552,57.16306],[36.5899603,57.1243171],[35.1892035,57.0944872],[34.9145453,57.1034387],[34.7552435,56.9180015],[34.3817084,56.6864112],[34.2773383,56.5110205],[34.1125433,56.3987076],[33.8488715,56.2677641],[34.0301459,56.1486126],[34.4256537,55.9830216],[34.9639782,55.8537395],[35.3127942,55.6373047],[35.9692273,55.2728635],[36.1779675,54.9965306],[36.4855847,54.3677649],[36.7602429,54.3165296],[37.5732312,54.7753522],[39.5292349,55.2660204],[39.6441595,55.2133594],[40.4736273,54.9586973],[40.8911078,54.8070203],[42.138056,54.6865374],[42.7203314,54.6611269],[42.7038464,54.8955711],[42.5720105,55.2540833],[42.5170789,55.6342041],[42.6489148,55.8999623],[42.9345593,56.194487],[43.1982312,56.5110236],[43.3740125,56.7587517],[43.3849988,57.0108386],[43.3520398,57.2909241],[43.4509167,57.4863149],[43.8244519,57.7510818],[44.1979871,57.9323565],[43.5717664,57.978989],[42.7368054,57.9556803],[42.3962292,57.9673366],[41.9018445,58.0836908],[42.4072156,58.4879577],[43.9782605,59.1590414],[44.7253308,59.5788566],[45.0871981,59.8655519],[47.8460116,59.9258333],[48.9188593,59.9855158],[49.6638924,60.097131],[50.1705149,60.2601519],[50.4238262,60.2231728],[50.6324354,59.9780614],[51.5860778,58.4764809],[53.2251507,58.755832],[54.6556142,58.7944543],[55.326144,59.2393442],[56.1456805,59.6785048],[57.4420381,60.2527595],[59.0959967,60.6787804],[67.4999851,61.8604385],[67.3807798,62.0565767],[66.7698526,62.2653293],[65.5032964,62.5963483],[64.8923692,63.0658042],[65.3691904,63.4746228],[65.8013096,63.8776796],[65.9354156,64.3008947],[65.7119056,64.7622219],[65.473495,65.1720405],[65.607601,65.4706666],[65.8311109,66.2085567],[66.7698526,68.0269243],[67.2057669,68.6921408],[67.4670237,68.7092621],[67.5303025,68.7320778],[67.5509115,68.76005],[67.5302813,68.8013695],[67.3914533,68.8607639],[66.6949694,68.934393],[66.5539427,69.0255695],[66.3329378,69.1062857],[65.4817793,69.2150951],[65.3452606,69.245791],[65.2283303,69.3050359],[65.1096332,69.3214519],[64.4029824,69.542016],[63.734802,69.6642584],[62.7639244,69.7730823],[62.2236548,69.7811804],[61.8811313,69.8004778],[61.7655418,69.8238248],[61.5575982,69.8201344],[61.4837878,69.830248],[61.3007179,69.9022974],[61.1983727,69.9169291],[61.0021173,69.8979148],[60.8253236,69.9166333],[60.6272914,69.8753855],[60.6369366,69.9185584],[60.5705138,69.9620639],[60.3649569,70.0161972],[60.2104312,70.081846],[60.2013601,70.1107655],[60.1568973,70.1321562],[59.974757,70.1471112],[59.915454,70.1871754],[59.7064044,70.2507756],[59.5136255,70.3731717],[59.237756,70.4600003],[59.1832339,70.5021795],[59.0221925,70.5198643],[58.8613006,70.4790233],[58.760742,70.5065866],[58.6124757,70.510331],[58.5113519,70.4753852],[58.5092678,70.4496309],[58.5455946,70.4128175],[58.3588929,70.4207021],[58.2543028,70.3934964],[58.238627,70.3593938],[58.2970838,70.304422],[58.1686284,70.2715771],[58.1589761,70.2464553],[58.1824245,70.2046055],[58.390365,70.1329894],[58.4608355,70.0489939],[58.5560591,69.989423],[58.6796953,69.9323962],[58.8347295,69.8934006],[58.8925154,69.8489126],[58.9763262,69.8185247],[59.2015375,69.8030468],[59.3049619,69.7646299],[59.4127967,69.7642804],[59.3682855,69.7395136],[59.3701592,69.7079108],[59.5093466,69.6634779],[60.0369072,69.6088098],[60.0266519,69.5561089],[60.0785723,69.4843204],[60.4850566,69.2322626],[60.4825845,69.1390919],[60.5221453,69.0938543],[60.6189657,69.0525587],[60.7814019,69.0351595],[60.8074729,68.9754145],[60.785114,68.9256368],[60.6617224,68.8835883],[60.5916342,68.8227403],[60.4215434,68.7478731],[60.1243215,68.7310707],[59.9183408,68.762212],[59.692179,68.6738172],[59.656068,68.6394269],[59.6737965,68.5856083],[59.809607,68.4970697],[59.8304581,68.453719],[59.7423771,68.4065255],[59.64135,68.3841046],[59.2623173,68.4402263],[59.3268708,68.5143899],[59.3057373,68.5473332],[59.2627524,68.5664629],[59.3114439,68.5871588],[59.3313623,68.6179187],[59.5465515,68.6281172],[59.6070158,68.6503202],[59.6289948,68.6812655],[59.6147278,68.7069842],[59.5466686,68.7389324],[59.56857,68.7639905],[59.5474365,68.8055076],[59.4486214,68.8345005],[59.3068754,68.9086195],[59.455416,68.9458184],[59.6418251,68.9561894],[59.6874472,68.9901933],[59.6660199,69.039643],[59.6193689,69.0763371],[59.4917027,69.1254124],[59.4622214,69.1539085],[59.4531598,69.2274767],[59.3990966,69.2729007],[59.2220369,69.3294508],[58.9179451,69.3866076],[58.8347688,69.4334241],[58.7213783,69.4451359],[58.7244914,69.4881285],[58.6571327,69.5237685],[58.4366944,69.5360527],[58.3463133,69.5090212],[58.3084829,69.4729909],[58.3101406,69.4517288],[58.3777143,69.4157948],[58.4903335,69.3985155],[58.4886684,69.372048],[58.5134871,69.3525513],[58.7620928,69.2573399],[59.0558791,69.200452],[59.0980425,69.1158951],[59.238349,69.0628475],[59.2638331,69.0327733],[58.8093308,69.0232735],[57.7408793,68.8268798],[57.2781113,68.7840355],[57.1365989,68.7541011],[57.0207225,68.6804059],[57.0400754,68.6349456],[57.1395238,68.6085392],[57.2476624,68.6151016],[57.361776,68.6579594],[57.3469097,68.6161432],[57.2661982,68.5839711],[57.118582,68.5771879],[56.9620031,68.598593],[56.8752992,68.6422123],[56.6603082,68.6743889],[56.3267692,68.6412889],[56.1771335,68.6844509],[56.0438702,68.6972624],[55.8811579,68.6836069],[55.6067946,68.6047386],[55.3400988,68.6018976],[54.8851646,68.4527316],[54.8210849,68.3786196],[54.7062924,68.3250714],[54.7168014,68.2820697],[54.7737724,68.2521174],[54.7535154,68.241078],[54.4948527,68.3985967],[54.3688725,68.4039268],[54.221419,68.3746349],[54.1215997,68.3844867],[54.0932563,68.3994448],[54.0780706,68.4768752],[54.037011,68.535982],[53.8798679,68.6279665],[53.9884239,68.6762798],[54.0060555,68.7009776],[53.9901921,68.7389845],[54.1064879,68.7772988],[54.4107419,68.7334632],[54.5211033,68.7547507],[54.5581185,68.7871083],[54.5185559,68.8274217],[54.387736,68.8649264],[54.0920413,68.8774024],[54.4326467,68.9044823],[54.5617378,68.8835551],[54.7803973,68.9005336],[54.9159131,68.8623877],[55.1471526,68.8772382],[55.2715954,68.8472783],[55.3975979,68.850703],[55.5807858,68.8194686],[55.7137365,68.845944],[55.7466932,68.8875046],[55.743893,68.911151],[55.6695504,68.9464616],[55.5069464,68.9755823],[55.1379019,68.9645547],[54.9123113,69.0243046],[54.7797775,69.0188465],[54.5401241,69.0428304],[54.0417658,69.0317744],[53.6127976,68.9839085],[52.9203425,68.8427863],[52.060724,68.6027515],[51.6917355,68.5470521],[51.1798273,68.5438513],[50.9599702,68.5109639],[50.7466765,68.4398859],[50.580162,68.3402804],[50.0700799,68.1595179],[49.1794205,67.910129],[48.9452762,67.8803822],[48.8536968,67.8936546],[48.6826608,67.9586322],[48.5111603,67.9541365],[48.4660532,67.9306962],[48.4603253,67.9064503],[48.6413042,67.8213467],[48.6425916,67.7643371],[48.6234067,67.7444522],[48.4620808,67.6990635],[48.2956292,67.7154085],[48.1208681,67.6714105],[47.9461146,67.6914917],[47.7152999,67.6009668],[47.7026079,67.5679854],[47.7293669,67.5163345],[47.801721,67.4608058],[47.7462626,67.4001534],[47.6368644,67.3433292],[47.6472757,67.2526342],[47.5884391,67.227973],[47.5572022,67.1926101],[47.6243652,67.1221067],[47.6243723,67.0548362],[47.541764,66.9818547],[46.7083335,66.879746],[46.5685126,66.9196795],[46.1924621,66.8779297],[45.9698067,66.9091666],[45.9149144,66.9320383],[45.8319325,67.0043127],[45.8104734,67.051454],[45.7529838,67.0900633],[45.7503727,67.1388868],[45.6981491,67.1859283],[45.1896555,67.301601],[45.0455212,67.3570816],[45.0389699,67.3766256],[45.0642141,67.4343509],[45.1292443,67.4841398],[45.2492463,67.5293283],[45.3416072,67.5283176],[45.4226676,67.5550625],[45.4799036,67.6329701],[45.4679748,67.677416],[45.5503852,67.6994718],[45.8745751,67.7048152],[46.0027461,67.7351656],[46.3497442,67.7682843],[46.7035318,67.754352],[46.8185872,67.7893303],[46.8476125,67.8459765],[46.8342186,67.8995578],[46.6704832,68.0349685],[46.6606568,68.1333734],[46.4286043,68.2602537],[46.4907035,68.2799171],[46.513572,68.3139027],[46.4975467,68.349552],[46.4567227,68.375328],[46.2752003,68.4103565],[46.0572636,68.4815643],[45.5043614,68.5718239],[45.037959,68.5997207],[44.0896174,68.5821504],[43.8150585,68.6591198],[43.5106471,68.711451],[43.2343825,68.7104665],[43.1430963,68.6644564],[43.204619,68.5904865],[43.457743,68.4872532],[43.8982083,68.3581644],[44.0851796,68.2744594],[44.0883523,68.2075617],[44.0592801,68.0898559],[44.0089992,68.0094597],[44.0279433,67.9576319],[43.973249,67.8512083],[44.0023366,67.7610229],[43.9378403,67.6961689],[43.9122355,67.6335866],[43.8162984,67.5476929],[43.7076987,67.4107991],[43.6325053,67.2674135],[43.645226,67.1940438],[43.6894805,67.1590931],[43.8588546,67.1054923],[44.0531005,67.1041195],[44.3547059,66.9113779],[44.3363366,66.8792192],[44.3498095,66.8452913],[44.2637929,66.8175528],[44.2256557,66.783548],[44.239816,66.7361268],[44.3270606,66.6669742],[44.2506542,66.5764768],[44.2452656,66.531919],[44.1003233,66.4484571],[44.0026375,66.3417721],[43.9407285,66.2297801],[43.8099605,66.2483795],[43.7575859,66.2935096],[43.6446239,66.3452423],[43.4636962,66.3754025],[43.4045531,66.4261128],[43.3179029,66.4582891],[43.1297912,66.468405],[42.7458336,66.451377],[42.6621159,66.4906546],[42.3772269,66.5540433],[42.2300941,66.5676052],[42.1138315,66.5543104],[41.9746657,66.5033051],[41.846461,66.3885399],[41.7411725,66.3518491],[41.6169761,66.253372],[41.382198,66.1434973],[41.002565,66.0623617],[40.6330532,66.0184775],[40.3217699,65.8226398],[40.0428007,65.7245561],[39.7862214,65.6673543],[39.667545,65.6065843],[39.6064854,65.5420961],[39.5692766,65.4293971],[39.5902561,65.3388348],[39.7982974,65.2100523],[39.904087,65.128793],[39.9312487,65.0861365],[40.0256917,65.031512],[40.0888696,64.8971077],[40.1368435,64.8432836],[39.8673901,64.797846],[39.7327857,64.7187923],[39.6542197,64.6074721],[39.5801249,64.6048395],[39.3589114,64.6888036],[39.1671838,64.7143577],[38.9414913,64.787997],[38.6066532,64.8215268],[38.4063562,64.8967557],[38.1544228,64.899487],[37.9786022,64.9306114],[37.8324741,64.9853058],[37.8232775,65.0376368],[37.752919,65.0760188],[37.4461908,65.1512071],[37.077575,65.2199856],[36.9653389,65.2192034],[36.8669842,65.2625625],[36.7668696,65.2602003],[36.6878611,65.2333711],[36.6603509,65.1949699],[36.7067637,65.1538685],[36.6955424,65.119402],[36.7305822,65.0820246],[36.6816488,64.9934356],[36.6081224,64.975682],[36.3959618,64.9769987],[36.3160401,64.9300938],[36.3177873,64.8926045],[36.3894815,64.7964218],[36.4260581,64.6912085],[36.4889916,64.6670311],[36.6221433,64.6612632],[36.8047864,64.5035834],[37.0325768,64.3579275],[37.321564,64.288016],[37.2609808,64.2704256],[37.2333251,64.240913],[37.2437601,64.2081984],[37.2908368,64.1837085],[37.3910569,64.1717928],[37.4823237,64.1956733],[37.5034233,64.225504],[37.4885081,64.2516401],[37.3723993,64.2899642],[37.4952401,64.3250783],[37.6238983,64.3023824],[37.7180477,64.3213979],[37.7947866,64.3026087],[37.8256448,64.274858],[37.7816296,64.2473559],[37.7729304,64.1949259],[37.8208728,64.1373519],[37.882376,64.1110624],[37.9122487,64.0566163],[37.8140464,64.0947704],[37.6973366,64.078861],[37.6665588,64.0561765],[37.6640041,64.0290809],[37.7647007,63.9549723],[37.570867,63.9308268],[37.5151792,63.8914686],[37.5173103,63.8566227],[37.4362629,63.8422158],[37.3859046,63.8491635],[37.4201027,63.8815932],[37.4058359,63.9132532],[37.3059157,63.9419279],[37.2515224,63.9902591],[37.2799849,64.0246336],[37.257937,64.0585201],[37.3290515,64.1022857],[37.3323447,64.1416174],[37.3066824,64.1654143],[37.1887356,64.2028829],[37.0725992,64.1925042],[37.0210585,64.1516767],[37.0303764,64.1256829],[37.0966609,64.0799214],[37.0574695,64.0670548],[36.9698961,64.1078385],[36.9641571,64.1590492],[36.8730539,64.1996088],[36.8271766,64.2507106],[36.641396,64.3062904],[36.6059725,64.3505112],[36.5363253,64.3794533],[36.4308919,64.3943699],[36.3339978,64.3782568],[36.2866857,64.4236913],[36.2142269,64.4425327],[36.0272219,64.4333214],[35.7155478,64.4616258],[35.688821,64.4790828],[35.7374505,64.5078278],[35.738176,64.5505038],[35.8115625,64.5726493],[35.8320295,64.6078697],[35.7736641,64.6589922],[35.6246963,64.7360484],[35.4552179,64.7358269],[35.3619578,64.6808916],[35.3889868,64.6368129],[35.4892362,64.6165886],[35.5478909,64.5787568],[35.4960209,64.5443825],[35.4955337,64.5121242],[35.5288467,64.4855427],[35.4955549,64.4708574],[35.4321194,64.4614417],[35.3502116,64.496285],[35.3520485,64.5384455],[35.2894514,64.5674368],[35.2041433,64.5727038],[35.1317409,64.5532258],[35.0658755,64.5655468],[35.197169,64.6397861],[35.2058431,64.6724666],[35.1760985,64.7019248],[35.223423,64.7274495],[35.2325599,64.753866],[35.3151051,64.7624953],[35.3682902,64.7963665],[35.3637942,64.8274763],[35.3330808,64.8495472],[35.2217446,64.8653258],[35.3580797,64.8998432],[35.4759302,64.8943035],[35.5438999,64.9226309],[35.6189957,64.9033915],[35.8021513,64.9042495],[36.0747959,64.9689095],[36.1413873,65.0119618],[36.1403004,65.0544696],[36.1184947,65.0757263],[36.3396012,65.1128318],[36.3864203,65.1373532],[36.3933445,65.1738817],[36.3194413,65.2119742],[36.1261708,65.2131193],[36.0042168,65.2453265],[35.5200829,65.1993497],[35.3964529,65.153664],[35.3754341,65.1211283],[35.3810214,65.0895541],[35.4432103,65.0342603],[35.3328507,64.9951219],[35.1656475,65.0249729],[35.1442507,65.0870961],[35.0878854,65.1150471],[34.9161564,65.1198359],[34.9288535,65.1423977],[34.9174606,65.1679173],[34.8030542,65.2492286],[34.6893567,65.2948232],[34.7015048,65.3167587],[34.6885288,65.3401382],[34.8089446,65.4032806],[34.8131884,65.4537338],[34.9044646,65.5171918],[34.9185704,65.5628583],[35.0341263,65.5796975],[35.0662106,65.6037733],[35.0680301,65.6275728],[35.1467387,65.6688033],[35.1841244,65.7482441],[35.1614658,65.7837722],[35.1680992,65.8293029],[34.9815278,65.8975399],[34.9388993,65.9356886],[34.8484633,65.9501511],[34.821477,66.004399],[34.6266017,66.1095115],[34.1212425,66.2835583],[34.004755,66.3529119],[33.9891402,66.384574],[34.0110848,66.4222417],[33.9646652,66.4568555],[33.882125,66.4850237],[33.7597094,66.4869398],[33.6512806,66.5449097],[33.7996287,66.5575288],[33.8356732,66.5906643],[33.816397,66.6219027],[34.0060016,66.6322183],[34.1773834,66.6110028],[34.3585687,66.5066008],[34.4413648,66.4880699],[34.5903067,66.4904035],[34.8383505,66.5421958],[35.1049373,66.4330051],[35.4837845,66.3367835],[36.503702,66.2239455],[36.7527874,66.2309465],[36.9275832,66.2113423],[37.2908908,66.154069],[37.58634,66.0692462],[37.8482424,66.0381468],[38.3899196,66.0034263],[38.749122,66.012547],[38.9588953,66.0553692],[39.1523613,66.0525422],[39.5184411,66.1322487],[40.0630422,66.2090091],[40.3487405,66.3255084],[40.4669424,66.3417058],[40.6824855,66.4278844],[40.7640011,66.4410747],[40.8286885,66.482593],[40.8361088,66.5476834],[41.2070409,66.7150032],[41.3577507,66.8169711],[41.4246768,66.9451068],[41.5012383,67.0057273],[41.5074452,67.0348555],[41.4829278,67.0605526],[41.5259068,67.0852878],[41.5376094,67.1188379],[41.4736785,67.1599715],[41.4940389,67.1990662],[41.4517008,67.2417441],[41.3567002,67.2670162],[41.2231144,67.2717135],[41.2562397,67.4017139],[41.2274963,67.4500079],[41.142787,67.494071],[41.1279679,67.5509977],[41.1778611,67.6169418],[41.1540155,67.6702389],[41.0583201,67.7467506],[40.9516894,67.7768053],[40.8560346,67.7797119],[40.761147,67.8337437],[40.522783,67.885528],[40.3913563,67.9489525],[40.2308892,67.9844182],[40.0778387,68.057385],[40.0376864,68.1111284],[39.9714208,68.1527433],[39.8484041,68.1952316],[39.7379951,68.2086907],[39.6443379,68.194283],[39.6016752,68.1595717],[39.6275348,68.1155854],[39.4622227,68.1484576],[39.2875702,68.2257888],[39.1259376,68.2624263],[39.0674833,68.3097621],[38.8496643,68.3606213],[38.7358065,68.4170749],[38.4565003,68.4509751],[38.2140723,68.5297824],[38.0863869,68.609564],[37.959763,68.6509198],[37.8931126,68.7245804],[37.6921943,68.7558047],[37.6275517,68.8093878],[37.1846301,68.9004299],[36.5580458,69.0751277],[36.5092421,69.1046283],[36.1022705,69.1875694],[35.9707462,69.2380058],[35.2499308,69.3072554],[35.0843489,69.3006162],[35.0077079,69.2658438],[34.8697511,69.3003638],[34.5497677,69.3127538],[34.5440722,69.3482097],[34.4971786,69.3743029],[34.1226837,69.4379219],[33.9588003,69.4264855],[33.8679999,69.3977305],[33.819983,69.3619245],[33.6221654,69.3568799],[33.6375653,69.3878131],[33.6280866,69.4190353],[33.5207433,69.4625734],[32.9047246,69.5213939],[33.0654097,69.550108],[33.2122126,69.6182199],[33.2724131,69.725355],[33.1576557,69.789283],[32.6552852,69.8521634],[32.1388124,70.002122]]],[[[56.6922044,68.8032523],[56.6500616,68.8498594],[56.5169931,68.8690476],[56.389491,68.8442335],[56.3320401,68.8013925],[56.3766902,68.7580506],[56.4929286,68.7404834],[56.6053204,68.7556751],[56.6922044,68.8032523]]],[[[48.0575383,68.9211032],[48.0756005,68.8016681],[48.1092766,68.7558902],[48.3260701,68.6710937],[49.1325232,68.6087663],[49.522443,68.6100947],[49.6792447,68.6400539],[49.7606529,68.689139],[49.7180005,68.7325953],[49.5976649,68.7481069],[49.9697029,68.8696522],[50.2264399,68.9226732],[50.4219574,69.0508923],[50.4597077,69.1173327],[50.4388854,69.1688668],[50.3853127,69.2163397],[50.1756533,69.3167463],[49.3816559,69.5419907],[48.9624816,69.5496608],[48.6289583,69.4989818],[48.4088812,69.4147366],[48.208567,69.3006972],[48.0890114,69.1352091],[48.0575383,68.9211032]]],[[[42.3365605,66.7042877],[42.6322366,66.6122278],[42.733132,66.6193574],[42.7905685,66.6463718],[42.8123259,66.6942349],[42.7873508,66.7441713],[42.7331205,66.7849714],[42.5666196,66.8278738],[42.3920124,66.8187085],[42.3011535,66.7645081],[42.3031635,66.7294309],[42.3365605,66.7042877]]],[[[35.6624571,64.7753732],[35.7282046,64.8218365],[35.6727356,64.8663778],[35.5306962,64.8742581],[35.4547548,64.8300238],[35.4657484,64.802289],[35.5128251,64.7783258],[35.6624571,64.7753732]]]]}},{"type":"Feature","properties":{"polity_id":"grand-moscow","name":"Великое княжество Московское","start_date":"1521","end_date":"1537","status":"provisional-source-capture","confidence":"unreviewed","legal_basis":[],"source_ids":["capture:ohm:2890626"],"provenance":{"capture_source":"OpenHistoricalMap","capture_id":2890626,"capture_date":"2026-08-22"},"notes":"One-time geometry capture. Review against project historical sources before marking verified."},"geometry":{"type":"MultiPolygon","coordinates":[[[[32.1388124,70.002122],[31.8563593,70.0050167],[31.7711409,69.9737737],[31.7160438,69.8923547],[31.5855417,69.9068879],[31.437654,69.8898559],[31.3840227,69.8567359],[31.401387,69.792854],[30.8953155,69.8450293],[30.8176414,69.7948444],[30.8905984,69.7372657],[30.8736595,69.7149353],[30.9444154,69.6832279],[30.9233763,69.6697388],[30.9542528,69.6324096],[30.9465507,69.576363],[30.81799,69.5288883],[30.5159812,69.5404206],[30.2240291,69.6531205],[30.1516722,69.6693762],[30.0852915,69.6580972],[30.0912854,69.6428379],[30.137826,69.6435197],[30.1855994,69.5505719],[30.1223803,69.5166756],[30.1168881,69.4692538],[30.0345285,69.4246791],[29.9481468,69.4050014],[29.8504972,69.4228126],[29.7226467,69.3890938],[29.5704517,69.3178794],[29.3965182,69.3236938],[29.2923407,69.2979319],[29.276971,69.250761],[29.3139861,69.2312317],[29.2864934,69.1692013],[29.2487203,69.1615253],[29.2310095,69.1216852],[29.242137,69.1130186],[29.0566538,69.0152255],[28.9292868,69.0519146],[28.4157884,68.9154506],[28.4680152,68.8854349],[28.8007884,68.8692833],[28.7064097,68.7322371],[28.4339319,68.539671],[28.6461512,68.1963033],[29.3270886,68.0745422],[29.6594055,67.8029589],[30.017043,67.6735527],[29.9302245,67.5225238],[29.6160519,67.345731],[29.6440601,67.3357821],[29.5225573,67.3098971],[29.5044673,67.2855845],[29.5164949,67.2806526],[29.0728518,66.995901],[29.0331725,66.9255118],[29.0605147,66.8531003],[29.1189692,66.8014769],[29.1058565,66.7904471],[29.1494135,66.7804339],[29.3611293,66.6388082],[29.3825949,66.5984441],[29.4190358,66.5919864],[29.4106071,66.5831721],[29.4720555,66.5439006],[29.6313606,66.366276],[29.6963998,66.2687473],[29.9233057,66.1271457],[29.9926245,66.0223595],[29.9971176,65.978834],[30.0242232,65.9667021],[30.068452,65.8949649],[30.1193759,65.7522112],[30.1384654,65.668677],[30.0171088,65.6964778],[29.7218687,65.6370846],[29.8639021,65.5604438],[29.7330481,65.4725004],[29.7273933,65.4003301],[29.7465796,65.347402],[29.6017879,65.2599327],[29.6340018,65.2315851],[29.8856591,65.2062953],[29.8935882,65.1929709],[29.8193328,65.1442782],[29.8968589,65.1051397],[29.7326676,65.0912944],[29.6269757,65.0605969],[29.5993331,64.9950558],[29.6191848,64.959659],[29.6109949,64.9273109],[29.6449074,64.866493],[29.699703,64.8372234],[29.6875026,64.8188089],[29.7396283,64.7897836],[30.0429299,64.7928807],[30.0865096,64.7739882],[30.0413965,64.7411934],[30.1358375,64.6489996],[30.130109,64.6347287],[29.9894001,64.5876222],[29.9869571,64.5338969],[30.0583381,64.4508873],[30.0448663,64.4020287],[30.1099241,64.3650286],[30.3669331,64.2996872],[30.3608053,64.2813189],[30.3882735,64.2690683],[30.4824363,64.2623259],[30.5095961,64.2216872],[30.4663645,64.2044309],[30.5534022,64.1322472],[30.5535576,64.1016869],[30.4918692,64.0169518],[30.3209136,63.9095321],[30.2604128,63.8220093],[29.9723741,63.756915],[30.2441514,63.6072718],[30.2582144,63.583947],[30.3845366,63.5455091],[30.4840079,63.4667034],[30.7876915,63.4052755],[30.8501493,63.3684509],[30.9344216,63.3554973],[30.9791661,63.3077728],[31.2398348,63.2188742],[31.2548471,63.1786518],[31.2553452,63.1461864],[31.1503594,63.1124643],[30.9635918,63.0991085],[30.8702081,63.0667807],[30.8406823,63.0400209],[30.8029168,62.9221105],[30.5907433,62.8379106],[30.3902428,62.7999575],[30.2220147,62.8626635],[30.2014153,62.8134505],[30.1300042,62.7917958],[30.1464837,62.7669832],[30.0517266,62.7396337],[30.0709527,62.7154067],[30.0537865,62.6993493],[29.94255,62.680132],[29.8498528,62.7043879],[29.8402398,62.664686],[29.899978,62.6252466],[29.7784417,62.6031375],[29.7200768,62.5639326],[29.7859948,62.4723587],[29.7921746,62.4396537],[29.7750085,62.412955],[29.6129601,62.3734992],[29.5127099,62.3196411],[29.4941705,62.2768682],[29.369201,62.164861],[29.3980401,62.0897441],[29.6040337,61.9331361],[29.2579644,61.7152618],[29.2222588,61.6612031],[29.1790002,61.6429451],[29.0401266,61.6407434],[29.1796848,61.5711137],[29.2401096,61.5069771],[29.4009166,61.3973084],[29.5587144,61.2081216],[29.5556256,61.0579533],[29.5947644,61.0481493],[29.5892712,61.0260379],[29.6136471,61.0203828],[29.5686718,60.9701086],[29.7556112,60.8594588],[29.787712,60.8098508],[29.7710609,60.7873638],[29.7895145,60.7670827],[29.7702884,60.7570212],[29.7887417,60.7128392],[29.9260708,60.6676291],[30.03647,60.6618537],[30.0828939,60.6109789],[30.1749713,60.5994279],[30.0521089,60.551254],[30.0336247,60.5203254],[30.0557054,60.4967071],[30.1899145,60.4575564],[30.2446743,60.4770181],[30.3602026,60.4417248],[30.440368,60.4446888],[30.449981,60.4243606],[30.5220788,60.4673735],[30.5454247,60.4443501],[30.6779466,60.4863221],[30.7033537,60.5175113],[31.2456326,60.7111903],[31.3467393,60.1038801],[31.5493005,59.9360968],[31.7394992,59.7287171],[31.8081638,59.599707],[31.832883,59.4520571],[31.7889397,59.3993169],[31.8006127,59.3429945],[31.7669671,59.3384427],[31.4758273,59.4101519],[31.2203952,59.4115496],[31.2176486,59.3835851],[31.313779,59.2876317],[31.2794467,59.087151],[31.2135287,59.0744496],[31.1036655,59.1047841],[30.9320041,59.088562],[30.8935519,59.1139498],[30.9402438,59.2630746],[30.8496066,59.3926761],[30.7534763,59.4304125],[30.5145236,59.4031626],[30.2920505,59.2644783],[30.1821872,59.222341],[29.9157687,59.1477709],[29.6987888,59.0631554],[29.5834337,59.0518569],[29.5927003,58.7016885],[29.697005,58.5465281],[29.9950182,58.421903],[30.3526341,58.3124931],[30.5612434,58.1791817],[30.6357467,57.9822238],[30.5571405,57.7900024],[31.9917144,57.8595594],[32.4312839,57.8516314],[32.9900588,57.8079964],[33.2582707,57.585034],[33.6233369,57.4650247],[34.0107541,57.5570672],[34.2491647,57.7404564],[34.4652243,57.8555956],[34.9196945,57.9347881],[35.5008204,57.9901191],[36.3203568,57.994068],[36.5513171,58.05325],[36.6117499,58.1099373],[37.0953259,57.8228235],[36.8975775,57.2790457],[36.7547552,57.16306],[36.5899603,57.1243171],[35.1892035,57.0944872],[34.9145453,57.1034387],[34.7552435,56.9180015],[34.3817084,56.6864112],[34.2773383,56.5110205],[34.1125433,56.3987076],[33.8488715,56.2677641],[34.0301459,56.1486126],[34.4256537,55.9830216],[34.9639782,55.8537395],[35.3127942,55.6373047],[35.9692273,55.2728635],[36.1779675,54.9965306],[36.4855847,54.3677649],[36.7602429,54.3165296],[36.9579968,54.2202913],[37.5292859,54.0400447],[37.7929578,53.8784469],[38.6938367,53.2455018],[39.2321667,52.9684987],[40.0341687,52.6564006],[40.5505261,52.4024256],[40.9899792,52.3084853],[42.0336859,52.3621866],[42.604975,52.4995071],[43.0883734,52.8492332],[43.2147162,53.1500681],[43.1982367,53.3603904],[42.7423041,54.0110001],[42.7697699,54.2652273],[42.8576605,54.4413006],[42.8137152,54.5688804],[42.7203314,54.6611269],[42.7038464,54.8955711],[42.5720105,55.2540833],[42.5170789,55.6342041],[42.6489148,55.8999623],[42.9345593,56.194487],[43.1982312,56.5110236],[43.3740125,56.7587517],[43.3849988,57.0108386],[43.3520398,57.2909241],[43.4509167,57.4863149],[43.8244519,57.7510818],[44.1979871,57.9323565],[43.5717664,57.978989],[42.7368054,57.9556803],[42.3962292,57.9673366],[41.9018445,58.0836908],[42.4072156,58.4879577],[43.9782605,59.1590414],[44.7253308,59.5788566],[45.0871981,59.8655519],[47.8460116,59.9258333],[48.9188593,59.9855158],[49.6638924,60.097131],[50.1705149,60.2601519],[50.4238262,60.2231728],[50.6324354,59.9780614],[51.5860778,58.4764809],[53.2251507,58.755832],[54.6556142,58.7944543],[55.326144,59.2393442],[56.1456805,59.6785048],[57.4420381,60.2527595],[59.0959967,60.6787804],[67.4999851,61.8604385],[67.3807798,62.0565767],[66.7698526,62.2653293],[65.5032964,62.5963483],[64.8923692,63.0658042],[65.3691904,63.4746228],[65.8013096,63.8776796],[65.9354156,64.3008947],[65.7119056,64.7622219],[65.473495,65.1720405],[65.607601,65.4706666],[65.8311109,66.2085567],[66.7698526,68.0269243],[67.2057669,68.6921408],[67.4670237,68.7092621],[67.5303025,68.7320778],[67.5509115,68.76005],[67.5302813,68.8013695],[67.3914533,68.8607639],[66.6949694,68.934393],[66.5539427,69.0255695],[66.3329378,69.1062857],[65.4817793,69.2150951],[65.3452606,69.245791],[65.2283303,69.3050359],[65.1096332,69.3214519],[64.4029824,69.542016],[63.734802,69.6642584],[62.7639244,69.7730823],[62.2236548,69.7811804],[61.8811313,69.8004778],[61.7655418,69.8238248],[61.5575982,69.8201344],[61.4837878,69.830248],[61.3007179,69.9022974],[61.1983727,69.9169291],[61.0021173,69.8979148],[60.8253236,69.9166333],[60.6272914,69.8753855],[60.6369366,69.9185584],[60.5705138,69.9620639],[60.3649569,70.0161972],[60.2104312,70.081846],[60.2013601,70.1107655],[60.1568973,70.1321562],[59.974757,70.1471112],[59.915454,70.1871754],[59.7064044,70.2507756],[59.5136255,70.3731717],[59.237756,70.4600003],[59.1832339,70.5021795],[59.0221925,70.5198643],[58.8613006,70.4790233],[58.760742,70.5065866],[58.6124757,70.510331],[58.5113519,70.4753852],[58.5092678,70.4496309],[58.5455946,70.4128175],[58.3588929,70.4207021],[58.2543028,70.3934964],[58.238627,70.3593938],[58.2970838,70.304422],[58.1686284,70.2715771],[58.1589761,70.2464553],[58.1824245,70.2046055],[58.390365,70.1329894],[58.4608355,70.0489939],[58.5560591,69.989423],[58.6796953,69.9323962],[58.8347295,69.8934006],[58.8925154,69.8489126],[58.9763262,69.8185247],[59.2015375,69.8030468],[59.3049619,69.7646299],[59.4127967,69.7642804],[59.3682855,69.7395136],[59.3701592,69.7079108],[59.5093466,69.6634779],[60.0369072,69.6088098],[60.0266519,69.5561089],[60.0785723,69.4843204],[60.4850566,69.2322626],[60.4825845,69.1390919],[60.5221453,69.0938543],[60.6189657,69.0525587],[60.7814019,69.0351595],[60.8074729,68.9754145],[60.785114,68.9256368],[60.6617224,68.8835883],[60.5916342,68.8227403],[60.4215434,68.7478731],[60.1243215,68.7310707],[59.9183408,68.762212],[59.692179,68.6738172],[59.656068,68.6394269],[59.6737965,68.5856083],[59.809607,68.4970697],[59.8304581,68.453719],[59.7423771,68.4065255],[59.64135,68.3841046],[59.2623173,68.4402263],[59.3268708,68.5143899],[59.3057373,68.5473332],[59.2627524,68.5664629],[59.3114439,68.5871588],[59.3313623,68.6179187],[59.5465515,68.6281172],[59.6070158,68.6503202],[59.6289948,68.6812655],[59.6147278,68.7069842],[59.5466686,68.7389324],[59.56857,68.7639905],[59.5474365,68.8055076],[59.4486214,68.8345005],[59.3068754,68.9086195],[59.455416,68.9458184],[59.6418251,68.9561894],[59.6874472,68.9901933],[59.6660199,69.039643],[59.6193689,69.0763371],[59.4917027,69.1254124],[59.4622214,69.1539085],[59.4531598,69.2274767],[59.3990966,69.2729007],[59.2220369,69.3294508],[58.9179451,69.3866076],[58.8347688,69.4334241],[58.7213783,69.4451359],[58.7244914,69.4881285],[58.6571327,69.5237685],[58.4366944,69.5360527],[58.3463133,69.5090212],[58.3084829,69.4729909],[58.3101406,69.4517288],[58.3777143,69.4157948],[58.4903335,69.3985155],[58.4886684,69.372048],[58.5134871,69.3525513],[58.7620928,69.2573399],[59.0558791,69.200452],[59.0980425,69.1158951],[59.238349,69.0628475],[59.2638331,69.0327733],[58.8093308,69.0232735],[57.7408793,68.8268798],[57.2781113,68.7840355],[57.1365989,68.7541011],[57.0207225,68.6804059],[57.0400754,68.6349456],[57.1395238,68.6085392],[57.2476624,68.6151016],[57.361776,68.6579594],[57.3469097,68.6161432],[57.2661982,68.5839711],[57.118582,68.5771879],[56.9620031,68.598593],[56.8752992,68.6422123],[56.6603082,68.6743889],[56.3267692,68.6412889],[56.1771335,68.6844509],[56.0438702,68.6972624],[55.8811579,68.6836069],[55.6067946,68.6047386],[55.3400988,68.6018976],[54.8851646,68.4527316],[54.8210849,68.3786196],[54.7062924,68.3250714],[54.7168014,68.2820697],[54.7737724,68.2521174],[54.7535154,68.241078],[54.4948527,68.3985967],[54.3688725,68.4039268],[54.221419,68.3746349],[54.1215997,68.3844867],[54.0932563,68.3994448],[54.0780706,68.4768752],[54.037011,68.535982],[53.8798679,68.6279665],[53.9884239,68.6762798],[54.0060555,68.7009776],[53.9901921,68.7389845],[54.1064879,68.7772988],[54.4107419,68.7334632],[54.5211033,68.7547507],[54.5581185,68.7871083],[54.5185559,68.8274217],[54.387736,68.8649264],[54.0920413,68.8774024],[54.4326467,68.9044823],[54.5617378,68.8835551],[54.7803973,68.9005336],[54.9159131,68.8623877],[55.1471526,68.8772382],[55.2715954,68.8472783],[55.3975979,68.850703],[55.5807858,68.8194686],[55.7137365,68.845944],[55.7466932,68.8875046],[55.743893,68.911151],[55.6695504,68.9464616],[55.5069464,68.9755823],[55.1379019,68.9645547],[54.9123113,69.0243046],[54.7797775,69.0188465],[54.5401241,69.0428304],[54.0417658,69.0317744],[53.6127976,68.9839085],[52.9203425,68.8427863],[52.060724,68.6027515],[51.6917355,68.5470521],[51.1798273,68.5438513],[50.9599702,68.5109639],[50.7466765,68.4398859],[50.580162,68.3402804],[50.0700799,68.1595179],[49.1794205,67.910129],[48.9452762,67.8803822],[48.8536968,67.8936546],[48.6826608,67.9586322],[48.5111603,67.9541365],[48.4660532,67.9306962],[48.4603253,67.9064503],[48.6413042,67.8213467],[48.6425916,67.7643371],[48.6234067,67.7444522],[48.4620808,67.6990635],[48.2956292,67.7154085],[48.1208681,67.6714105],[47.9461146,67.6914917],[47.7152999,67.6009668],[47.7026079,67.5679854],[47.7293669,67.5163345],[47.801721,67.4608058],[47.7462626,67.4001534],[47.6368644,67.3433292],[47.6472757,67.2526342],[47.5884391,67.227973],[47.5572022,67.1926101],[47.6243652,67.1221067],[47.6243723,67.0548362],[47.541764,66.9818547],[46.7083335,66.879746],[46.5685126,66.9196795],[46.1924621,66.8779297],[45.9698067,66.9091666],[45.9149144,66.9320383],[45.8319325,67.0043127],[45.8104734,67.051454],[45.7529838,67.0900633],[45.7503727,67.1388868],[45.6981491,67.1859283],[45.1896555,67.301601],[45.0455212,67.3570816],[45.0389699,67.3766256],[45.0642141,67.4343509],[45.1292443,67.4841398],[45.2492463,67.5293283],[45.3416072,67.5283176],[45.4226676,67.5550625],[45.4799036,67.6329701],[45.4679748,67.677416],[45.5503852,67.6994718],[45.8745751,67.7048152],[46.0027461,67.7351656],[46.3497442,67.7682843],[46.7035318,67.754352],[46.8185872,67.7893303],[46.8476125,67.8459765],[46.8342186,67.8995578],[46.6704832,68.0349685],[46.6606568,68.1333734],[46.4286043,68.2602537],[46.4907035,68.2799171],[46.513572,68.3139027],[46.4975467,68.349552],[46.4567227,68.375328],[46.2752003,68.4103565],[46.0572636,68.4815643],[45.5043614,68.5718239],[45.037959,68.5997207],[44.0896174,68.5821504],[43.8150585,68.6591198],[43.5106471,68.711451],[43.2343825,68.7104665],[43.1430963,68.6644564],[43.204619,68.5904865],[43.457743,68.4872532],[43.8982083,68.3581644],[44.0851796,68.2744594],[44.0883523,68.2075617],[44.0592801,68.0898559],[44.0089992,68.0094597],[44.0279433,67.9576319],[43.973249,67.8512083],[44.0023366,67.7610229],[43.9378403,67.6961689],[43.9122355,67.6335866],[43.8162984,67.5476929],[43.7076987,67.4107991],[43.6325053,67.2674135],[43.645226,67.1940438],[43.6894805,67.1590931],[43.8588546,67.1054923],[44.0531005,67.1041195],[44.3547059,66.9113779],[44.3363366,66.8792192],[44.3498095,66.8452913],[44.2637929,66.8175528],[44.2256557,66.783548],[44.239816,66.7361268],[44.3270606,66.6669742],[44.2506542,66.5764768],[44.2452656,66.531919],[44.1003233,66.4484571],[44.0026375,66.3417721],[43.9407285,66.2297801],[43.8099605,66.2483795],[43.7575859,66.2935096],[43.6446239,66.3452423],[43.4636962,66.3754025],[43.4045531,66.4261128],[43.3179029,66.4582891],[43.1297912,66.468405],[42.7458336,66.451377],[42.6621159,66.4906546],[42.3772269,66.5540433],[42.2300941,66.5676052],[42.1138315,66.5543104],[41.9746657,66.5033051],[41.846461,66.3885399],[41.7411725,66.3518491],[41.6169761,66.253372],[41.382198,66.1434973],[41.002565,66.0623617],[40.6330532,66.0184775],[40.3217699,65.8226398],[40.0428007,65.7245561],[39.7862214,65.6673543],[39.667545,65.6065843],[39.6064854,65.5420961],[39.5692766,65.4293971],[39.5902561,65.3388348],[39.7982974,65.2100523],[39.904087,65.128793],[39.9312487,65.0861365],[40.0256917,65.031512],[40.0888696,64.8971077],[40.1368435,64.8432836],[39.8673901,64.797846],[39.7327857,64.7187923],[39.6542197,64.6074721],[39.5801249,64.6048395],[39.3589114,64.6888036],[39.1671838,64.7143577],[38.9414913,64.787997],[38.6066532,64.8215268],[38.4063562,64.8967557],[38.1544228,64.899487],[37.9786022,64.9306114],[37.8324741,64.9853058],[37.8232775,65.0376368],[37.752919,65.0760188],[37.4461908,65.1512071],[37.077575,65.2199856],[36.9653389,65.2192034],[36.8669842,65.2625625],[36.7668696,65.2602003],[36.6878611,65.2333711],[36.6603509,65.1949699],[36.7067637,65.1538685],[36.6955424,65.119402],[36.7305822,65.0820246],[36.6816488,64.9934356],[36.6081224,64.975682],[36.3959618,64.9769987],[36.3160401,64.9300938],[36.3177873,64.8926045],[36.3894815,64.7964218],[36.4260581,64.6912085],[36.4889916,64.6670311],[36.6221433,64.6612632],[36.8047864,64.5035834],[37.0325768,64.3579275],[37.321564,64.288016],[37.2609808,64.2704256],[37.2333251,64.240913],[37.2437601,64.2081984],[37.2908368,64.1837085],[37.3910569,64.1717928],[37.4823237,64.1956733],[37.5034233,64.225504],[37.4885081,64.2516401],[37.3723993,64.2899642],[37.4952401,64.3250783],[37.6238983,64.3023824],[37.7180477,64.3213979],[37.7947866,64.3026087],[37.8256448,64.274858],[37.7816296,64.2473559],[37.7729304,64.1949259],[37.8208728,64.1373519],[37.882376,64.1110624],[37.9122487,64.0566163],[37.8140464,64.0947704],[37.6973366,64.078861],[37.6665588,64.0561765],[37.6640041,64.0290809],[37.7647007,63.9549723],[37.570867,63.9308268],[37.5151792,63.8914686],[37.5173103,63.8566227],[37.4362629,63.8422158],[37.3859046,63.8491635],[37.4201027,63.8815932],[37.4058359,63.9132532],[37.3059157,63.9419279],[37.2515224,63.9902591],[37.2799849,64.0246336],[37.257937,64.0585201],[37.3290515,64.1022857],[37.3323447,64.1416174],[37.3066824,64.1654143],[37.1887356,64.2028829],[37.0725992,64.1925042],[37.0210585,64.1516767],[37.0303764,64.1256829],[37.0966609,64.0799214],[37.0574695,64.0670548],[36.9698961,64.1078385],[36.9641571,64.1590492],[36.8730539,64.1996088],[36.8271766,64.2507106],[36.641396,64.3062904],[36.6059725,64.3505112],[36.5363253,64.3794533],[36.4308919,64.3943699],[36.3339978,64.3782568],[36.2866857,64.4236913],[36.2142269,64.4425327],[36.0272219,64.4333214],[35.7155478,64.4616258],[35.688821,64.4790828],[35.7374505,64.5078278],[35.738176,64.5505038],[35.8115625,64.5726493],[35.8320295,64.6078697],[35.7736641,64.6589922],[35.6246963,64.7360484],[35.4552179,64.7358269],[35.3619578,64.6808916],[35.3889868,64.6368129],[35.4892362,64.6165886],[35.5478909,64.5787568],[35.4960209,64.5443825],[35.4955337,64.5121242],[35.5288467,64.4855427],[35.4955549,64.4708574],[35.4321194,64.4614417],[35.3502116,64.496285],[35.3520485,64.5384455],[35.2894514,64.5674368],[35.2041433,64.5727038],[35.1317409,64.5532258],[35.0658755,64.5655468],[35.197169,64.6397861],[35.2058431,64.6724666],[35.1760985,64.7019248],[35.223423,64.7274495],[35.2325599,64.753866],[35.3151051,64.7624953],[35.3682902,64.7963665],[35.3637942,64.8274763],[35.3330808,64.8495472],[35.2217446,64.8653258],[35.3580797,64.8998432],[35.4759302,64.8943035],[35.5438999,64.9226309],[35.6189957,64.9033915],[35.8021513,64.9042495],[36.0747959,64.9689095],[36.1413873,65.0119618],[36.1403004,65.0544696],[36.1184947,65.0757263],[36.3396012,65.1128318],[36.3864203,65.1373532],[36.3933445,65.1738817],[36.3194413,65.2119742],[36.1261708,65.2131193],[36.0042168,65.2453265],[35.5200829,65.1993497],[35.3964529,65.153664],[35.3754341,65.1211283],[35.3810214,65.0895541],[35.4432103,65.0342603],[35.3328507,64.9951219],[35.1656475,65.0249729],[35.1442507,65.0870961],[35.0878854,65.1150471],[34.9161564,65.1198359],[34.9288535,65.1423977],[34.9174606,65.1679173],[34.8030542,65.2492286],[34.6893567,65.2948232],[34.7015048,65.3167587],[34.6885288,65.3401382],[34.8089446,65.4032806],[34.8131884,65.4537338],[34.9044646,65.5171918],[34.9185704,65.5628583],[35.0341263,65.5796975],[35.0662106,65.6037733],[35.0680301,65.6275728],[35.1467387,65.6688033],[35.1841244,65.7482441],[35.1614658,65.7837722],[35.1680992,65.8293029],[34.9815278,65.8975399],[34.9388993,65.9356886],[34.8484633,65.9501511],[34.821477,66.004399],[34.6266017,66.1095115],[34.1212425,66.2835583],[34.004755,66.3529119],[33.9891402,66.384574],[34.0110848,66.4222417],[33.9646652,66.4568555],[33.882125,66.4850237],[33.7597094,66.4869398],[33.6512806,66.5449097],[33.7996287,66.5575288],[33.8356732,66.5906643],[33.816397,66.6219027],[34.0060016,66.6322183],[34.1773834,66.6110028],[34.3585687,66.5066008],[34.4413648,66.4880699],[34.5903067,66.4904035],[34.8383505,66.5421958],[35.1049373,66.4330051],[35.4837845,66.3367835],[36.503702,66.2239455],[36.7527874,66.2309465],[36.9275832,66.2113423],[37.2908908,66.154069],[37.58634,66.0692462],[37.8482424,66.0381468],[38.3899196,66.0034263],[38.749122,66.012547],[38.9588953,66.0553692],[39.1523613,66.0525422],[39.5184411,66.1322487],[40.0630422,66.2090091],[40.3487405,66.3255084],[40.4669424,66.3417058],[40.6824855,66.4278844],[40.7640011,66.4410747],[40.8286885,66.482593],[40.8361088,66.5476834],[41.2070409,66.7150032],[41.3577507,66.8169711],[41.4246768,66.9451068],[41.5012383,67.0057273],[41.5074452,67.0348555],[41.4829278,67.0605526],[41.5259068,67.0852878],[41.5376094,67.1188379],[41.4736785,67.1599715],[41.4940389,67.1990662],[41.4517008,67.2417441],[41.3567002,67.2670162],[41.2231144,67.2717135],[41.2562397,67.4017139],[41.2274963,67.4500079],[41.142787,67.494071],[41.1279679,67.5509977],[41.1778611,67.6169418],[41.1540155,67.6702389],[41.0583201,67.7467506],[40.9516894,67.7768053],[40.8560346,67.7797119],[40.761147,67.8337437],[40.522783,67.885528],[40.3913563,67.9489525],[40.2308892,67.9844182],[40.0778387,68.057385],[40.0376864,68.1111284],[39.9714208,68.1527433],[39.8484041,68.1952316],[39.7379951,68.2086907],[39.6443379,68.194283],[39.6016752,68.1595717],[39.6275348,68.1155854],[39.4622227,68.1484576],[39.2875702,68.2257888],[39.1259376,68.2624263],[39.0674833,68.3097621],[38.8496643,68.3606213],[38.7358065,68.4170749],[38.4565003,68.4509751],[38.2140723,68.5297824],[38.0863869,68.609564],[37.959763,68.6509198],[37.8931126,68.7245804],[37.6921943,68.7558047],[37.6275517,68.8093878],[37.1846301,68.9004299],[36.5580458,69.0751277],[36.5092421,69.1046283],[36.1022705,69.1875694],[35.9707462,69.2380058],[35.2499308,69.3072554],[35.0843489,69.3006162],[35.0077079,69.2658438],[34.8697511,69.3003638],[34.5497677,69.3127538],[34.5440722,69.3482097],[34.4971786,69.3743029],[34.1226837,69.4379219],[33.9588003,69.4264855],[33.8679999,69.3977305],[33.819983,69.3619245],[33.6221654,69.3568799],[33.6375653,69.3878131],[33.6280866,69.4190353],[33.5207433,69.4625734],[32.9047246,69.5213939],[33.0654097,69.550108],[33.2122126,69.6182199],[33.2724131,69.725355],[33.1576557,69.789283],[32.6552852,69.8521634],[32.1388124,70.002122]]],[[[56.6922044,68.8032523],[56.6500616,68.8498594],[56.5169931,68.8690476],[56.389491,68.8442335],[56.3320401,68.8013925],[56.3766902,68.7580506],[56.4929286,68.7404834],[56.6053204,68.7556751],[56.6922044,68.8032523]]],[[[48.0575383,68.9211032],[48.0756005,68.8016681],[48.1092766,68.7558902],[48.3260701,68.6710937],[49.1325232,68.6087663],[49.522443,68.6100947],[49.6792447,68.6400539],[49.7606529,68.689139],[49.7180005,68.7325953],[49.5976649,68.7481069],[49.9697029,68.8696522],[50.2264399,68.9226732],[50.4219574,69.0508923],[50.4597077,69.1173327],[50.4388854,69.1688668],[50.3853127,69.2163397],[50.1756533,69.3167463],[49.3816559,69.5419907],[48.9624816,69.5496608],[48.6289583,69.4989818],[48.4088812,69.4147366],[48.208567,69.3006972],[48.0890114,69.1352091],[48.0575383,68.9211032]]],[[[42.3365605,66.7042877],[42.6322366,66.6122278],[42.733132,66.6193574],[42.7905685,66.6463718],[42.8123259,66.6942349],[42.7873508,66.7441713],[42.7331205,66.7849714],[42.5666196,66.8278738],[42.3920124,66.8187085],[42.3011535,66.7645081],[42.3031635,66.7294309],[42.3365605,66.7042877]]],[[[35.6624571,64.7753732],[35.7282046,64.8218365],[35.6727356,64.8663778],[35.5306962,64.8742581],[35.4547548,64.8300238],[35.4657484,64.802289],[35.5128251,64.7783258],[35.6624571,64.7753732]]]]}},{"type":"Feature","properties":{"polity_id":"grand-moscow","name":"Великое княжество Московское","start_date":"1537","end_date":"1547-01-16","status":"provisional-source-capture","confidence":"unreviewed","legal_basis":[],"source_ids":["capture:ohm:2890619"],"provenance":{"capture_source":"OpenHistoricalMap","capture_id":2890619,"capture_date":"2026-08-22"},"notes":"One-time geometry capture. Review against project historical sources before marking verified."},"geometry":{"type":"MultiPolygon","coordinates":[[[[32.1388124,70.002122],[31.8563593,70.0050167],[31.7711409,69.9737737],[31.7160438,69.8923547],[31.5855417,69.9068879],[31.437654,69.8898559],[31.3840227,69.8567359],[31.401387,69.792854],[30.8953155,69.8450293],[30.8176414,69.7948444],[30.8905984,69.7372657],[30.8736595,69.7149353],[30.9444154,69.6832279],[30.9233763,69.6697388],[30.9542528,69.6324096],[30.9465507,69.576363],[30.81799,69.5288883],[30.5159812,69.5404206],[30.2240291,69.6531205],[30.1516722,69.6693762],[30.0852915,69.6580972],[30.0912854,69.6428379],[30.137826,69.6435197],[30.1855994,69.5505719],[30.1223803,69.5166756],[30.1168881,69.4692538],[30.0345285,69.4246791],[29.9481468,69.4050014],[29.8504972,69.4228126],[29.7226467,69.3890938],[29.5704517,69.3178794],[29.3965182,69.3236938],[29.2923407,69.2979319],[29.276971,69.250761],[29.3139861,69.2312317],[29.2864934,69.1692013],[29.2487203,69.1615253],[29.2310095,69.1216852],[29.242137,69.1130186],[29.0566538,69.0152255],[28.9292868,69.0519146],[28.4157884,68.9154506],[28.4680152,68.8854349],[28.8007884,68.8692833],[28.7064097,68.7322371],[28.4339319,68.539671],[28.6461512,68.1963033],[29.3270886,68.0745422],[29.6594055,67.8029589],[30.017043,67.6735527],[29.9302245,67.5225238],[29.6160519,67.345731],[29.6440601,67.3357821],[29.5225573,67.3098971],[29.5044673,67.2855845],[29.5164949,67.2806526],[29.0728518,66.995901],[29.0331725,66.9255118],[29.0605147,66.8531003],[29.1189692,66.8014769],[29.1058565,66.7904471],[29.1494135,66.7804339],[29.3611293,66.6388082],[29.3825949,66.5984441],[29.4190358,66.5919864],[29.4106071,66.5831721],[29.4720555,66.5439006],[29.6313606,66.366276],[29.6963998,66.2687473],[29.9233057,66.1271457],[29.9926245,66.0223595],[29.9971176,65.978834],[30.0242232,65.9667021],[30.068452,65.8949649],[30.1193759,65.7522112],[30.1384654,65.668677],[30.0171088,65.6964778],[29.7218687,65.6370846],[29.8639021,65.5604438],[29.7330481,65.4725004],[29.7273933,65.4003301],[29.7465796,65.347402],[29.6017879,65.2599327],[29.6340018,65.2315851],[29.8856591,65.2062953],[29.8935882,65.1929709],[29.8193328,65.1442782],[29.8968589,65.1051397],[29.7326676,65.0912944],[29.6269757,65.0605969],[29.5993331,64.9950558],[29.6191848,64.959659],[29.6109949,64.9273109],[29.6449074,64.866493],[29.699703,64.8372234],[29.6875026,64.8188089],[29.7396283,64.7897836],[30.0429299,64.7928807],[30.0865096,64.7739882],[30.0413965,64.7411934],[30.1358375,64.6489996],[30.130109,64.6347287],[29.9894001,64.5876222],[29.9869571,64.5338969],[30.0583381,64.4508873],[30.0448663,64.4020287],[30.1099241,64.3650286],[30.3669331,64.2996872],[30.3608053,64.2813189],[30.3882735,64.2690683],[30.4824363,64.2623259],[30.5095961,64.2216872],[30.4663645,64.2044309],[30.5534022,64.1322472],[30.5535576,64.1016869],[30.4918692,64.0169518],[30.3209136,63.9095321],[30.2604128,63.8220093],[29.9723741,63.756915],[30.2441514,63.6072718],[30.2582144,63.583947],[30.3845366,63.5455091],[30.4840079,63.4667034],[30.7876915,63.4052755],[30.8501493,63.3684509],[30.9344216,63.3554973],[30.9791661,63.3077728],[31.2398348,63.2188742],[31.2548471,63.1786518],[31.2553452,63.1461864],[31.1503594,63.1124643],[30.9635918,63.0991085],[30.8702081,63.0667807],[30.8406823,63.0400209],[30.8029168,62.9221105],[30.5907433,62.8379106],[30.3902428,62.7999575],[30.2220147,62.8626635],[30.2014153,62.8134505],[30.1300042,62.7917958],[30.1464837,62.7669832],[30.0517266,62.7396337],[30.0709527,62.7154067],[30.0537865,62.6993493],[29.94255,62.680132],[29.8498528,62.7043879],[29.8402398,62.664686],[29.899978,62.6252466],[29.7784417,62.6031375],[29.7200768,62.5639326],[29.7859948,62.4723587],[29.7921746,62.4396537],[29.7750085,62.412955],[29.6129601,62.3734992],[29.5127099,62.3196411],[29.4941705,62.2768682],[29.369201,62.164861],[29.3980401,62.0897441],[29.6040337,61.9331361],[29.2579644,61.7152618],[29.2222588,61.6612031],[29.1790002,61.6429451],[29.0401266,61.6407434],[29.1796848,61.5711137],[29.2401096,61.5069771],[29.4009166,61.3973084],[29.5587144,61.2081216],[29.5556256,61.0579533],[29.5947644,61.0481493],[29.5892712,61.0260379],[29.6136471,61.0203828],[29.5686718,60.9701086],[29.7556112,60.8594588],[29.787712,60.8098508],[29.7710609,60.7873638],[29.7895145,60.7670827],[29.7702884,60.7570212],[29.7887417,60.7128392],[29.9260708,60.6676291],[30.03647,60.6618537],[30.0828939,60.6109789],[30.1749713,60.5994279],[30.0521089,60.551254],[30.0336247,60.5203254],[30.0557054,60.4967071],[30.1899145,60.4575564],[30.2446743,60.4770181],[30.3602026,60.4417248],[30.440368,60.4446888],[30.449981,60.4243606],[30.5220788,60.4673735],[30.5454247,60.4443501],[30.6779466,60.4863221],[30.7033537,60.5175113],[31.2456326,60.7111903],[31.3467393,60.1038801],[31.5493005,59.9360968],[31.7394992,59.7287171],[31.8081638,59.599707],[31.832883,59.4520571],[31.7889397,59.3993169],[31.8006127,59.3429945],[31.4758273,59.4101519],[31.2203952,59.4115496],[31.2176486,59.3835851],[31.313779,59.2876317],[31.2794467,59.087151],[31.2135287,59.0744496],[31.1036655,59.1047841],[30.9320041,59.088562],[30.8935519,59.1139498],[30.9402438,59.2630746],[30.8496066,59.3926761],[30.7534763,59.4304125],[30.6408664,59.4241261],[30.5145236,59.4031626],[30.2920505,59.2644783],[30.1821872,59.222341],[29.9157687,59.1477709],[29.6987888,59.0631554],[29.5422336,59.0462073],[29.4241306,59.0589192],[29.2874902,59.116416],[29.2174523,59.0878555],[29.0972894,59.1040779],[28.7470995,59.3002535],[28.5479723,59.3156746],[28.2949447,59.294994],[28.2513414,59.225151],[28.0590807,59.1252265],[27.9052721,59.018648],[27.3422214,58.8932972],[27.5550829,58.3685975],[27.4864183,58.3066037],[27.4905382,58.2191956],[27.6354214,58.10038],[27.6055523,58.0542688],[27.6206585,58.0055514],[27.6537893,57.9958181],[27.6493262,58.0201917],[27.6987646,57.9986382],[27.6845167,57.9600461],[27.6560209,57.955037],[27.6790236,57.923965],[27.7181624,57.9204096],[27.6955029,57.9073702],[27.8197859,57.890585],[27.8158378,57.8623794],[27.7761837,57.8330551],[27.7408218,57.8277539],[27.7081203,57.848451],[27.5555133,57.8338774],[27.530708,57.790808],[27.4946591,57.7876969],[27.5265881,57.7578538],[27.5113105,57.7507096],[27.5456428,57.7333016],[27.5262448,57.7307356],[27.5256442,57.7093748],[27.500925,57.706486],[27.4927711,57.7230361],[27.4113177,57.7003408],[27.3761272,57.6681763],[27.4009322,57.6329508],[27.3887014,57.6160607],[27.4051379,57.6124059],[27.3174916,57.5800341],[27.3515884,57.5182161],[27.3747745,57.5354148],[27.4150519,57.5226559],[27.5565377,57.5378439],[27.5463272,57.5192773],[27.5673392,57.5092177],[27.5161921,57.4249263],[27.6694264,57.3952715],[27.6841181,57.3721178],[27.7790722,57.3434011],[27.781842,57.3203282],[27.82394,57.3230627],[27.8665879,57.2963924],[27.8702622,57.2482655],[27.8256765,57.2004927],[27.8182775,57.1433435],[27.737531,57.1189964],[27.7518744,57.0982907],[27.7152118,57.0976375],[27.7687745,57.085618],[27.7146504,57.007379],[27.7695654,57.0052405],[27.7371561,56.920078],[27.6863346,56.9158951],[27.6720469,56.895622],[27.6593808,56.8343402],[27.848567,56.8794211],[27.8740298,56.8774814],[27.9016674,56.8205634],[27.9590258,56.8326139],[28.2788058,57.0526835],[28.5726901,56.9614512],[28.3227512,56.4685613],[28.3145114,56.3241538],[30.5969211,55.9153531],[30.6285081,55.7611234],[30.7768236,55.6179164],[31.8878119,55.7023582],[32.1954291,56.2586118],[33.2226508,55.7734865],[33.700556,55.341645],[34.4970648,55.1255114],[33.6099216,54.2170747],[33.0303928,53.6462676],[32.956235,53.5973966],[32.9287692,53.4488085],[33.6428806,53.561522],[33.7280246,53.0857783],[34.5245334,53.0296537],[33.8653537,52.3454092],[34.1043063,52.1452896],[34.0768405,52.0710671],[34.1111742,52.0060202],[34.4036852,51.8272918],[34.4338976,51.7559411],[34.4187914,51.7202235],[34.0823351,51.6742593],[34.2979417,51.5215625],[34.2416375,51.4356049],[33.5714694,51.4471621],[33.4973117,51.156956],[34.579465,50.6755776],[35.3539984,50.4889721],[36.6558783,48.8394167],[36.4581244,47.7836383],[36.1463873,47.5830141],[36.8344089,47.7633318],[42.7203314,54.6611269],[42.7038464,54.8955711],[42.5720105,55.2540833],[42.5170789,55.6342041],[42.6489148,55.8999623],[42.9345593,56.194487],[43.1982312,56.5110236],[43.3740125,56.7587517],[43.3849988,57.0108386],[43.3520398,57.2909241],[43.4509167,57.4863149],[43.8244519,57.7510818],[44.1979871,57.9323565],[43.5717664,57.978989],[42.7368054,57.9556803],[42.3962292,57.9673366],[41.9018445,58.0836908],[42.4072156,58.4879577],[43.9782605,59.1590414],[44.7253308,59.5788566],[45.0871981,59.8655519],[47.8460116,59.9258333],[48.9188593,59.9855158],[49.6638924,60.097131],[50.1705149,60.2601519],[50.4238262,60.2231728],[50.6324354,59.9780614],[51.5860778,58.4764809],[53.2251507,58.755832],[54.6556142,58.7944543],[55.326144,59.2393442],[56.1456805,59.6785048],[57.4420381,60.2527595],[59.0959967,60.6787804],[67.4999851,61.8604385],[67.3807798,62.0565767],[66.7698526,62.2653293],[65.5032964,62.5963483],[64.8923692,63.0658042],[65.3691904,63.4746228],[65.8013096,63.8776796],[65.9354156,64.3008947],[65.7119056,64.7622219],[65.473495,65.1720405],[65.607601,65.4706666],[65.8311109,66.2085567],[66.7698526,68.0269243],[67.2057669,68.6921408],[67.4670237,68.7092621],[67.5303025,68.7320778],[67.5509115,68.76005],[67.5302813,68.8013695],[67.3914533,68.8607639],[66.6949694,68.934393],[66.5539427,69.0255695],[66.3329378,69.1062857],[65.4817793,69.2150951],[65.3452606,69.245791],[65.2283303,69.3050359],[65.1096332,69.3214519],[64.4029824,69.542016],[63.734802,69.6642584],[62.7639244,69.7730823],[62.2236548,69.7811804],[61.8811313,69.8004778],[61.7655418,69.8238248],[61.5575982,69.8201344],[61.4837878,69.830248],[61.3007179,69.9022974],[61.1983727,69.9169291],[61.0021173,69.8979148],[60.8253236,69.9166333],[60.6272914,69.8753855],[60.6369366,69.9185584],[60.5705138,69.9620639],[60.3649569,70.0161972],[60.2104312,70.081846],[60.2013601,70.1107655],[60.1568973,70.1321562],[59.974757,70.1471112],[59.915454,70.1871754],[59.7064044,70.2507756],[59.5136255,70.3731717],[59.237756,70.4600003],[59.1832339,70.5021795],[59.0221925,70.5198643],[58.8613006,70.4790233],[58.760742,70.5065866],[58.6124757,70.510331],[58.5113519,70.4753852],[58.5092678,70.4496309],[58.5455946,70.4128175],[58.3588929,70.4207021],[58.2543028,70.3934964],[58.238627,70.3593938],[58.2970838,70.304422],[58.1686284,70.2715771],[58.1589761,70.2464553],[58.1824245,70.2046055],[58.390365,70.1329894],[58.4608355,70.0489939],[58.5560591,69.989423],[58.6796953,69.9323962],[58.8347295,69.8934006],[58.8925154,69.8489126],[58.9763262,69.8185247],[59.2015375,69.8030468],[59.3049619,69.7646299],[59.4127967,69.7642804],[59.3682855,69.7395136],[59.3701592,69.7079108],[59.5093466,69.6634779],[60.0369072,69.6088098],[60.0266519,69.5561089],[60.0785723,69.4843204],[60.4850566,69.2322626],[60.4825845,69.1390919],[60.5221453,69.0938543],[60.6189657,69.0525587],[60.7814019,69.0351595],[60.8074729,68.9754145],[60.785114,68.9256368],[60.6617224,68.8835883],[60.5916342,68.8227403],[60.4215434,68.7478731],[60.1243215,68.7310707],[59.9183408,68.762212],[59.692179,68.6738172],[59.656068,68.6394269],[59.6737965,68.5856083],[59.809607,68.4970697],[59.8304581,68.453719],[59.7423771,68.4065255],[59.64135,68.3841046],[59.2623173,68.4402263],[59.3268708,68.5143899],[59.3057373,68.5473332],[59.2627524,68.5664629],[59.3114439,68.5871588],[59.3313623,68.6179187],[59.5465515,68.6281172],[59.6070158,68.6503202],[59.6289948,68.6812655],[59.6147278,68.7069842],[59.5466686,68.7389324],[59.56857,68.7639905],[59.5474365,68.8055076],[59.4486214,68.8345005],[59.3068754,68.9086195],[59.455416,68.9458184],[59.6418251,68.9561894],[59.6874472,68.9901933],[59.6660199,69.039643],[59.6193689,69.0763371],[59.4917027,69.1254124],[59.4622214,69.1539085],[59.4531598,69.2274767],[59.3990966,69.2729007],[59.2220369,69.3294508],[58.9179451,69.3866076],[58.8347688,69.4334241],[58.7213783,69.4451359],[58.7244914,69.4881285],[58.6571327,69.5237685],[58.4366944,69.5360527],[58.3463133,69.5090212],[58.3084829,69.4729909],[58.3101406,69.4517288],[58.3777143,69.4157948],[58.4903335,69.3985155],[58.4886684,69.372048],[58.5134871,69.3525513],[58.7620928,69.2573399],[59.0558791,69.200452],[59.0980425,69.1158951],[59.238349,69.0628475],[59.2638331,69.0327733],[58.8093308,69.0232735],[57.7408793,68.8268798],[57.2781113,68.7840355],[57.1365989,68.7541011],[57.0207225,68.6804059],[57.0400754,68.6349456],[57.1395238,68.6085392],[57.2476624,68.6151016],[57.361776,68.6579594],[57.3469097,68.6161432],[57.2661982,68.5839711],[57.118582,68.5771879],[56.9620031,68.598593],[56.8752992,68.6422123],[56.6603082,68.6743889],[56.3267692,68.6412889],[56.1771335,68.6844509],[56.0438702,68.6972624],[55.8811579,68.6836069],[55.6067946,68.6047386],[55.3400988,68.6018976],[54.8851646,68.4527316],[54.8210849,68.3786196],[54.7062924,68.3250714],[54.7168014,68.2820697],[54.7737724,68.2521174],[54.7535154,68.241078],[54.4948527,68.3985967],[54.3688725,68.4039268],[54.221419,68.3746349],[54.1215997,68.3844867],[54.0932563,68.3994448],[54.0780706,68.4768752],[54.037011,68.535982],[53.8798679,68.6279665],[53.9884239,68.6762798],[54.0060555,68.7009776],[53.9901921,68.7389845],[54.1064879,68.7772988],[54.4107419,68.7334632],[54.5211033,68.7547507],[54.5581185,68.7871083],[54.5185559,68.8274217],[54.387736,68.8649264],[54.0920413,68.8774024],[54.4326467,68.9044823],[54.5617378,68.8835551],[54.7803973,68.9005336],[54.9159131,68.8623877],[55.1471526,68.8772382],[55.2715954,68.8472783],[55.3975979,68.850703],[55.5807858,68.8194686],[55.7137365,68.845944],[55.7466932,68.8875046],[55.743893,68.911151],[55.6695504,68.9464616],[55.5069464,68.9755823],[55.1379019,68.9645547],[54.9123113,69.0243046],[54.7797775,69.0188465],[54.5401241,69.0428304],[54.0417658,69.0317744],[53.6127976,68.9839085],[52.9203425,68.8427863],[52.060724,68.6027515],[51.6917355,68.5470521],[51.1798273,68.5438513],[50.9599702,68.5109639],[50.7466765,68.4398859],[50.580162,68.3402804],[50.0700799,68.1595179],[49.1794205,67.910129],[48.9452762,67.8803822],[48.8536968,67.8936546],[48.6826608,67.9586322],[48.5111603,67.9541365],[48.4660532,67.9306962],[48.4603253,67.9064503],[48.6413042,67.8213467],[48.6425916,67.7643371],[48.6234067,67.7444522],[48.4620808,67.6990635],[48.2956292,67.7154085],[48.1208681,67.6714105],[47.9461146,67.6914917],[47.7152999,67.6009668],[47.7026079,67.5679854],[47.7293669,67.5163345],[47.801721,67.4608058],[47.7462626,67.4001534],[47.6368644,67.3433292],[47.6472757,67.2526342],[47.5884391,67.227973],[47.5572022,67.1926101],[47.6243652,67.1221067],[47.6243723,67.0548362],[47.541764,66.9818547],[46.7083335,66.879746],[46.5685126,66.9196795],[46.1924621,66.8779297],[45.9698067,66.9091666],[45.9149144,66.9320383],[45.8319325,67.0043127],[45.8104734,67.051454],[45.7529838,67.0900633],[45.7503727,67.1388868],[45.6981491,67.1859283],[45.1896555,67.301601],[45.0455212,67.3570816],[45.0389699,67.3766256],[45.0642141,67.4343509],[45.1292443,67.4841398],[45.2492463,67.5293283],[45.3416072,67.5283176],[45.4226676,67.5550625],[45.4799036,67.6329701],[45.4679748,67.677416],[45.5503852,67.6994718],[45.8745751,67.7048152],[46.0027461,67.7351656],[46.3497442,67.7682843],[46.7035318,67.754352],[46.8185872,67.7893303],[46.8476125,67.8459765],[46.8342186,67.8995578],[46.6704832,68.0349685],[46.6606568,68.1333734],[46.4286043,68.2602537],[46.4907035,68.2799171],[46.513572,68.3139027],[46.4975467,68.349552],[46.4567227,68.375328],[46.2752003,68.4103565],[46.0572636,68.4815643],[45.5043614,68.5718239],[45.037959,68.5997207],[44.0896174,68.5821504],[43.8150585,68.6591198],[43.5106471,68.711451],[43.2343825,68.7104665],[43.1430963,68.6644564],[43.204619,68.5904865],[43.457743,68.4872532],[43.8982083,68.3581644],[44.0851796,68.2744594],[44.0883523,68.2075617],[44.0592801,68.0898559],[44.0089992,68.0094597],[44.0279433,67.9576319],[43.973249,67.8512083],[44.0023366,67.7610229],[43.9378403,67.6961689],[43.9122355,67.6335866],[43.8162984,67.5476929],[43.7076987,67.4107991],[43.6325053,67.2674135],[43.645226,67.1940438],[43.6894805,67.1590931],[43.8588546,67.1054923],[44.0531005,67.1041195],[44.3547059,66.9113779],[44.3363366,66.8792192],[44.3498095,66.8452913],[44.2637929,66.8175528],[44.2256557,66.783548],[44.239816,66.7361268],[44.3270606,66.6669742],[44.2506542,66.5764768],[44.2452656,66.531919],[44.1003233,66.4484571],[44.0026375,66.3417721],[43.9407285,66.2297801],[43.8099605,66.2483795],[43.7575859,66.2935096],[43.6446239,66.3452423],[43.4636962,66.3754025],[43.4045531,66.4261128],[43.3179029,66.4582891],[43.1297912,66.468405],[42.7458336,66.451377],[42.6621159,66.4906546],[42.3772269,66.5540433],[42.2300941,66.5676052],[42.1138315,66.5543104],[41.9746657,66.5033051],[41.846461,66.3885399],[41.7411725,66.3518491],[41.6169761,66.253372],[41.382198,66.1434973],[41.002565,66.0623617],[40.6330532,66.0184775],[40.3217699,65.8226398],[40.0428007,65.7245561],[39.7862214,65.6673543],[39.667545,65.6065843],[39.6064854,65.5420961],[39.5692766,65.4293971],[39.5902561,65.3388348],[39.7982974,65.2100523],[39.904087,65.128793],[39.9312487,65.0861365],[40.0256917,65.031512],[40.0888696,64.8971077],[40.1368435,64.8432836],[39.8673901,64.797846],[39.7327857,64.7187923],[39.6542197,64.6074721],[39.5801249,64.6048395],[39.3589114,64.6888036],[39.1671838,64.7143577],[38.9414913,64.787997],[38.6066532,64.8215268],[38.4063562,64.8967557],[38.1544228,64.899487],[37.9786022,64.9306114],[37.8324741,64.9853058],[37.8232775,65.0376368],[37.752919,65.0760188],[37.4461908,65.1512071],[37.077575,65.2199856],[36.9653389,65.2192034],[36.8669842,65.2625625],[36.7668696,65.2602003],[36.6878611,65.2333711],[36.6603509,65.1949699],[36.7067637,65.1538685],[36.6955424,65.119402],[36.7305822,65.0820246],[36.6816488,64.9934356],[36.6081224,64.975682],[36.3959618,64.9769987],[36.3160401,64.9300938],[36.3177873,64.8926045],[36.3894815,64.7964218],[36.4260581,64.6912085],[36.4889916,64.6670311],[36.6221433,64.6612632],[36.8047864,64.5035834],[37.0325768,64.3579275],[37.321564,64.288016],[37.2609808,64.2704256],[37.2333251,64.240913],[37.2437601,64.2081984],[37.2908368,64.1837085],[37.3910569,64.1717928],[37.4823237,64.1956733],[37.5034233,64.225504],[37.4885081,64.2516401],[37.3723993,64.2899642],[37.4952401,64.3250783],[37.6238983,64.3023824],[37.7180477,64.3213979],[37.7947866,64.3026087],[37.8256448,64.274858],[37.7816296,64.2473559],[37.7729304,64.1949259],[37.8208728,64.1373519],[37.882376,64.1110624],[37.9122487,64.0566163],[37.8140464,64.0947704],[37.6973366,64.078861],[37.6665588,64.0561765],[37.6640041,64.0290809],[37.7647007,63.9549723],[37.570867,63.9308268],[37.5151792,63.8914686],[37.5173103,63.8566227],[37.4362629,63.8422158],[37.3859046,63.8491635],[37.4201027,63.8815932],[37.4058359,63.9132532],[37.3059157,63.9419279],[37.2515224,63.9902591],[37.2799849,64.0246336],[37.257937,64.0585201],[37.3290515,64.1022857],[37.3323447,64.1416174],[37.3066824,64.1654143],[37.1887356,64.2028829],[37.0725992,64.1925042],[37.0210585,64.1516767],[37.0303764,64.1256829],[37.0966609,64.0799214],[37.0574695,64.0670548],[36.9698961,64.1078385],[36.9641571,64.1590492],[36.8730539,64.1996088],[36.8271766,64.2507106],[36.641396,64.3062904],[36.6059725,64.3505112],[36.5363253,64.3794533],[36.4308919,64.3943699],[36.3339978,64.3782568],[36.2866857,64.4236913],[36.2142269,64.4425327],[36.0272219,64.4333214],[35.7155478,64.4616258],[35.688821,64.4790828],[35.7374505,64.5078278],[35.738176,64.5505038],[35.8115625,64.5726493],[35.8320295,64.6078697],[35.7736641,64.6589922],[35.6246963,64.7360484],[35.4552179,64.7358269],[35.3619578,64.6808916],[35.3889868,64.6368129],[35.4892362,64.6165886],[35.5478909,64.5787568],[35.4960209,64.5443825],[35.4955337,64.5121242],[35.5288467,64.4855427],[35.4955549,64.4708574],[35.4321194,64.4614417],[35.3502116,64.496285],[35.3520485,64.5384455],[35.2894514,64.5674368],[35.2041433,64.5727038],[35.1317409,64.5532258],[35.0658755,64.5655468],[35.197169,64.6397861],[35.2058431,64.6724666],[35.1760985,64.7019248],[35.223423,64.7274495],[35.2325599,64.753866],[35.3151051,64.7624953],[35.3682902,64.7963665],[35.3637942,64.8274763],[35.3330808,64.8495472],[35.2217446,64.8653258],[35.3580797,64.8998432],[35.4759302,64.8943035],[35.5438999,64.9226309],[35.6189957,64.9033915],[35.8021513,64.9042495],[36.0747959,64.9689095],[36.1413873,65.0119618],[36.1403004,65.0544696],[36.1184947,65.0757263],[36.3396012,65.1128318],[36.3864203,65.1373532],[36.3933445,65.1738817],[36.3194413,65.2119742],[36.1261708,65.2131193],[36.0042168,65.2453265],[35.5200829,65.1993497],[35.3964529,65.153664],[35.3754341,65.1211283],[35.3810214,65.0895541],[35.4432103,65.0342603],[35.3328507,64.9951219],[35.1656475,65.0249729],[35.1442507,65.0870961],[35.0878854,65.1150471],[34.9161564,65.1198359],[34.9288535,65.1423977],[34.9174606,65.1679173],[34.8030542,65.2492286],[34.6893567,65.2948232],[34.7015048,65.3167587],[34.6885288,65.3401382],[34.8089446,65.4032806],[34.8131884,65.4537338],[34.9044646,65.5171918],[34.9185704,65.5628583],[35.0341263,65.5796975],[35.0662106,65.6037733],[35.0680301,65.6275728],[35.1467387,65.6688033],[35.1841244,65.7482441],[35.1614658,65.7837722],[35.1680992,65.8293029],[34.9815278,65.8975399],[34.9388993,65.9356886],[34.8484633,65.9501511],[34.821477,66.004399],[34.6266017,66.1095115],[34.1212425,66.2835583],[34.004755,66.3529119],[33.9891402,66.384574],[34.0110848,66.4222417],[33.9646652,66.4568555],[33.882125,66.4850237],[33.7597094,66.4869398],[33.6512806,66.5449097],[33.7996287,66.5575288],[33.8356732,66.5906643],[33.816397,66.6219027],[34.0060016,66.6322183],[34.1773834,66.6110028],[34.3585687,66.5066008],[34.4413648,66.4880699],[34.5903067,66.4904035],[34.8383505,66.5421958],[35.1049373,66.4330051],[35.4837845,66.3367835],[36.503702,66.2239455],[36.7527874,66.2309465],[36.9275832,66.2113423],[37.2908908,66.154069],[37.58634,66.0692462],[37.8482424,66.0381468],[38.3899196,66.0034263],[38.749122,66.012547],[38.9588953,66.0553692],[39.1523613,66.0525422],[39.5184411,66.1322487],[40.0630422,66.2090091],[40.3487405,66.3255084],[40.4669424,66.3417058],[40.6824855,66.4278844],[40.7640011,66.4410747],[40.8286885,66.482593],[40.8361088,66.5476834],[41.2070409,66.7150032],[41.3577507,66.8169711],[41.4246768,66.9451068],[41.5012383,67.0057273],[41.5074452,67.0348555],[41.4829278,67.0605526],[41.5259068,67.0852878],[41.5376094,67.1188379],[41.4736785,67.1599715],[41.4940389,67.1990662],[41.4517008,67.2417441],[41.3567002,67.2670162],[41.2231144,67.2717135],[41.2562397,67.4017139],[41.2274963,67.4500079],[41.142787,67.494071],[41.1279679,67.5509977],[41.1778611,67.6169418],[41.1540155,67.6702389],[41.0583201,67.7467506],[40.9516894,67.7768053],[40.8560346,67.7797119],[40.761147,67.8337437],[40.522783,67.885528],[40.3913563,67.9489525],[40.2308892,67.9844182],[40.0778387,68.057385],[40.0376864,68.1111284],[39.9714208,68.1527433],[39.8484041,68.1952316],[39.7379951,68.2086907],[39.6443379,68.194283],[39.6016752,68.1595717],[39.6275348,68.1155854],[39.4622227,68.1484576],[39.2875702,68.2257888],[39.1259376,68.2624263],[39.0674833,68.3097621],[38.8496643,68.3606213],[38.7358065,68.4170749],[38.4565003,68.4509751],[38.2140723,68.5297824],[38.0863869,68.609564],[37.959763,68.6509198],[37.8931126,68.7245804],[37.6921943,68.7558047],[37.6275517,68.8093878],[37.1846301,68.9004299],[36.5580458,69.0751277],[36.5092421,69.1046283],[36.1022705,69.1875694],[35.9707462,69.2380058],[35.2499308,69.3072554],[35.0843489,69.3006162],[35.0077079,69.2658438],[34.8697511,69.3003638],[34.5497677,69.3127538],[34.5440722,69.3482097],[34.4971786,69.3743029],[34.1226837,69.4379219],[33.9588003,69.4264855],[33.8679999,69.3977305],[33.819983,69.3619245],[33.6221654,69.3568799],[33.6375653,69.3878131],[33.6280866,69.4190353],[33.5207433,69.4625734],[32.9047246,69.5213939],[33.0654097,69.550108],[33.2122126,69.6182199],[33.2724131,69.725355],[33.1576557,69.789283],[32.6552852,69.8521634],[32.1388124,70.002122]]],[[[56.6922044,68.8032523],[56.6500616,68.8498594],[56.5169931,68.8690476],[56.389491,68.8442335],[56.3320401,68.8013925],[56.3766902,68.7580506],[56.4929286,68.7404834],[56.6053204,68.7556751],[56.6922044,68.8032523]]],[[[48.0575383,68.9211032],[48.0756005,68.8016681],[48.1092766,68.7558902],[48.3260701,68.6710937],[49.1325232,68.6087663],[49.522443,68.6100947],[49.6792447,68.6400539],[49.7606529,68.689139],[49.7180005,68.7325953],[49.5976649,68.7481069],[49.9697029,68.8696522],[50.2264399,68.9226732],[50.4219574,69.0508923],[50.4597077,69.1173327],[50.4388854,69.1688668],[50.3853127,69.2163397],[50.1756533,69.3167463],[49.3816559,69.5419907],[48.9624816,69.5496608],[48.6289583,69.4989818],[48.4088812,69.4147366],[48.208567,69.3006972],[48.0890114,69.1352091],[48.0575383,68.9211032]]],[[[42.3365605,66.7042877],[42.6322366,66.6122278],[42.733132,66.6193574],[42.7905685,66.6463718],[42.8123259,66.6942349],[42.7873508,66.7441713],[42.7331205,66.7849714],[42.5666196,66.8278738],[42.3920124,66.8187085],[42.3011535,66.7645081],[42.3031635,66.7294309],[42.3365605,66.7042877]]],[[[35.6624571,64.7753732],[35.7282046,64.8218365],[35.6727356,64.8663778],[35.5306962,64.8742581],[35.4547548,64.8300238],[35.4657484,64.802289],[35.5128251,64.7783258],[35.6624571,64.7753732]]]]}}]}
