{"type":"FeatureCollection","metadata":{"dataset":"Rulers of Russia Territory Archive","polity_id":"kievan-rus","project_owned_runtime_data":true,"external_runtime_dependencies":[],"review_status":"unreviewed-secondary-capture","bootstrap_source":"Cliopatria / Seshat Global History Databank","license":"CC BY 4.0","changed_from_source":true},"features":[{"type":"Feature","properties":{"polity_id":"kievan-rus","name":"Rus'","start_date":880,"end_date":881,"status":"provisional-secondary-capture","confidence":"unreviewed","legal_basis":[],"source_ids":["capture:cliopatria-v0.2.0"],"provenance":{"capture_source":"Cliopatria / Seshat Global History Databank","capture_version":"v0.2.0-compatible main snapshot","wikidata":"Q1108445","wikipedia":"Rus","seshat_id":null,"source_area_km2":485847.4744236123,"captured_at":"2026-08-22"},"notes":"Bootstrap geometry only. Must be checked against Russian legal, treaty, atlas and scholarly sources before verified status."},"geometry":{"type":"MultiPolygon","coordinates":[[[[28.63611602783203,54.817054748535156],[28.646615982055664,54.88506317138672],[28.733519481196378,54.88506317138672],[28.570026397705078,54.95309066772461],[28.51438331604004,55.15733337402344],[28.350297927856445,55.225467681884766],[28.17181968688965,55.77145767211914],[28.084096908569336,55.77145767211914],[28.115739822387695,55.97663879394531],[27.961021423339844,56.11355972290039],[28.113149642944336,56.524986267089844],[27.957975387573242,56.662349700927734],[28.068017959594727,56.799827575683594],[27.979511260986328,56.799827575683594],[28.001169204711914,56.937416076660156],[27.912553787231445,56.937416076660156],[27.98894691467285,57.41988754272461],[27.899953842163086,57.41988754272461],[27.966312408447266,57.8345832824707],[27.876989364624023,57.8345832824707],[28.01117706298828,58.11164855957031],[27.854480743408203,58.2503662109375],[27.96677589416504,58.38920593261719],[27.719879150390625,58.528167724609375],[27.743431091308594,59.22488784790039],[28.038253784179688,59.36461639404297],[28.061809539794922,59.504478454589844],[27.88040542602539,59.504478454589844],[27.927438735961914,59.78459548950195],[28.291200637817383,59.78459548950195],[28.406457901000977,59.92485809326172],[28.849285125732422,59.85470962524414],[29.160364151000977,60.065250396728516],[29.14763641357422,59.99503707885742],[29.772369384765625,59.92485809326172],[29.75929069519043,59.85470962524414],[30.136613845825195,59.92485809326172],[30.38283348083496,59.78459548950195],[30.837535858154297,59.78459548950195],[31.08258628845215,59.64447021484375],[31.899972915649414,59.64447021484375],[32.12242889404297,60.276100158691406],[31.95440673828125,60.34645080566406],[31.96915626525879,60.416839599609375],[33.17662811279297,60.91054153442383],[34.49701690673828,61.05192565917969],[34.89937973022461,61.193458557128906],[35.158599853515625,61.12267303466797],[35.36024856567383,61.193458557128906],[35.198909759521484,60.91054153442383],[35.56659698486328,60.91054153442383],[35.895484924316406,61.12267303466797],[36.079708099365234,61.12267303466797],[36.11562728881836,61.264278411865234],[36.42884063720703,61.40604019165039],[37.33357620239258,61.335140228271484],[37.31471252441406,61.264278411865234],[38.32425308227539,60.91054153442383],[38.377506256103516,60.76930236816406],[38.88908767700195,60.628211975097656],[38.941654205322266,60.48725891113281],[39.124752044677734,60.48725891113281],[39.105159759521484,60.416839599609375],[39.28813171386719,60.416839599609375],[39.320613861083984,60.20578384399414],[39.737457275390625,60.065250396728516],[39.860355377197266,59.85470962524414],[40.275390625,59.714515686035156],[40.609432220458984,59.294734954833984],[40.79048156738281,59.294734954833984],[41.21245193481445,58.876129150390625],[41.39280319213867,58.876129150390625],[41.672447204589844,58.59769821166992],[41.63225555419922,58.45867156982422],[41.8614387512207,58.31977081298828],[41.821353912353516,58.180992126464844],[41.98048782348633,58.11164855957031],[41.97023010253906,57.7653923034668],[42.1090087890625,57.62710189819336],[42.002132415771484,56.937416076660156],[42.140586853027344,56.799827575683594],[42.04460525512695,56.45634460449219],[41.66739273071289,56.04508590698242],[41.59344482421875,55.77145767211914],[41.34852981567383,55.83982467651367],[41.13672637939453,55.70311737060547],[40.87371063232422,55.70311737060547],[40.68056869506836,55.63479995727539],[40.64512634277344,55.498252868652344],[40.04983139038086,55.56651306152344],[39.76993179321289,55.498252868652344],[39.735694885253906,55.36180877685547],[38.79063034057617,55.430015563964844],[37.69333267211914,55.225467681884766],[37.08210754394531,55.225467681884766],[36.87681198120117,55.089229583740234],[36.71758270263672,55.15733337402344],[36.33853530883789,55.021148681640625],[34.205406188964844,54.817054748535156],[34.1782112121582,54.681121826171875],[33.730308532714844,54.613189697265625],[33.04822540283203,54.681121826171875],[31.100566864013672,54.47740173339844],[30.579912185668945,54.47740173339844],[30.42913246154785,54.613189697265625],[29.636310577392578,54.545284271240234],[29.65826988220215,54.681121826171875],[29.4953556060791,54.74907684326172],[29.22365951538086,54.681121826171875],[28.73367453217827,54.88499865654684],[28.723134994506836,54.817054748535156],[28.63611602783203,54.817054748535156]],[[36.50792694091797,60.276100158691406],[36.69065475463867,60.276100158691406],[36.6550178527832,60.135501861572266],[37.019989013671875,60.135501861572266],[37.275413513183594,60.416839599609375],[37.45838928222656,60.416839599609375],[37.53264236450195,60.69873809814453],[37.34917449951172,60.69873809814453],[37.3863639831543,60.83990478515625],[37.20264434814453,60.83990478515625],[37.23979187011719,60.9812126159668],[36.87185287475586,60.9812126159668],[36.835205078125,60.83990478515625],[36.431827545166016,60.69873809814453],[36.36054229736328,60.416839599609375],[36.54351806640625,60.416839599609375],[36.50792694091797,60.276100158691406]],[[30.364946365356445,58.2503662109375],[30.544265747070312,58.2503662109375],[30.518489837646484,58.11164855957031],[30.876676559448242,58.11164855957031],[31.10882568359375,58.38920593261719],[31.28837013244629,58.38920593261719],[31.342479705810547,58.66725540161133],[31.009294509887695,58.80647277832031],[31.036266326904297,58.94581604003906],[30.675338745117188,58.94581604003906],[30.64883041381836,58.80647277832031],[30.26246452331543,58.66725540161133],[30.22388458251953,58.45867156982422],[30.390642166137695,58.38920593261719],[30.364946365356445,58.2503662109375]]],[[[27.89100456237793,56.799827575683594],[27.979511260986328,56.799827575683594],[27.968727111816406,56.731075286865234],[27.880273818969727,56.731075286865234],[27.89100456237793,56.799827575683594]]],[[[32.90086364746094,60.91054153442383],[32.9927864074707,60.91054153442383],[32.97711944580078,60.83990478515625],[32.885257720947266,60.83990478515625],[32.90086364746094,60.91054153442383]]],[[[38.343605041503906,60.9812126159668],[38.43559265136719,60.9812126159668],[38.416175842285156,60.91054153442383],[38.32425308227539,60.91054153442383],[38.343605041503906,60.9812126159668]]],[[[33.484493255615234,61.05192565917969],[33.5765380859375,61.05192565917969],[33.56040573120117,60.9812126159668],[33.468421936035156,60.9812126159668],[33.484493255615234,61.05192565917969]]]]}},{"type":"Feature","properties":{"polity_id":"kievan-rus","name":"Kievan Rus'","start_date":882,"end_date":883,"status":"provisional-secondary-capture","confidence":"unreviewed","legal_basis":[],"source_ids":["capture:cliopatria-v0.2.0"],"provenance":{"capture_source":"Cliopatria / Seshat Global History Databank","capture_version":"v0.2.0-compatible main snapshot","wikidata":"Q1108445","wikipedia":"Kievan Rus'","seshat_id":"ua_kievan_rus","source_area_km2":560045.6325348062,"captured_at":"2026-08-22"},"notes":"Bootstrap geometry only. Must be checked against Russian legal, treaty, atlas and scholarly sources before verified status."},"geometry":{"type":"MultiPolygon","coordinates":[[[[39.28813171386719,60.416839599609375],[39.320613861083984,60.20578384399414],[39.737457275390625,60.065250396728516],[39.860355377197266,59.85470962524414],[40.275390625,59.714515686035156],[40.609432220458984,59.294734954833984],[41.021793365478516,59.15507125854492],[41.21245193481445,58.876129150390625],[41.39280319213867,58.876129150390625],[41.672447204589844,58.59769821166992],[41.63225555419922,58.45867156982422],[41.8614387512207,58.31977081298828],[41.821353912353516,58.180992126464844],[41.98048782348633,58.11164855957031],[41.97023010253906,57.7653923034668],[42.1090087890625,57.62710189819336],[42.002132415771484,56.937416076660156],[42.140586853027344,56.799827575683594],[42.04460525512695,56.45634460449219],[41.66739273071289,56.04508590698242],[41.59344482421875,55.77145767211914],[41.34852981567383,55.83982467651367],[41.13672637939453,55.70311737060547],[40.87371063232422,55.70311737060547],[40.68056869506836,55.63479995727539],[40.64512634277344,55.498252868652344],[40.04983139038086,55.56651306152344],[39.76993179321289,55.498252868652344],[39.735694885253906,55.36180877685547],[37.98732376098633,55.36180877685547],[37.08210754394531,55.225467681884766],[36.87681198120117,55.089229583740234],[36.71758270263672,55.15733337402344],[36.33853530883789,55.021148681640625],[34.65441131591797,54.88506317138672],[33.730308532714844,54.613189697265625],[33.04822540283203,54.681121826171875],[32.22865295410156,54.47740173339844],[32.080718994140625,54.138362884521484],[31.994184494018555,54.138362884521484],[32.020484924316406,53.799922943115234],[31.702991485595703,53.462066650390625],[31.66827964782715,53.25962829589844],[31.75420379638672,53.25962829589844],[31.59986686706543,52.85536575317383],[31.685518264770508,52.85536575317383],[31.607120513916016,52.38472366333008],[31.903818130493164,52.11625671386719],[31.742340087890625,51.64724349975586],[31.7315731048584,51.04566955566406],[31.43717384338379,50.77880859375],[31.491077423095703,50.578861236572266],[31.1444034576416,50.51224899291992],[31.13454818725586,50.445655822753906],[30.946889877319336,50.312522888183594],[30.368061065673828,50.37908172607422],[30.247169494628906,50.71213912963867],[30.256736755371094,50.77880859375],[30.172420501708984,50.77880859375],[30.26978302001953,51.44654083251953],[30.1949520111084,51.51342010498047],[30.37452507019043,51.580322265625],[30.43545913696289,51.98215103149414],[30.0062313079834,52.51908493041992],[29.684833526611328,52.653533935546875],[29.79088592529297,52.78806686401367],[29.489234924316406,53.057395935058594],[29.379291534423828,53.462066650390625],[29.055477142333984,53.597137451171875],[29.172679901123047,53.799922943115234],[28.95507049560547,54.07062530517578],[28.975902557373047,54.20612335205078],[28.889320373535156,54.20612335205078],[28.910184860229492,54.341712951660156],[28.823505401611328,54.341712951660156],[28.844398498535156,54.47740173339844],[28.75762367248535,54.47740173339844],[28.78904914855957,54.681121826171875],[28.63611602783203,54.817054748535156],[28.657146453857422,54.95309066772461],[28.350297927856445,55.225467681884766],[28.17181968688965,55.77145767211914],[28.084096908569336,55.77145767211914],[28.115739822387695,55.97663879394531],[27.961021423339844,56.11355972290039],[28.113149642944336,56.524986267089844],[27.957975387573242,56.662349700927734],[28.068017959594727,56.799827575683594],[27.979511260986328,56.799827575683594],[28.001169204711914,56.937416076660156],[27.912553787231445,56.937416076660156],[27.98894691467285,57.41988754272461],[27.899953842163086,57.41988754272461],[27.966312408447266,57.8345832824707],[27.876989364624023,57.8345832824707],[28.01117706298828,58.11164855957031],[27.854480743408203,58.2503662109375],[27.96677589416504,58.38920593261719],[27.719879150390625,58.528167724609375],[27.79935646057129,59.015533447265625],[27.709064483642578,59.015533447265625],[27.743431091308594,59.22488784790039],[28.038253784179688,59.36461639404297],[28.061809539794922,59.504478454589844],[27.88040542602539,59.504478454589844],[27.927438735961914,59.78459548950195],[28.291200637817383,59.78459548950195],[28.406457901000977,59.92485809326172],[28.849285125732422,59.85470962524414],[29.160364151000977,60.065250396728516],[29.14763641357422,59.99503707885742],[29.772369384765625,59.92485809326172],[29.75929069519043,59.85470962524414],[30.136613845825195,59.92485809326172],[30.38283348083496,59.78459548950195],[30.837535858154297,59.78459548950195],[31.103300094604492,60.20578384399414],[31.819162368774414,60.135501861572266],[31.98394775390625,60.48725891113281],[33.17662811279297,60.91054153442383],[35.36024856567383,61.193458557128906],[35.198909759521484,60.91054153442383],[35.56659698486328,60.91054153442383],[35.895484924316406,61.12267303466797],[36.079708099365234,61.12267303466797],[36.11562728881836,61.264278411865234],[36.42884063720703,61.40604019165039],[37.33357620239258,61.335140228271484],[37.31471252441406,61.264278411865234],[38.32425308227539,60.91054153442383],[38.377506256103516,60.76930236816406],[38.88908767700195,60.628211975097656],[38.941654205322266,60.48725891113281],[39.033203125,60.48725891113281],[39.28813171386719,60.416839599609375]]],[[[27.89100456237793,56.799827575683594],[27.979511260986328,56.799827575683594],[27.968727111816406,56.731075286865234],[27.880273818969727,56.731075286865234],[27.89100456237793,56.799827575683594]]],[[[32.90086364746094,60.91054153442383],[32.9927864074707,60.91054153442383],[32.97711944580078,60.83990478515625],[32.885257720947266,60.83990478515625],[32.90086364746094,60.91054153442383]]],[[[38.343605041503906,60.9812126159668],[38.43559265136719,60.9812126159668],[38.416175842285156,60.91054153442383],[38.32425308227539,60.91054153442383],[38.343605041503906,60.9812126159668]]],[[[33.484493255615234,61.05192565917969],[33.5765380859375,61.05192565917969],[33.56040573120117,60.9812126159668],[33.468421936035156,60.9812126159668],[33.484493255615234,61.05192565917969]]]]}},{"type":"Feature","properties":{"polity_id":"kievan-rus","name":"Kievan Rus'","start_date":884,"end_date":885,"status":"provisional-secondary-capture","confidence":"unreviewed","legal_basis":[],"source_ids":["capture:cliopatria-v0.2.0"],"provenance":{"capture_source":"Cliopatria / Seshat Global History Databank","capture_version":"v0.2.0-compatible main snapshot","wikidata":"Q1108445","wikipedia":"Kievan Rus'","seshat_id":"ua_kievan_rus","source_area_km2":649024.9519725691,"captured_at":"2026-08-22"},"notes":"Bootstrap geometry only. Must be checked against Russian legal, treaty, atlas and scholarly sources before verified status."},"geometry":{"type":"MultiPolygon","coordinates":[[[[26.009868621826172,51.24601745605469],[26.09447479248047,51.24601745605469],[26.086727142333984,51.17921447753906],[26.00216293334961,51.17921447753906],[26.009868621826172,51.24601745605469]]],[[[39.320613861083984,60.20578384399414],[39.737457275390625,60.065250396728516],[39.860355377197266,59.85470962524414],[40.275390625,59.714515686035156],[40.609432220458984,59.294734954833984],[41.021793365478516,59.15507125854492],[41.21245193481445,58.876129150390625],[41.39280319213867,58.876129150390625],[41.672447204589844,58.59769821166992],[41.63225555419922,58.45867156982422],[41.8614387512207,58.31977081298828],[41.821353912353516,58.180992126464844],[41.98048782348633,58.11164855957031],[41.97023010253906,57.7653923034668],[42.1090087890625,57.62710189819336],[42.002132415771484,56.937416076660156],[42.140586853027344,56.799827575683594],[42.04460525512695,56.45634460449219],[41.66739273071289,56.04508590698242],[41.59344482421875,55.77145767211914],[41.34852981567383,55.83982467651367],[41.13672637939453,55.70311737060547],[40.87371063232422,55.70311737060547],[40.68056869506836,55.63479995727539],[40.64512634277344,55.498252868652344],[38.80721664428711,55.498252868652344],[38.424415588378906,55.36180877685547],[37.08210754394531,55.225467681884766],[36.87681198120117,55.089229583740234],[36.71758270263672,55.15733337402344],[36.33853530883789,55.021148681640625],[34.65441131591797,54.88506317138672],[33.730308532714844,54.613189697265625],[33.04822540283203,54.681121826171875],[32.22865295410156,54.47740173339844],[32.080718994140625,54.138362884521484],[31.994184494018555,54.138362884521484],[32.020484924316406,53.799922943115234],[31.702991485595703,53.462066650390625],[31.66827964782715,53.25962829589844],[31.75420379638672,53.25962829589844],[31.59986686706543,52.85536575317383],[31.685518264770508,52.85536575317383],[31.607120513916016,52.38472366333008],[31.903818130493164,52.11625671386719],[31.742340087890625,51.64724349975586],[31.7315731048584,51.04566955566406],[31.43717384338379,50.77880859375],[31.491077423095703,50.578861236572266],[31.1444034576416,50.51224899291992],[31.13454818725586,50.445655822753906],[30.946889877319336,50.312522888183594],[30.694786071777344,50.312522888183594],[30.209285736083984,50.445655822753906],[28.788066864013672,50.51224899291992],[26.760583877563477,50.445655822753906],[26.270978927612305,50.578861236572266],[26.140443801879883,50.912200927734375],[25.979228973388672,50.97892379760742],[25.98684310913086,51.04566955566406],[26.17129135131836,51.17921447753906],[26.21055030822754,51.51342010498047],[26.497346878051758,51.78114318847656],[26.42873764038086,51.91512680053711],[26.607101440429688,51.98215103149414],[26.845462799072266,52.51908493041992],[27.033855438232422,52.653533935546875],[26.974742889404297,52.85536575317383],[27.14604377746582,52.85536575317383],[27.562585830688477,53.39456558227539],[27.590822219848633,53.597137451171875],[27.676979064941406,53.597137451171875],[27.81127166748047,53.93522644042969],[27.72488021850586,53.93522644042969],[27.753984451293945,54.138362884521484],[27.917226791381836,54.07062530517578],[27.956716537475586,54.341712951660156],[28.17043113708496,54.613189697265625],[28.113994598388672,54.817054748535156],[28.288034439086914,54.817054748535156],[28.30488395690918,55.498252868652344],[28.084096908569336,55.77145767211914],[28.04900360107422,56.11355972290039],[27.961021423339844,56.11355972290039],[28.113149642944336,56.524986267089844],[27.957975387573242,56.662349700927734],[28.068017959594727,56.799827575683594],[27.979511260986328,56.799827575683594],[28.001169204711914,56.937416076660156],[27.912553787231445,56.937416076660156],[27.98894691467285,57.41988754272461],[27.899953842163086,57.41988754272461],[27.966312408447266,57.8345832824707],[27.876989364624023,57.8345832824707],[28.01117706298828,58.11164855957031],[27.854480743408203,58.2503662109375],[27.96677589416504,58.38920593261719],[27.719879150390625,58.528167724609375],[27.743431091308594,59.22488784790039],[28.038253784179688,59.36461639404297],[28.061809539794922,59.504478454589844],[27.88040542602539,59.504478454589844],[27.927438735961914,59.78459548950195],[28.291200637817383,59.78459548950195],[28.406457901000977,59.92485809326172],[28.849285125732422,59.85470962524414],[29.160364151000977,60.065250396728516],[29.14763641357422,59.99503707885742],[29.772369384765625,59.92485809326172],[29.75929069519043,59.85470962524414],[30.136613845825195,59.92485809326172],[30.38283348083496,59.78459548950195],[30.837535858154297,59.78459548950195],[31.103300094604492,60.20578384399414],[31.819162368774414,60.135501861572266],[31.98394775390625,60.48725891113281],[33.17662811279297,60.91054153442383],[35.36024856567383,61.193458557128906],[35.198909759521484,60.91054153442383],[35.56659698486328,60.91054153442383],[35.895484924316406,61.12267303466797],[36.079708099365234,61.12267303466797],[36.11562728881836,61.264278411865234],[36.42884063720703,61.40604019165039],[37.33357620239258,61.335140228271484],[37.31471252441406,61.264278411865234],[38.32425308227539,60.91054153442383],[38.377506256103516,60.76930236816406],[38.88908767700195,60.628211975097656],[38.941654205322266,60.48725891113281],[39.033203125,60.48725891113281],[39.28813171386719,60.416839599609375],[39.320613861083984,60.20578384399414]]],[[[27.89100456237793,56.799827575683594],[27.979511260986328,56.799827575683594],[27.968727111816406,56.731075286865234],[27.880273818969727,56.731075286865234],[27.89100456237793,56.799827575683594]]],[[[32.90086364746094,60.91054153442383],[32.9927864074707,60.91054153442383],[32.97711944580078,60.83990478515625],[32.885257720947266,60.83990478515625],[32.90086364746094,60.91054153442383]]],[[[38.343605041503906,60.9812126159668],[38.43559265136719,60.9812126159668],[38.416175842285156,60.91054153442383],[38.32425308227539,60.91054153442383],[38.343605041503906,60.9812126159668]]],[[[33.484493255615234,61.05192565917969],[33.5765380859375,61.05192565917969],[33.56040573120117,60.9812126159668],[33.468421936035156,60.9812126159668],[33.484493255615234,61.05192565917969]]]]}},{"type":"Feature","properties":{"polity_id":"kievan-rus","name":"Kievan Rus'","start_date":886,"end_date":886,"status":"provisional-secondary-capture","confidence":"unreviewed","legal_basis":[],"source_ids":["capture:cliopatria-v0.2.0"],"provenance":{"capture_source":"Cliopatria / Seshat Global History Databank","capture_version":"v0.2.0-compatible main snapshot","wikidata":"Q1108445","wikipedia":"Kievan Rus'","seshat_id":"ua_kievan_rus","source_area_km2":878980.0322350439,"captured_at":"2026-08-22"},"notes":"Bootstrap geometry only. Must be checked against Russian legal, treaty, atlas and scholarly sources before verified status."},"geometry":{"type":"MultiPolygon","coordinates":[[[[26.009868621826172,51.24601745605469],[26.09447479248047,51.24601745605469],[26.086727142333984,51.17921447753906],[26.00216293334961,51.17921447753906],[26.009868621826172,51.24601745605469]]],[[[39.320613861083984,60.20578384399414],[39.737457275390625,60.065250396728516],[39.860355377197266,59.85470962524414],[40.275390625,59.714515686035156],[40.609432220458984,59.294734954833984],[41.021793365478516,59.15507125854492],[41.21245193481445,58.876129150390625],[41.39280319213867,58.876129150390625],[41.672447204589844,58.59769821166992],[41.63225555419922,58.45867156982422],[41.8614387512207,58.31977081298828],[41.821353912353516,58.180992126464844],[42.029945373535156,57.97305679321289],[41.97023010253906,57.7653923034668],[42.1090087890625,57.62710189819336],[42.002132415771484,56.937416076660156],[42.140586853027344,56.799827575683594],[42.04460525512695,56.45634460449219],[41.66739273071289,56.04508590698242],[41.59344482421875,55.77145767211914],[41.34852981567383,55.83982467651367],[41.13672637939453,55.70311737060547],[40.87371063232422,55.70311737060547],[40.68056869506836,55.63479995727539],[40.64512634277344,55.498252868652344],[39.682411193847656,55.498252868652344],[39.073822021484375,55.15733337402344],[38.99151611328125,54.817054748535156],[39.07853698730469,54.817054748535156],[39.02956771850586,54.613189697265625],[39.11643981933594,54.613189697265625],[38.94889450073242,54.27390670776367],[39.1605224609375,54.07062530517578],[39.183143615722656,53.799922943115234],[39.35573959350586,53.799922943115234],[39.55060577392578,53.52959060668945],[39.385826110839844,53.192195892333984],[39.471702575683594,53.192195892333984],[39.34275436401367,52.250450134277344],[39.41299819946289,52.18334197998047],[39.24258804321289,52.18334197998047],[39.19814682006836,51.98215103149414],[39.11307144165039,51.98215103149414],[38.9124641418457,51.44654083251953],[38.82773208618164,51.44654083251953],[38.85594940185547,51.17921447753906],[38.588382720947266,51.112430572509766],[38.22669219970703,50.578861236572266],[37.947837829589844,50.445655822753906],[37.86372375488281,50.445655822753906],[37.73461151123047,50.64549255371094],[37.410648345947266,50.71213912963867],[37.053897857666016,51.04566955566406],[36.88493347167969,51.04566955566406],[36.91096878051758,51.17921447753906],[36.76790237426758,51.31283950805664],[36.35755920410156,51.37968063354492],[35.68003845214844,51.37968063354492],[35.20746994018555,51.112430572509766],[34.88142395019531,51.17921447753906],[34.03960037231445,50.71213912963867],[33.61821746826172,50.71213912963867],[33.2374153137207,50.445655822753906],[32.19716262817383,50.2459831237793],[31.441205978393555,50.2459831237793],[31.13454818725586,50.445655822753906],[30.946889877319336,50.312522888183594],[30.694786071777344,50.312522888183594],[30.209285736083984,50.445655822753906],[28.788066864013672,50.51224899291992],[26.760583877563477,50.445655822753906],[26.270978927612305,50.578861236572266],[26.140443801879883,50.912200927734375],[25.979228973388672,50.97892379760742],[25.98684310913086,51.04566955566406],[26.17129135131836,51.17921447753906],[26.21055030822754,51.51342010498047],[26.497346878051758,51.78114318847656],[26.42873764038086,51.91512680053711],[26.607101440429688,51.98215103149414],[26.845462799072266,52.51908493041992],[27.033855438232422,52.653533935546875],[26.974742889404297,52.85536575317383],[27.14604377746582,52.85536575317383],[27.562585830688477,53.39456558227539],[27.590822219848633,53.597137451171875],[27.676979064941406,53.597137451171875],[27.81127166748047,53.93522644042969],[27.72488021850586,53.93522644042969],[27.753984451293945,54.138362884521484],[27.917226791381836,54.07062530517578],[27.956716537475586,54.341712951660156],[28.17043113708496,54.613189697265625],[28.113994598388672,54.817054748535156],[28.288034439086914,54.817054748535156],[28.30488395690918,55.498252868652344],[28.084096908569336,55.77145767211914],[28.04900360107422,56.11355972290039],[27.961021423339844,56.11355972290039],[28.113149642944336,56.524986267089844],[27.957975387573242,56.662349700927734],[28.068017959594727,56.799827575683594],[27.979511260986328,56.799827575683594],[28.001169204711914,56.937416076660156],[27.912553787231445,56.937416076660156],[27.98894691467285,57.41988754272461],[27.899953842163086,57.41988754272461],[27.966312408447266,57.8345832824707],[27.876989364624023,57.8345832824707],[28.01117706298828,58.11164855957031],[27.854480743408203,58.2503662109375],[27.96677589416504,58.38920593261719],[27.719879150390625,58.528167724609375],[27.743431091308594,59.22488784790039],[28.038253784179688,59.36461639404297],[28.061809539794922,59.504478454589844],[27.88040542602539,59.504478454589844],[27.927438735961914,59.78459548950195],[28.291200637817383,59.78459548950195],[28.406457901000977,59.92485809326172],[28.849285125732422,59.85470962524414],[29.160364151000977,60.065250396728516],[29.14763641357422,59.99503707885742],[29.772369384765625,59.92485809326172],[29.75929069519043,59.85470962524414],[30.136613845825195,59.92485809326172],[30.38283348083496,59.78459548950195],[30.837535858154297,59.78459548950195],[31.103300094604492,60.20578384399414],[31.819162368774414,60.135501861572266],[31.98394775390625,60.48725891113281],[33.17662811279297,60.91054153442383],[35.36024856567383,61.193458557128906],[35.198909759521484,60.91054153442383],[35.56659698486328,60.91054153442383],[35.895484924316406,61.12267303466797],[36.079708099365234,61.12267303466797],[36.11562728881836,61.264278411865234],[36.42884063720703,61.40604019165039],[37.33357620239258,61.335140228271484],[37.31471252441406,61.264278411865234],[38.32425308227539,60.91054153442383],[38.377506256103516,60.76930236816406],[38.88908767700195,60.628211975097656],[38.941654205322266,60.48725891113281],[39.033203125,60.48725891113281],[39.28813171386719,60.416839599609375],[39.320613861083984,60.20578384399414]]],[[[27.89100456237793,56.799827575683594],[27.979511260986328,56.799827575683594],[27.968727111816406,56.731075286865234],[27.880273818969727,56.731075286865234],[27.89100456237793,56.799827575683594]]],[[[32.90086364746094,60.91054153442383],[32.9927864074707,60.91054153442383],[32.97711944580078,60.83990478515625],[32.885257720947266,60.83990478515625],[32.90086364746094,60.91054153442383]]],[[[38.343605041503906,60.9812126159668],[38.43559265136719,60.9812126159668],[38.416175842285156,60.91054153442383],[38.32425308227539,60.91054153442383],[38.343605041503906,60.9812126159668]]],[[[33.484493255615234,61.05192565917969],[33.5765380859375,61.05192565917969],[33.56040573120117,60.9812126159668],[33.468421936035156,60.9812126159668],[33.484493255615234,61.05192565917969]]]]}},{"type":"Feature","properties":{"polity_id":"kievan-rus","name":"Kievan Rus'","start_date":887,"end_date":895,"status":"provisional-secondary-capture","confidence":"unreviewed","legal_basis":[],"source_ids":["capture:cliopatria-v0.2.0"],"provenance":{"capture_source":"Cliopatria / Seshat Global History Databank","capture_version":"v0.2.0-compatible main snapshot","wikidata":"Q1108445","wikipedia":"Kievan Rus'","seshat_id":"ua_kievan_rus","source_area_km2":879068.1007729429,"captured_at":"2026-08-22"},"notes":"Bootstrap geometry only. Must be checked against Russian legal, treaty, atlas and scholarly sources before verified status."},"geometry":{"type":"MultiPolygon","coordinates":[[[[26.009868621826172,51.24601745605469],[26.09447479248047,51.24601745605469],[26.086727142333984,51.17921447753906],[26.00216293334961,51.17921447753906],[26.009868621826172,51.24601745605469]]],[[[39.320613861083984,60.20578384399414],[39.737457275390625,60.065250396728516],[39.860355377197266,59.85470962524414],[40.275390625,59.714515686035156],[40.609432220458984,59.294734954833984],[41.021793365478516,59.15507125854492],[41.21245193481445,58.876129150390625],[41.39280319213867,58.876129150390625],[41.672447204589844,58.59769821166992],[41.63225555419922,58.45867156982422],[41.8614387512207,58.31977081298828],[41.821353912353516,58.180992126464844],[42.029945373535156,57.97305679321289],[41.97023010253906,57.7653923034668],[42.1090087890625,57.62710189819336],[42.002132415771484,56.937416076660156],[42.140586853027344,56.799827575683594],[42.04460525512695,56.45634460449219],[41.66739273071289,56.04508590698242],[41.59344482421875,55.77145767211914],[41.34852981567383,55.83982467651367],[41.13672637939453,55.70311737060547],[40.87371063232422,55.70311737060547],[40.68056869506836,55.63479995727539],[40.64512634277344,55.498252868652344],[39.682411193847656,55.498252868652344],[39.073822021484375,55.15733337402344],[38.99151611328125,54.817054748535156],[39.07853698730469,54.817054748535156],[39.02956771850586,54.613189697265625],[39.11643981933594,54.613189697265625],[38.94889450073242,54.27390670776367],[39.1605224609375,54.07062530517578],[39.183143615722656,53.799922943115234],[39.35573959350586,53.799922943115234],[39.55060577392578,53.52959060668945],[39.385826110839844,53.192195892333984],[39.471702575683594,53.192195892333984],[39.34275436401367,52.250450134277344],[39.41299819946289,52.18334197998047],[39.24258804321289,52.18334197998047],[39.19814682006836,51.98215103149414],[39.11307144165039,51.98215103149414],[38.9124641418457,51.44654083251953],[38.82773208618164,51.44654083251953],[38.85594940185547,51.17921447753906],[38.588382720947266,51.112430572509766],[38.22669219970703,50.578861236572266],[37.947837829589844,50.445655822753906],[37.86372375488281,50.445655822753906],[37.73461151123047,50.64549255371094],[37.410648345947266,50.71213912963867],[37.053897857666016,51.04566955566406],[36.88493347167969,51.04566955566406],[36.91096878051758,51.17921447753906],[36.76790237426758,51.31283950805664],[36.35755920410156,51.37968063354492],[35.68003845214844,51.37968063354492],[35.20746994018555,51.112430572509766],[34.88142395019531,51.17921447753906],[34.03960037231445,50.71213912963867],[33.61821746826172,50.71213912963867],[33.6070671081543,50.64549255371094],[33.2374153137207,50.445655822753906],[32.19716262817383,50.2459831237793],[31.441205978393555,50.2459831237793],[31.13454818725586,50.445655822753906],[30.946889877319336,50.312522888183594],[30.694786071777344,50.312522888183594],[30.209285736083984,50.445655822753906],[28.788066864013672,50.51224899291992],[26.760583877563477,50.445655822753906],[26.270978927612305,50.578861236572266],[26.140443801879883,50.912200927734375],[25.979228973388672,50.97892379760742],[25.98684310913086,51.04566955566406],[26.17129135131836,51.17921447753906],[26.21055030822754,51.51342010498047],[26.497346878051758,51.78114318847656],[26.42873764038086,51.91512680053711],[26.607101440429688,51.98215103149414],[26.845462799072266,52.51908493041992],[27.033855438232422,52.653533935546875],[26.974742889404297,52.85536575317383],[27.14604377746582,52.85536575317383],[27.562585830688477,53.39456558227539],[27.590822219848633,53.597137451171875],[27.676979064941406,53.597137451171875],[27.81127166748047,53.93522644042969],[27.72488021850586,53.93522644042969],[27.753984451293945,54.138362884521484],[27.917226791381836,54.07062530517578],[27.956716537475586,54.341712951660156],[28.17043113708496,54.613189697265625],[28.113994598388672,54.817054748535156],[28.288034439086914,54.817054748535156],[28.30488395690918,55.498252868652344],[28.084096908569336,55.77145767211914],[28.04900360107422,56.11355972290039],[27.961021423339844,56.11355972290039],[28.113149642944336,56.524986267089844],[27.957975387573242,56.662349700927734],[28.068017959594727,56.799827575683594],[27.979511260986328,56.799827575683594],[28.001169204711914,56.937416076660156],[27.912553787231445,56.937416076660156],[27.98894691467285,57.41988754272461],[27.899953842163086,57.41988754272461],[27.966312408447266,57.8345832824707],[27.876989364624023,57.8345832824707],[28.01117706298828,58.11164855957031],[27.854480743408203,58.2503662109375],[27.96677589416504,58.38920593261719],[27.719879150390625,58.528167724609375],[27.743431091308594,59.22488784790039],[28.038253784179688,59.36461639404297],[28.061809539794922,59.504478454589844],[27.88040542602539,59.504478454589844],[27.927438735961914,59.78459548950195],[28.291200637817383,59.78459548950195],[28.406457901000977,59.92485809326172],[28.849285125732422,59.85470962524414],[29.160364151000977,60.065250396728516],[29.14763641357422,59.99503707885742],[29.772369384765625,59.92485809326172],[29.75929069519043,59.85470962524414],[30.136613845825195,59.92485809326172],[30.38283348083496,59.78459548950195],[30.837535858154297,59.78459548950195],[31.103300094604492,60.20578384399414],[31.819162368774414,60.135501861572266],[31.98394775390625,60.48725891113281],[33.17662811279297,60.91054153442383],[35.36024856567383,61.193458557128906],[35.198909759521484,60.91054153442383],[35.56659698486328,60.91054153442383],[35.895484924316406,61.12267303466797],[36.079708099365234,61.12267303466797],[36.11562728881836,61.264278411865234],[36.42884063720703,61.40604019165039],[37.33357620239258,61.335140228271484],[37.31471252441406,61.264278411865234],[38.32425308227539,60.91054153442383],[38.377506256103516,60.76930236816406],[38.88908767700195,60.628211975097656],[38.941654205322266,60.48725891113281],[39.033203125,60.48725891113281],[39.28813171386719,60.416839599609375],[39.320613861083984,60.20578384399414]]],[[[27.89100456237793,56.799827575683594],[27.979511260986328,56.799827575683594],[27.968727111816406,56.731075286865234],[27.880273818969727,56.731075286865234],[27.89100456237793,56.799827575683594]]],[[[32.90086364746094,60.91054153442383],[32.9927864074707,60.91054153442383],[32.97711944580078,60.83990478515625],[32.885257720947266,60.83990478515625],[32.90086364746094,60.91054153442383]]],[[[38.343605041503906,60.9812126159668],[38.43559265136719,60.9812126159668],[38.416175842285156,60.91054153442383],[38.32425308227539,60.91054153442383],[38.343605041503906,60.9812126159668]]],[[[33.484493255615234,61.05192565917969],[33.5765380859375,61.05192565917969],[33.56040573120117,60.9812126159668],[33.468421936035156,60.9812126159668],[33.484493255615234,61.05192565917969]]]]}},{"type":"Feature","properties":{"polity_id":"kievan-rus","name":"Kievan Rus'","start_date":896,"end_date":899,"status":"provisional-secondary-capture","confidence":"unreviewed","legal_basis":[],"source_ids":["capture:cliopatria-v0.2.0"],"provenance":{"capture_source":"Cliopatria / Seshat Global History Databank","capture_version":"v0.2.0-compatible main snapshot","wikidata":"Q1108445","wikipedia":"Kievan Rus'","seshat_id":"ua_kievan_rus","source_area_km2":953806.3122874969,"captured_at":"2026-08-22"},"notes":"Bootstrap geometry only. Must be checked against Russian legal, treaty, atlas and scholarly sources before verified status."},"geometry":{"type":"MultiPolygon","coordinates":[[[[26.009868621826172,51.24601745605469],[26.09447479248047,51.24601745605469],[26.086727142333984,51.17921447753906],[26.00216293334961,51.17921447753906],[26.009868621826172,51.24601745605469]]],[[[39.320613861083984,60.20578384399414],[39.737457275390625,60.065250396728516],[39.860355377197266,59.85470962524414],[40.275390625,59.714515686035156],[40.609432220458984,59.294734954833984],[41.021793365478516,59.15507125854492],[41.21245193481445,58.876129150390625],[41.39280319213867,58.876129150390625],[41.672447204589844,58.59769821166992],[41.63225555419922,58.45867156982422],[41.8614387512207,58.31977081298828],[41.821353912353516,58.180992126464844],[42.029945373535156,57.97305679321289],[41.97023010253906,57.7653923034668],[42.1090087890625,57.62710189819336],[42.002132415771484,56.937416076660156],[42.140586853027344,56.799827575683594],[42.04460525512695,56.45634460449219],[41.66739273071289,56.04508590698242],[41.59344482421875,55.77145767211914],[41.34852981567383,55.83982467651367],[41.13672637939453,55.70311737060547],[40.87371063232422,55.70311737060547],[40.68056869506836,55.63479995727539],[40.64512634277344,55.498252868652344],[39.682411193847656,55.498252868652344],[39.073822021484375,55.15733337402344],[38.99151611328125,54.817054748535156],[39.07853698730469,54.817054748535156],[39.02956771850586,54.613189697265625],[39.11643981933594,54.613189697265625],[38.94889450073242,54.27390670776367],[39.1605224609375,54.07062530517578],[39.183143615722656,53.799922943115234],[39.35573959350586,53.799922943115234],[39.55060577392578,53.52959060668945],[39.385826110839844,53.192195892333984],[39.471702575683594,53.192195892333984],[39.34275436401367,52.250450134277344],[39.428001403808594,52.250450134277344],[39.24258804321289,52.18334197998047],[39.054718017578125,51.71418380737305],[38.969818115234375,51.71418380737305],[38.9124641418457,51.44654083251953],[38.82773208618164,51.44654083251953],[38.85594940185547,51.17921447753906],[38.588382720947266,51.112430572509766],[38.031951904296875,50.445655822753906],[38.018856048583984,50.37908172607422],[37.388675689697266,49.71431350708008],[36.08684539794922,49.44889450073242],[35.41861343383789,49.44889450073242],[35.14583206176758,49.316287994384766],[30.973146438598633,49.316287994384766],[30.935800552368164,49.64793395996094],[31.03822898864746,49.78071212768555],[30.880159378051758,49.84712600708008],[30.862855911254883,50.312522888183594],[30.704360961914062,50.37908172607422],[28.788066864013672,50.51224899291992],[26.760583877563477,50.445655822753906],[26.270978927612305,50.578861236572266],[26.140443801879883,50.912200927734375],[25.979228973388672,50.97892379760742],[25.98684310913086,51.04566955566406],[26.17129135131836,51.17921447753906],[26.21055030822754,51.51342010498047],[26.497346878051758,51.78114318847656],[26.42873764038086,51.91512680053711],[26.607101440429688,51.98215103149414],[26.845462799072266,52.51908493041992],[27.033855438232422,52.653533935546875],[26.974742889404297,52.85536575317383],[27.14604377746582,52.85536575317383],[27.562585830688477,53.39456558227539],[27.590822219848633,53.597137451171875],[27.676979064941406,53.597137451171875],[27.81127166748047,53.93522644042969],[27.72488021850586,53.93522644042969],[27.753984451293945,54.138362884521484],[27.917226791381836,54.07062530517578],[27.956716537475586,54.341712951660156],[28.17043113708496,54.613189697265625],[28.113994598388672,54.817054748535156],[28.288034439086914,54.817054748535156],[28.30488395690918,55.498252868652344],[28.084096908569336,55.77145767211914],[28.04900360107422,56.11355972290039],[27.961021423339844,56.11355972290039],[28.113149642944336,56.524986267089844],[27.957975387573242,56.662349700927734],[28.068017959594727,56.799827575683594],[27.979511260986328,56.799827575683594],[28.001169204711914,56.937416076660156],[27.912553787231445,56.937416076660156],[27.98894691467285,57.41988754272461],[27.899953842163086,57.41988754272461],[27.966312408447266,57.8345832824707],[27.876989364624023,57.8345832824707],[28.01117706298828,58.11164855957031],[27.854480743408203,58.2503662109375],[27.96677589416504,58.38920593261719],[27.719879150390625,58.528167724609375],[27.743431091308594,59.22488784790039],[28.038253784179688,59.36461639404297],[28.061809539794922,59.504478454589844],[27.88040542602539,59.504478454589844],[27.927438735961914,59.78459548950195],[28.291200637817383,59.78459548950195],[28.406457901000977,59.92485809326172],[28.849285125732422,59.85470962524414],[29.160364151000977,60.065250396728516],[29.14763641357422,59.99503707885742],[29.772369384765625,59.92485809326172],[29.75929069519043,59.85470962524414],[30.136613845825195,59.92485809326172],[30.38283348083496,59.78459548950195],[30.837535858154297,59.78459548950195],[31.103300094604492,60.20578384399414],[31.819162368774414,60.135501861572266],[31.98394775390625,60.48725891113281],[33.17662811279297,60.91054153442383],[35.36024856567383,61.193458557128906],[35.198909759521484,60.91054153442383],[35.56659698486328,60.91054153442383],[35.895484924316406,61.12267303466797],[36.079708099365234,61.12267303466797],[36.11562728881836,61.264278411865234],[36.42884063720703,61.40604019165039],[37.33357620239258,61.335140228271484],[37.31471252441406,61.264278411865234],[38.32425308227539,60.91054153442383],[38.377506256103516,60.76930236816406],[38.88908767700195,60.628211975097656],[38.941654205322266,60.48725891113281],[39.033203125,60.48725891113281],[39.28813171386719,60.416839599609375],[39.320613861083984,60.20578384399414]]],[[[27.89100456237793,56.799827575683594],[27.979511260986328,56.799827575683594],[27.968727111816406,56.731075286865234],[27.880273818969727,56.731075286865234],[27.89100456237793,56.799827575683594]]],[[[32.90086364746094,60.91054153442383],[32.9927864074707,60.91054153442383],[32.97711944580078,60.83990478515625],[32.885257720947266,60.83990478515625],[32.90086364746094,60.91054153442383]]],[[[38.343605041503906,60.9812126159668],[38.43559265136719,60.9812126159668],[38.416175842285156,60.91054153442383],[38.32425308227539,60.91054153442383],[38.343605041503906,60.9812126159668]]],[[[33.484493255615234,61.05192565917969],[33.5765380859375,61.05192565917969],[33.56040573120117,60.9812126159668],[33.468421936035156,60.9812126159668],[33.484493255615234,61.05192565917969]]]]}},{"type":"Feature","properties":{"polity_id":"kievan-rus","name":"Kievan Rus'","start_date":900,"end_date":921,"status":"provisional-secondary-capture","confidence":"unreviewed","legal_basis":[],"source_ids":["capture:cliopatria-v0.2.0"],"provenance":{"capture_source":"Cliopatria / Seshat Global History Databank","capture_version":"v0.2.0-compatible main snapshot","wikidata":"Q1108445","wikipedia":"Kievan Rus'","seshat_id":"ua_kievan_rus","source_area_km2":990067.05122668,"captured_at":"2026-08-22"},"notes":"Bootstrap geometry only. Must be checked against Russian legal, treaty, atlas and scholarly sources before verified status."},"geometry":{"type":"MultiPolygon","coordinates":[[[[26.255895614624023,50.445655822753906],[26.340009689331055,50.445655822753906],[26.332477569580078,50.37908172607422],[26.248401641845703,50.37908172607422],[26.255895614624023,50.445655822753906]]],[[[26.009868621826172,51.24601745605469],[26.09447479248047,51.24601745605469],[26.086727142333984,51.17921447753906],[26.00216293334961,51.17921447753906],[26.009868621826172,51.24601745605469]]],[[[39.320613861083984,60.20578384399414],[39.737457275390625,60.065250396728516],[39.860355377197266,59.85470962524414],[40.275390625,59.714515686035156],[40.609432220458984,59.294734954833984],[41.021793365478516,59.15507125854492],[41.21245193481445,58.876129150390625],[41.39280319213867,58.876129150390625],[41.672447204589844,58.59769821166992],[41.63225555419922,58.45867156982422],[41.8614387512207,58.31977081298828],[41.821353912353516,58.180992126464844],[42.029945373535156,57.97305679321289],[41.97023010253906,57.7653923034668],[42.1090087890625,57.62710189819336],[42.002132415771484,56.937416076660156],[42.140586853027344,56.799827575683594],[42.04460525512695,56.45634460449219],[41.66739273071289,56.04508590698242],[41.59344482421875,55.77145767211914],[41.34852981567383,55.83982467651367],[41.13672637939453,55.70311737060547],[40.87371063232422,55.70311737060547],[40.68056869506836,55.63479995727539],[40.64512634277344,55.498252868652344],[39.682411193847656,55.498252868652344],[39.073822021484375,55.15733337402344],[38.99151611328125,54.817054748535156],[39.07853698730469,54.817054748535156],[39.02956771850586,54.613189697265625],[39.11643981933594,54.613189697265625],[38.94889450073242,54.27390670776367],[39.1605224609375,54.07062530517578],[39.183143615722656,53.799922943115234],[39.35573959350586,53.799922943115234],[39.55060577392578,53.52959060668945],[39.385826110839844,53.192195892333984],[39.471702575683594,53.192195892333984],[39.34275436401367,52.250450134277344],[39.428001403808594,52.250450134277344],[39.24258804321289,52.18334197998047],[39.054718017578125,51.71418380737305],[38.969818115234375,51.71418380737305],[38.9124641418457,51.44654083251953],[38.82773208618164,51.44654083251953],[38.85594940185547,51.17921447753906],[38.588382720947266,51.112430572509766],[38.031951904296875,50.445655822753906],[38.018856048583984,50.37908172607422],[37.388675689697266,49.71431350708008],[36.08684539794922,49.44889450073242],[35.41861343383789,49.44889450073242],[35.14583206176758,49.316287994384766],[31.399789810180664,49.38258361816406],[29.796173095703125,49.2500114440918],[29.395994186401367,49.38258361816406],[26.738876342773438,49.51522445678711],[26.40150260925293,50.2459831237793],[26.317506790161133,50.2459831237793],[26.42412567138672,50.445655822753906],[26.26342010498047,50.51224899291992],[25.994487762451172,51.112430572509766],[26.17129135131836,51.17921447753906],[26.21055030822754,51.51342010498047],[26.497346878051758,51.78114318847656],[26.42873764038086,51.91512680053711],[26.607101440429688,51.98215103149414],[26.845462799072266,52.51908493041992],[27.033855438232422,52.653533935546875],[26.974742889404297,52.85536575317383],[27.14604377746582,52.85536575317383],[27.562585830688477,53.39456558227539],[27.715238571166992,53.86756134033203],[27.801584243774414,53.86756134033203],[27.753984451293945,54.138362884521484],[27.917226791381836,54.07062530517578],[27.956716537475586,54.341712951660156],[28.17043113708496,54.613189697265625],[28.113994598388672,54.817054748535156],[28.288034439086914,54.817054748535156],[28.30488395690918,55.498252868652344],[28.084096908569336,55.77145767211914],[28.04900360107422,56.11355972290039],[27.961021423339844,56.11355972290039],[28.113149642944336,56.524986267089844],[27.957975387573242,56.662349700927734],[28.068017959594727,56.799827575683594],[27.979511260986328,56.799827575683594],[28.001169204711914,56.937416076660156],[27.912553787231445,56.937416076660156],[27.98894691467285,57.41988754272461],[27.899953842163086,57.41988754272461],[27.966312408447266,57.8345832824707],[27.876989364624023,57.8345832824707],[28.01117706298828,58.11164855957031],[27.854480743408203,58.2503662109375],[27.96677589416504,58.38920593261719],[27.719879150390625,58.528167724609375],[27.743431091308594,59.22488784790039],[28.038253784179688,59.36461639404297],[28.061809539794922,59.504478454589844],[27.88040542602539,59.504478454589844],[27.927438735961914,59.78459548950195],[28.291200637817383,59.78459548950195],[28.406457901000977,59.92485809326172],[28.849285125732422,59.85470962524414],[29.160364151000977,60.065250396728516],[29.14763641357422,59.99503707885742],[29.772369384765625,59.92485809326172],[29.75929069519043,59.85470962524414],[30.136613845825195,59.92485809326172],[30.38283348083496,59.78459548950195],[30.837535858154297,59.78459548950195],[31.103300094604492,60.20578384399414],[31.819162368774414,60.135501861572266],[31.98394775390625,60.48725891113281],[33.17662811279297,60.91054153442383],[35.36024856567383,61.193458557128906],[35.198909759521484,60.91054153442383],[35.56659698486328,60.91054153442383],[35.895484924316406,61.12267303466797],[36.079708099365234,61.12267303466797],[36.11562728881836,61.264278411865234],[36.42884063720703,61.40604019165039],[37.33357620239258,61.335140228271484],[37.31471252441406,61.264278411865234],[38.32425308227539,60.91054153442383],[38.377506256103516,60.76930236816406],[38.88908767700195,60.628211975097656],[38.941654205322266,60.48725891113281],[39.033203125,60.48725891113281],[39.28813171386719,60.416839599609375],[39.320613861083984,60.20578384399414]]],[[[27.89100456237793,56.799827575683594],[27.979511260986328,56.799827575683594],[27.968727111816406,56.731075286865234],[27.880273818969727,56.731075286865234],[27.89100456237793,56.799827575683594]]],[[[32.90086364746094,60.91054153442383],[32.9927864074707,60.91054153442383],[32.97711944580078,60.83990478515625],[32.885257720947266,60.83990478515625],[32.90086364746094,60.91054153442383]]],[[[38.43559265136719,60.9812126159668],[38.416175842285156,60.91054153442383],[38.32425308227539,60.91054153442383],[38.343605041503906,60.9812126159668],[38.43559265136719,60.9812126159668]]],[[[33.5765380859375,61.05192565917969],[33.56040573120117,60.9812126159668],[33.468421936035156,60.9812126159668],[33.484493255615234,61.05192565917969],[33.5765380859375,61.05192565917969]]]]}},{"type":"Feature","properties":{"polity_id":"kievan-rus","name":"Kievan Rus'","start_date":922,"end_date":969,"status":"provisional-secondary-capture","confidence":"unreviewed","legal_basis":[],"source_ids":["capture:cliopatria-v0.2.0"],"provenance":{"capture_source":"Cliopatria / Seshat Global History Databank","capture_version":"v0.2.0-compatible main snapshot","wikidata":"Q1108445","wikipedia":"Kievan Rus'","seshat_id":"ua_kievan_rus","source_area_km2":990047.1679163099,"captured_at":"2026-08-22"},"notes":"Bootstrap geometry only. Must be checked against Russian legal, treaty, atlas and scholarly sources before verified status."},"geometry":{"type":"MultiPolygon","coordinates":[[[[26.248401641845703,50.37908172607422],[26.255895614624023,50.445655822753906],[26.340009689331055,50.445655822753906],[26.332477569580078,50.37908172607422],[26.248401641845703,50.37908172607422]]],[[[26.009868621826172,51.24601745605469],[26.09447479248047,51.24601745605469],[26.086727142333984,51.17921447753906],[26.00216293334961,51.17921447753906],[26.009868621826172,51.24601745605469]]],[[[39.28813171386719,60.416839599609375],[39.320613861083984,60.20578384399414],[39.737457275390625,60.065250396728516],[39.860355377197266,59.85470962524414],[40.275390625,59.714515686035156],[40.609432220458984,59.294734954833984],[41.021793365478516,59.15507125854492],[41.21245193481445,58.876129150390625],[41.39280319213867,58.876129150390625],[41.672447204589844,58.59769821166992],[41.63225555419922,58.45867156982422],[41.8614387512207,58.31977081298828],[41.821353912353516,58.180992126464844],[42.029945373535156,57.97305679321289],[41.97023010253906,57.7653923034668],[42.1090087890625,57.62710189819336],[42.002132415771484,56.937416076660156],[42.140586853027344,56.799827575683594],[42.04460525512695,56.45634460449219],[41.66739273071289,56.04508590698242],[41.59344482421875,55.77145767211914],[41.34852981567383,55.83982467651367],[41.13672637939453,55.70311737060547],[40.87371063232422,55.70311737060547],[40.68056869506836,55.63479995727539],[40.64512634277344,55.498252868652344],[39.682411193847656,55.498252868652344],[39.073822021484375,55.15733337402344],[38.99151611328125,54.817054748535156],[39.07853698730469,54.817054748535156],[39.02956771850586,54.613189697265625],[39.11643981933594,54.613189697265625],[38.94889450073242,54.27390670776367],[39.1605224609375,54.07062530517578],[39.183143615722656,53.799922943115234],[39.35573959350586,53.799922943115234],[39.55060577392578,53.52959060668945],[39.385826110839844,53.192195892333984],[39.471702575683594,53.192195892333984],[39.34275436401367,52.250450134277344],[39.428001403808594,52.250450134277344],[39.24258804321289,52.18334197998047],[39.054718017578125,51.71418380737305],[38.969818115234375,51.71418380737305],[38.9124641418457,51.44654083251953],[38.82773208618164,51.44654083251953],[38.85594940185547,51.17921447753906],[38.588382720947266,51.112430572509766],[38.031951904296875,50.445655822753906],[38.018856048583984,50.37908172607422],[37.388675689697266,49.71431350708008],[36.08684539794922,49.44889450073242],[35.41861343383789,49.44889450073242],[35.14583206176758,49.316287994384766],[31.399789810180664,49.38258361816406],[29.796173095703125,49.2500114440918],[29.395994186401367,49.38258361816406],[26.738876342773438,49.51522445678711],[26.40150260925293,50.2459831237793],[26.317506790161133,50.2459831237793],[26.42412567138672,50.445655822753906],[26.26342010498047,50.51224899291992],[25.994487762451172,51.112430572509766],[26.17129135131836,51.17921447753906],[26.21055030822754,51.51342010498047],[26.497346878051758,51.78114318847656],[26.42873764038086,51.91512680053711],[26.607101440429688,51.98215103149414],[26.845462799072266,52.51908493041992],[27.033855438232422,52.653533935546875],[26.974742889404297,52.85536575317383],[27.14604377746582,52.85536575317383],[27.562585830688477,53.39456558227539],[27.715238571166992,53.86756134033203],[27.801584243774414,53.86756134033203],[27.753984451293945,54.138362884521484],[27.917226791381836,54.07062530517578],[27.956716537475586,54.341712951660156],[28.17043113708496,54.613189697265625],[28.113994598388672,54.817054748535156],[28.288034439086914,54.817054748535156],[28.30488395690918,55.498252868652344],[28.084096908569336,55.77145767211914],[28.04900360107422,56.11355972290039],[27.961021423339844,56.11355972290039],[28.113149642944336,56.524986267089844],[27.957975387573242,56.662349700927734],[28.068017959594727,56.799827575683594],[27.979511260986328,56.799827575683594],[28.001169204711914,56.937416076660156],[27.912553787231445,56.937416076660156],[27.98894691467285,57.41988754272461],[27.899953842163086,57.41988754272461],[27.966312408447266,57.8345832824707],[27.876989364624023,57.8345832824707],[28.01117706298828,58.11164855957031],[27.854480743408203,58.2503662109375],[27.96677589416504,58.38920593261719],[27.719879150390625,58.528167724609375],[27.743431091308594,59.22488784790039],[28.038253784179688,59.36461639404297],[28.061809539794922,59.504478454589844],[27.88040542602539,59.504478454589844],[27.927438735961914,59.78459548950195],[28.291200637817383,59.78459548950195],[28.406457901000977,59.92485809326172],[28.849285125732422,59.85470962524414],[29.160364151000977,60.065250396728516],[29.14763641357422,59.99503707885742],[29.772369384765625,59.92485809326172],[29.75929069519043,59.85470962524414],[30.136613845825195,59.92485809326172],[30.38283348083496,59.78459548950195],[30.837535858154297,59.78459548950195],[31.103300094604492,60.20578384399414],[31.819162368774414,60.135501861572266],[31.98394775390625,60.48725891113281],[33.17662811279297,60.91054153442383],[35.36024856567383,61.193458557128906],[35.198909759521484,60.91054153442383],[35.56659698486328,60.91054153442383],[35.895484924316406,61.12267303466797],[36.079708099365234,61.12267303466797],[36.11562728881836,61.264278411865234],[36.42884063720703,61.40604019165039],[37.33357620239258,61.335140228271484],[37.31471252441406,61.264278411865234],[38.32425308227539,60.91054153442383],[38.377506256103516,60.76930236816406],[38.561100006103516,60.76930236816406],[38.869571685791016,60.557716369628906],[38.961181640625,60.557716369628906],[38.941654205322266,60.48725891113281],[39.28813171386719,60.416839599609375]]],[[[27.89100456237793,56.799827575683594],[27.979511260986328,56.799827575683594],[27.968727111816406,56.731075286865234],[27.880273818969727,56.731075286865234],[27.89100456237793,56.799827575683594]]],[[[32.90086364746094,60.91054153442383],[32.9927864074707,60.91054153442383],[32.97711944580078,60.83990478515625],[32.885257720947266,60.83990478515625],[32.90086364746094,60.91054153442383]]],[[[38.343605041503906,60.9812126159668],[38.43559265136719,60.9812126159668],[38.416175842285156,60.91054153442383],[38.32425308227539,60.91054153442383],[38.343605041503906,60.9812126159668]]],[[[33.484493255615234,61.05192565917969],[33.5765380859375,61.05192565917969],[33.56040573120117,60.9812126159668],[33.468421936035156,60.9812126159668],[33.484493255615234,61.05192565917969]]]]}},{"type":"Feature","properties":{"polity_id":"kievan-rus","name":"Kievan Rus'","start_date":970,"end_date":979,"status":"provisional-secondary-capture","confidence":"unreviewed","legal_basis":[],"source_ids":["capture:cliopatria-v0.2.0"],"provenance":{"capture_source":"Cliopatria / Seshat Global History Databank","capture_version":"v0.2.0-compatible main snapshot","wikidata":"Q1108445","wikipedia":"Kievan Rus'","seshat_id":"ua_kievan_rus","source_area_km2":1104576.7252956536,"captured_at":"2026-08-22"},"notes":"Bootstrap geometry only. Must be checked against Russian legal, treaty, atlas and scholarly sources before verified status."},"geometry":{"type":"MultiPolygon","coordinates":[[[[26.255895614624023,50.445655822753906],[26.340009689331055,50.445655822753906],[26.332477569580078,50.37908172607422],[26.248401641845703,50.37908172607422],[26.255895614624023,50.445655822753906]]],[[[26.009868621826172,51.24601745605469],[26.09447479248047,51.24601745605469],[26.086727142333984,51.17921447753906],[26.00216293334961,51.17921447753906],[26.009868621826172,51.24601745605469]]],[[[27.575063705444336,41.586883544921875],[27.318449020385742,41.39224624633789],[27.079822540283203,41.39224624633789],[26.568437576293945,41.911441802978516],[25.930295944213867,41.911441802978516],[25.707355499267578,42.10627746582031],[25.222936630249023,42.041324615478516],[25.212387084960938,41.911441802978516],[24.808441162109375,41.84651184082031],[24.798267364501953,41.71668243408203],[24.49448013305664,41.911441802978516],[24.504514694213867,42.041324615478516],[25.084333419799805,42.30118942260742],[25.34577178955078,42.56119155883789],[25.50588607788086,42.56119155883789],[26.11229133605957,43.08163070678711],[26.1297607421875,43.276947021484375],[26.469234466552734,43.472347259521484],[26.400718688964844,43.6026611328125],[26.48125457763672,43.6026611328125],[26.505428314208984,43.86341094970703],[26.119922637939453,44.05907440185547],[26.149749755859375,44.38538360595703],[25.61817169189453,44.77729415893555],[25.710973739624023,44.908016204833984],[25.792131423950195,44.908016204833984],[26.378604888916016,45.10417556762695],[26.69735336303711,45.03877639770508],[26.79116439819336,45.169586181640625],[27.191125869750977,45.10417556762695],[27.773263931274414,45.23500442504883],[27.786672592163086,45.36587905883789],[28.037626266479492,45.431331634521484],[28.051286697387695,45.56227111816406],[28.28878402709961,45.496795654296875],[28.46567726135254,45.62776184082031],[28.657102584838867,45.889827728271484],[28.589677810668945,46.02093505859375],[28.671382904052734,46.02093505859375],[28.707326889038086,46.348915100097656],[28.632658004760742,46.414546966552734],[28.811044692993164,46.54585266113281],[28.7583065032959,46.808616638183594],[28.92251205444336,46.808616638183594],[28.959793090820312,47.13737487792969],[29.30420684814453,47.26897048950195],[29.539554595947266,47.86185836791992],[29.622207641601562,47.86185836791992],[29.645246505737305,48.72037124633789],[29.56212615966797,48.72037124633789],[29.587095260620117,48.91886520385742],[29.50386619567871,48.91886520385742],[29.312503814697266,49.38258361816406],[26.738876342773438,49.51522445678711],[26.40150260925293,50.2459831237793],[26.317506790161133,50.2459831237793],[26.42412567138672,50.445655822753906],[26.26342010498047,50.51224899291992],[26.140443801879883,50.912200927734375],[25.979228973388672,50.97892379760742],[25.994487762451172,51.112430572509766],[26.17129135131836,51.17921447753906],[26.21055030822754,51.51342010498047],[26.497346878051758,51.78114318847656],[26.42873764038086,51.91512680053711],[26.607101440429688,51.98215103149414],[26.845462799072266,52.51908493041992],[27.033855438232422,52.653533935546875],[26.974742889404297,52.85536575317383],[27.14604377746582,52.85536575317383],[27.562585830688477,53.39456558227539],[27.590822219848633,53.597137451171875],[27.676979064941406,53.597137451171875],[27.81127166748047,53.93522644042969],[27.72488021850586,53.93522644042969],[27.753984451293945,54.138362884521484],[27.917226791381836,54.07062530517578],[27.956716537475586,54.341712951660156],[28.17043113708496,54.613189697265625],[28.113994598388672,54.817054748535156],[28.288034439086914,54.817054748535156],[28.30488395690918,55.498252868652344],[28.084096908569336,55.77145767211914],[28.04900360107422,56.11355972290039],[27.961021423339844,56.11355972290039],[28.113149642944336,56.524986267089844],[27.957975387573242,56.662349700927734],[28.068017959594727,56.799827575683594],[27.979511260986328,56.799827575683594],[28.001169204711914,56.937416076660156],[27.912553787231445,56.937416076660156],[27.98894691467285,57.41988754272461],[27.899953842163086,57.41988754272461],[27.966312408447266,57.8345832824707],[27.876989364624023,57.8345832824707],[28.01117706298828,58.11164855957031],[27.854480743408203,58.2503662109375],[27.96677589416504,58.38920593261719],[27.719879150390625,58.528167724609375],[27.743431091308594,59.22488784790039],[28.038253784179688,59.36461639404297],[28.061809539794922,59.504478454589844],[27.88040542602539,59.504478454589844],[27.927438735961914,59.78459548950195],[28.291200637817383,59.78459548950195],[28.406457901000977,59.92485809326172],[28.849285125732422,59.85470962524414],[29.160364151000977,60.065250396728516],[29.14763641357422,59.99503707885742],[29.772369384765625,59.92485809326172],[29.75929069519043,59.85470962524414],[30.136613845825195,59.92485809326172],[30.38283348083496,59.78459548950195],[30.837535858154297,59.78459548950195],[31.103300094604492,60.20578384399414],[31.819162368774414,60.135501861572266],[31.98394775390625,60.48725891113281],[33.17662811279297,60.91054153442383],[35.36024856567383,61.193458557128906],[35.198909759521484,60.91054153442383],[35.56659698486328,60.91054153442383],[35.895484924316406,61.12267303466797],[36.079708099365234,61.12267303466797],[36.11562728881836,61.264278411865234],[36.42884063720703,61.40604019165039],[37.33357620239258,61.335140228271484],[37.31471252441406,61.264278411865234],[38.159637451171875,60.9812126159668],[38.377506256103516,60.76930236816406],[38.961181640625,60.557716369628906],[38.941654205322266,60.48725891113281],[39.28813171386719,60.416839599609375],[39.320613861083984,60.20578384399414],[39.50321960449219,60.20578384399414],[39.860355377197266,59.85470962524414],[40.275390625,59.714515686035156],[40.609432220458984,59.294734954833984],[41.021793365478516,59.15507125854492],[41.21245193481445,58.876129150390625],[41.39280319213867,58.876129150390625],[41.672447204589844,58.59769821166992],[41.63225555419922,58.45867156982422],[41.8614387512207,58.31977081298828],[41.821353912353516,58.180992126464844],[41.98048782348633,58.11164855957031],[41.97023010253906,57.7653923034668],[42.1090087890625,57.62710189819336],[42.010581970214844,57.28189468383789],[42.09946823120117,57.28189468383789],[42.002132415771484,56.937416076660156],[42.140586853027344,56.799827575683594],[42.04460525512695,56.45634460449219],[41.66739273071289,56.04508590698242],[41.59344482421875,55.77145767211914],[41.34852981567383,55.83982467651367],[41.13672637939453,55.70311737060547],[40.87371063232422,55.70311737060547],[40.68056869506836,55.63479995727539],[40.64512634277344,55.498252868652344],[39.682411193847656,55.498252868652344],[39.073822021484375,55.15733337402344],[38.99151611328125,54.817054748535156],[39.07853698730469,54.817054748535156],[39.02956771850586,54.613189697265625],[39.11643981933594,54.613189697265625],[38.94889450073242,54.27390670776367],[39.1605224609375,54.07062530517578],[39.183143615722656,53.799922943115234],[39.35573959350586,53.799922943115234],[39.55060577392578,53.52959060668945],[39.385826110839844,53.192195892333984],[39.471702575683594,53.192195892333984],[39.34275436401367,52.250450134277344],[39.41299819946289,52.18334197998047],[39.24258804321289,52.18334197998047],[39.19814682006836,51.98215103149414],[39.11307144165039,51.98215103149414],[38.9124641418457,51.44654083251953],[38.82773208618164,51.44654083251953],[38.85594940185547,51.17921447753906],[38.588382720947266,51.112430572509766],[38.22669219970703,50.578861236572266],[37.934783935546875,50.37908172607422],[37.89592742919922,50.17946243286133],[37.811973571777344,50.17946243286133],[37.87028503417969,50.04647445678711],[37.60602951049805,49.98000717163086],[37.388675689697266,49.71431350708008],[36.08684539794922,49.44889450073242],[35.41861343383789,49.44889450073242],[35.14583206176758,49.316287994384766],[30.38897132873535,49.316287994384766],[30.344881057739258,48.98506164550781],[30.428146362304688,48.98506164550781],[30.38469123840332,48.654239654541016],[30.467775344848633,48.654239654541016],[30.376094818115234,48.5881233215332],[30.333555221557617,48.257774353027344],[30.416419982910156,48.257774353027344],[30.325132369995117,48.191749572753906],[30.106895446777344,46.414546966552734],[30.41866111755371,46.283294677734375],[30.395021438598633,46.08650588989258],[29.85890007019043,45.693260192871094],[29.614274978637695,45.693260192871094],[29.58445930480957,45.431331634521484],[29.66587257385254,45.431331634521484],[29.525348663330078,44.908016204833984],[29.024105072021484,44.77729415893555],[29.04557228088379,44.973392486572266],[28.802005767822266,44.973392486572266],[28.84072494506836,44.58129119873047],[28.576906204223633,44.38538360595703],[28.53555679321289,43.99384307861328],[28.616275787353516,43.99384307861328],[28.48109245300293,43.472347259521484],[28.159194946289062,43.472347259521484],[28.22636604309082,43.342071533203125],[27.89820098876953,43.276947021484375],[27.80489730834961,43.146724700927734],[27.84662628173828,42.75628662109375],[27.513538360595703,42.62621307373047],[27.494890213012695,42.43117141723633],[27.936981201171875,42.041324615478516],[27.93072509765625,41.97637939453125],[27.298381805419922,42.041324615478516],[27.360092163085938,41.84651184082031],[27.58715057373047,41.71668243408203],[27.575063705444336,41.586883544921875]]],[[[27.89100456237793,56.799827575683594],[27.979511260986328,56.799827575683594],[27.968727111816406,56.731075286865234],[27.880273818969727,56.731075286865234],[27.89100456237793,56.799827575683594]]],[[[32.90086364746094,60.91054153442383],[32.9927864074707,60.91054153442383],[32.97711944580078,60.83990478515625],[32.885257720947266,60.83990478515625],[32.90086364746094,60.91054153442383]]],[[[38.343605041503906,60.9812126159668],[38.43559265136719,60.9812126159668],[38.416175842285156,60.91054153442383],[38.32425308227539,60.91054153442383],[38.343605041503906,60.9812126159668]]],[[[33.484493255615234,61.05192565917969],[33.5765380859375,61.05192565917969],[33.56040573120117,60.9812126159668],[33.468421936035156,60.9812126159668],[33.484493255615234,61.05192565917969]]]]}},{"type":"Feature","properties":{"polity_id":"kievan-rus","name":"Kievan Rus'","start_date":980,"end_date":989,"status":"provisional-secondary-capture","confidence":"unreviewed","legal_basis":[],"source_ids":["capture:cliopatria-v0.2.0"],"provenance":{"capture_source":"Cliopatria / Seshat Global History Databank","capture_version":"v0.2.0-compatible main snapshot","wikidata":"Q1108445","wikipedia":"Kievan Rus'","seshat_id":"ua_kievan_rus","source_area_km2":991211.0767498534,"captured_at":"2026-08-22"},"notes":"Bootstrap geometry only. Must be checked against Russian legal, treaty, atlas and scholarly sources before verified status."},"geometry":{"type":"MultiPolygon","coordinates":[[[[26.248401641845703,50.37908172607422],[26.255895614624023,50.445655822753906],[26.340009689331055,50.445655822753906],[26.332477569580078,50.37908172607422],[26.248401641845703,50.37908172607422]]],[[[26.009868621826172,51.24601745605469],[26.09447479248047,51.24601745605469],[26.086727142333984,51.17921447753906],[26.00216293334961,51.17921447753906],[26.009868621826172,51.24601745605469]]],[[[39.28813171386719,60.416839599609375],[39.320613861083984,60.20578384399414],[39.737457275390625,60.065250396728516],[39.860355377197266,59.85470962524414],[40.275390625,59.714515686035156],[40.609432220458984,59.294734954833984],[41.021793365478516,59.15507125854492],[41.21245193481445,58.876129150390625],[41.39280319213867,58.876129150390625],[41.672447204589844,58.59769821166992],[41.63225555419922,58.45867156982422],[41.8614387512207,58.31977081298828],[41.821353912353516,58.180992126464844],[42.029945373535156,57.97305679321289],[41.97023010253906,57.7653923034668],[42.1090087890625,57.62710189819336],[42.002132415771484,56.937416076660156],[42.140586853027344,56.799827575683594],[42.04460525512695,56.45634460449219],[41.66739273071289,56.04508590698242],[41.59344482421875,55.77145767211914],[41.34852981567383,55.83982467651367],[41.13672637939453,55.70311737060547],[40.87371063232422,55.70311737060547],[40.68056869506836,55.63479995727539],[40.64512634277344,55.498252868652344],[39.682411193847656,55.498252868652344],[39.073822021484375,55.15733337402344],[38.99151611328125,54.817054748535156],[39.07853698730469,54.817054748535156],[39.02956771850586,54.613189697265625],[39.11643981933594,54.613189697265625],[38.94889450073242,54.27390670776367],[39.1605224609375,54.07062530517578],[39.183143615722656,53.799922943115234],[39.35573959350586,53.799922943115234],[39.55060577392578,53.52959060668945],[39.385826110839844,53.192195892333984],[39.471702575683594,53.192195892333984],[39.34275436401367,52.250450134277344],[39.41299819946289,52.18334197998047],[39.24258804321289,52.18334197998047],[39.19814682006836,51.98215103149414],[39.11307144165039,51.98215103149414],[38.9124641418457,51.44654083251953],[38.82773208618164,51.44654083251953],[38.85594940185547,51.17921447753906],[38.588382720947266,51.112430572509766],[38.22669219970703,50.578861236572266],[37.934783935546875,50.37908172607422],[37.89592742919922,50.17946243286133],[37.811973571777344,50.17946243286133],[37.87028503417969,50.04647445678711],[37.70252990722656,50.04647445678711],[37.5809326171875,49.84712600708008],[37.2090950012207,49.64793395996094],[36.08684539794922,49.44889450073242],[35.41861343383789,49.44889450073242],[35.14583206176758,49.316287994384766],[31.399789810180664,49.38258361816406],[29.796173095703125,49.2500114440918],[29.395994186401367,49.38258361816406],[28.060131072998047,49.38258361816406],[26.66261863708496,49.58156967163086],[26.40150260925293,50.2459831237793],[26.317506790161133,50.2459831237793],[26.42412567138672,50.445655822753906],[26.26342010498047,50.51224899291992],[25.994487762451172,51.112430572509766],[26.17129135131836,51.17921447753906],[26.21055030822754,51.51342010498047],[26.497346878051758,51.78114318847656],[26.42873764038086,51.91512680053711],[26.607101440429688,51.98215103149414],[26.845462799072266,52.51908493041992],[27.033855438232422,52.653533935546875],[26.974742889404297,52.85536575317383],[27.14604377746582,52.85536575317383],[27.562585830688477,53.39456558227539],[27.715238571166992,53.86756134033203],[27.801584243774414,53.86756134033203],[27.753984451293945,54.138362884521484],[27.917226791381836,54.07062530517578],[27.956716537475586,54.341712951660156],[28.17043113708496,54.613189697265625],[28.113994598388672,54.817054748535156],[28.288034439086914,54.817054748535156],[28.319032669067383,55.021148681640625],[28.23186492919922,55.021148681640625],[28.30488395690918,55.498252868652344],[28.084096908569336,55.77145767211914],[28.04900360107422,56.11355972290039],[27.961021423339844,56.11355972290039],[28.113149642944336,56.524986267089844],[27.957975387573242,56.662349700927734],[28.068017959594727,56.799827575683594],[27.979511260986328,56.799827575683594],[28.001169204711914,56.937416076660156],[27.912553787231445,56.937416076660156],[27.98894691467285,57.41988754272461],[27.899953842163086,57.41988754272461],[27.966312408447266,57.8345832824707],[27.876989364624023,57.8345832824707],[28.01117706298828,58.11164855957031],[27.854480743408203,58.2503662109375],[27.96677589416504,58.38920593261719],[27.719879150390625,58.528167724609375],[27.743431091308594,59.22488784790039],[28.038253784179688,59.36461639404297],[28.061809539794922,59.504478454589844],[27.88040542602539,59.504478454589844],[27.927438735961914,59.78459548950195],[28.291200637817383,59.78459548950195],[28.406457901000977,59.92485809326172],[28.849285125732422,59.85470962524414],[29.160364151000977,60.065250396728516],[29.14763641357422,59.99503707885742],[29.772369384765625,59.92485809326172],[29.75929069519043,59.85470962524414],[30.136613845825195,59.92485809326172],[30.38283348083496,59.78459548950195],[30.837535858154297,59.78459548950195],[31.103300094604492,60.20578384399414],[31.819162368774414,60.135501861572266],[31.98394775390625,60.48725891113281],[33.17662811279297,60.91054153442383],[35.36024856567383,61.193458557128906],[35.198909759521484,60.91054153442383],[35.56659698486328,60.91054153442383],[35.895484924316406,61.12267303466797],[36.079708099365234,61.12267303466797],[36.11562728881836,61.264278411865234],[36.42884063720703,61.40604019165039],[37.33357620239258,61.335140228271484],[37.31471252441406,61.264278411865234],[38.32425308227539,60.91054153442383],[38.377506256103516,60.76930236816406],[38.561100006103516,60.76930236816406],[38.869571685791016,60.557716369628906],[38.961181640625,60.557716369628906],[38.941654205322266,60.48725891113281],[39.28813171386719,60.416839599609375]]],[[[27.89100456237793,56.799827575683594],[27.979511260986328,56.799827575683594],[27.968727111816406,56.731075286865234],[27.880273818969727,56.731075286865234],[27.89100456237793,56.799827575683594]]],[[[32.90086364746094,60.91054153442383],[32.9927864074707,60.91054153442383],[32.97711944580078,60.83990478515625],[32.885257720947266,60.83990478515625],[32.90086364746094,60.91054153442383]]],[[[38.343605041503906,60.9812126159668],[38.43559265136719,60.9812126159668],[38.416175842285156,60.91054153442383],[38.32425308227539,60.91054153442383],[38.343605041503906,60.9812126159668]]],[[[33.484493255615234,61.05192565917969],[33.5765380859375,61.05192565917969],[33.56040573120117,60.9812126159668],[33.468421936035156,60.9812126159668],[33.484493255615234,61.05192565917969]]]]}},{"type":"Feature","properties":{"polity_id":"kievan-rus","name":"Kievan Rus'","start_date":990,"end_date":1017,"status":"provisional-secondary-capture","confidence":"unreviewed","legal_basis":[],"source_ids":["capture:cliopatria-v0.2.0"],"provenance":{"capture_source":"Cliopatria / Seshat Global History Databank","capture_version":"v0.2.0-compatible main snapshot","wikidata":"Q1108445","wikipedia":"Kievan Rus'","seshat_id":"ua_kievan_rus","source_area_km2":1170311.3746674417,"captured_at":"2026-08-22"},"notes":"Bootstrap geometry only. Must be checked against Russian legal, treaty, atlas and scholarly sources before verified status."},"geometry":{"type":"MultiPolygon","coordinates":[[[[36.778892517089844,45.10417556762695],[36.74873733520508,45.431331634521484],[37.216339111328125,45.300437927246094],[37.17478561401367,45.03877639770508],[36.9413948059082,45.10417556762695],[36.778892517089844,45.10417556762695]]],[[[24.41883659362793,54.47740173339844],[24.505613327026367,54.47740173339844],[24.497575759887695,54.4095458984375],[24.410846710205078,54.4095458984375],[24.41883659362793,54.47740173339844]]],[[[39.28813171386719,60.416839599609375],[39.320613861083984,60.20578384399414],[39.737457275390625,60.065250396728516],[39.860355377197266,59.85470962524414],[40.275390625,59.714515686035156],[40.609432220458984,59.294734954833984],[41.021793365478516,59.15507125854492],[41.21245193481445,58.876129150390625],[41.39280319213867,58.876129150390625],[41.672447204589844,58.59769821166992],[41.63225555419922,58.45867156982422],[41.8614387512207,58.31977081298828],[41.821353912353516,58.180992126464844],[42.029945373535156,57.97305679321289],[41.97023010253906,57.7653923034668],[42.1090087890625,57.62710189819336],[42.002132415771484,56.937416076660156],[42.140586853027344,56.799827575683594],[42.04460525512695,56.45634460449219],[41.66739273071289,56.04508590698242],[41.59344482421875,55.77145767211914],[41.34852981567383,55.83982467651367],[41.13672637939453,55.70311737060547],[40.87371063232422,55.70311737060547],[40.68056869506836,55.63479995727539],[40.64512634277344,55.498252868652344],[39.682411193847656,55.498252868652344],[39.073822021484375,55.15733337402344],[38.99151611328125,54.817054748535156],[39.07853698730469,54.817054748535156],[39.02956771850586,54.613189697265625],[39.11643981933594,54.613189697265625],[38.94889450073242,54.27390670776367],[39.1605224609375,54.07062530517578],[39.183143615722656,53.799922943115234],[39.35573959350586,53.799922943115234],[39.55060577392578,53.52959060668945],[39.385826110839844,53.192195892333984],[39.471702575683594,53.192195892333984],[39.34275436401367,52.250450134277344],[39.41299819946289,52.18334197998047],[39.24258804321289,52.18334197998047],[39.19814682006836,51.98215103149414],[39.11307144165039,51.98215103149414],[38.9124641418457,51.44654083251953],[38.82773208618164,51.44654083251953],[38.85594940185547,51.17921447753906],[38.588382720947266,51.112430572509766],[38.22669219970703,50.578861236572266],[37.934783935546875,50.37908172607422],[37.89592742919922,50.17946243286133],[37.811973571777344,50.17946243286133],[37.87028503417969,50.04647445678711],[37.60602951049805,49.98000717163086],[37.388675689697266,49.71431350708008],[36.08684539794922,49.44889450073242],[35.41861343383789,49.44889450073242],[35.14583206176758,49.316287994384766],[31.399789810180664,49.38258361816406],[29.796173095703125,49.2500114440918],[29.395994186401367,49.38258361816406],[27.31626319885254,49.44889450073242],[26.244178771972656,48.786521911621094],[25.329463958740234,48.786521911621094],[25.18234634399414,48.98506164550781],[24.778560638427734,49.11750411987305],[24.707794189453125,49.2500114440918],[23.873634338378906,49.2500114440918],[23.96904945373535,49.38258361816406],[23.569211959838867,49.58156967163086],[23.581087112426758,49.71431350708008],[23.419620513916016,49.78071212768555],[23.431499481201172,49.91355895996094],[23.275733947753906,50.04647445678711],[23.102128982543945,49.98000717163086],[23.11385726928711,50.11296081542969],[22.946025848388672,50.11296081542969],[22.91514015197754,50.71213912963867],[23.08979606628418,50.77880859375],[23.10826873779297,50.97892379760742],[23.023828506469727,50.97892379760742],[23.042409896850586,51.17921447753906],[22.87944221496582,51.24601745605469],[22.995450973510742,51.580322265625],[22.6685791015625,51.71418380737305],[22.687358856201172,51.91512680053711],[22.347232818603516,51.91512680053711],[22.10417366027832,52.0491943359375],[22.292898178100586,52.250450134277344],[22.422412872314453,52.720787048339844],[22.343225479125977,52.78806686401367],[22.428829193115234,52.78806686401367],[22.6462345123291,53.25962829589844],[22.732158660888672,53.25962829589844],[22.745656967163086,53.39456558227539],[22.924564361572266,53.462066650390625],[23.03854751586914,53.732303619384766],[23.41990852355957,54.07062530517578],[24.489561080932617,54.341712951660156],[24.592388153076172,54.47740173339844],[25.77332305908203,54.88506317138672],[26.158143997192383,55.15733337402344],[26.60393714904785,55.225467681884766],[26.710338592529297,55.36180877685547],[27.439733505249023,55.56651306152344],[28.027862548828125,55.97663879394531],[27.971586227416992,56.182064056396484],[28.05961799621582,56.182064056396484],[28.113149642944336,56.524986267089844],[27.957975387573242,56.662349700927734],[28.068017959594727,56.799827575683594],[27.912553787231445,56.937416076660156],[27.98894691467285,57.41988754272461],[27.899953842163086,57.41988754272461],[27.966312408447266,57.8345832824707],[27.876989364624023,57.8345832824707],[28.01117706298828,58.11164855957031],[27.854480743408203,58.2503662109375],[27.96677589416504,58.38920593261719],[27.719879150390625,58.528167724609375],[27.743431091308594,59.22488784790039],[28.038253784179688,59.36461639404297],[28.061809539794922,59.504478454589844],[27.88040542602539,59.504478454589844],[27.927438735961914,59.78459548950195],[28.291200637817383,59.78459548950195],[28.406457901000977,59.92485809326172],[28.849285125732422,59.85470962524414],[29.160364151000977,60.065250396728516],[29.14763641357422,59.99503707885742],[29.772369384765625,59.92485809326172],[29.75929069519043,59.85470962524414],[30.136613845825195,59.92485809326172],[30.38283348083496,59.78459548950195],[30.837535858154297,59.78459548950195],[31.103300094604492,60.20578384399414],[31.819162368774414,60.135501861572266],[31.98394775390625,60.48725891113281],[33.17662811279297,60.91054153442383],[35.36024856567383,61.193458557128906],[35.198909759521484,60.91054153442383],[35.56659698486328,60.91054153442383],[35.895484924316406,61.12267303466797],[36.079708099365234,61.12267303466797],[36.11562728881836,61.264278411865234],[36.42884063720703,61.40604019165039],[37.33357620239258,61.335140228271484],[37.31471252441406,61.264278411865234],[38.32425308227539,60.91054153442383],[38.377506256103516,60.76930236816406],[38.561100006103516,60.76930236816406],[38.869571685791016,60.557716369628906],[38.961181640625,60.557716369628906],[38.941654205322266,60.48725891113281],[39.28813171386719,60.416839599609375]]],[[[27.89100456237793,56.799827575683594],[27.979511260986328,56.799827575683594],[27.968727111816406,56.731075286865234],[27.880273818969727,56.731075286865234],[27.89100456237793,56.799827575683594]]],[[[32.90086364746094,60.91054153442383],[32.9927864074707,60.91054153442383],[32.97711944580078,60.83990478515625],[32.885257720947266,60.83990478515625],[32.90086364746094,60.91054153442383]]],[[[38.343605041503906,60.9812126159668],[38.43559265136719,60.9812126159668],[38.416175842285156,60.91054153442383],[38.32425308227539,60.91054153442383],[38.343605041503906,60.9812126159668]]],[[[33.484493255615234,61.05192565917969],[33.5765380859375,61.05192565917969],[33.56040573120117,60.9812126159668],[33.468421936035156,60.9812126159668],[33.484493255615234,61.05192565917969]]]]}},{"type":"Feature","properties":{"polity_id":"kievan-rus","name":"Kievan Rus'","start_date":1018,"end_date":1027,"status":"provisional-secondary-capture","confidence":"unreviewed","legal_basis":[],"source_ids":["capture:cliopatria-v0.2.0"],"provenance":{"capture_source":"Cliopatria / Seshat Global History Databank","capture_version":"v0.2.0-compatible main snapshot","wikidata":"Q1108445","wikipedia":"Kievan Rus'","seshat_id":"ua_kievan_rus","source_area_km2":1151814.8054385837,"captured_at":"2026-08-22"},"notes":"Bootstrap geometry only. Must be checked against Russian legal, treaty, atlas and scholarly sources before verified status."},"geometry":{"type":"MultiPolygon","coordinates":[[[[36.778892517089844,45.10417556762695],[36.74873733520508,45.431331634521484],[37.216339111328125,45.300437927246094],[37.17478561401367,45.03877639770508],[36.9413948059082,45.10417556762695],[36.778892517089844,45.10417556762695]]],[[[24.41883659362793,54.47740173339844],[24.505613327026367,54.47740173339844],[24.497575759887695,54.4095458984375],[24.410846710205078,54.4095458984375],[24.41883659362793,54.47740173339844]]],[[[39.28813171386719,60.416839599609375],[39.320613861083984,60.20578384399414],[39.737457275390625,60.065250396728516],[39.860355377197266,59.85470962524414],[40.275390625,59.714515686035156],[40.609432220458984,59.294734954833984],[41.021793365478516,59.15507125854492],[41.21245193481445,58.876129150390625],[41.39280319213867,58.876129150390625],[41.672447204589844,58.59769821166992],[41.63225555419922,58.45867156982422],[41.8614387512207,58.31977081298828],[41.821353912353516,58.180992126464844],[42.029945373535156,57.97305679321289],[41.97023010253906,57.7653923034668],[42.1090087890625,57.62710189819336],[42.002132415771484,56.937416076660156],[42.140586853027344,56.799827575683594],[42.04460525512695,56.45634460449219],[41.66739273071289,56.04508590698242],[41.59344482421875,55.77145767211914],[41.34852981567383,55.83982467651367],[41.13672637939453,55.70311737060547],[40.87371063232422,55.70311737060547],[40.68056869506836,55.63479995727539],[40.64512634277344,55.498252868652344],[39.682411193847656,55.498252868652344],[39.073822021484375,55.15733337402344],[38.99151611328125,54.817054748535156],[39.07853698730469,54.817054748535156],[39.02956771850586,54.613189697265625],[39.11643981933594,54.613189697265625],[38.94889450073242,54.27390670776367],[39.1605224609375,54.07062530517578],[39.183143615722656,53.799922943115234],[39.35573959350586,53.799922943115234],[39.55060577392578,53.52959060668945],[39.385826110839844,53.192195892333984],[39.471702575683594,53.192195892333984],[39.34275436401367,52.250450134277344],[39.41299819946289,52.18334197998047],[39.24258804321289,52.18334197998047],[39.19814682006836,51.98215103149414],[39.11307144165039,51.98215103149414],[38.9124641418457,51.44654083251953],[38.82773208618164,51.44654083251953],[38.85594940185547,51.17921447753906],[38.588382720947266,51.112430572509766],[38.22669219970703,50.578861236572266],[37.934783935546875,50.37908172607422],[37.89592742919922,50.17946243286133],[37.811973571777344,50.17946243286133],[37.87028503417969,50.04647445678711],[37.60602951049805,49.98000717163086],[37.388675689697266,49.71431350708008],[36.08684539794922,49.44889450073242],[35.41861343383789,49.44889450073242],[35.14583206176758,49.316287994384766],[31.399789810180664,49.38258361816406],[29.796173095703125,49.2500114440918],[29.395994186401367,49.38258361816406],[27.31626319885254,49.44889450073242],[26.244178771972656,48.786521911621094],[25.329463958740234,48.786521911621094],[25.18234634399414,48.98506164550781],[24.778560638427734,49.11750411987305],[24.707794189453125,49.2500114440918],[23.873634338378906,49.2500114440918],[23.96904945373535,49.38258361816406],[23.724498748779297,49.44889450073242],[23.569211959838867,49.58156967163086],[23.581087112426758,49.71431350708008],[23.419620513916016,49.78071212768555],[23.431499481201172,49.91355895996094],[23.269804000854492,49.98000717163086],[23.275733947753906,50.04647445678711],[24.29513931274414,50.17946243286133],[24.560245513916016,50.312522888183594],[24.5736026763916,50.445655822753906],[24.075393676757812,50.51224899291992],[24.030471801757812,50.912200927734375],[23.640897750854492,51.24601745605469],[23.53767204284668,51.91512680053711],[23.714563369750977,51.98215103149414],[23.742136001586914,52.250450134277344],[22.725574493408203,52.31757736206055],[22.31159782409668,52.4518928527832],[22.422412872314453,52.720787048339844],[22.343225479125977,52.78806686401367],[22.428829193115234,52.78806686401367],[22.6462345123291,53.25962829589844],[22.732158660888672,53.25962829589844],[22.745656967163086,53.39456558227539],[22.924564361572266,53.462066650390625],[23.03854751586914,53.732303619384766],[23.41990852355957,54.07062530517578],[24.489561080932617,54.341712951660156],[24.592388153076172,54.47740173339844],[25.77332305908203,54.88506317138672],[26.158143997192383,55.15733337402344],[26.60393714904785,55.225467681884766],[26.710338592529297,55.36180877685547],[27.439733505249023,55.56651306152344],[28.027862548828125,55.97663879394531],[27.971586227416992,56.182064056396484],[28.05961799621582,56.182064056396484],[28.113149642944336,56.524986267089844],[27.957975387573242,56.662349700927734],[28.068017959594727,56.799827575683594],[27.912553787231445,56.937416076660156],[27.98894691467285,57.41988754272461],[27.899953842163086,57.41988754272461],[27.966312408447266,57.8345832824707],[27.876989364624023,57.8345832824707],[28.01117706298828,58.11164855957031],[27.854480743408203,58.2503662109375],[27.96677589416504,58.38920593261719],[27.719879150390625,58.528167724609375],[27.743431091308594,59.22488784790039],[28.038253784179688,59.36461639404297],[28.061809539794922,59.504478454589844],[27.88040542602539,59.504478454589844],[27.927438735961914,59.78459548950195],[28.291200637817383,59.78459548950195],[28.406457901000977,59.92485809326172],[28.849285125732422,59.85470962524414],[29.160364151000977,60.065250396728516],[29.14763641357422,59.99503707885742],[29.772369384765625,59.92485809326172],[29.75929069519043,59.85470962524414],[30.136613845825195,59.92485809326172],[30.38283348083496,59.78459548950195],[30.837535858154297,59.78459548950195],[31.103300094604492,60.20578384399414],[31.819162368774414,60.135501861572266],[31.98394775390625,60.48725891113281],[33.17662811279297,60.91054153442383],[35.36024856567383,61.193458557128906],[35.198909759521484,60.91054153442383],[35.56659698486328,60.91054153442383],[35.895484924316406,61.12267303466797],[36.079708099365234,61.12267303466797],[36.11562728881836,61.264278411865234],[36.42884063720703,61.40604019165039],[37.33357620239258,61.335140228271484],[37.31471252441406,61.264278411865234],[38.32425308227539,60.91054153442383],[38.377506256103516,60.76930236816406],[38.561100006103516,60.76930236816406],[38.869571685791016,60.557716369628906],[38.961181640625,60.557716369628906],[38.941654205322266,60.48725891113281],[39.28813171386719,60.416839599609375]]],[[[27.89100456237793,56.799827575683594],[27.979511260986328,56.799827575683594],[27.968727111816406,56.731075286865234],[27.880273818969727,56.731075286865234],[27.89100456237793,56.799827575683594]]],[[[32.90086364746094,60.91054153442383],[32.9927864074707,60.91054153442383],[32.97711944580078,60.83990478515625],[32.885257720947266,60.83990478515625],[32.90086364746094,60.91054153442383]]],[[[38.343605041503906,60.9812126159668],[38.43559265136719,60.9812126159668],[38.416175842285156,60.91054153442383],[38.32425308227539,60.91054153442383],[38.343605041503906,60.9812126159668]]],[[[33.484493255615234,61.05192565917969],[33.5765380859375,61.05192565917969],[33.56040573120117,60.9812126159668],[33.468421936035156,60.9812126159668],[33.484493255615234,61.05192565917969]]]]}},{"type":"Feature","properties":{"polity_id":"kievan-rus","name":"Kievan Rus'","start_date":1028,"end_date":1033,"status":"provisional-secondary-capture","confidence":"unreviewed","legal_basis":[],"source_ids":["capture:cliopatria-v0.2.0"],"provenance":{"capture_source":"Cliopatria / Seshat Global History Databank","capture_version":"v0.2.0-compatible main snapshot","wikidata":"Q1108445","wikipedia":"Kievan Rus'","seshat_id":"ua_kievan_rus","source_area_km2":1157395.8003954398,"captured_at":"2026-08-22"},"notes":"Bootstrap geometry only. Must be checked against Russian legal, treaty, atlas and scholarly sources before verified status."},"geometry":{"type":"MultiPolygon","coordinates":[[[[36.778892517089844,45.10417556762695],[36.74873733520508,45.431331634521484],[37.216339111328125,45.300437927246094],[37.17478561401367,45.03877639770508],[36.9413948059082,45.10417556762695],[36.778892517089844,45.10417556762695]]],[[[24.41883659362793,54.47740173339844],[24.505613327026367,54.47740173339844],[24.497575759887695,54.4095458984375],[24.410846710205078,54.4095458984375],[24.41883659362793,54.47740173339844]]],[[[39.28813171386719,60.416839599609375],[39.320613861083984,60.20578384399414],[39.737457275390625,60.065250396728516],[39.860355377197266,59.85470962524414],[40.275390625,59.714515686035156],[40.609432220458984,59.294734954833984],[41.021793365478516,59.15507125854492],[41.21245193481445,58.876129150390625],[41.39280319213867,58.876129150390625],[41.672447204589844,58.59769821166992],[41.63225555419922,58.45867156982422],[41.8614387512207,58.31977081298828],[41.821353912353516,58.180992126464844],[42.029945373535156,57.97305679321289],[41.97023010253906,57.7653923034668],[42.1090087890625,57.62710189819336],[42.002132415771484,56.937416076660156],[42.140586853027344,56.799827575683594],[42.04460525512695,56.45634460449219],[41.66739273071289,56.04508590698242],[41.59344482421875,55.77145767211914],[41.34852981567383,55.83982467651367],[41.13672637939453,55.70311737060547],[40.87371063232422,55.70311737060547],[40.68056869506836,55.63479995727539],[40.64512634277344,55.498252868652344],[39.682411193847656,55.498252868652344],[39.073822021484375,55.15733337402344],[38.99151611328125,54.817054748535156],[39.07853698730469,54.817054748535156],[39.02956771850586,54.613189697265625],[39.11643981933594,54.613189697265625],[38.94889450073242,54.27390670776367],[39.1605224609375,54.07062530517578],[39.183143615722656,53.799922943115234],[39.35573959350586,53.799922943115234],[39.55060577392578,53.52959060668945],[39.385826110839844,53.192195892333984],[39.471702575683594,53.192195892333984],[39.34275436401367,52.250450134277344],[39.41299819946289,52.18334197998047],[39.24258804321289,52.18334197998047],[39.19814682006836,51.98215103149414],[39.11307144165039,51.98215103149414],[38.9124641418457,51.44654083251953],[38.82773208618164,51.44654083251953],[38.85594940185547,51.17921447753906],[38.588382720947266,51.112430572509766],[38.22669219970703,50.578861236572266],[37.934783935546875,50.37908172607422],[37.89592742919922,50.17946243286133],[37.811973571777344,50.17946243286133],[37.87028503417969,50.04647445678711],[37.60602951049805,49.98000717163086],[37.388675689697266,49.71431350708008],[36.08684539794922,49.44889450073242],[35.41861343383789,49.44889450073242],[35.14583206176758,49.316287994384766],[31.399789810180664,49.38258361816406],[29.796173095703125,49.2500114440918],[29.395994186401367,49.38258361816406],[27.31626319885254,49.44889450073242],[26.244178771972656,48.786521911621094],[25.329463958740234,48.786521911621094],[25.18234634399414,48.98506164550781],[24.778560638427734,49.11750411987305],[24.707794189453125,49.2500114440918],[23.873634338378906,49.2500114440918],[23.96904945373535,49.38258361816406],[23.724498748779297,49.44889450073242],[23.569211959838867,49.58156967163086],[23.581087112426758,49.71431350708008],[23.419620513916016,49.78071212768555],[23.431499481201172,49.91355895996094],[23.269804000854492,49.98000717163086],[23.275733947753906,50.04647445678711],[24.29513931274414,50.17946243286133],[24.560245513916016,50.312522888183594],[24.5736026763916,50.445655822753906],[24.075393676757812,50.51224899291992],[24.030471801757812,50.912200927734375],[23.712371826171875,51.112430572509766],[23.51096534729004,51.64724349975586],[22.10417366027832,52.0491943359375],[22.292898178100586,52.250450134277344],[22.422412872314453,52.720787048339844],[22.343225479125977,52.78806686401367],[22.428829193115234,52.78806686401367],[22.6462345123291,53.25962829589844],[22.732158660888672,53.25962829589844],[22.745656967163086,53.39456558227539],[22.924564361572266,53.462066650390625],[23.03854751586914,53.732303619384766],[23.41990852355957,54.07062530517578],[24.489561080932617,54.341712951660156],[24.592388153076172,54.47740173339844],[25.77332305908203,54.88506317138672],[26.158143997192383,55.15733337402344],[26.60393714904785,55.225467681884766],[26.710338592529297,55.36180877685547],[27.439733505249023,55.56651306152344],[28.027862548828125,55.97663879394531],[27.971586227416992,56.182064056396484],[28.05961799621582,56.182064056396484],[28.113149642944336,56.524986267089844],[27.957975387573242,56.662349700927734],[28.068017959594727,56.799827575683594],[27.912553787231445,56.937416076660156],[27.98894691467285,57.41988754272461],[27.899953842163086,57.41988754272461],[27.966312408447266,57.8345832824707],[27.876989364624023,57.8345832824707],[28.01117706298828,58.11164855957031],[27.854480743408203,58.2503662109375],[27.96677589416504,58.38920593261719],[27.719879150390625,58.528167724609375],[27.743431091308594,59.22488784790039],[28.038253784179688,59.36461639404297],[28.061809539794922,59.504478454589844],[27.88040542602539,59.504478454589844],[27.927438735961914,59.78459548950195],[28.291200637817383,59.78459548950195],[28.406457901000977,59.92485809326172],[28.849285125732422,59.85470962524414],[29.160364151000977,60.065250396728516],[29.14763641357422,59.99503707885742],[29.772369384765625,59.92485809326172],[29.75929069519043,59.85470962524414],[30.136613845825195,59.92485809326172],[30.38283348083496,59.78459548950195],[30.837535858154297,59.78459548950195],[31.103300094604492,60.20578384399414],[31.819162368774414,60.135501861572266],[31.98394775390625,60.48725891113281],[33.17662811279297,60.91054153442383],[35.36024856567383,61.193458557128906],[35.198909759521484,60.91054153442383],[35.56659698486328,60.91054153442383],[35.895484924316406,61.12267303466797],[36.079708099365234,61.12267303466797],[36.11562728881836,61.264278411865234],[36.42884063720703,61.40604019165039],[37.33357620239258,61.335140228271484],[37.31471252441406,61.264278411865234],[38.32425308227539,60.91054153442383],[38.377506256103516,60.76930236816406],[38.561100006103516,60.76930236816406],[38.869571685791016,60.557716369628906],[38.961181640625,60.557716369628906],[38.941654205322266,60.48725891113281],[39.28813171386719,60.416839599609375]]],[[[27.89100456237793,56.799827575683594],[27.979511260986328,56.799827575683594],[27.968727111816406,56.731075286865234],[27.880273818969727,56.731075286865234],[27.89100456237793,56.799827575683594]]],[[[32.90086364746094,60.91054153442383],[32.9927864074707,60.91054153442383],[32.97711944580078,60.83990478515625],[32.885257720947266,60.83990478515625],[32.90086364746094,60.91054153442383]]],[[[38.343605041503906,60.9812126159668],[38.43559265136719,60.9812126159668],[38.416175842285156,60.91054153442383],[38.32425308227539,60.91054153442383],[38.343605041503906,60.9812126159668]]],[[[33.484493255615234,61.05192565917969],[33.5765380859375,61.05192565917969],[33.56040573120117,60.9812126159668],[33.468421936035156,60.9812126159668],[33.484493255615234,61.05192565917969]]]]}},{"type":"Feature","properties":{"polity_id":"kievan-rus","name":"Kievan Rus'","start_date":1034,"end_date":1039,"status":"provisional-secondary-capture","confidence":"unreviewed","legal_basis":[],"source_ids":["capture:cliopatria-v0.2.0"],"provenance":{"capture_source":"Cliopatria / Seshat Global History Databank","capture_version":"v0.2.0-compatible main snapshot","wikidata":"Q1108445","wikipedia":"Kievan Rus'","seshat_id":"ua_kievan_rus","source_area_km2":1199847.5353303174,"captured_at":"2026-08-22"},"notes":"Bootstrap geometry only. Must be checked against Russian legal, treaty, atlas and scholarly sources before verified status."},"geometry":{"type":"MultiPolygon","coordinates":[[[[36.778892517089844,45.10417556762695],[36.74873733520508,45.431331634521484],[37.216339111328125,45.300437927246094],[37.17478561401367,45.03877639770508],[36.9413948059082,45.10417556762695],[36.778892517089844,45.10417556762695]]],[[[24.41883659362793,54.47740173339844],[24.505613327026367,54.47740173339844],[24.497575759887695,54.4095458984375],[24.410846710205078,54.4095458984375],[24.41883659362793,54.47740173339844]]],[[[39.28813171386719,60.416839599609375],[39.320613861083984,60.20578384399414],[39.737457275390625,60.065250396728516],[39.860355377197266,59.85470962524414],[40.275390625,59.714515686035156],[40.609432220458984,59.294734954833984],[41.021793365478516,59.15507125854492],[41.21245193481445,58.876129150390625],[41.39280319213867,58.876129150390625],[41.672447204589844,58.59769821166992],[41.63225555419922,58.45867156982422],[41.8614387512207,58.31977081298828],[41.821353912353516,58.180992126464844],[42.029945373535156,57.97305679321289],[41.97023010253906,57.7653923034668],[42.1090087890625,57.62710189819336],[42.002132415771484,56.937416076660156],[42.140586853027344,56.799827575683594],[42.04460525512695,56.45634460449219],[41.66739273071289,56.04508590698242],[41.59344482421875,55.77145767211914],[41.34852981567383,55.83982467651367],[41.13672637939453,55.70311737060547],[40.87371063232422,55.70311737060547],[40.68056869506836,55.63479995727539],[40.64512634277344,55.498252868652344],[39.682411193847656,55.498252868652344],[39.073822021484375,55.15733337402344],[38.99151611328125,54.817054748535156],[39.07853698730469,54.817054748535156],[39.02956771850586,54.613189697265625],[39.11643981933594,54.613189697265625],[38.94889450073242,54.27390670776367],[39.1605224609375,54.07062530517578],[39.183143615722656,53.799922943115234],[39.35573959350586,53.799922943115234],[39.55060577392578,53.52959060668945],[39.385826110839844,53.192195892333984],[39.471702575683594,53.192195892333984],[39.34275436401367,52.250450134277344],[39.41299819946289,52.18334197998047],[39.24258804321289,52.18334197998047],[39.19814682006836,51.98215103149414],[39.11307144165039,51.98215103149414],[38.9124641418457,51.44654083251953],[38.82773208618164,51.44654083251953],[38.85594940185547,51.17921447753906],[38.588382720947266,51.112430572509766],[38.22669219970703,50.578861236572266],[37.934783935546875,50.37908172607422],[37.89592742919922,50.17946243286133],[37.811973571777344,50.17946243286133],[37.87028503417969,50.04647445678711],[37.70252990722656,50.04647445678711],[37.5809326171875,49.84712600708008],[37.2090950012207,49.64793395996094],[36.08684539794922,49.44889450073242],[35.41861343383789,49.44889450073242],[35.14583206176758,49.316287994384766],[31.399789810180664,49.38258361816406],[29.796173095703125,49.2500114440918],[29.395994186401367,49.38258361816406],[27.31626319885254,49.44889450073242],[26.862089157104492,49.11750411987305],[26.695405960083008,49.11750411987305],[26.3342227935791,48.852684020996094],[26.320472717285156,48.72037124633789],[26.16102409362793,48.786521911621094],[26.147470474243164,48.654239654541016],[25.981304168701172,48.654239654541016],[25.17116928100586,47.993770599365234],[25.241594314575195,47.86185836791992],[25.0762882232666,47.86185836791992],[24.981626510620117,47.730003356933594],[24.8990421295166,47.730003356933594],[24.586227416992188,47.92780685424805],[24.686708450317383,48.1257438659668],[24.367206573486328,48.257774353027344],[24.378963470458984,48.38986587524414],[24.052976608276367,48.455936431884766],[23.826892852783203,48.72037124633789],[23.089706420898438,48.852684020996094],[22.77837371826172,49.11750411987305],[22.5230712890625,49.051273345947266],[21.79827117919922,49.38258361816406],[21.385677337646484,49.44889450073242],[21.390560150146484,49.51522445678711],[21.641263961791992,49.51522445678711],[22.158485412597656,49.71431350708008],[22.258319854736328,49.91355895996094],[22.946025848388672,50.11296081542969],[22.96949005126953,50.37908172607422],[22.807193756103516,50.445655822753906],[22.891307830810547,50.445655822753906],[22.91514015197754,50.71213912963867],[23.08979606628418,50.77880859375],[23.10826873779297,50.97892379760742],[23.023828506469727,50.97892379760742],[23.042409896850586,51.17921447753906],[22.87944221496582,51.24601745605469],[22.995450973510742,51.580322265625],[22.6685791015625,51.71418380737305],[22.687358856201172,51.91512680053711],[22.347232818603516,51.91512680053711],[22.10417366027832,52.0491943359375],[22.292898178100586,52.250450134277344],[22.422412872314453,52.720787048339844],[22.343225479125977,52.78806686401367],[22.428829193115234,52.78806686401367],[22.6462345123291,53.25962829589844],[22.732158660888672,53.25962829589844],[22.745656967163086,53.39456558227539],[22.924564361572266,53.462066650390625],[23.03854751586914,53.732303619384766],[23.41990852355957,54.07062530517578],[24.489561080932617,54.341712951660156],[24.592388153076172,54.47740173339844],[25.77332305908203,54.88506317138672],[26.158143997192383,55.15733337402344],[26.60393714904785,55.225467681884766],[26.710338592529297,55.36180877685547],[27.439733505249023,55.56651306152344],[28.027862548828125,55.97663879394531],[27.971586227416992,56.182064056396484],[28.05961799621582,56.182064056396484],[28.113149642944336,56.524986267089844],[27.957975387573242,56.662349700927734],[28.068017959594727,56.799827575683594],[27.912553787231445,56.937416076660156],[27.98894691467285,57.41988754272461],[27.899953842163086,57.41988754272461],[27.966312408447266,57.8345832824707],[27.876989364624023,57.8345832824707],[28.01117706298828,58.11164855957031],[27.854480743408203,58.2503662109375],[27.96677589416504,58.38920593261719],[27.719879150390625,58.528167724609375],[27.743431091308594,59.22488784790039],[28.038253784179688,59.36461639404297],[28.061809539794922,59.504478454589844],[27.88040542602539,59.504478454589844],[27.927438735961914,59.78459548950195],[28.291200637817383,59.78459548950195],[28.406457901000977,59.92485809326172],[28.849285125732422,59.85470962524414],[29.160364151000977,60.065250396728516],[29.14763641357422,59.99503707885742],[29.772369384765625,59.92485809326172],[29.75929069519043,59.85470962524414],[30.136613845825195,59.92485809326172],[30.38283348083496,59.78459548950195],[30.837535858154297,59.78459548950195],[31.103300094604492,60.20578384399414],[31.819162368774414,60.135501861572266],[31.98394775390625,60.48725891113281],[33.17662811279297,60.91054153442383],[35.36024856567383,61.193458557128906],[35.198909759521484,60.91054153442383],[35.56659698486328,60.91054153442383],[35.895484924316406,61.12267303466797],[36.079708099365234,61.12267303466797],[36.11562728881836,61.264278411865234],[36.42884063720703,61.40604019165039],[37.33357620239258,61.335140228271484],[37.31471252441406,61.264278411865234],[38.32425308227539,60.91054153442383],[38.377506256103516,60.76930236816406],[38.561100006103516,60.76930236816406],[38.869571685791016,60.557716369628906],[38.961181640625,60.557716369628906],[38.941654205322266,60.48725891113281],[39.28813171386719,60.416839599609375]]],[[[27.89100456237793,56.799827575683594],[27.979511260986328,56.799827575683594],[27.968727111816406,56.731075286865234],[27.880273818969727,56.731075286865234],[27.89100456237793,56.799827575683594]]],[[[32.90086364746094,60.91054153442383],[32.9927864074707,60.91054153442383],[32.97711944580078,60.83990478515625],[32.885257720947266,60.83990478515625],[32.90086364746094,60.91054153442383]]],[[[38.343605041503906,60.9812126159668],[38.43559265136719,60.9812126159668],[38.416175842285156,60.91054153442383],[38.32425308227539,60.91054153442383],[38.343605041503906,60.9812126159668]]],[[[33.484493255615234,61.05192565917969],[33.5765380859375,61.05192565917969],[33.56040573120117,60.9812126159668],[33.468421936035156,60.9812126159668],[33.484493255615234,61.05192565917969]]]]}},{"type":"Feature","properties":{"polity_id":"kievan-rus","name":"Kievan Rus'","start_date":1040,"end_date":1235,"status":"provisional-secondary-capture","confidence":"unreviewed","legal_basis":[],"source_ids":["capture:cliopatria-v0.2.0"],"provenance":{"capture_source":"Cliopatria / Seshat Global History Databank","capture_version":"v0.2.0-compatible main snapshot","wikidata":"Q1108445","wikipedia":"Kievan Rus'","seshat_id":"ua_kievan_rus","source_area_km2":1199824.4493511724,"captured_at":"2026-08-22"},"notes":"Bootstrap geometry only. Must be checked against Russian legal, treaty, atlas and scholarly sources before verified status."},"geometry":{"type":"MultiPolygon","coordinates":[[[[36.778892517089844,45.10417556762695],[36.74873733520508,45.431331634521484],[37.216339111328125,45.300437927246094],[37.17478561401367,45.03877639770508],[36.9413948059082,45.10417556762695],[36.778892517089844,45.10417556762695]]],[[[24.41883659362793,54.47740173339844],[24.505613327026367,54.47740173339844],[24.497575759887695,54.4095458984375],[24.410846710205078,54.4095458984375],[24.41883659362793,54.47740173339844]]],[[[39.28813171386719,60.416839599609375],[39.320613861083984,60.20578384399414],[39.737457275390625,60.065250396728516],[39.860355377197266,59.85470962524414],[40.275390625,59.714515686035156],[40.609432220458984,59.294734954833984],[41.021793365478516,59.15507125854492],[41.21245193481445,58.876129150390625],[41.39280319213867,58.876129150390625],[41.672447204589844,58.59769821166992],[41.63225555419922,58.45867156982422],[41.8614387512207,58.31977081298828],[41.821353912353516,58.180992126464844],[42.029945373535156,57.97305679321289],[41.97023010253906,57.7653923034668],[42.1090087890625,57.62710189819336],[42.002132415771484,56.937416076660156],[42.140586853027344,56.799827575683594],[42.04460525512695,56.45634460449219],[41.66739273071289,56.04508590698242],[41.59344482421875,55.77145767211914],[41.34852981567383,55.83982467651367],[41.13672637939453,55.70311737060547],[40.87371063232422,55.70311737060547],[40.68056869506836,55.63479995727539],[40.64512634277344,55.498252868652344],[39.682411193847656,55.498252868652344],[39.073822021484375,55.15733337402344],[38.99151611328125,54.817054748535156],[39.07853698730469,54.817054748535156],[39.02956771850586,54.613189697265625],[39.11643981933594,54.613189697265625],[38.94889450073242,54.27390670776367],[39.1605224609375,54.07062530517578],[39.183143615722656,53.799922943115234],[39.35573959350586,53.799922943115234],[39.55060577392578,53.52959060668945],[39.385826110839844,53.192195892333984],[39.471702575683594,53.192195892333984],[39.34275436401367,52.250450134277344],[39.41299819946289,52.18334197998047],[39.24258804321289,52.18334197998047],[39.19814682006836,51.98215103149414],[39.11307144165039,51.98215103149414],[38.9124641418457,51.44654083251953],[38.82773208618164,51.44654083251953],[38.85594940185547,51.17921447753906],[38.588382720947266,51.112430572509766],[38.22669219970703,50.578861236572266],[37.934783935546875,50.37908172607422],[37.89592742919922,50.17946243286133],[37.811973571777344,50.17946243286133],[37.87028503417969,50.04647445678711],[37.70252990722656,50.04647445678711],[37.5809326171875,49.84712600708008],[37.2090950012207,49.64793395996094],[36.08684539794922,49.44889450073242],[35.41861343383789,49.44889450073242],[35.14583206176758,49.316287994384766],[31.399789810180664,49.38258361816406],[29.796173095703125,49.2500114440918],[29.395994186401367,49.38258361816406],[27.31626319885254,49.44889450073242],[26.862089157104492,49.11750411987305],[26.695405960083008,49.11750411987305],[26.3342227935791,48.852684020996094],[26.320472717285156,48.72037124633789],[26.16102409362793,48.786521911621094],[26.147470474243164,48.654239654541016],[25.981304168701172,48.654239654541016],[25.17116928100586,47.993770599365234],[25.241594314575195,47.86185836791992],[25.0762882232666,47.86185836791992],[24.981626510620117,47.730003356933594],[24.8990421295166,47.730003356933594],[24.586227416992188,47.92780685424805],[24.686708450317383,48.1257438659668],[24.367206573486328,48.257774353027344],[24.378963470458984,48.38986587524414],[24.052976608276367,48.455936431884766],[23.826892852783203,48.72037124633789],[23.089706420898438,48.852684020996094],[22.77837371826172,49.11750411987305],[22.5230712890625,49.051273345947266],[21.79827117919922,49.38258361816406],[21.385677337646484,49.44889450073242],[22.158485412597656,49.71431350708008],[22.258319854736328,49.91355895996094],[22.946025848388672,50.11296081542969],[22.91514015197754,50.71213912963867],[23.08979606628418,50.77880859375],[23.10826873779297,50.97892379760742],[23.023828506469727,50.97892379760742],[23.042409896850586,51.17921447753906],[22.87944221496582,51.24601745605469],[22.995450973510742,51.580322265625],[22.6685791015625,51.71418380737305],[22.687358856201172,51.91512680053711],[22.347232818603516,51.91512680053711],[22.10417366027832,52.0491943359375],[22.292898178100586,52.250450134277344],[22.422412872314453,52.720787048339844],[22.343225479125977,52.78806686401367],[22.428829193115234,52.78806686401367],[22.6462345123291,53.25962829589844],[22.732158660888672,53.25962829589844],[22.745656967163086,53.39456558227539],[22.924564361572266,53.462066650390625],[23.03854751586914,53.732303619384766],[23.41990852355957,54.07062530517578],[24.489561080932617,54.341712951660156],[24.592388153076172,54.47740173339844],[25.77332305908203,54.88506317138672],[26.158143997192383,55.15733337402344],[26.60393714904785,55.225467681884766],[26.710338592529297,55.36180877685547],[27.439733505249023,55.56651306152344],[28.027862548828125,55.97663879394531],[27.971586227416992,56.182064056396484],[28.05961799621582,56.182064056396484],[28.113149642944336,56.524986267089844],[27.957975387573242,56.662349700927734],[28.068017959594727,56.799827575683594],[27.912553787231445,56.937416076660156],[27.98894691467285,57.41988754272461],[27.899953842163086,57.41988754272461],[27.966312408447266,57.8345832824707],[27.876989364624023,57.8345832824707],[28.01117706298828,58.11164855957031],[27.854480743408203,58.2503662109375],[27.96677589416504,58.38920593261719],[27.719879150390625,58.528167724609375],[27.743431091308594,59.22488784790039],[28.038253784179688,59.36461639404297],[28.061809539794922,59.504478454589844],[27.88040542602539,59.504478454589844],[27.927438735961914,59.78459548950195],[28.291200637817383,59.78459548950195],[28.406457901000977,59.92485809326172],[28.849285125732422,59.85470962524414],[29.160364151000977,60.065250396728516],[29.14763641357422,59.99503707885742],[29.772369384765625,59.92485809326172],[29.75929069519043,59.85470962524414],[30.136613845825195,59.92485809326172],[30.38283348083496,59.78459548950195],[30.837535858154297,59.78459548950195],[31.103300094604492,60.20578384399414],[31.819162368774414,60.135501861572266],[31.98394775390625,60.48725891113281],[33.17662811279297,60.91054153442383],[35.36024856567383,61.193458557128906],[35.198909759521484,60.91054153442383],[35.56659698486328,60.91054153442383],[35.895484924316406,61.12267303466797],[36.079708099365234,61.12267303466797],[36.11562728881836,61.264278411865234],[36.42884063720703,61.40604019165039],[37.33357620239258,61.335140228271484],[37.31471252441406,61.264278411865234],[38.32425308227539,60.91054153442383],[38.377506256103516,60.76930236816406],[38.561100006103516,60.76930236816406],[38.869571685791016,60.557716369628906],[38.961181640625,60.557716369628906],[38.941654205322266,60.48725891113281],[39.28813171386719,60.416839599609375]]],[[[27.89100456237793,56.799827575683594],[27.979511260986328,56.799827575683594],[27.968727111816406,56.731075286865234],[27.880273818969727,56.731075286865234],[27.89100456237793,56.799827575683594]]],[[[32.90086364746094,60.91054153442383],[32.9927864074707,60.91054153442383],[32.97711944580078,60.83990478515625],[32.885257720947266,60.83990478515625],[32.90086364746094,60.91054153442383]]],[[[38.343605041503906,60.9812126159668],[38.43559265136719,60.9812126159668],[38.416175842285156,60.91054153442383],[38.32425308227539,60.91054153442383],[38.343605041503906,60.9812126159668]]],[[[33.484493255615234,61.05192565917969],[33.5765380859375,61.05192565917969],[33.56040573120117,60.9812126159668],[33.468421936035156,60.9812126159668],[33.484493255615234,61.05192565917969]]]]}},{"type":"Feature","properties":{"polity_id":"kievan-rus","name":"Kievan Rus'","start_date":1236,"end_date":1240,"status":"provisional-secondary-capture","confidence":"unreviewed","legal_basis":[],"source_ids":["capture:cliopatria-v0.2.0"],"provenance":{"capture_source":"Cliopatria / Seshat Global History Databank","capture_version":"v0.2.0-compatible main snapshot","wikidata":"Q1108445","wikipedia":"Kievan Rus'","seshat_id":"ua_kievan_rus","source_area_km2":1067.8550986705625,"captured_at":"2026-08-22"},"notes":"Bootstrap geometry only. Must be checked against Russian legal, treaty, atlas and scholarly sources before verified status."},"geometry":{"type":"Polygon","coordinates":[[[36.9413948059082,45.10417556762695],[37.17478561401367,45.03877639770508],[37.216339111328125,45.300437927246094],[36.74873733520508,45.431331634521484],[36.778892517089844,45.10417556762695],[36.9413948059082,45.10417556762695]]]}}]}
