{"type":"FeatureCollection","metadata":{"dataset":"Rulers of Russia Territory Archive","polity_id":"russian-tsardom","polity_label":"Русское царство","project_owned_runtime_data":true,"external_runtime_dependencies":[],"review_status":"unreviewed-source-capture"},"features":[{"type":"Feature","properties":{"polity_id":"russian-tsardom","name":"Русское царство","start_date":"1547-01-16","end_date":"1552","status":"provisional-source-capture","confidence":"unreviewed","legal_basis":[],"source_ids":["capture:ohm:2849501"],"provenance":{"capture_source":"OpenHistoricalMap","capture_id":2849501,"capture_date":"2026-08-22"},"notes":"One-time geometry capture. Review against project historical sources before marking verified."},"geometry":{"type":"MultiPolygon","coordinates":[[[[47.5323479,43.0357726],[47.5337212,43.1120122],[47.6257317,43.2882028],[47.5584405,43.4180169],[47.5873903,43.537511],[47.6237577,43.5858004],[47.4060052,43.6052568],[47.3043816,43.6946873],[47.1931451,43.7115647],[47.0935815,43.7611768],[46.8650519,43.7533811],[46.8544797,43.7742306],[46.8264265,43.7599166],[46.7773181,43.7749575],[46.6368187,43.7294075],[46.5355594,43.7282984],[46.4551285,43.663141],[46.4538462,43.631252],[46.4125312,43.5941776],[46.433226,43.5362458],[46.3812704,43.4949401],[46.3867222,43.4798687],[46.3311917,43.4561123],[46.3089671,43.4645963],[46.3086238,43.4319444],[46.269485,43.4204747],[46.2651935,43.4401714],[46.2138667,43.4158613],[46.1802211,43.4480233],[46.1457171,43.438925],[46.1033746,43.4572585],[45.9859004,43.4204747],[45.8296886,43.5020868],[45.6959643,43.5435359],[45.4923739,43.5513744],[45.4415622,43.6108143],[45.3931474,43.635454],[45.1977429,43.9137312],[45.0878796,44.3709948],[44.999989,45.8441154],[44.7363171,46.9127585],[44.6264539,47.635791],[44.4435318,48.6251746],[44.4726549,48.6737341],[44.586638,48.757095],[44.8846422,49.0522712],[44.9862657,49.2821411],[45.1620456,49.5911308],[45.4888889,50.1117739],[45.8871432,50.4190207],[45.8486911,50.5046947],[45.6921359,50.6424957],[45.7058688,50.7068968],[45.9997531,50.8076721],[46.079404,50.8822448],[46.0491916,50.9549683],[45.9036227,51.0828236],[45.8710969,51.1820157],[42.7203314,54.6611269],[42.7038464,54.8955711],[42.5720105,55.2540833],[42.5170789,55.6342041],[42.6489148,55.8999623],[42.9345593,56.194487],[43.1982312,56.5110236],[43.3740125,56.7587517],[43.3849988,57.0108386],[43.3520398,57.2909241],[43.4509167,57.4863149],[43.8244519,57.7510818],[44.1979871,57.9323565],[43.5717664,57.978989],[42.7368054,57.9556803],[42.3962292,57.9673366],[41.9018445,58.0836908],[42.4072156,58.4879577],[43.9782605,59.1590414],[44.7253308,59.5788566],[45.0871981,59.8655519],[47.8460116,59.9258333],[48.9188593,59.9855158],[49.6638924,60.097131],[50.1705149,60.2601519],[50.4238262,60.2231728],[50.6324354,59.9780614],[51.5860778,58.4764809],[53.2251507,58.755832],[54.6556142,58.7944543],[55.326144,59.2393442],[56.1456805,59.6785048],[57.4420381,60.2527595],[59.0959967,60.6787804],[67.4999851,61.8604385],[67.3807798,62.0565767],[66.7698526,62.2653293],[65.5032964,62.5963483],[64.8923692,63.0658042],[65.3691904,63.4746228],[65.8013096,63.8776796],[65.9354156,64.3008947],[65.7119056,64.7622219],[65.473495,65.1720405],[65.607601,65.4706666],[65.8311109,66.2085567],[66.7698526,68.0269243],[67.2057669,68.6921408],[67.4915485,68.7151587],[67.5459725,68.7478068],[67.5374807,68.7958696],[67.3914533,68.8607639],[66.6949694,68.934393],[66.5539427,69.0255695],[66.2626081,69.1212112],[65.3500579,69.2444927],[65.2408206,69.3010514],[65.1096332,69.3214519],[64.6309487,69.4795257],[63.9394224,69.6360822],[62.7639244,69.7730823],[62.2236548,69.7811804],[61.8811313,69.8004778],[61.7655418,69.8238248],[61.5575982,69.8201344],[61.4837878,69.830248],[61.3007179,69.9022974],[61.1983727,69.9169291],[61.0021173,69.8979148],[60.8253236,69.9166333],[60.6272914,69.8753855],[60.6369366,69.9185584],[60.5705138,69.9620639],[60.3649569,70.0161972],[60.2104312,70.081846],[60.2013601,70.1107655],[60.1568973,70.1321562],[59.974757,70.1471112],[59.915454,70.1871754],[59.7064044,70.2507756],[59.5136255,70.3731717],[59.237756,70.4600003],[59.1832339,70.5021795],[59.0221925,70.5198643],[58.8613006,70.4790233],[58.760742,70.5065866],[58.6266847,70.5116192],[58.5113519,70.4753852],[58.5092678,70.4496309],[58.5455946,70.4128175],[58.3588929,70.4207021],[58.2543028,70.3934964],[58.238627,70.3593938],[58.2970838,70.304422],[58.1686284,70.2715771],[58.1589761,70.2464553],[58.1824245,70.2046055],[58.390365,70.1329894],[58.4608355,70.0489939],[58.5560591,69.989423],[58.6796953,69.9323962],[58.8347295,69.8934006],[58.8925154,69.8489126],[58.9763262,69.8185247],[59.2015375,69.8030468],[59.3049619,69.7646299],[59.4127967,69.7642804],[59.3682855,69.7395136],[59.3701592,69.7079108],[59.5093466,69.6634779],[60.0369072,69.6088098],[60.0266519,69.5561089],[60.0785723,69.4843204],[60.4850566,69.2322626],[60.4825845,69.1390919],[60.5221453,69.0938543],[60.6189657,69.0525587],[60.7814019,69.0351595],[60.8074729,68.9754145],[60.785114,68.9256368],[60.6617224,68.8835883],[60.5916342,68.8227403],[60.4215434,68.7478731],[60.1243215,68.7310707],[59.9183408,68.762212],[59.692179,68.6738172],[59.656068,68.6394269],[59.6737965,68.5856083],[59.809607,68.4970697],[59.8304581,68.453719],[59.7423771,68.4065255],[59.64135,68.3841046],[59.2623173,68.4402263],[59.3268708,68.5143899],[59.3057373,68.5473332],[59.2627524,68.5664629],[59.3114439,68.5871588],[59.3313623,68.6179187],[59.5465515,68.6281172],[59.6070158,68.6503202],[59.6289948,68.6812655],[59.6147278,68.7069842],[59.5466686,68.7389324],[59.56857,68.7639905],[59.5474365,68.8055076],[59.4486214,68.8345005],[59.3068754,68.9086195],[59.455416,68.9458184],[59.6418251,68.9561894],[59.6874472,68.9901933],[59.6660199,69.039643],[59.6193689,69.0763371],[59.4917027,69.1254124],[59.4622214,69.1539085],[59.4531598,69.2274767],[59.3990966,69.2729007],[59.2220369,69.3294508],[58.9179451,69.3866076],[58.8347688,69.4334241],[58.7213783,69.4451359],[58.7244914,69.4881285],[58.6571327,69.5237685],[58.4366944,69.5360527],[58.3463133,69.5090212],[58.3084829,69.4729909],[58.3101406,69.4517288],[58.3777143,69.4157948],[58.4903335,69.3985155],[58.4886684,69.372048],[58.5134871,69.3525513],[58.7620928,69.2573399],[59.0558791,69.200452],[59.0980425,69.1158951],[59.238349,69.0628475],[59.2638331,69.0327733],[58.8093308,69.0232735],[57.7408793,68.8268798],[57.2781113,68.7840355],[57.1365989,68.7541011],[57.0207225,68.6804059],[57.0400754,68.6349456],[57.1395238,68.6085392],[57.2476624,68.6151016],[57.361776,68.6579594],[57.3469097,68.6161432],[57.2661982,68.5839711],[57.118582,68.5771879],[56.9620031,68.598593],[56.8752992,68.6422123],[56.6603082,68.6743889],[56.3267692,68.6412889],[56.1771335,68.6844509],[56.0438702,68.6972624],[55.8811579,68.6836069],[55.6067946,68.6047386],[55.3400988,68.6018976],[54.8851646,68.4527316],[54.8210849,68.3786196],[54.7062924,68.3250714],[54.7168014,68.2820697],[54.7737724,68.2521174],[54.7535154,68.241078],[54.4948527,68.3985967],[54.3688725,68.4039268],[54.221419,68.3746349],[54.1215997,68.3844867],[54.0932563,68.3994448],[54.0780706,68.4768752],[54.037011,68.535982],[53.8798679,68.6279665],[53.9884239,68.6762798],[54.0060555,68.7009776],[53.9901921,68.7389845],[54.1064879,68.7772988],[54.4107419,68.7334632],[54.5211033,68.7547507],[54.5581185,68.7871083],[54.5185559,68.8274217],[54.387736,68.8649264],[54.0920413,68.8774024],[54.4326467,68.9044823],[54.5617378,68.8835551],[54.7803973,68.9005336],[54.9159131,68.8623877],[55.1471526,68.8772382],[55.2715954,68.8472783],[55.3975979,68.850703],[55.5807858,68.8194686],[55.7137365,68.845944],[55.7466932,68.8875046],[55.743893,68.911151],[55.6695504,68.9464616],[55.5069464,68.9755823],[55.1379019,68.9645547],[54.9123113,69.0243046],[54.7797775,69.0188465],[54.5401241,69.0428304],[54.0417658,69.0317744],[53.6127976,68.9839085],[52.9203425,68.8427863],[52.060724,68.6027515],[51.6917355,68.5470521],[51.1798273,68.5438513],[50.9599702,68.5109639],[50.7466765,68.4398859],[50.580162,68.3402804],[50.0700799,68.1595179],[49.1794205,67.910129],[48.9452762,67.8803822],[48.8536968,67.8936546],[48.6826608,67.9586322],[48.5111603,67.9541365],[48.4660532,67.9306962],[48.4603253,67.9064503],[48.6413042,67.8213467],[48.6425916,67.7643371],[48.6234067,67.7444522],[48.4620808,67.6990635],[48.2956292,67.7154085],[48.1208681,67.6714105],[47.9461146,67.6914917],[47.7152999,67.6009668],[47.7026079,67.5679854],[47.7293669,67.5163345],[47.801721,67.4608058],[47.7462626,67.4001534],[47.6368644,67.3433292],[47.6472757,67.2526342],[47.5884391,67.227973],[47.5572022,67.1926101],[47.6243652,67.1221067],[47.6243723,67.0548362],[47.541764,66.9818547],[47.4983462,66.9648549],[47.3338932,66.9655296],[46.9151143,66.8940538],[46.7083335,66.879746],[46.6303833,66.9121921],[46.5204702,66.9209944],[46.1691158,66.8777921],[45.9149144,66.9320383],[45.8283068,67.0083313],[45.8104734,67.051454],[45.7529838,67.0900633],[45.7503727,67.1388868],[45.6901575,67.1897613],[45.1896555,67.301601],[45.0455212,67.3570816],[45.0388978,67.3886476],[45.0642141,67.4343509],[45.1292443,67.4841398],[45.2492463,67.5293283],[45.3416072,67.5283176],[45.4226676,67.5550625],[45.4799036,67.6329701],[45.4679748,67.677416],[45.5503852,67.6994718],[45.8745751,67.7048152],[46.0027461,67.7351656],[46.3497442,67.7682843],[46.6910328,67.7534742],[46.8124549,67.7851206],[46.8476125,67.8459765],[46.8342186,67.8995578],[46.6704832,68.0349685],[46.6606568,68.1333734],[46.4286043,68.2602537],[46.5062602,68.2934778],[46.5124672,68.3239445],[46.4860823,68.358652],[46.0963653,68.473367],[45.5043614,68.5718239],[45.037959,68.5997207],[44.0896174,68.5821504],[43.8150585,68.6591198],[43.5106471,68.711451],[43.2343825,68.7104665],[43.1430963,68.6644564],[43.204619,68.5904865],[43.457743,68.4872532],[43.8982083,68.3581644],[44.0851796,68.2744594],[44.0883523,68.2075617],[44.0592801,68.0898559],[44.0089992,68.0094597],[44.0279433,67.9576319],[43.973249,67.8512083],[44.0023366,67.7610229],[43.9378403,67.6961689],[43.9122355,67.6335866],[43.8162984,67.5476929],[43.7076987,67.4107991],[43.6325053,67.2674135],[43.645226,67.1940438],[43.6894805,67.1590931],[43.8588546,67.1054923],[44.0531005,67.1041195],[44.3547059,66.9113779],[44.3363366,66.8792192],[44.3498095,66.8452913],[44.2637929,66.8175528],[44.2256557,66.783548],[44.239816,66.7361268],[44.3270606,66.6669742],[44.2506542,66.5764768],[44.2452656,66.531919],[44.1003233,66.4484571],[44.0026375,66.3417721],[43.9407285,66.2297801],[43.8099605,66.2483795],[43.7575859,66.2935096],[43.6446239,66.3452423],[43.4636962,66.3754025],[43.4045531,66.4261128],[43.3179029,66.4582891],[43.1297912,66.468405],[42.7458336,66.451377],[42.6621159,66.4906546],[42.3772269,66.5540433],[42.2300941,66.5676052],[42.1138315,66.5543104],[41.9746657,66.5033051],[41.846461,66.3885399],[41.7411725,66.3518491],[41.6169761,66.253372],[41.382198,66.1434973],[41.002565,66.0623617],[40.6330532,66.0184775],[40.3217699,65.8226398],[40.0428007,65.7245561],[39.7862214,65.6673543],[39.667545,65.6065843],[39.6064854,65.5420961],[39.5692766,65.4293971],[39.5902561,65.3388348],[39.7982974,65.2100523],[39.904087,65.128793],[39.9312487,65.0861365],[40.0256917,65.031512],[40.0888696,64.8971077],[40.1368435,64.8432836],[39.8673901,64.797846],[39.7327857,64.7187923],[39.6542197,64.6074721],[39.5801249,64.6048395],[39.3589114,64.6888036],[39.1671838,64.7143577],[38.9414913,64.787997],[38.6066532,64.8215268],[38.4063562,64.8967557],[38.1544228,64.899487],[37.9786022,64.9306114],[37.8324741,64.9853058],[37.8232775,65.0376368],[37.752919,65.0760188],[37.4461908,65.1512071],[37.077575,65.2199856],[36.9653389,65.2192034],[36.8669842,65.2625625],[36.7668696,65.2602003],[36.6878611,65.2333711],[36.6603509,65.1949699],[36.7067637,65.1538685],[36.6955424,65.119402],[36.7305822,65.0820246],[36.6816488,64.9934356],[36.6081224,64.975682],[36.3959618,64.9769987],[36.3160401,64.9300938],[36.3177873,64.8926045],[36.3894815,64.7964218],[36.4260581,64.6912085],[36.4889916,64.6670311],[36.6221433,64.6612632],[36.8047864,64.5035834],[37.0325768,64.3579275],[37.321564,64.288016],[37.2609808,64.2704256],[37.2333251,64.240913],[37.2437601,64.2081984],[37.2908368,64.1837085],[37.3910569,64.1717928],[37.4823237,64.1956733],[37.5034233,64.225504],[37.4885081,64.2516401],[37.3723993,64.2899642],[37.4952401,64.3250783],[37.6238983,64.3023824],[37.7180477,64.3213979],[37.7947866,64.3026087],[37.8256448,64.274858],[37.7816296,64.2473559],[37.7729304,64.1949259],[37.8208728,64.1373519],[37.882376,64.1110624],[37.9122487,64.0566163],[37.8140464,64.0947704],[37.6973366,64.078861],[37.6665588,64.0561765],[37.6640041,64.0290809],[37.7647007,63.9549723],[37.570867,63.9308268],[37.5151792,63.8914686],[37.5173103,63.8566227],[37.4362629,63.8422158],[37.3859046,63.8491635],[37.4201027,63.8815932],[37.4058359,63.9132532],[37.3059157,63.9419279],[37.2515224,63.9902591],[37.2799849,64.0246336],[37.257937,64.0585201],[37.3290515,64.1022857],[37.3323447,64.1416174],[37.3066824,64.1654143],[37.1887356,64.2028829],[37.0725992,64.1925042],[37.0210585,64.1516767],[37.0303764,64.1256829],[37.0966609,64.0799214],[37.0574695,64.0670548],[36.9698961,64.1078385],[36.9641571,64.1590492],[36.8730539,64.1996088],[36.8271766,64.2507106],[36.641396,64.3062904],[36.6059725,64.3505112],[36.5363253,64.3794533],[36.4308919,64.3943699],[36.3339978,64.3782568],[36.2866857,64.4236913],[36.2142269,64.4425327],[36.0272219,64.4333214],[35.7155478,64.4616258],[35.688821,64.4790828],[35.7374505,64.5078278],[35.738176,64.5505038],[35.8115625,64.5726493],[35.8320295,64.6078697],[35.7736641,64.6589922],[35.6246963,64.7360484],[35.4552179,64.7358269],[35.3619578,64.6808916],[35.3889868,64.6368129],[35.4892362,64.6165886],[35.5478909,64.5787568],[35.4960209,64.5443825],[35.4955337,64.5121242],[35.5288467,64.4855427],[35.4955549,64.4708574],[35.4321194,64.4614417],[35.3502116,64.496285],[35.3520485,64.5384455],[35.2894514,64.5674368],[35.2041433,64.5727038],[35.1317409,64.5532258],[35.0658755,64.5655468],[35.197169,64.6397861],[35.2058431,64.6724666],[35.1760985,64.7019248],[35.223423,64.7274495],[35.2325599,64.753866],[35.3151051,64.7624953],[35.3682902,64.7963665],[35.3637942,64.8274763],[35.3330808,64.8495472],[35.2217446,64.8653258],[35.3580797,64.8998432],[35.4759302,64.8943035],[35.5438999,64.9226309],[35.6189957,64.9033915],[35.8021513,64.9042495],[36.0747959,64.9689095],[36.1413873,65.0119618],[36.1403004,65.0544696],[36.1184947,65.0757263],[36.3396012,65.1128318],[36.3864203,65.1373532],[36.3933445,65.1738817],[36.3194413,65.2119742],[36.1261708,65.2131193],[36.0042168,65.2453265],[35.5200829,65.1993497],[35.3964529,65.153664],[35.3754341,65.1211283],[35.3810214,65.0895541],[35.4432103,65.0342603],[35.3328507,64.9951219],[35.1656475,65.0249729],[35.1442507,65.0870961],[35.0878854,65.1150471],[34.9161564,65.1198359],[34.9288535,65.1423977],[34.9174606,65.1679173],[34.8030542,65.2492286],[34.6893567,65.2948232],[34.7015048,65.3167587],[34.6885288,65.3401382],[34.8089446,65.4032806],[34.8131884,65.4537338],[34.9044646,65.5171918],[34.9185704,65.5628583],[35.0341263,65.5796975],[35.0662106,65.6037733],[35.0680301,65.6275728],[35.1467387,65.6688033],[35.1841244,65.7482441],[35.1614658,65.7837722],[35.1680992,65.8293029],[34.9815278,65.8975399],[34.9388993,65.9356886],[34.8484633,65.9501511],[34.821477,66.004399],[34.6266017,66.1095115],[34.1212425,66.2835583],[34.004755,66.3529119],[33.9891402,66.384574],[34.0110848,66.4222417],[33.9646652,66.4568555],[33.882125,66.4850237],[33.7597094,66.4869398],[33.6512806,66.5449097],[33.7996287,66.5575288],[33.8356732,66.5906643],[33.816397,66.6219027],[34.0060016,66.6322183],[34.1773834,66.6110028],[34.3585687,66.5066008],[34.4413648,66.4880699],[34.5903067,66.4904035],[34.8383505,66.5421958],[35.1049373,66.4330051],[35.4837845,66.3367835],[36.503702,66.2239455],[36.7527874,66.2309465],[36.9275832,66.2113423],[37.2908908,66.154069],[37.58634,66.0692462],[37.8482424,66.0381468],[38.3899196,66.0034263],[38.749122,66.012547],[38.9588953,66.0553692],[39.1523613,66.0525422],[39.5184411,66.1322487],[40.0630422,66.2090091],[40.3487405,66.3255084],[40.4669424,66.3417058],[40.6824855,66.4278844],[40.7640011,66.4410747],[40.8286885,66.482593],[40.8361088,66.5476834],[41.2070409,66.7150032],[41.3577507,66.8169711],[41.4246768,66.9451068],[41.5012383,67.0057273],[41.5074452,67.0348555],[41.4829278,67.0605526],[41.5259068,67.0852878],[41.5376094,67.1188379],[41.4736785,67.1599715],[41.4940389,67.1990662],[41.4517008,67.2417441],[41.3567002,67.2670162],[41.2231144,67.2717135],[41.2493614,67.328889],[41.2549597,67.4072737],[41.2274963,67.4500079],[41.142787,67.494071],[41.1279679,67.5509977],[41.176919,67.6315624],[41.1057224,67.7209349],[40.9863273,67.7698657],[40.8560346,67.7797119],[40.761147,67.8337437],[40.522783,67.885528],[40.3913563,67.9489525],[40.2308892,67.9844182],[40.0778387,68.057385],[40.0376864,68.1111284],[39.9714208,68.1527433],[39.8484041,68.1952316],[39.7379951,68.2086907],[39.6443379,68.194283],[39.6016752,68.1595717],[39.6275348,68.1155854],[39.4622227,68.1484576],[39.2875702,68.2257888],[39.1259376,68.2624263],[39.0674833,68.3097621],[38.8496643,68.3606213],[38.7358065,68.4170749],[38.4565003,68.4509751],[38.2140723,68.5297824],[38.0863869,68.609564],[37.959763,68.6509198],[37.8931126,68.7245804],[37.6921943,68.7558047],[37.6275517,68.8093878],[37.1846301,68.9004299],[36.5580458,69.0751277],[36.5092421,69.1046283],[36.1022705,69.1875694],[35.958792,69.240687],[35.2499308,69.3072554],[35.0843489,69.3006162],[35.0077079,69.2658438],[34.8697511,69.3003638],[34.5497677,69.3127538],[34.5440722,69.3482097],[34.4971786,69.3743029],[34.1226837,69.4379219],[33.9588003,69.4264855],[33.8679999,69.3977305],[33.819983,69.3619245],[33.6221654,69.3568799],[33.6375653,69.3878131],[33.6280866,69.4190353],[33.5207433,69.4625734],[32.9047246,69.5213939],[33.0654097,69.550108],[33.2122126,69.6182199],[33.2724131,69.725355],[33.1576557,69.789283],[32.6552852,69.8521634],[32.1342604,70.0026787],[31.8563593,70.0050167],[31.7711409,69.9737737],[31.7160438,69.8923547],[31.5855417,69.9068879],[31.437654,69.8898559],[31.3840227,69.8567359],[31.401387,69.792854],[30.8953155,69.8450293],[30.8176414,69.7948444],[30.8905984,69.7372657],[30.8736595,69.7149353],[30.9444154,69.6832279],[30.9233763,69.6697388],[30.9542528,69.6324096],[30.9465507,69.576363],[30.81799,69.5288883],[30.5159812,69.5404206],[30.2240291,69.6531205],[30.1516722,69.6693762],[30.0852915,69.6580972],[30.0912854,69.6428379],[30.137826,69.6435197],[30.1855994,69.5505719],[30.1223803,69.5166756],[30.1168881,69.4692538],[30.0345285,69.4246791],[29.9481468,69.4050014],[29.8504972,69.4228126],[29.7226467,69.3890938],[29.5704517,69.3178794],[29.3965182,69.3236938],[29.2923407,69.2979319],[29.276971,69.250761],[29.3139861,69.2312317],[29.2864934,69.1692013],[29.2487203,69.1615253],[29.2310095,69.1216852],[29.242137,69.1130186],[29.0566538,69.0152255],[28.9292868,69.0519146],[28.4157884,68.9154506],[28.4680152,68.8854349],[28.8007884,68.8692833],[28.7064097,68.7322371],[28.4339319,68.539671],[28.6461512,68.1963033],[29.3270886,68.0745422],[29.6594055,67.8029589],[30.017043,67.6735527],[29.9302245,67.5225238],[29.6160519,67.345731],[29.6440601,67.3357821],[29.5225573,67.3098971],[29.5044673,67.2855845],[29.5164949,67.2806526],[29.0728518,66.995901],[29.0331725,66.9255118],[29.0605147,66.8531003],[29.1189692,66.8014769],[29.1058565,66.7904471],[29.1494135,66.7804339],[29.3611293,66.6388082],[29.3825949,66.5984441],[29.4190358,66.5919864],[29.4106071,66.5831721],[29.4720555,66.5439006],[29.6313606,66.366276],[29.6963998,66.2687473],[29.9233057,66.1271457],[29.9926245,66.0223595],[29.9971176,65.978834],[30.0242232,65.9667021],[30.068452,65.8949649],[30.1193759,65.7522112],[30.1384654,65.668677],[30.0171088,65.6964778],[29.7218687,65.6370846],[29.8639021,65.5604438],[29.7330481,65.4725004],[29.7273933,65.4003301],[29.7465796,65.347402],[29.6017879,65.2599327],[29.6340018,65.2315851],[29.8856591,65.2062953],[29.8935882,65.1929709],[29.8193328,65.1442782],[29.8968589,65.1051397],[29.7326676,65.0912944],[29.6269757,65.0605969],[29.5993331,64.9950558],[29.6191848,64.959659],[29.6109949,64.9273109],[29.6449074,64.866493],[29.699703,64.8372234],[29.6875026,64.8188089],[29.7396283,64.7897836],[30.0429299,64.7928807],[30.0865096,64.7739882],[30.0413965,64.7411934],[30.1358375,64.6489996],[30.130109,64.6347287],[29.9894001,64.5876222],[29.9869571,64.5338969],[30.0583381,64.4508873],[30.0448663,64.4020287],[30.1099241,64.3650286],[30.3669331,64.2996872],[30.3608053,64.2813189],[30.3882735,64.2690683],[30.4824363,64.2623259],[30.5095961,64.2216872],[30.4663645,64.2044309],[30.5534022,64.1322472],[30.5535576,64.1016869],[30.4918692,64.0169518],[30.3209136,63.9095321],[30.2604128,63.8220093],[29.9723741,63.756915],[30.2441514,63.6072718],[30.2582144,63.583947],[30.3845366,63.5455091],[30.4840079,63.4667034],[30.7876915,63.4052755],[30.8501493,63.3684509],[30.9344216,63.3554973],[30.9791661,63.3077728],[31.2398348,63.2188742],[31.2548471,63.1786518],[31.2553452,63.1461864],[31.1503594,63.1124643],[30.9635918,63.0991085],[30.8702081,63.0667807],[30.8406823,63.0400209],[30.8029168,62.9221105],[30.5907433,62.8379106],[30.3902428,62.7999575],[30.2220147,62.8626635],[30.2014153,62.8134505],[30.1300042,62.7917958],[30.1464837,62.7669832],[30.0517266,62.7396337],[30.0709527,62.7154067],[30.0537865,62.6993493],[29.94255,62.680132],[29.8498528,62.7043879],[29.8402398,62.664686],[29.899978,62.6252466],[29.7784417,62.6031375],[29.7200768,62.5639326],[29.7859948,62.4723587],[29.7921746,62.4396537],[29.7750085,62.412955],[29.6129601,62.3734992],[29.5127099,62.3196411],[29.4941705,62.2768682],[29.369201,62.164861],[29.3980401,62.0897441],[29.6040337,61.9331361],[29.2579644,61.7152618],[29.2222588,61.6612031],[29.1790002,61.6429451],[29.0401266,61.6407434],[29.1796848,61.5711137],[29.2401096,61.5069771],[29.4009166,61.3973084],[29.5587144,61.2081216],[29.5556256,61.0579533],[29.5947644,61.0481493],[29.5892712,61.0260379],[29.6136471,61.0203828],[29.5686718,60.9701086],[29.7556112,60.8594588],[29.787712,60.8098508],[29.7710609,60.7873638],[29.7895145,60.7670827],[29.7702884,60.7570212],[29.7887417,60.7128392],[29.9260708,60.6676291],[30.03647,60.6618537],[30.0828939,60.6109789],[30.1749713,60.5994279],[30.0521089,60.551254],[30.0336247,60.5203254],[30.0557054,60.4967071],[30.1899145,60.4575564],[30.2446743,60.4770181],[30.3602026,60.4417248],[30.440368,60.4446888],[30.449981,60.4243606],[30.5220788,60.4673735],[30.5454247,60.4443501],[30.6779466,60.4863221],[30.7033537,60.5175113],[31.2456326,60.7111903],[31.3467393,60.1038801],[31.5493005,59.9360968],[31.7394992,59.7287171],[31.8081638,59.599707],[31.832883,59.4520571],[31.7889397,59.3993169],[31.8006127,59.3429945],[31.7669671,59.3384427],[31.4758273,59.4101519],[31.2203952,59.4115496],[31.2176486,59.3835851],[31.313779,59.2876317],[31.2794467,59.087151],[31.2135287,59.0744496],[31.1036655,59.1047841],[30.9320041,59.088562],[30.8935519,59.1139498],[30.9402438,59.2630746],[30.8496066,59.3926761],[30.7534763,59.4304125],[30.5145236,59.4031626],[30.2920505,59.2644783],[30.1821872,59.222341],[29.9157687,59.1477709],[29.6987888,59.0631554],[29.5422336,59.0462073],[29.4241306,59.0589192],[29.2874902,59.116416],[29.2174523,59.0878555],[29.0972894,59.1040779],[28.7470995,59.3002535],[28.5479723,59.3156746],[28.2949447,59.294994],[28.2513414,59.225151],[28.0590807,59.1252265],[27.9052721,59.018648],[27.3422214,58.8932972],[27.5550829,58.3685975],[27.4864183,58.3066037],[27.4905382,58.2191956],[27.6354214,58.10038],[27.6055523,58.0542688],[27.6206585,58.0055514],[27.6537893,57.9958181],[27.6493262,58.0201917],[27.6987646,57.9986382],[27.6845167,57.9600461],[27.6560209,57.955037],[27.6790236,57.923965],[27.7181624,57.9204096],[27.6955029,57.9073702],[27.8197859,57.890585],[27.8158378,57.8623794],[27.7761837,57.8330551],[27.7408218,57.8277539],[27.7081203,57.848451],[27.5555133,57.8338774],[27.530708,57.790808],[27.4946591,57.7876969],[27.5265881,57.7578538],[27.5113105,57.7507096],[27.5456428,57.7333016],[27.5262448,57.7307356],[27.5256442,57.7093748],[27.500925,57.706486],[27.4927711,57.7230361],[27.4113177,57.7003408],[27.3761272,57.6681763],[27.4009322,57.6329508],[27.3887014,57.6160607],[27.4051379,57.6124059],[27.3174916,57.5800341],[27.3515884,57.5182161],[27.3747745,57.5354148],[27.4150519,57.5226559],[27.5565377,57.5378439],[27.5463272,57.5192773],[27.5673392,57.5092177],[27.5161921,57.4249263],[27.6694264,57.3952715],[27.6841181,57.3721178],[27.7790722,57.3434011],[27.781842,57.3203282],[27.82394,57.3230627],[27.8665879,57.2963924],[27.8702622,57.2482655],[27.8256765,57.2004927],[27.8182775,57.1433435],[27.737531,57.1189964],[27.7518744,57.0982907],[27.7152118,57.0976375],[27.7687745,57.085618],[27.7146504,57.007379],[27.7695654,57.0052405],[27.7371561,56.920078],[27.6863346,56.9158951],[27.6720469,56.895622],[27.6593808,56.8343402],[27.848567,56.8794211],[27.8740298,56.8774814],[27.9016674,56.8205634],[27.9590258,56.8326139],[28.2788058,57.0526835],[28.5726901,56.9614512],[28.3227512,56.4685613],[28.3145114,56.3241538],[30.5969211,55.9153531],[30.6285081,55.7611234],[30.7768236,55.6179164],[31.8878119,55.7023582],[32.1954291,56.2586118],[33.2226508,55.7734865],[33.700556,55.341645],[34.4970648,55.1255114],[33.6099216,54.2170747],[33.0303928,53.6462676],[32.956235,53.5973966],[32.9287692,53.4488085],[33.6428806,53.561522],[33.7280246,53.0857783],[34.5245334,53.0296537],[33.8653537,52.3454092],[34.1043063,52.1452896],[34.0768405,52.0710671],[34.1111742,52.0060202],[34.4036852,51.8272918],[34.4338976,51.7559411],[34.4187914,51.7202235],[34.0823351,51.6742593],[34.2979417,51.5215625],[34.2416375,51.4356049],[33.5714694,51.4471621],[33.4973117,51.156956],[34.579465,50.6755776],[35.3539984,50.4889721],[36.6558783,48.8394167],[36.4581244,47.7836383],[36.1463873,47.5830141],[36.6064398,47.580235],[36.9250433,47.6875829],[37.4908392,47.7762557],[38.2928412,47.8426613],[39.0618842,47.7836383],[39.2266791,47.7097652],[39.4024603,47.5913502],[39.5919786,47.2149052],[39.6290575,47.1953126],[39.7869859,47.215838],[39.8597704,47.2522044],[40.0630174,47.2447467],[40.1715074,47.2605931],[40.2264391,47.229828],[40.2676378,47.2494079],[40.4173265,47.2344906],[40.5505357,47.1897134],[40.6919847,47.198112],[40.7482896,47.1150008],[40.8608995,47.1392939],[40.9281908,47.1215423],[41.4335619,46.9286974],[41.4610277,46.9014934],[41.5118381,46.7586818],[41.6738864,46.6173764],[41.827695,46.5456406],[41.8963596,46.4813754],[41.860654,46.405672],[41.7727634,46.3089976],[41.7398044,46.2311549],[41.6574069,46.1665186],[41.5475436,46.1113276],[41.3195773,46.0656104],[41.3058444,46.0065029],[41.4514133,45.7349444],[41.4514133,45.6447701],[41.3675975,45.6174202],[41.3846703,45.5155875],[41.318748,45.2925621],[41.3236883,45.2191687],[41.0424143,44.9927012],[41.0930272,44.7562075],[41.240216,44.6328401],[41.5746342,44.4208426],[41.6609344,44.2225882],[41.629389,44.0891749],[41.6403681,43.9170771],[41.7093115,43.7426706],[41.7196086,43.6310671],[41.9791418,43.4562152],[43.1679714,43.2932041],[43.5204784,43.1945809],[43.8875594,43.2208202],[43.9402226,43.192827],[44.5836599,43.2981397],[44.9408717,43.3030813],[45.3374236,43.1775064],[45.628746,43.1252305],[45.6755548,43.1678744],[46.0061867,43.158061],[46.3624662,42.9902556],[46.7066842,42.9238938],[47.0469859,42.8905141],[47.77211,42.8601481],[47.7534478,42.8960891],[47.5323479,43.0357726]]],[[[56.6922044,68.8032523],[56.6500616,68.8498594],[56.5169931,68.8690476],[56.389491,68.8442335],[56.3320401,68.8013925],[56.3766902,68.7580506],[56.4929286,68.7404834],[56.6053204,68.7556751],[56.6922044,68.8032523]]],[[[48.0575383,68.9211032],[48.0756005,68.8016681],[48.1092766,68.7558902],[48.3260701,68.6710937],[49.1325232,68.6087663],[49.522443,68.6100947],[49.6792447,68.6400539],[49.7606529,68.689139],[49.7180005,68.7325953],[49.5976649,68.7481069],[49.9697029,68.8696522],[50.2264399,68.9226732],[50.4219574,69.0508923],[50.4597077,69.1173327],[50.4388854,69.1688668],[50.3853127,69.2163397],[50.1756533,69.3167463],[49.3816559,69.5419907],[48.9624816,69.5496608],[48.6289583,69.4989818],[48.4088812,69.4147366],[48.208567,69.3006972],[48.0890114,69.1352091],[48.0575383,68.9211032]]],[[[42.3365605,66.7042877],[42.6322366,66.6122278],[42.733132,66.6193574],[42.7905685,66.6463718],[42.8123259,66.6942349],[42.7873508,66.7441713],[42.7331205,66.7849714],[42.5666196,66.8278738],[42.3920124,66.8187085],[42.3011535,66.7645081],[42.3031635,66.7294309],[42.3365605,66.7042877]]],[[[35.6624571,64.7753732],[35.7282046,64.8218365],[35.6727356,64.8663778],[35.5306962,64.8742581],[35.4547548,64.8300238],[35.4657484,64.802289],[35.5128251,64.7783258],[35.6624571,64.7753732]]]]}},{"type":"Feature","properties":{"polity_id":"russian-tsardom","name":"Русское царство","start_date":"1552","end_date":"1556","status":"provisional-source-capture","confidence":"unreviewed","legal_basis":[],"source_ids":["capture:ohm:2851886"],"provenance":{"capture_source":"OpenHistoricalMap","capture_id":2851886,"capture_date":"2026-08-22"},"notes":"One-time geometry capture. Review against project historical sources before marking verified."},"geometry":{"type":"MultiPolygon","coordinates":[[[[47.5323479,43.0357726],[47.5337212,43.1120122],[47.6257317,43.2882028],[47.5584405,43.4180169],[47.5873903,43.537511],[47.6237577,43.5858004],[47.4060052,43.6052568],[47.3043816,43.6946873],[47.1931451,43.7115647],[47.0935815,43.7611768],[46.8650519,43.7533811],[46.8544797,43.7742306],[46.8264265,43.7599166],[46.7852597,43.7755324],[46.6368187,43.7294075],[46.5355594,43.7282984],[46.4551285,43.663141],[46.4538462,43.631252],[46.4138905,43.5966605],[46.4338239,43.5413],[46.4071342,43.5022415],[46.3311917,43.4561123],[46.3089671,43.4645963],[46.312057,43.433939],[46.2722316,43.419976],[46.2686267,43.440296],[46.2138667,43.4158613],[46.1802211,43.4480233],[46.1457171,43.438925],[46.1033746,43.4572585],[45.9859004,43.4204747],[45.8296886,43.5020868],[45.6959643,43.5435359],[45.523788,43.5620729],[45.4961505,43.549757],[45.4415622,43.6108143],[45.3931474,43.635454],[45.1977429,43.9137312],[45.0878796,44.3709948],[44.999989,45.8441154],[44.7363171,46.9127585],[44.6264539,47.635791],[44.4435318,48.6251746],[44.4726549,48.6737341],[44.586638,48.757095],[44.8846422,49.0522712],[44.9862657,49.2821411],[45.1620456,49.5911308],[45.4888889,50.1117739],[45.8871432,50.4190207],[45.8486911,50.5046947],[45.6921359,50.6424957],[45.7058688,50.7068968],[45.9997531,50.8076721],[46.079404,50.8822448],[46.0491916,50.9549683],[45.9036227,51.0828236],[45.8761569,51.163846],[45.8459445,51.2722276],[45.9228488,51.3837827],[46.046445,51.539504],[46.3211032,51.7729405],[46.4749118,51.8018232],[46.7138644,51.7423386],[46.9363376,51.8103146],[47.3483249,52.0372887],[47.4554416,52.0643135],[47.6477023,52.0592476],[47.8427097,52.0946967],[48.1420871,52.3906889],[48.1805392,52.534604],[48.3618137,52.6747184],[48.4963962,52.8359599],[48.4771701,52.9899923],[48.5046359,53.0907269],[48.6144992,53.1533607],[49.0347263,53.2372785],[49.2736789,53.2142586],[49.4824191,53.1550077],[49.7433444,53.1961628],[50.0234958,53.1895807],[50.2734348,53.1484193],[51.1990329,53.2799969],[51.4297458,53.3685835],[51.7868015,53.5582592],[52.0175143,53.5925064],[52.4432346,53.5810938],[52.7972089,53.5305627],[54.2340033,51.6623376],[55.3381293,52.0356009],[55.5358832,52.0592493],[55.8105414,52.0491158],[56.2829535,51.9036162],[56.6784613,51.7066119],[56.7059271,51.61802],[56.634516,51.4779652],[56.5246472,51.3580684],[57.4146391,50.9940377],[57.9036854,50.8311868],[58.4374531,50.8391238],[58.7066723,50.9124508],[58.5987502,51.1487523],[58.5853915,51.2647171],[58.6493055,51.4568885],[58.7314165,51.5598339],[59.0378677,51.823686],[59.0422335,51.9722621],[58.9326276,52.223086],[58.9245527,52.3656007],[59.1354396,52.8585162],[59.09354,52.935627],[59.0908868,53.043887],[59.32529,53.0617386],[59.2643114,53.3092537],[59.1774108,53.4501037],[59.290526,53.7463756],[59.3916532,53.911803],[59.4468299,54.0446954],[59.6077555,54.1603334],[60.9658715,54.309587],[60.8642358,55.1412222],[60.4467554,55.8629946],[60.0073022,56.0597817],[59.3481226,56.279973],[58.0077905,56.4746402],[56.4916772,56.728634],[55.5907983,56.9210088],[55.1293726,57.3146692],[54.9535913,57.9848197],[54.6556142,58.7944543],[55.326144,59.2393442],[56.1456805,59.6785048],[57.4420381,60.2527595],[59.0959967,60.6787804],[67.4999851,61.8604385],[67.3807798,62.0565767],[66.7698526,62.2653293],[65.5032964,62.5963483],[64.8923692,63.0658042],[65.3691904,63.4746228],[65.8013096,63.8776796],[65.9354156,64.3008947],[65.7119056,64.7622219],[65.473495,65.1720405],[65.607601,65.4706666],[65.8311109,66.2085567],[66.7698526,68.0269243],[67.2057669,68.6921408],[67.4915485,68.7151587],[67.5459725,68.7478068],[67.5374807,68.7958696],[67.3914533,68.8607639],[66.6949694,68.934393],[66.5539427,69.0255695],[66.2626081,69.1212112],[65.3500579,69.2444927],[65.2408206,69.3010514],[65.1096332,69.3214519],[64.6309487,69.4795257],[63.9394224,69.6360822],[62.7639244,69.7730823],[62.2236548,69.7811804],[61.8811313,69.8004778],[61.7655418,69.8238248],[61.5575982,69.8201344],[61.4837878,69.830248],[61.3007179,69.9022974],[61.1983727,69.9169291],[61.0021173,69.8979148],[60.8253236,69.9166333],[60.6272914,69.8753855],[60.6369366,69.9185584],[60.5705138,69.9620639],[60.3649569,70.0161972],[60.2104312,70.081846],[60.2013601,70.1107655],[60.1568973,70.1321562],[59.974757,70.1471112],[59.915454,70.1871754],[59.7064044,70.2507756],[59.5136255,70.3731717],[59.237756,70.4600003],[59.1832339,70.5021795],[59.0221925,70.5198643],[58.8613006,70.4790233],[58.760742,70.5065866],[58.6266847,70.5116192],[58.5113519,70.4753852],[58.5092678,70.4496309],[58.5455946,70.4128175],[58.3588929,70.4207021],[58.2543028,70.3934964],[58.238627,70.3593938],[58.2970838,70.304422],[58.1686284,70.2715771],[58.1589761,70.2464553],[58.1824245,70.2046055],[58.390365,70.1329894],[58.4608355,70.0489939],[58.5560591,69.989423],[58.6796953,69.9323962],[58.8347295,69.8934006],[58.8925154,69.8489126],[58.9763262,69.8185247],[59.2015375,69.8030468],[59.3049619,69.7646299],[59.4127967,69.7642804],[59.3682855,69.7395136],[59.3701592,69.7079108],[59.5093466,69.6634779],[60.0369072,69.6088098],[60.0266519,69.5561089],[60.0785723,69.4843204],[60.4850566,69.2322626],[60.4825845,69.1390919],[60.5221453,69.0938543],[60.6189657,69.0525587],[60.7814019,69.0351595],[60.8074729,68.9754145],[60.785114,68.9256368],[60.6617224,68.8835883],[60.5916342,68.8227403],[60.4215434,68.7478731],[60.1243215,68.7310707],[59.9183408,68.762212],[59.692179,68.6738172],[59.656068,68.6394269],[59.6737965,68.5856083],[59.809607,68.4970697],[59.8304581,68.453719],[59.7423771,68.4065255],[59.64135,68.3841046],[59.2623173,68.4402263],[59.3268708,68.5143899],[59.3057373,68.5473332],[59.2627524,68.5664629],[59.3114439,68.5871588],[59.3313623,68.6179187],[59.5465515,68.6281172],[59.6070158,68.6503202],[59.6289948,68.6812655],[59.6147278,68.7069842],[59.5466686,68.7389324],[59.56857,68.7639905],[59.5474365,68.8055076],[59.4486214,68.8345005],[59.3068754,68.9086195],[59.455416,68.9458184],[59.6418251,68.9561894],[59.6874472,68.9901933],[59.6660199,69.039643],[59.6193689,69.0763371],[59.4917027,69.1254124],[59.4622214,69.1539085],[59.4531598,69.2274767],[59.3990966,69.2729007],[59.2220369,69.3294508],[58.9179451,69.3866076],[58.8347688,69.4334241],[58.7213783,69.4451359],[58.7244914,69.4881285],[58.6571327,69.5237685],[58.4366944,69.5360527],[58.3463133,69.5090212],[58.3084829,69.4729909],[58.3101406,69.4517288],[58.3777143,69.4157948],[58.4903335,69.3985155],[58.4886684,69.372048],[58.5134871,69.3525513],[58.7620928,69.2573399],[59.0558791,69.200452],[59.0980425,69.1158951],[59.238349,69.0628475],[59.2638331,69.0327733],[58.8093308,69.0232735],[57.7408793,68.8268798],[57.2781113,68.7840355],[57.1365989,68.7541011],[57.0207225,68.6804059],[57.0400754,68.6349456],[57.1395238,68.6085392],[57.2476624,68.6151016],[57.361776,68.6579594],[57.3469097,68.6161432],[57.2661982,68.5839711],[57.118582,68.5771879],[56.9620031,68.598593],[56.8752992,68.6422123],[56.6603082,68.6743889],[56.3267692,68.6412889],[56.1771335,68.6844509],[56.0438702,68.6972624],[55.8811579,68.6836069],[55.6067946,68.6047386],[55.3400988,68.6018976],[54.8851646,68.4527316],[54.8210849,68.3786196],[54.7062924,68.3250714],[54.7168014,68.2820697],[54.7737724,68.2521174],[54.7535154,68.241078],[54.4948527,68.3985967],[54.3688725,68.4039268],[54.221419,68.3746349],[54.1215997,68.3844867],[54.0932563,68.3994448],[54.0780706,68.4768752],[54.037011,68.535982],[53.8798679,68.6279665],[53.9884239,68.6762798],[54.0060555,68.7009776],[53.9901921,68.7389845],[54.1064879,68.7772988],[54.4107419,68.7334632],[54.5211033,68.7547507],[54.5581185,68.7871083],[54.5185559,68.8274217],[54.387736,68.8649264],[54.0920413,68.8774024],[54.4326467,68.9044823],[54.5617378,68.8835551],[54.7803973,68.9005336],[54.9159131,68.8623877],[55.1471526,68.8772382],[55.2715954,68.8472783],[55.3975979,68.850703],[55.5807858,68.8194686],[55.7137365,68.845944],[55.7466932,68.8875046],[55.743893,68.911151],[55.6695504,68.9464616],[55.5069464,68.9755823],[55.1379019,68.9645547],[54.9123113,69.0243046],[54.7797775,69.0188465],[54.5401241,69.0428304],[54.0417658,69.0317744],[53.6127976,68.9839085],[52.9203425,68.8427863],[52.060724,68.6027515],[51.6917355,68.5470521],[51.1798273,68.5438513],[50.9599702,68.5109639],[50.7466765,68.4398859],[50.580162,68.3402804],[50.0700799,68.1595179],[49.1794205,67.910129],[48.9452762,67.8803822],[48.8536968,67.8936546],[48.6826608,67.9586322],[48.5111603,67.9541365],[48.4660532,67.9306962],[48.4603253,67.9064503],[48.6413042,67.8213467],[48.6425916,67.7643371],[48.6234067,67.7444522],[48.4620808,67.6990635],[48.2956292,67.7154085],[48.1208681,67.6714105],[47.9461146,67.6914917],[47.7152999,67.6009668],[47.7026079,67.5679854],[47.7293669,67.5163345],[47.801721,67.4608058],[47.7462626,67.4001534],[47.6368644,67.3433292],[47.6472757,67.2526342],[47.5884391,67.227973],[47.5572022,67.1926101],[47.6243652,67.1221067],[47.6243723,67.0548362],[47.541764,66.9818547],[47.4983462,66.9648549],[47.3338932,66.9655296],[46.9151143,66.8940538],[46.7083335,66.879746],[46.6303833,66.9121921],[46.5204702,66.9209944],[46.1691158,66.8777921],[45.9149144,66.9320383],[45.8283068,67.0083313],[45.8104734,67.051454],[45.7529838,67.0900633],[45.7503727,67.1388868],[45.6901575,67.1897613],[45.1896555,67.301601],[45.0455212,67.3570816],[45.0388978,67.3886476],[45.0642141,67.4343509],[45.1292443,67.4841398],[45.2492463,67.5293283],[45.3416072,67.5283176],[45.4226676,67.5550625],[45.4799036,67.6329701],[45.4679748,67.677416],[45.5503852,67.6994718],[45.8745751,67.7048152],[46.0027461,67.7351656],[46.3497442,67.7682843],[46.6910328,67.7534742],[46.8124549,67.7851206],[46.8476125,67.8459765],[46.8342186,67.8995578],[46.6704832,68.0349685],[46.6606568,68.1333734],[46.4286043,68.2602537],[46.5062602,68.2934778],[46.5124672,68.3239445],[46.4860823,68.358652],[46.0963653,68.473367],[45.5043614,68.5718239],[45.037959,68.5997207],[44.0896174,68.5821504],[43.8150585,68.6591198],[43.5106471,68.711451],[43.2343825,68.7104665],[43.1430963,68.6644564],[43.204619,68.5904865],[43.457743,68.4872532],[43.8982083,68.3581644],[44.0851796,68.2744594],[44.0883523,68.2075617],[44.0592801,68.0898559],[44.0089992,68.0094597],[44.0279433,67.9576319],[43.973249,67.8512083],[44.0023366,67.7610229],[43.9378403,67.6961689],[43.9122355,67.6335866],[43.8162984,67.5476929],[43.7076987,67.4107991],[43.6325053,67.2674135],[43.645226,67.1940438],[43.6894805,67.1590931],[43.8588546,67.1054923],[44.0531005,67.1041195],[44.3547059,66.9113779],[44.3363366,66.8792192],[44.3498095,66.8452913],[44.2637929,66.8175528],[44.2256557,66.783548],[44.239816,66.7361268],[44.3270606,66.6669742],[44.2506542,66.5764768],[44.2452656,66.531919],[44.1003233,66.4484571],[44.0026375,66.3417721],[43.9407285,66.2297801],[43.8099605,66.2483795],[43.7575859,66.2935096],[43.6446239,66.3452423],[43.4636962,66.3754025],[43.4045531,66.4261128],[43.3179029,66.4582891],[43.1297912,66.468405],[42.7458336,66.451377],[42.6621159,66.4906546],[42.3772269,66.5540433],[42.2300941,66.5676052],[42.1138315,66.5543104],[41.9746657,66.5033051],[41.846461,66.3885399],[41.7411725,66.3518491],[41.6169761,66.253372],[41.382198,66.1434973],[41.002565,66.0623617],[40.6330532,66.0184775],[40.3217699,65.8226398],[40.0428007,65.7245561],[39.7862214,65.6673543],[39.667545,65.6065843],[39.6064854,65.5420961],[39.5692766,65.4293971],[39.5902561,65.3388348],[39.7982974,65.2100523],[39.904087,65.128793],[39.9312487,65.0861365],[40.0256917,65.031512],[40.0888696,64.8971077],[40.1368435,64.8432836],[39.8673901,64.797846],[39.7327857,64.7187923],[39.6542197,64.6074721],[39.5801249,64.6048395],[39.3589114,64.6888036],[39.1671838,64.7143577],[38.9414913,64.787997],[38.6066532,64.8215268],[38.4063562,64.8967557],[38.1544228,64.899487],[37.9786022,64.9306114],[37.8324741,64.9853058],[37.8232775,65.0376368],[37.752919,65.0760188],[37.4461908,65.1512071],[37.077575,65.2199856],[36.9653389,65.2192034],[36.8669842,65.2625625],[36.7668696,65.2602003],[36.6878611,65.2333711],[36.6603509,65.1949699],[36.7067637,65.1538685],[36.6955424,65.119402],[36.7305822,65.0820246],[36.6816488,64.9934356],[36.6081224,64.975682],[36.3959618,64.9769987],[36.3160401,64.9300938],[36.3177873,64.8926045],[36.3894815,64.7964218],[36.4260581,64.6912085],[36.4889916,64.6670311],[36.6221433,64.6612632],[36.8047864,64.5035834],[37.0325768,64.3579275],[37.321564,64.288016],[37.2609808,64.2704256],[37.2333251,64.240913],[37.2437601,64.2081984],[37.2908368,64.1837085],[37.3910569,64.1717928],[37.4823237,64.1956733],[37.5034233,64.225504],[37.4885081,64.2516401],[37.3723993,64.2899642],[37.4952401,64.3250783],[37.6238983,64.3023824],[37.7180477,64.3213979],[37.7947866,64.3026087],[37.8256448,64.274858],[37.7816296,64.2473559],[37.7729304,64.1949259],[37.8208728,64.1373519],[37.882376,64.1110624],[37.9122487,64.0566163],[37.8140464,64.0947704],[37.6973366,64.078861],[37.6665588,64.0561765],[37.6640041,64.0290809],[37.7647007,63.9549723],[37.570867,63.9308268],[37.5151792,63.8914686],[37.5173103,63.8566227],[37.4362629,63.8422158],[37.3859046,63.8491635],[37.4201027,63.8815932],[37.4058359,63.9132532],[37.3059157,63.9419279],[37.2515224,63.9902591],[37.2799849,64.0246336],[37.257937,64.0585201],[37.3290515,64.1022857],[37.3323447,64.1416174],[37.3066824,64.1654143],[37.1887356,64.2028829],[37.0725992,64.1925042],[37.0210585,64.1516767],[37.0303764,64.1256829],[37.0966609,64.0799214],[37.0574695,64.0670548],[36.9698961,64.1078385],[36.9641571,64.1590492],[36.8730539,64.1996088],[36.8271766,64.2507106],[36.641396,64.3062904],[36.6059725,64.3505112],[36.5363253,64.3794533],[36.4308919,64.3943699],[36.3339978,64.3782568],[36.2866857,64.4236913],[36.2142269,64.4425327],[36.0272219,64.4333214],[35.7155478,64.4616258],[35.688821,64.4790828],[35.7374505,64.5078278],[35.738176,64.5505038],[35.8115625,64.5726493],[35.8320295,64.6078697],[35.7736641,64.6589922],[35.6246963,64.7360484],[35.4552179,64.7358269],[35.3619578,64.6808916],[35.3889868,64.6368129],[35.4892362,64.6165886],[35.5478909,64.5787568],[35.4960209,64.5443825],[35.4955337,64.5121242],[35.5288467,64.4855427],[35.4955549,64.4708574],[35.4321194,64.4614417],[35.3502116,64.496285],[35.3520485,64.5384455],[35.2894514,64.5674368],[35.2041433,64.5727038],[35.1317409,64.5532258],[35.0658755,64.5655468],[35.197169,64.6397861],[35.2058431,64.6724666],[35.1760985,64.7019248],[35.223423,64.7274495],[35.2325599,64.753866],[35.3151051,64.7624953],[35.3682902,64.7963665],[35.3637942,64.8274763],[35.3330808,64.8495472],[35.2217446,64.8653258],[35.3580797,64.8998432],[35.4759302,64.8943035],[35.5438999,64.9226309],[35.6189957,64.9033915],[35.8021513,64.9042495],[36.0747959,64.9689095],[36.1413873,65.0119618],[36.1403004,65.0544696],[36.1184947,65.0757263],[36.3396012,65.1128318],[36.3864203,65.1373532],[36.3933445,65.1738817],[36.3194413,65.2119742],[36.1261708,65.2131193],[36.0042168,65.2453265],[35.5200829,65.1993497],[35.3964529,65.153664],[35.3754341,65.1211283],[35.3810214,65.0895541],[35.4432103,65.0342603],[35.3328507,64.9951219],[35.1656475,65.0249729],[35.1442507,65.0870961],[35.0878854,65.1150471],[34.9161564,65.1198359],[34.9288535,65.1423977],[34.9174606,65.1679173],[34.8030542,65.2492286],[34.6893567,65.2948232],[34.7015048,65.3167587],[34.6885288,65.3401382],[34.8089446,65.4032806],[34.8131884,65.4537338],[34.9044646,65.5171918],[34.9185704,65.5628583],[35.0341263,65.5796975],[35.0662106,65.6037733],[35.0680301,65.6275728],[35.1467387,65.6688033],[35.1841244,65.7482441],[35.1614658,65.7837722],[35.1680992,65.8293029],[34.9815278,65.8975399],[34.9388993,65.9356886],[34.8484633,65.9501511],[34.821477,66.004399],[34.6266017,66.1095115],[34.1212425,66.2835583],[34.004755,66.3529119],[33.9891402,66.384574],[34.0110848,66.4222417],[33.9646652,66.4568555],[33.882125,66.4850237],[33.7597094,66.4869398],[33.6512806,66.5449097],[33.7996287,66.5575288],[33.8356732,66.5906643],[33.816397,66.6219027],[34.0060016,66.6322183],[34.1773834,66.6110028],[34.3585687,66.5066008],[34.4413648,66.4880699],[34.5903067,66.4904035],[34.8383505,66.5421958],[35.1049373,66.4330051],[35.4837845,66.3367835],[36.503702,66.2239455],[36.7527874,66.2309465],[36.9275832,66.2113423],[37.2908908,66.154069],[37.58634,66.0692462],[37.8482424,66.0381468],[38.3899196,66.0034263],[38.749122,66.012547],[38.9588953,66.0553692],[39.1523613,66.0525422],[39.5184411,66.1322487],[40.0630422,66.2090091],[40.3487405,66.3255084],[40.4669424,66.3417058],[40.6824855,66.4278844],[40.7640011,66.4410747],[40.8286885,66.482593],[40.8361088,66.5476834],[41.2070409,66.7150032],[41.3577507,66.8169711],[41.4246768,66.9451068],[41.5012383,67.0057273],[41.5074452,67.0348555],[41.4829278,67.0605526],[41.5259068,67.0852878],[41.5376094,67.1188379],[41.4736785,67.1599715],[41.4940389,67.1990662],[41.4517008,67.2417441],[41.3567002,67.2670162],[41.2231144,67.2717135],[41.2493614,67.328889],[41.2549597,67.4072737],[41.2274963,67.4500079],[41.142787,67.494071],[41.1279679,67.5509977],[41.176919,67.6315624],[41.1057224,67.7209349],[40.9863273,67.7698657],[40.8560346,67.7797119],[40.761147,67.8337437],[40.522783,67.885528],[40.3913563,67.9489525],[40.2308892,67.9844182],[40.0778387,68.057385],[40.0376864,68.1111284],[39.9714208,68.1527433],[39.8484041,68.1952316],[39.7379951,68.2086907],[39.6443379,68.194283],[39.6016752,68.1595717],[39.6275348,68.1155854],[39.4622227,68.1484576],[39.2875702,68.2257888],[39.1259376,68.2624263],[39.0674833,68.3097621],[38.8496643,68.3606213],[38.7358065,68.4170749],[38.4565003,68.4509751],[38.2140723,68.5297824],[38.0863869,68.609564],[37.959763,68.6509198],[37.8931126,68.7245804],[37.6921943,68.7558047],[37.6275517,68.8093878],[37.1846301,68.9004299],[36.5580458,69.0751277],[36.5092421,69.1046283],[36.1022705,69.1875694],[35.958792,69.240687],[35.2499308,69.3072554],[35.0843489,69.3006162],[35.0077079,69.2658438],[34.8697511,69.3003638],[34.5497677,69.3127538],[34.5440722,69.3482097],[34.4971786,69.3743029],[34.1226837,69.4379219],[33.9588003,69.4264855],[33.8679999,69.3977305],[33.819983,69.3619245],[33.6221654,69.3568799],[33.6375653,69.3878131],[33.6280866,69.4190353],[33.5207433,69.4625734],[32.9047246,69.5213939],[33.0654097,69.550108],[33.2122126,69.6182199],[33.2724131,69.725355],[33.1576557,69.789283],[32.6552852,69.8521634],[32.1342604,70.0026787],[31.8563593,70.0050167],[31.7711409,69.9737737],[31.7160438,69.8923547],[31.5855417,69.9068879],[31.437654,69.8898559],[31.3840227,69.8567359],[31.401387,69.792854],[30.8953155,69.8450293],[30.8176414,69.7948444],[30.8905984,69.7372657],[30.8736595,69.7149353],[30.9444154,69.6832279],[30.9233763,69.6697388],[30.9542528,69.6324096],[30.9465507,69.576363],[30.81799,69.5288883],[30.5159812,69.5404206],[30.2240291,69.6531205],[30.1516722,69.6693762],[30.0852915,69.6580972],[30.0912854,69.6428379],[30.137826,69.6435197],[30.1855994,69.5505719],[30.1223803,69.5166756],[30.1168881,69.4692538],[30.0345285,69.4246791],[29.9481468,69.4050014],[29.8504972,69.4228126],[29.7226467,69.3890938],[29.5704517,69.3178794],[29.3965182,69.3236938],[29.2923407,69.2979319],[29.276971,69.250761],[29.3139861,69.2312317],[29.2864934,69.1692013],[29.2487203,69.1615253],[29.2310095,69.1216852],[29.242137,69.1130186],[29.0566538,69.0152255],[28.9292868,69.0519146],[28.4157884,68.9154506],[28.4680152,68.8854349],[28.8007884,68.8692833],[28.7064097,68.7322371],[28.4339319,68.539671],[28.6461512,68.1963033],[29.3270886,68.0745422],[29.6594055,67.8029589],[30.017043,67.6735527],[29.9302245,67.5225238],[29.6160519,67.345731],[29.6440601,67.3357821],[29.5225573,67.3098971],[29.5044673,67.2855845],[29.5164949,67.2806526],[29.0728518,66.995901],[29.0331725,66.9255118],[29.0605147,66.8531003],[29.1189692,66.8014769],[29.1058565,66.7904471],[29.1494135,66.7804339],[29.3611293,66.6388082],[29.3825949,66.5984441],[29.4190358,66.5919864],[29.4106071,66.5831721],[29.4720555,66.5439006],[29.6313606,66.366276],[29.6963998,66.2687473],[29.9233057,66.1271457],[29.9926245,66.0223595],[29.9971176,65.978834],[30.0242232,65.9667021],[30.068452,65.8949649],[30.1193759,65.7522112],[30.1384654,65.668677],[30.0171088,65.6964778],[29.7218687,65.6370846],[29.8639021,65.5604438],[29.7330481,65.4725004],[29.7273933,65.4003301],[29.7465796,65.347402],[29.6017879,65.2599327],[29.6340018,65.2315851],[29.8856591,65.2062953],[29.8935882,65.1929709],[29.8193328,65.1442782],[29.8968589,65.1051397],[29.7326676,65.0912944],[29.6269757,65.0605969],[29.5993331,64.9950558],[29.6191848,64.959659],[29.6109949,64.9273109],[29.6449074,64.866493],[29.699703,64.8372234],[29.6875026,64.8188089],[29.7396283,64.7897836],[30.0429299,64.7928807],[30.0865096,64.7739882],[30.0413965,64.7411934],[30.1358375,64.6489996],[30.130109,64.6347287],[29.9894001,64.5876222],[29.9869571,64.5338969],[30.0583381,64.4508873],[30.0448663,64.4020287],[30.1099241,64.3650286],[30.3669331,64.2996872],[30.3608053,64.2813189],[30.3882735,64.2690683],[30.4824363,64.2623259],[30.5095961,64.2216872],[30.4663645,64.2044309],[30.5534022,64.1322472],[30.5535576,64.1016869],[30.4918692,64.0169518],[30.3209136,63.9095321],[30.2604128,63.8220093],[29.9723741,63.756915],[30.2441514,63.6072718],[30.2582144,63.583947],[30.3845366,63.5455091],[30.4840079,63.4667034],[30.7876915,63.4052755],[30.8501493,63.3684509],[30.9344216,63.3554973],[30.9791661,63.3077728],[31.2398348,63.2188742],[31.2548471,63.1786518],[31.2553452,63.1461864],[31.1503594,63.1124643],[30.9635918,63.0991085],[30.8702081,63.0667807],[30.8406823,63.0400209],[30.8029168,62.9221105],[30.5907433,62.8379106],[30.3902428,62.7999575],[30.2220147,62.8626635],[30.2014153,62.8134505],[30.1300042,62.7917958],[30.1464837,62.7669832],[30.0517266,62.7396337],[30.0709527,62.7154067],[30.0537865,62.6993493],[29.94255,62.680132],[29.8498528,62.7043879],[29.8402398,62.664686],[29.899978,62.6252466],[29.7784417,62.6031375],[29.7200768,62.5639326],[29.7859948,62.4723587],[29.7921746,62.4396537],[29.7750085,62.412955],[29.6129601,62.3734992],[29.5127099,62.3196411],[29.4941705,62.2768682],[29.369201,62.164861],[29.3980401,62.0897441],[29.6040337,61.9331361],[29.2579644,61.7152618],[29.2222588,61.6612031],[29.1790002,61.6429451],[29.0401266,61.6407434],[29.1796848,61.5711137],[29.2401096,61.5069771],[29.4009166,61.3973084],[29.5587144,61.2081216],[29.5556256,61.0579533],[29.5947644,61.0481493],[29.5892712,61.0260379],[29.6136471,61.0203828],[29.5686718,60.9701086],[29.7556112,60.8594588],[29.787712,60.8098508],[29.7710609,60.7873638],[29.7895145,60.7670827],[29.7702884,60.7570212],[29.7887417,60.7128392],[29.9260708,60.6676291],[30.03647,60.6618537],[30.0828939,60.6109789],[30.1749713,60.5994279],[30.0521089,60.551254],[30.0336247,60.5203254],[30.0557054,60.4967071],[30.1899145,60.4575564],[30.2446743,60.4770181],[30.3602026,60.4417248],[30.440368,60.4446888],[30.449981,60.4243606],[30.5220788,60.4673735],[30.5454247,60.4443501],[30.6779466,60.4863221],[30.7033537,60.5175113],[31.2456326,60.7111903],[31.3467393,60.1038801],[31.5493005,59.9360968],[31.7394992,59.7287171],[31.8081638,59.599707],[31.832883,59.4520571],[31.7889397,59.3993169],[31.8006127,59.3429945],[31.7669671,59.3384427],[31.4758273,59.4101519],[31.2203952,59.4115496],[31.2176486,59.3835851],[31.313779,59.2876317],[31.2794467,59.087151],[31.2135287,59.0744496],[31.1036655,59.1047841],[30.9320041,59.088562],[30.8935519,59.1139498],[30.9402438,59.2630746],[30.8496066,59.3926761],[30.7534763,59.4304125],[30.5145236,59.4031626],[30.2920505,59.2644783],[30.1821872,59.222341],[29.9157687,59.1477709],[29.6987888,59.0631554],[29.5422336,59.0462073],[29.4241306,59.0589192],[29.2874902,59.116416],[29.2174523,59.0878555],[29.0972894,59.1040779],[28.7470995,59.3002535],[28.5479723,59.3156746],[28.2949447,59.294994],[28.2513414,59.225151],[28.0590807,59.1252265],[27.9052721,59.018648],[27.3422214,58.8932972],[27.5550829,58.3685975],[27.4864183,58.3066037],[27.4905382,58.2191956],[27.6354214,58.10038],[27.6055523,58.0542688],[27.6206585,58.0055514],[27.6537893,57.9958181],[27.6493262,58.0201917],[27.6987646,57.9986382],[27.6845167,57.9600461],[27.6560209,57.955037],[27.6790236,57.923965],[27.7181624,57.9204096],[27.6955029,57.9073702],[27.8197859,57.890585],[27.8158378,57.8623794],[27.7761837,57.8330551],[27.7408218,57.8277539],[27.7081203,57.848451],[27.5555133,57.8338774],[27.530708,57.790808],[27.4946591,57.7876969],[27.5265881,57.7578538],[27.5113105,57.7507096],[27.5456428,57.7333016],[27.5262448,57.7307356],[27.5256442,57.7093748],[27.500925,57.706486],[27.4927711,57.7230361],[27.4113177,57.7003408],[27.3761272,57.6681763],[27.4009322,57.6329508],[27.3887014,57.6160607],[27.4051379,57.6124059],[27.3174916,57.5800341],[27.3515884,57.5182161],[27.3747745,57.5354148],[27.4150519,57.5226559],[27.5565377,57.5378439],[27.5463272,57.5192773],[27.5673392,57.5092177],[27.5161921,57.4249263],[27.6694264,57.3952715],[27.6841181,57.3721178],[27.7790722,57.3434011],[27.781842,57.3203282],[27.82394,57.3230627],[27.8665879,57.2963924],[27.8702622,57.2482655],[27.8256765,57.2004927],[27.8182775,57.1433435],[27.737531,57.1189964],[27.7518744,57.0982907],[27.7152118,57.0976375],[27.7687745,57.085618],[27.7146504,57.007379],[27.7695654,57.0052405],[27.7371561,56.920078],[27.6863346,56.9158951],[27.6720469,56.895622],[27.6593808,56.8343402],[27.848567,56.8794211],[27.8740298,56.8774814],[27.9016674,56.8205634],[27.9590258,56.8326139],[28.2788058,57.0526835],[28.5726901,56.9614512],[28.3227512,56.4685613],[28.3145114,56.3241538],[30.5969211,55.9153531],[30.6285081,55.7611234],[30.7768236,55.6179164],[31.8878119,55.7023582],[32.1954291,56.2586118],[33.2226508,55.7734865],[33.700556,55.341645],[34.4970648,55.1255114],[33.6099216,54.2170747],[33.0303928,53.6462676],[32.956235,53.5973966],[32.9287692,53.4488085],[33.6428806,53.561522],[33.7280246,53.0857783],[34.5245334,53.0296537],[33.8653537,52.3454092],[34.1043063,52.1452896],[34.0768405,52.0710671],[34.1111742,52.0060202],[34.4036852,51.8272918],[34.4338976,51.7559411],[34.4187914,51.7202235],[34.0823351,51.6742593],[34.2979417,51.5215625],[34.2416375,51.4356049],[33.5714694,51.4471621],[33.4973117,51.156956],[34.579465,50.6755776],[35.3539984,50.4889721],[36.6558783,48.8394167],[36.4581244,47.7836383],[36.1463873,47.5830141],[36.6064398,47.580235],[36.9250433,47.6875829],[37.4908392,47.7762557],[38.2928412,47.8426613],[39.0618842,47.7836383],[39.2266791,47.7097652],[39.4024603,47.5913502],[39.5919786,47.2149052],[39.6290575,47.1953126],[39.7869859,47.215838],[39.8597704,47.2522044],[40.0630174,47.2447467],[40.1715074,47.2605931],[40.2264391,47.229828],[40.2676378,47.2494079],[40.4173265,47.2344906],[40.5505357,47.1897134],[40.6919847,47.198112],[40.7482896,47.1150008],[40.8608995,47.1392939],[40.9281908,47.1215423],[41.4335619,46.9286974],[41.4610277,46.9014934],[41.5118381,46.7586818],[41.6738864,46.6173764],[41.827695,46.5456406],[41.8963596,46.4813754],[41.860654,46.405672],[41.7727634,46.3089976],[41.7398044,46.2311549],[41.6574069,46.1665186],[41.5475436,46.1113276],[41.3195773,46.0656104],[41.3058444,46.0065029],[41.4514133,45.7349444],[41.4514133,45.6447701],[41.3675975,45.6174202],[41.3846703,45.5155875],[41.318748,45.2925621],[41.3236883,45.2191687],[41.0424143,44.9927012],[41.0930272,44.7562075],[41.240216,44.6328401],[41.5746342,44.4208426],[41.6609344,44.2225882],[41.629389,44.0891749],[41.6403681,43.9170771],[41.7093115,43.7426706],[41.7196086,43.6310671],[41.9791418,43.4562152],[43.1679714,43.2932041],[43.5204784,43.1945809],[43.8875594,43.2208202],[43.9402226,43.192827],[44.5836599,43.2981397],[44.9408717,43.3030813],[45.3374236,43.1775064],[45.628746,43.1252305],[45.6755548,43.1678744],[46.0061867,43.158061],[46.3624662,42.9902556],[46.7066842,42.9238938],[47.0469859,42.8905141],[47.77211,42.8601481],[47.7534478,42.8960891],[47.5323479,43.0357726]]],[[[56.6922044,68.8032523],[56.6500616,68.8498594],[56.5169931,68.8690476],[56.389491,68.8442335],[56.3320401,68.8013925],[56.3766902,68.7580506],[56.4929286,68.7404834],[56.6053204,68.7556751],[56.6922044,68.8032523]]],[[[48.0575383,68.9211032],[48.0756005,68.8016681],[48.1092766,68.7558902],[48.3260701,68.6710937],[49.1325232,68.6087663],[49.522443,68.6100947],[49.6792447,68.6400539],[49.7606529,68.689139],[49.7180005,68.7325953],[49.5976649,68.7481069],[49.9697029,68.8696522],[50.2264399,68.9226732],[50.4219574,69.0508923],[50.4597077,69.1173327],[50.4388854,69.1688668],[50.3853127,69.2163397],[50.1756533,69.3167463],[49.3816559,69.5419907],[48.9624816,69.5496608],[48.6289583,69.4989818],[48.4088812,69.4147366],[48.208567,69.3006972],[48.0890114,69.1352091],[48.0575383,68.9211032]]],[[[42.3365605,66.7042877],[42.6322366,66.6122278],[42.733132,66.6193574],[42.7905685,66.6463718],[42.8123259,66.6942349],[42.7873508,66.7441713],[42.7331205,66.7849714],[42.5666196,66.8278738],[42.3920124,66.8187085],[42.3011535,66.7645081],[42.3031635,66.7294309],[42.3365605,66.7042877]]],[[[35.6624571,64.7753732],[35.7282046,64.8218365],[35.6727356,64.8663778],[35.5306962,64.8742581],[35.4547548,64.8300238],[35.4657484,64.802289],[35.5128251,64.7783258],[35.6624571,64.7753732]]]]}},{"type":"Feature","properties":{"polity_id":"russian-tsardom","name":"Русское царство","start_date":"1556","end_date":"1595-05-18","status":"provisional-source-capture","confidence":"unreviewed","legal_basis":[],"source_ids":["capture:ohm:2890617"],"provenance":{"capture_source":"OpenHistoricalMap","capture_id":2890617,"capture_date":"2026-08-22"},"notes":"One-time geometry capture. Review against project historical sources before marking verified."},"geometry":{"type":"MultiPolygon","coordinates":[[[[46.9985556,44.654514],[47.0338984,44.7763804],[47.0866483,44.7487731],[47.1644776,44.7630685],[47.2596397,44.8416392],[47.3692651,45.1468978],[47.4270421,45.2200627],[47.4847006,45.248812],[47.534581,45.40638],[47.7757973,45.6753022],[47.8453586,45.7014942],[48.137558,45.7034214],[48.2631104,45.7332656],[48.4323755,45.928566],[48.5107457,45.9768828],[48.5822626,45.9045318],[48.6463623,45.8977734],[48.7359605,45.9252337],[48.7714743,45.9588115],[48.7991021,46.027899],[48.9749131,46.1107199],[49.083898,46.2235765],[49.1163143,46.2804839],[49.1247594,46.4068607],[49.141134,46.4306717],[49.2360335,46.4317439],[49.3249088,46.4065085],[49.6049405,46.4467317],[49.7165006,46.4071771],[49.8274794,46.4083027],[49.9279771,46.4542873],[49.9676107,46.4927436],[49.9872545,46.5475644],[50.0680528,46.5615644],[50.1812523,46.6661072],[50.2552595,46.6553562],[50.352013,46.7354625],[50.4021149,46.7282122],[50.4518196,46.7535345],[50.5007501,46.7249851],[50.5786695,46.7198862],[50.6413689,46.7576309],[50.665088,46.8186324],[50.7618134,46.8129845],[50.8225104,46.8734281],[50.9111567,46.9116974],[50.2953992,47.1299582],[48.9111218,47.6653948],[47.076405,48.5020548],[46.1096082,48.8213398],[44.8846422,49.0522712],[44.9862657,49.2821411],[45.1620456,49.5911308],[45.4888889,50.1117739],[45.8871432,50.4190207],[45.8486911,50.5046947],[45.6921359,50.6424957],[45.7058688,50.7068968],[45.9997531,50.8076721],[46.079404,50.8822448],[46.0491916,50.9549683],[45.9036227,51.0828236],[45.8459445,51.2722276],[46.046445,51.539504],[46.3211032,51.7729405],[46.4749118,51.8018232],[46.7138644,51.7423386],[46.9363376,51.8103146],[47.3483249,52.0372887],[47.4554416,52.0643135],[47.6477023,52.0592476],[47.8427097,52.0946967],[48.1420871,52.3906889],[48.1805392,52.534604],[48.3618137,52.6747184],[48.4963962,52.8359599],[48.4771701,52.9899923],[48.5046359,53.0907269],[48.6144992,53.1533607],[49.0347263,53.2372785],[49.2736789,53.2142586],[49.4824191,53.1550077],[49.7433444,53.1961628],[50.0234958,53.1895807],[50.2734348,53.1484193],[51.1990329,53.2799969],[51.4297458,53.3685835],[51.7868015,53.5582592],[52.0175143,53.5925064],[52.4432346,53.5810938],[52.7972089,53.5305627],[54.2340033,51.6623376],[55.3381293,52.0356009],[55.5358832,52.0592493],[55.8105414,52.0491158],[56.2829535,51.9036162],[56.6784613,51.7066119],[56.7059271,51.61802],[56.634516,51.4779652],[56.5246472,51.3580684],[57.4146391,50.9940377],[57.9036854,50.8311868],[58.4374531,50.8391238],[58.7066723,50.9124508],[58.5987502,51.1487523],[58.5853915,51.2647171],[58.6493055,51.4568885],[58.7314165,51.5598339],[59.0378677,51.823686],[59.0422335,51.9722621],[58.9326276,52.223086],[58.9245527,52.3656007],[59.1354396,52.8585162],[59.09354,52.935627],[59.0908868,53.043887],[59.32529,53.0617386],[59.2643114,53.3092537],[59.1774108,53.4501037],[59.290526,53.7463756],[59.3916532,53.911803],[59.4468299,54.0446954],[59.6077555,54.1603334],[60.9658715,54.309587],[60.8642358,55.1412222],[60.4467554,55.8629946],[60.0073022,56.0597817],[59.3481226,56.279973],[58.0077905,56.4746402],[56.4916772,56.728634],[55.5907983,56.9210088],[55.1293726,57.3146692],[54.9535913,57.9848197],[54.6556142,58.7944543],[55.326144,59.2393442],[56.1456805,59.6785048],[57.4420381,60.2527595],[59.0959967,60.6787804],[67.4999851,61.8604385],[67.3807798,62.0565767],[66.7698526,62.2653293],[65.5032964,62.5963483],[64.8923692,63.0658042],[65.3691904,63.4746228],[65.8013096,63.8776796],[65.9354156,64.3008947],[65.7119056,64.7622219],[65.473495,65.1720405],[65.607601,65.4706666],[65.8311109,66.2085567],[66.7698526,68.0269243],[67.2057669,68.6921408],[67.4915485,68.7151587],[67.5459725,68.7478068],[67.5374807,68.7958696],[67.3914533,68.8607639],[66.6949694,68.934393],[66.5539427,69.0255695],[66.2626081,69.1212112],[65.3500579,69.2444927],[65.2408206,69.3010514],[65.1096332,69.3214519],[64.6309487,69.4795257],[63.9394224,69.6360822],[62.7639244,69.7730823],[62.2236548,69.7811804],[61.8811313,69.8004778],[61.7655418,69.8238248],[61.5575982,69.8201344],[61.4837878,69.830248],[61.3007179,69.9022974],[61.1983727,69.9169291],[61.0021173,69.8979148],[60.8253236,69.9166333],[60.6272914,69.8753855],[60.6369366,69.9185584],[60.5705138,69.9620639],[60.3649569,70.0161972],[60.2104312,70.081846],[60.2013601,70.1107655],[60.1568973,70.1321562],[59.974757,70.1471112],[59.915454,70.1871754],[59.7064044,70.2507756],[59.5136255,70.3731717],[59.237756,70.4600003],[59.1832339,70.5021795],[59.0221925,70.5198643],[58.8613006,70.4790233],[58.760742,70.5065866],[58.6266847,70.5116192],[58.5113519,70.4753852],[58.5092678,70.4496309],[58.5455946,70.4128175],[58.3588929,70.4207021],[58.2543028,70.3934964],[58.238627,70.3593938],[58.2970838,70.304422],[58.1686284,70.2715771],[58.1589761,70.2464553],[58.1824245,70.2046055],[58.390365,70.1329894],[58.4608355,70.0489939],[58.5560591,69.989423],[58.6796953,69.9323962],[58.8347295,69.8934006],[58.8925154,69.8489126],[58.9763262,69.8185247],[59.2015375,69.8030468],[59.3049619,69.7646299],[59.4127967,69.7642804],[59.3682855,69.7395136],[59.3701592,69.7079108],[59.5093466,69.6634779],[60.0369072,69.6088098],[60.0266519,69.5561089],[60.0785723,69.4843204],[60.4850566,69.2322626],[60.4825845,69.1390919],[60.5221453,69.0938543],[60.6189657,69.0525587],[60.7814019,69.0351595],[60.8074729,68.9754145],[60.785114,68.9256368],[60.6617224,68.8835883],[60.5916342,68.8227403],[60.4215434,68.7478731],[60.1243215,68.7310707],[59.9183408,68.762212],[59.692179,68.6738172],[59.656068,68.6394269],[59.6737965,68.5856083],[59.809607,68.4970697],[59.8304581,68.453719],[59.7423771,68.4065255],[59.64135,68.3841046],[59.2623173,68.4402263],[59.3268708,68.5143899],[59.3057373,68.5473332],[59.2627524,68.5664629],[59.3114439,68.5871588],[59.3313623,68.6179187],[59.5465515,68.6281172],[59.6070158,68.6503202],[59.6289948,68.6812655],[59.6147278,68.7069842],[59.5466686,68.7389324],[59.56857,68.7639905],[59.5474365,68.8055076],[59.4486214,68.8345005],[59.3068754,68.9086195],[59.455416,68.9458184],[59.6418251,68.9561894],[59.6874472,68.9901933],[59.6660199,69.039643],[59.6193689,69.0763371],[59.4917027,69.1254124],[59.4622214,69.1539085],[59.4531598,69.2274767],[59.3990966,69.2729007],[59.2220369,69.3294508],[58.9179451,69.3866076],[58.8347688,69.4334241],[58.7213783,69.4451359],[58.7244914,69.4881285],[58.6571327,69.5237685],[58.4366944,69.5360527],[58.3463133,69.5090212],[58.3084829,69.4729909],[58.3101406,69.4517288],[58.3777143,69.4157948],[58.4903335,69.3985155],[58.4886684,69.372048],[58.5134871,69.3525513],[58.7620928,69.2573399],[59.0558791,69.200452],[59.0980425,69.1158951],[59.238349,69.0628475],[59.2638331,69.0327733],[58.8093308,69.0232735],[57.7408793,68.8268798],[57.2781113,68.7840355],[57.1365989,68.7541011],[57.0207225,68.6804059],[57.0400754,68.6349456],[57.1395238,68.6085392],[57.2476624,68.6151016],[57.361776,68.6579594],[57.3469097,68.6161432],[57.2661982,68.5839711],[57.118582,68.5771879],[56.9620031,68.598593],[56.8752992,68.6422123],[56.6603082,68.6743889],[56.3267692,68.6412889],[56.1771335,68.6844509],[56.0438702,68.6972624],[55.8811579,68.6836069],[55.6067946,68.6047386],[55.3400988,68.6018976],[54.8851646,68.4527316],[54.8210849,68.3786196],[54.7062924,68.3250714],[54.7168014,68.2820697],[54.7737724,68.2521174],[54.7535154,68.241078],[54.4948527,68.3985967],[54.3688725,68.4039268],[54.221419,68.3746349],[54.1215997,68.3844867],[54.0932563,68.3994448],[54.0780706,68.4768752],[54.037011,68.535982],[53.8798679,68.6279665],[53.9884239,68.6762798],[54.0060555,68.7009776],[53.9901921,68.7389845],[54.1064879,68.7772988],[54.4107419,68.7334632],[54.5211033,68.7547507],[54.5581185,68.7871083],[54.5185559,68.8274217],[54.387736,68.8649264],[54.0920413,68.8774024],[54.4326467,68.9044823],[54.5617378,68.8835551],[54.7803973,68.9005336],[54.9159131,68.8623877],[55.1471526,68.8772382],[55.2715954,68.8472783],[55.3975979,68.850703],[55.5807858,68.8194686],[55.7137365,68.845944],[55.7466932,68.8875046],[55.743893,68.911151],[55.6695504,68.9464616],[55.5069464,68.9755823],[55.1379019,68.9645547],[54.9123113,69.0243046],[54.7797775,69.0188465],[54.5401241,69.0428304],[54.0417658,69.0317744],[53.6127976,68.9839085],[52.9203425,68.8427863],[52.060724,68.6027515],[51.6917355,68.5470521],[51.1798273,68.5438513],[50.9599702,68.5109639],[50.7466765,68.4398859],[50.580162,68.3402804],[50.0700799,68.1595179],[49.1794205,67.910129],[48.9452762,67.8803822],[48.8536968,67.8936546],[48.6826608,67.9586322],[48.5111603,67.9541365],[48.4660532,67.9306962],[48.4603253,67.9064503],[48.6413042,67.8213467],[48.6425916,67.7643371],[48.6234067,67.7444522],[48.4620808,67.6990635],[48.2956292,67.7154085],[48.1208681,67.6714105],[47.9461146,67.6914917],[47.7152999,67.6009668],[47.7026079,67.5679854],[47.7293669,67.5163345],[47.801721,67.4608058],[47.7462626,67.4001534],[47.6368644,67.3433292],[47.6472757,67.2526342],[47.5884391,67.227973],[47.5572022,67.1926101],[47.6243652,67.1221067],[47.6243723,67.0548362],[47.541764,66.9818547],[47.4983462,66.9648549],[47.3338932,66.9655296],[46.9151143,66.8940538],[46.7083335,66.879746],[46.6303833,66.9121921],[46.5204702,66.9209944],[46.1691158,66.8777921],[45.9149144,66.9320383],[45.8283068,67.0083313],[45.8104734,67.051454],[45.7529838,67.0900633],[45.7503727,67.1388868],[45.6901575,67.1897613],[45.1896555,67.301601],[45.0455212,67.3570816],[45.0388978,67.3886476],[45.0642141,67.4343509],[45.1292443,67.4841398],[45.2492463,67.5293283],[45.3416072,67.5283176],[45.4226676,67.5550625],[45.4799036,67.6329701],[45.4679748,67.677416],[45.5503852,67.6994718],[45.8745751,67.7048152],[46.0027461,67.7351656],[46.3497442,67.7682843],[46.6910328,67.7534742],[46.8124549,67.7851206],[46.8476125,67.8459765],[46.8342186,67.8995578],[46.6704832,68.0349685],[46.6606568,68.1333734],[46.4286043,68.2602537],[46.5062602,68.2934778],[46.5124672,68.3239445],[46.4860823,68.358652],[46.0963653,68.473367],[45.5043614,68.5718239],[45.037959,68.5997207],[44.0896174,68.5821504],[43.8150585,68.6591198],[43.5106471,68.711451],[43.2343825,68.7104665],[43.1430963,68.6644564],[43.204619,68.5904865],[43.457743,68.4872532],[43.8982083,68.3581644],[44.0851796,68.2744594],[44.0883523,68.2075617],[44.0592801,68.0898559],[44.0089992,68.0094597],[44.0279433,67.9576319],[43.973249,67.8512083],[44.0023366,67.7610229],[43.9378403,67.6961689],[43.9122355,67.6335866],[43.8162984,67.5476929],[43.7076987,67.4107991],[43.6325053,67.2674135],[43.645226,67.1940438],[43.6894805,67.1590931],[43.8588546,67.1054923],[44.0531005,67.1041195],[44.3547059,66.9113779],[44.3363366,66.8792192],[44.3498095,66.8452913],[44.2637929,66.8175528],[44.2256557,66.783548],[44.239816,66.7361268],[44.3270606,66.6669742],[44.2506542,66.5764768],[44.2452656,66.531919],[44.1003233,66.4484571],[44.0026375,66.3417721],[43.9407285,66.2297801],[43.8099605,66.2483795],[43.7575859,66.2935096],[43.6446239,66.3452423],[43.4636962,66.3754025],[43.4045531,66.4261128],[43.3179029,66.4582891],[43.1297912,66.468405],[42.7458336,66.451377],[42.6621159,66.4906546],[42.3772269,66.5540433],[42.2300941,66.5676052],[42.1138315,66.5543104],[41.9746657,66.5033051],[41.846461,66.3885399],[41.7411725,66.3518491],[41.6169761,66.253372],[41.382198,66.1434973],[41.002565,66.0623617],[40.6330532,66.0184775],[40.3217699,65.8226398],[40.0428007,65.7245561],[39.7862214,65.6673543],[39.667545,65.6065843],[39.6064854,65.5420961],[39.5692766,65.4293971],[39.5902561,65.3388348],[39.7982974,65.2100523],[39.904087,65.128793],[39.9312487,65.0861365],[40.0256917,65.031512],[40.0888696,64.8971077],[40.1368435,64.8432836],[39.8673901,64.797846],[39.7327857,64.7187923],[39.6542197,64.6074721],[39.5801249,64.6048395],[39.3589114,64.6888036],[39.1671838,64.7143577],[38.9414913,64.787997],[38.6066532,64.8215268],[38.4063562,64.8967557],[38.1544228,64.899487],[37.9786022,64.9306114],[37.8324741,64.9853058],[37.8232775,65.0376368],[37.752919,65.0760188],[37.4461908,65.1512071],[37.077575,65.2199856],[36.9653389,65.2192034],[36.8669842,65.2625625],[36.7668696,65.2602003],[36.6878611,65.2333711],[36.6603509,65.1949699],[36.7067637,65.1538685],[36.6955424,65.119402],[36.7305822,65.0820246],[36.6816488,64.9934356],[36.6081224,64.975682],[36.3959618,64.9769987],[36.3160401,64.9300938],[36.3177873,64.8926045],[36.3894815,64.7964218],[36.4260581,64.6912085],[36.4889916,64.6670311],[36.6221433,64.6612632],[36.8047864,64.5035834],[37.0325768,64.3579275],[37.321564,64.288016],[37.2609808,64.2704256],[37.2333251,64.240913],[37.2437601,64.2081984],[37.2908368,64.1837085],[37.3910569,64.1717928],[37.4823237,64.1956733],[37.5034233,64.225504],[37.4885081,64.2516401],[37.3723993,64.2899642],[37.4952401,64.3250783],[37.6238983,64.3023824],[37.7180477,64.3213979],[37.7947866,64.3026087],[37.8256448,64.274858],[37.7816296,64.2473559],[37.7729304,64.1949259],[37.8208728,64.1373519],[37.882376,64.1110624],[37.9122487,64.0566163],[37.8140464,64.0947704],[37.6973366,64.078861],[37.6665588,64.0561765],[37.6640041,64.0290809],[37.7647007,63.9549723],[37.570867,63.9308268],[37.5151792,63.8914686],[37.5173103,63.8566227],[37.4362629,63.8422158],[37.3859046,63.8491635],[37.4201027,63.8815932],[37.4058359,63.9132532],[37.3059157,63.9419279],[37.2515224,63.9902591],[37.2799849,64.0246336],[37.257937,64.0585201],[37.3290515,64.1022857],[37.3323447,64.1416174],[37.3066824,64.1654143],[37.1887356,64.2028829],[37.0725992,64.1925042],[37.0210585,64.1516767],[37.0303764,64.1256829],[37.0966609,64.0799214],[37.0574695,64.0670548],[36.9698961,64.1078385],[36.9641571,64.1590492],[36.8730539,64.1996088],[36.8271766,64.2507106],[36.641396,64.3062904],[36.6059725,64.3505112],[36.5363253,64.3794533],[36.4308919,64.3943699],[36.3339978,64.3782568],[36.2866857,64.4236913],[36.2142269,64.4425327],[36.0272219,64.4333214],[35.7155478,64.4616258],[35.688821,64.4790828],[35.7374505,64.5078278],[35.738176,64.5505038],[35.8115625,64.5726493],[35.8320295,64.6078697],[35.7736641,64.6589922],[35.6246963,64.7360484],[35.4552179,64.7358269],[35.3619578,64.6808916],[35.3889868,64.6368129],[35.4892362,64.6165886],[35.5478909,64.5787568],[35.4960209,64.5443825],[35.4955337,64.5121242],[35.5288467,64.4855427],[35.4955549,64.4708574],[35.4321194,64.4614417],[35.3502116,64.496285],[35.3520485,64.5384455],[35.2894514,64.5674368],[35.2041433,64.5727038],[35.1317409,64.5532258],[35.0658755,64.5655468],[35.197169,64.6397861],[35.2058431,64.6724666],[35.1760985,64.7019248],[35.223423,64.7274495],[35.2325599,64.753866],[35.3151051,64.7624953],[35.3682902,64.7963665],[35.3637942,64.8274763],[35.3330808,64.8495472],[35.2217446,64.8653258],[35.3580797,64.8998432],[35.4759302,64.8943035],[35.5438999,64.9226309],[35.6189957,64.9033915],[35.8021513,64.9042495],[36.0747959,64.9689095],[36.1413873,65.0119618],[36.1403004,65.0544696],[36.1184947,65.0757263],[36.3396012,65.1128318],[36.3864203,65.1373532],[36.3933445,65.1738817],[36.3194413,65.2119742],[36.1261708,65.2131193],[36.0042168,65.2453265],[35.5200829,65.1993497],[35.3964529,65.153664],[35.3754341,65.1211283],[35.3810214,65.0895541],[35.4432103,65.0342603],[35.3328507,64.9951219],[35.1656475,65.0249729],[35.1442507,65.0870961],[35.0878854,65.1150471],[34.9161564,65.1198359],[34.9288535,65.1423977],[34.9174606,65.1679173],[34.8030542,65.2492286],[34.6893567,65.2948232],[34.7015048,65.3167587],[34.6885288,65.3401382],[34.8089446,65.4032806],[34.8131884,65.4537338],[34.9044646,65.5171918],[34.9185704,65.5628583],[35.0341263,65.5796975],[35.0662106,65.6037733],[35.0680301,65.6275728],[35.1467387,65.6688033],[35.1841244,65.7482441],[35.1614658,65.7837722],[35.1680992,65.8293029],[34.9815278,65.8975399],[34.9388993,65.9356886],[34.8484633,65.9501511],[34.821477,66.004399],[34.6266017,66.1095115],[34.1212425,66.2835583],[34.004755,66.3529119],[33.9891402,66.384574],[34.0110848,66.4222417],[33.9646652,66.4568555],[33.882125,66.4850237],[33.7597094,66.4869398],[33.6512806,66.5449097],[33.7996287,66.5575288],[33.8356732,66.5906643],[33.816397,66.6219027],[34.0060016,66.6322183],[34.1773834,66.6110028],[34.3585687,66.5066008],[34.4413648,66.4880699],[34.5903067,66.4904035],[34.8383505,66.5421958],[35.1049373,66.4330051],[35.4837845,66.3367835],[36.503702,66.2239455],[36.7527874,66.2309465],[36.9275832,66.2113423],[37.2908908,66.154069],[37.58634,66.0692462],[37.8482424,66.0381468],[38.3899196,66.0034263],[38.749122,66.012547],[38.9588953,66.0553692],[39.1523613,66.0525422],[39.5184411,66.1322487],[40.0630422,66.2090091],[40.3487405,66.3255084],[40.4669424,66.3417058],[40.6824855,66.4278844],[40.7640011,66.4410747],[40.8286885,66.482593],[40.8361088,66.5476834],[41.2070409,66.7150032],[41.3577507,66.8169711],[41.4246768,66.9451068],[41.5012383,67.0057273],[41.5074452,67.0348555],[41.4829278,67.0605526],[41.5259068,67.0852878],[41.5376094,67.1188379],[41.4736785,67.1599715],[41.4940389,67.1990662],[41.4517008,67.2417441],[41.3567002,67.2670162],[41.2231144,67.2717135],[41.2493614,67.328889],[41.2549597,67.4072737],[41.2274963,67.4500079],[41.142787,67.494071],[41.1279679,67.5509977],[41.176919,67.6315624],[41.1057224,67.7209349],[40.9863273,67.7698657],[40.8560346,67.7797119],[40.761147,67.8337437],[40.522783,67.885528],[40.3913563,67.9489525],[40.2308892,67.9844182],[40.0778387,68.057385],[40.0376864,68.1111284],[39.9714208,68.1527433],[39.8484041,68.1952316],[39.7379951,68.2086907],[39.6443379,68.194283],[39.6016752,68.1595717],[39.6275348,68.1155854],[39.4622227,68.1484576],[39.2875702,68.2257888],[39.1259376,68.2624263],[39.0674833,68.3097621],[38.8496643,68.3606213],[38.7358065,68.4170749],[38.4565003,68.4509751],[38.2140723,68.5297824],[38.0863869,68.609564],[37.959763,68.6509198],[37.8931126,68.7245804],[37.6921943,68.7558047],[37.6275517,68.8093878],[37.1846301,68.9004299],[36.5580458,69.0751277],[36.5092421,69.1046283],[36.1022705,69.1875694],[35.958792,69.240687],[35.2499308,69.3072554],[35.0843489,69.3006162],[35.0077079,69.2658438],[34.8697511,69.3003638],[34.5497677,69.3127538],[34.5440722,69.3482097],[34.4971786,69.3743029],[34.1226837,69.4379219],[33.9588003,69.4264855],[33.8679999,69.3977305],[33.819983,69.3619245],[33.6221654,69.3568799],[33.6375653,69.3878131],[33.6280866,69.4190353],[33.5207433,69.4625734],[32.9047246,69.5213939],[33.0654097,69.550108],[33.2122126,69.6182199],[33.2724131,69.725355],[33.1576557,69.789283],[32.6552852,69.8521634],[32.1342604,70.0026787],[31.8563593,70.0050167],[31.7711409,69.9737737],[31.7160438,69.8923547],[31.5855417,69.9068879],[31.437654,69.8898559],[31.3840227,69.8567359],[31.401387,69.792854],[30.8953155,69.8450293],[30.8176414,69.7948444],[30.8905984,69.7372657],[30.8736595,69.7149353],[30.9444154,69.6832279],[30.9233763,69.6697388],[30.9542528,69.6324096],[30.9465507,69.576363],[30.81799,69.5288883],[30.5159812,69.5404206],[30.2240291,69.6531205],[30.1516722,69.6693762],[30.0852915,69.6580972],[30.0912854,69.6428379],[30.137826,69.6435197],[30.1855994,69.5505719],[30.1223803,69.5166756],[30.1168881,69.4692538],[30.0345285,69.4246791],[29.9481468,69.4050014],[29.8504972,69.4228126],[29.7226467,69.3890938],[29.5704517,69.3178794],[29.3965182,69.3236938],[29.2923407,69.2979319],[29.276971,69.250761],[29.3139861,69.2312317],[29.2864934,69.1692013],[29.2487203,69.1615253],[29.2310095,69.1216852],[29.242137,69.1130186],[29.0566538,69.0152255],[28.9292868,69.0519146],[28.4157884,68.9154506],[28.4680152,68.8854349],[28.8007884,68.8692833],[28.7064097,68.7322371],[28.4339319,68.539671],[28.6461512,68.1963033],[29.3270886,68.0745422],[29.6594055,67.8029589],[30.017043,67.6735527],[29.9302245,67.5225238],[29.6160519,67.345731],[29.6440601,67.3357821],[29.5225573,67.3098971],[29.5044673,67.2855845],[29.5164949,67.2806526],[29.0728518,66.995901],[29.0331725,66.9255118],[29.0605147,66.8531003],[29.1189692,66.8014769],[29.1058565,66.7904471],[29.1494135,66.7804339],[29.3611293,66.6388082],[29.3825949,66.5984441],[29.4190358,66.5919864],[29.4106071,66.5831721],[29.4720555,66.5439006],[29.6313606,66.366276],[29.6963998,66.2687473],[29.9233057,66.1271457],[29.9926245,66.0223595],[29.9971176,65.978834],[30.0242232,65.9667021],[30.068452,65.8949649],[30.1193759,65.7522112],[30.1384654,65.668677],[30.0171088,65.6964778],[29.7218687,65.6370846],[29.8639021,65.5604438],[29.7330481,65.4725004],[29.7273933,65.4003301],[29.7465796,65.347402],[29.6017879,65.2599327],[29.6340018,65.2315851],[29.8856591,65.2062953],[29.8935882,65.1929709],[29.8193328,65.1442782],[29.8968589,65.1051397],[29.7326676,65.0912944],[29.6269757,65.0605969],[29.5993331,64.9950558],[29.6191848,64.959659],[29.6109949,64.9273109],[29.6449074,64.866493],[29.699703,64.8372234],[29.6875026,64.8188089],[29.7396283,64.7897836],[30.0429299,64.7928807],[30.0865096,64.7739882],[30.0413965,64.7411934],[30.1358375,64.6489996],[30.130109,64.6347287],[29.9894001,64.5876222],[29.9869571,64.5338969],[30.0583381,64.4508873],[30.0448663,64.4020287],[30.1099241,64.3650286],[30.3669331,64.2996872],[30.3608053,64.2813189],[30.3882735,64.2690683],[30.4824363,64.2623259],[30.5095961,64.2216872],[30.4663645,64.2044309],[30.5534022,64.1322472],[30.5535576,64.1016869],[30.4918692,64.0169518],[30.3209136,63.9095321],[30.2604128,63.8220093],[29.9723741,63.756915],[30.2441514,63.6072718],[30.2582144,63.583947],[30.3845366,63.5455091],[30.4840079,63.4667034],[30.7876915,63.4052755],[30.8501493,63.3684509],[30.9344216,63.3554973],[30.9791661,63.3077728],[31.2398348,63.2188742],[31.2548471,63.1786518],[31.2553452,63.1461864],[31.1503594,63.1124643],[30.9635918,63.0991085],[30.8702081,63.0667807],[30.8406823,63.0400209],[30.8029168,62.9221105],[30.5907433,62.8379106],[30.3902428,62.7999575],[30.2220147,62.8626635],[30.2014153,62.8134505],[30.1300042,62.7917958],[30.1464837,62.7669832],[30.0517266,62.7396337],[30.0709527,62.7154067],[30.0537865,62.6993493],[29.94255,62.680132],[29.8498528,62.7043879],[29.8402398,62.664686],[29.899978,62.6252466],[29.7784417,62.6031375],[29.7200768,62.5639326],[29.7859948,62.4723587],[29.7921746,62.4396537],[29.7750085,62.412955],[29.6129601,62.3734992],[29.5127099,62.3196411],[29.4941705,62.2768682],[29.369201,62.164861],[29.3980401,62.0897441],[29.6040337,61.9331361],[29.2579644,61.7152618],[29.2222588,61.6612031],[29.1790002,61.6429451],[29.0401266,61.6407434],[29.1796848,61.5711137],[29.2401096,61.5069771],[29.4009166,61.3973084],[29.5587144,61.2081216],[29.5556256,61.0579533],[29.5947644,61.0481493],[29.5892712,61.0260379],[29.6136471,61.0203828],[29.5686718,60.9701086],[29.7556112,60.8594588],[29.787712,60.8098508],[29.7710609,60.7873638],[29.7895145,60.7670827],[29.7702884,60.7570212],[29.7887417,60.7128392],[29.9260708,60.6676291],[30.03647,60.6618537],[30.0828939,60.6109789],[30.1749713,60.5994279],[30.0521089,60.551254],[30.0336247,60.5203254],[30.0557054,60.4967071],[30.1899145,60.4575564],[30.2446743,60.4770181],[30.3602026,60.4417248],[30.440368,60.4446888],[30.449981,60.4243606],[30.5220788,60.4673735],[30.5454247,60.4443501],[30.6779466,60.4863221],[30.7033537,60.5175113],[31.2456326,60.7111903],[31.3467393,60.1038801],[31.5493005,59.9360968],[31.7394992,59.7287171],[31.8081638,59.599707],[31.832883,59.4520571],[31.7889397,59.3993169],[31.8006127,59.3429945],[31.7669671,59.3384427],[31.4758273,59.4101519],[31.2203952,59.4115496],[31.2176486,59.3835851],[31.313779,59.2876317],[31.2794467,59.087151],[31.2135287,59.0744496],[31.1036655,59.1047841],[30.9320041,59.088562],[30.8935519,59.1139498],[30.9402438,59.2630746],[30.8496066,59.3926761],[30.7534763,59.4304125],[30.5145236,59.4031626],[30.2920505,59.2644783],[30.1821872,59.222341],[29.9157687,59.1477709],[29.6987888,59.0631554],[29.5422336,59.0462073],[29.4241306,59.0589192],[29.2874902,59.116416],[29.2174523,59.0878555],[29.0972894,59.1040779],[28.7470995,59.3002535],[28.5479723,59.3156746],[28.2949447,59.294994],[28.2513414,59.225151],[28.0590807,59.1252265],[27.9052721,59.018648],[27.3422214,58.8932972],[27.5550829,58.3685975],[27.4864183,58.3066037],[27.4905382,58.2191956],[27.6354214,58.10038],[27.6055523,58.0542688],[27.6206585,58.0055514],[27.6537893,57.9958181],[27.6493262,58.0201917],[27.6987646,57.9986382],[27.6845167,57.9600461],[27.6560209,57.955037],[27.6790236,57.923965],[27.7181624,57.9204096],[27.6955029,57.9073702],[27.8197859,57.890585],[27.8158378,57.8623794],[27.7761837,57.8330551],[27.7408218,57.8277539],[27.7081203,57.848451],[27.5555133,57.8338774],[27.530708,57.790808],[27.4946591,57.7876969],[27.5265881,57.7578538],[27.5113105,57.7507096],[27.5456428,57.7333016],[27.5262448,57.7307356],[27.5256442,57.7093748],[27.500925,57.706486],[27.4927711,57.7230361],[27.4113177,57.7003408],[27.3761272,57.6681763],[27.4009322,57.6329508],[27.3887014,57.6160607],[27.4051379,57.6124059],[27.3174916,57.5800341],[27.3515884,57.5182161],[27.3747745,57.5354148],[27.4150519,57.5226559],[27.5565377,57.5378439],[27.5463272,57.5192773],[27.5673392,57.5092177],[27.5161921,57.4249263],[27.6694264,57.3952715],[27.6841181,57.3721178],[27.7790722,57.3434011],[27.781842,57.3203282],[27.82394,57.3230627],[27.8665879,57.2963924],[27.8702622,57.2482655],[27.8256765,57.2004927],[27.8182775,57.1433435],[27.737531,57.1189964],[27.7518744,57.0982907],[27.7152118,57.0976375],[27.7687745,57.085618],[27.7146504,57.007379],[27.7695654,57.0052405],[27.7371561,56.920078],[27.6863346,56.9158951],[27.6720469,56.895622],[27.6593808,56.8343402],[27.848567,56.8794211],[27.8740298,56.8774814],[27.9016674,56.8205634],[27.9590258,56.8326139],[28.2788058,57.0526835],[28.5726901,56.9614512],[28.3227512,56.4685613],[28.3145114,56.3241538],[30.5969211,55.9153531],[30.6285081,55.7611234],[30.7768236,55.6179164],[31.8878119,55.7023582],[32.1954291,56.2586118],[33.2226508,55.7734865],[33.700556,55.341645],[34.4970648,55.1255114],[33.6099216,54.2170747],[33.0303928,53.6462676],[32.956235,53.5973966],[32.9287692,53.4488085],[33.6428806,53.561522],[33.7280246,53.0857783],[34.5245334,53.0296537],[33.8653537,52.3454092],[34.1043063,52.1452896],[34.0768405,52.0710671],[34.1111742,52.0060202],[34.4036852,51.8272918],[34.4338976,51.7559411],[34.4187914,51.7202235],[34.0823351,51.6742593],[34.2979417,51.5215625],[34.2416375,51.4356049],[33.5714694,51.4471621],[33.4973117,51.156956],[34.579465,50.6755776],[35.3539984,50.4889721],[36.6558783,48.8394167],[36.4581244,47.7836383],[36.1463873,47.5830141],[36.6064398,47.580235],[36.9250433,47.6875829],[37.4908392,47.7762557],[38.2928412,47.8426613],[39.0618842,47.7836383],[39.2266791,47.7097652],[39.4024603,47.5913502],[39.5919786,47.2149052],[39.6290575,47.1953126],[39.7869859,47.215838],[39.8597704,47.2522044],[40.0630174,47.2447467],[40.1715074,47.2605931],[40.2264391,47.229828],[40.2676378,47.2494079],[40.4173265,47.2344906],[40.5505357,47.1897134],[40.6919847,47.198112],[40.7482896,47.1150008],[40.8608995,47.1392939],[40.9281908,47.1215423],[41.4335619,46.9286974],[41.4610277,46.9014934],[41.5118381,46.7586818],[41.6738864,46.6173764],[41.827695,46.5456406],[41.8963596,46.4813754],[41.860654,46.405672],[41.7727634,46.3089976],[41.7398044,46.2311549],[41.6574069,46.1665186],[41.5475436,46.1113276],[41.3195773,46.0656104],[41.3058444,46.0065029],[41.4514133,45.7349444],[41.4514133,45.6447701],[41.3675975,45.6174202],[41.3846703,45.5155875],[41.318748,45.2925621],[41.3236883,45.2191687],[41.0424143,44.9927012],[41.0930272,44.7562075],[41.240216,44.6328401],[41.5746342,44.4208426],[41.6609344,44.2225882],[41.629389,44.0891749],[41.6403681,43.9170771],[41.7093115,43.7426706],[41.7196086,43.6310671],[41.9791418,43.4562152],[43.1679714,43.2932041],[43.5204784,43.1945809],[43.8875594,43.2208202],[43.9402226,43.192827],[44.5836599,43.2981397],[44.9408717,43.3030813],[45.3374236,43.1775064],[45.628746,43.1252305],[45.6755548,43.1678744],[46.0061867,43.158061],[46.3624662,42.9902556],[46.7066842,42.9238938],[47.0469859,42.8905141],[47.77211,42.8601481],[47.7534478,42.8960891],[47.5268548,43.0458095],[47.5337212,43.1120122],[47.6257317,43.2882028],[47.6051324,43.3486508],[47.5591271,43.4025536],[47.5618737,43.4534179],[47.5873903,43.537511],[47.6237577,43.5858004],[47.6257317,43.6499887],[47.6820367,43.7596891],[47.7733605,43.8592875],[47.9128149,43.9482951],[47.9256587,44.004412],[47.8667443,44.0387384],[47.6580041,44.0505838],[47.6003259,44.0259032],[47.5495141,43.93944],[47.5103753,43.9196593],[47.4904626,43.9280669],[47.3355134,44.1375224],[47.2882455,44.2512248],[47.2302906,44.2839563],[47.1445777,44.2770638],[47.0904916,44.3804352],[46.9772428,44.4656964],[46.9328649,44.6114385],[46.9985556,44.654514]]],[[[56.6922044,68.8032523],[56.6500616,68.8498594],[56.5169931,68.8690476],[56.389491,68.8442335],[56.3320401,68.8013925],[56.3766902,68.7580506],[56.4929286,68.7404834],[56.6053204,68.7556751],[56.6922044,68.8032523]]],[[[48.0575383,68.9211032],[48.0756005,68.8016681],[48.1092766,68.7558902],[48.3260701,68.6710937],[49.1325232,68.6087663],[49.522443,68.6100947],[49.6792447,68.6400539],[49.7606529,68.689139],[49.7180005,68.7325953],[49.5976649,68.7481069],[49.9697029,68.8696522],[50.2264399,68.9226732],[50.4219574,69.0508923],[50.4597077,69.1173327],[50.4388854,69.1688668],[50.3853127,69.2163397],[50.1756533,69.3167463],[49.3816559,69.5419907],[48.9624816,69.5496608],[48.6289583,69.4989818],[48.4088812,69.4147366],[48.208567,69.3006972],[48.0890114,69.1352091],[48.0575383,68.9211032]]],[[[42.3365605,66.7042877],[42.6322366,66.6122278],[42.733132,66.6193574],[42.7905685,66.6463718],[42.8123259,66.6942349],[42.7873508,66.7441713],[42.7331205,66.7849714],[42.5666196,66.8278738],[42.3920124,66.8187085],[42.3011535,66.7645081],[42.3031635,66.7294309],[42.3365605,66.7042877]]],[[[35.6624571,64.7753732],[35.7282046,64.8218365],[35.6727356,64.8663778],[35.5306962,64.8742581],[35.4547548,64.8300238],[35.4657484,64.802289],[35.5128251,64.7783258],[35.6624571,64.7753732]]]]}},{"type":"Feature","properties":{"polity_id":"russian-tsardom","name":"Русское царство","start_date":"1595-05-18","end_date":"1617-02-17","status":"provisional-source-capture","confidence":"unreviewed","legal_basis":[],"source_ids":["capture:ohm:2851885"],"provenance":{"capture_source":"OpenHistoricalMap","capture_id":2851885,"capture_date":"2026-08-22"},"notes":"One-time geometry capture. Review against project historical sources before marking verified."},"geometry":{"type":"MultiPolygon","coordinates":[[[[46.9985556,44.654514],[47.0338984,44.7763804],[47.0866483,44.7487731],[47.1644776,44.7630685],[47.2596397,44.8416392],[47.3692651,45.1468978],[47.4270421,45.2200627],[47.4847006,45.248812],[47.534581,45.40638],[47.7757973,45.6753022],[47.8453586,45.7014942],[48.137558,45.7034214],[48.2631104,45.7332656],[48.4323755,45.928566],[48.5107457,45.9768828],[48.5822626,45.9045318],[48.6463623,45.8977734],[48.7359605,45.9252337],[48.7714743,45.9588115],[48.7991021,46.027899],[48.9749131,46.1107199],[49.083898,46.2235765],[49.1163143,46.2804839],[49.1247594,46.4068607],[49.141134,46.4306717],[49.2360335,46.4317439],[49.3249088,46.4065085],[49.6049405,46.4467317],[49.7165006,46.4071771],[49.8274794,46.4083027],[49.9279771,46.4542873],[49.9676107,46.4927436],[49.9872545,46.5475644],[50.0680528,46.5615644],[50.1812523,46.6661072],[50.2552595,46.6553562],[50.352013,46.7354625],[50.4021149,46.7282122],[50.4518196,46.7535345],[50.5007501,46.7249851],[50.5786695,46.7198862],[50.6413689,46.7576309],[50.665088,46.8186324],[50.7618134,46.8129845],[50.8225104,46.8734281],[50.9111567,46.9116974],[50.2953992,47.1299582],[48.9111218,47.6653948],[47.076405,48.5020548],[46.1096082,48.8213398],[44.8846422,49.0522712],[44.9862657,49.2821411],[45.1620456,49.5911308],[45.4888889,50.1117739],[45.8871432,50.4190207],[45.8486911,50.5046947],[45.6921359,50.6424957],[45.7058688,50.7068968],[45.9997531,50.8076721],[46.079404,50.8822448],[46.0491916,50.9549683],[45.9036227,51.0828236],[45.8459445,51.2722276],[46.046445,51.539504],[46.3211032,51.7729405],[46.4749118,51.8018232],[46.7138644,51.7423386],[46.9363376,51.8103146],[47.3483249,52.0372887],[47.4554416,52.0643135],[47.6477023,52.0592476],[47.8427097,52.0946967],[48.1420871,52.3906889],[48.1805392,52.534604],[48.3618137,52.6747184],[48.4963962,52.8359599],[48.4771701,52.9899923],[48.5046359,53.0907269],[48.6144992,53.1533607],[49.0347263,53.2372785],[49.2736789,53.2142586],[49.4824191,53.1550077],[49.7433444,53.1961628],[50.0234958,53.1895807],[50.2734348,53.1484193],[51.1990329,53.2799969],[51.4297458,53.3685835],[51.7868015,53.5582592],[52.0175143,53.5925064],[52.4432346,53.5810938],[52.7972089,53.5305627],[54.2340033,51.6623376],[55.3381293,52.0356009],[55.5358832,52.0592493],[55.8105414,52.0491158],[56.2829535,51.9036162],[56.6784613,51.7066119],[56.7059271,51.61802],[56.634516,51.4779652],[56.5246472,51.3580684],[57.4146391,50.9940377],[57.9036854,50.8311868],[58.4374531,50.8391238],[58.7066723,50.9124508],[58.5987502,51.1487523],[58.5853915,51.2647171],[58.6493055,51.4568885],[58.7314165,51.5598339],[59.0378677,51.823686],[59.0422335,51.9722621],[58.9326276,52.223086],[58.9245527,52.3656007],[59.1354396,52.8585162],[59.09354,52.935627],[59.0908868,53.043887],[59.32529,53.0617386],[59.2643114,53.3092537],[59.1774108,53.4501037],[59.290526,53.7463756],[59.3916532,53.911803],[59.4468299,54.0446954],[59.6077555,54.1603334],[60.9658715,54.309587],[60.8642358,55.1412222],[60.4467554,55.8629946],[60.0073022,56.0597817],[59.3481226,56.279973],[58.0077905,56.4746402],[56.4916772,56.728634],[55.5907983,56.9210088],[55.1293726,57.3146692],[54.9535913,57.9848197],[54.6556142,58.7944543],[55.326144,59.2393442],[56.1456805,59.6785048],[57.4420381,60.2527595],[59.0959967,60.6787804],[67.4999851,61.8604385],[67.3807798,62.0565767],[66.7698526,62.2653293],[65.5032964,62.5963483],[64.8923692,63.0658042],[65.3691904,63.4746228],[65.8013096,63.8776796],[65.9354156,64.3008947],[65.7119056,64.7622219],[65.473495,65.1720405],[65.607601,65.4706666],[65.8311109,66.2085567],[66.7698526,68.0269243],[67.2057669,68.6921408],[67.4915485,68.7151587],[67.5459725,68.7478068],[67.5374807,68.7958696],[67.3914533,68.8607639],[66.6949694,68.934393],[66.5539427,69.0255695],[66.2626081,69.1212112],[65.3500579,69.2444927],[65.2408206,69.3010514],[65.1096332,69.3214519],[64.6309487,69.4795257],[63.9394224,69.6360822],[62.7639244,69.7730823],[62.2236548,69.7811804],[61.8811313,69.8004778],[61.7655418,69.8238248],[61.5575982,69.8201344],[61.4837878,69.830248],[61.3007179,69.9022974],[61.1983727,69.9169291],[61.0021173,69.8979148],[60.8253236,69.9166333],[60.6272914,69.8753855],[60.6369366,69.9185584],[60.5705138,69.9620639],[60.3649569,70.0161972],[60.2104312,70.081846],[60.2013601,70.1107655],[60.1568973,70.1321562],[59.974757,70.1471112],[59.915454,70.1871754],[59.7064044,70.2507756],[59.5136255,70.3731717],[59.237756,70.4600003],[59.1832339,70.5021795],[59.0221925,70.5198643],[58.8613006,70.4790233],[58.760742,70.5065866],[58.6266847,70.5116192],[58.5113519,70.4753852],[58.5092678,70.4496309],[58.5455946,70.4128175],[58.3588929,70.4207021],[58.2543028,70.3934964],[58.238627,70.3593938],[58.2970838,70.304422],[58.1686284,70.2715771],[58.1589761,70.2464553],[58.1824245,70.2046055],[58.390365,70.1329894],[58.4608355,70.0489939],[58.5560591,69.989423],[58.6796953,69.9323962],[58.8347295,69.8934006],[58.8925154,69.8489126],[58.9763262,69.8185247],[59.2015375,69.8030468],[59.3049619,69.7646299],[59.4127967,69.7642804],[59.3682855,69.7395136],[59.3701592,69.7079108],[59.5093466,69.6634779],[60.0369072,69.6088098],[60.0266519,69.5561089],[60.0785723,69.4843204],[60.4850566,69.2322626],[60.4825845,69.1390919],[60.5221453,69.0938543],[60.6189657,69.0525587],[60.7814019,69.0351595],[60.8074729,68.9754145],[60.785114,68.9256368],[60.6617224,68.8835883],[60.5916342,68.8227403],[60.4215434,68.7478731],[60.1243215,68.7310707],[59.9183408,68.762212],[59.692179,68.6738172],[59.656068,68.6394269],[59.6737965,68.5856083],[59.809607,68.4970697],[59.8304581,68.453719],[59.7423771,68.4065255],[59.64135,68.3841046],[59.2623173,68.4402263],[59.3268708,68.5143899],[59.3057373,68.5473332],[59.2627524,68.5664629],[59.3114439,68.5871588],[59.3313623,68.6179187],[59.5465515,68.6281172],[59.6070158,68.6503202],[59.6289948,68.6812655],[59.6147278,68.7069842],[59.5466686,68.7389324],[59.56857,68.7639905],[59.5474365,68.8055076],[59.4486214,68.8345005],[59.3068754,68.9086195],[59.455416,68.9458184],[59.6418251,68.9561894],[59.6874472,68.9901933],[59.6660199,69.039643],[59.6193689,69.0763371],[59.4917027,69.1254124],[59.4622214,69.1539085],[59.4531598,69.2274767],[59.3990966,69.2729007],[59.2220369,69.3294508],[58.9179451,69.3866076],[58.8347688,69.4334241],[58.7213783,69.4451359],[58.7244914,69.4881285],[58.6571327,69.5237685],[58.4366944,69.5360527],[58.3463133,69.5090212],[58.3084829,69.4729909],[58.3101406,69.4517288],[58.3777143,69.4157948],[58.4903335,69.3985155],[58.4886684,69.372048],[58.5134871,69.3525513],[58.7620928,69.2573399],[59.0558791,69.200452],[59.0980425,69.1158951],[59.238349,69.0628475],[59.2638331,69.0327733],[58.8093308,69.0232735],[57.7408793,68.8268798],[57.2781113,68.7840355],[57.1365989,68.7541011],[57.0207225,68.6804059],[57.0400754,68.6349456],[57.1395238,68.6085392],[57.2476624,68.6151016],[57.361776,68.6579594],[57.3469097,68.6161432],[57.2661982,68.5839711],[57.118582,68.5771879],[56.9620031,68.598593],[56.8752992,68.6422123],[56.6603082,68.6743889],[56.3267692,68.6412889],[56.1771335,68.6844509],[56.0438702,68.6972624],[55.8811579,68.6836069],[55.6067946,68.6047386],[55.3400988,68.6018976],[54.8851646,68.4527316],[54.8210849,68.3786196],[54.7062924,68.3250714],[54.7168014,68.2820697],[54.7737724,68.2521174],[54.7535154,68.241078],[54.4948527,68.3985967],[54.3688725,68.4039268],[54.221419,68.3746349],[54.1215997,68.3844867],[54.0932563,68.3994448],[54.0780706,68.4768752],[54.037011,68.535982],[53.8798679,68.6279665],[53.9884239,68.6762798],[54.0060555,68.7009776],[53.9901921,68.7389845],[54.1064879,68.7772988],[54.4107419,68.7334632],[54.5211033,68.7547507],[54.5581185,68.7871083],[54.5185559,68.8274217],[54.387736,68.8649264],[54.0920413,68.8774024],[54.4326467,68.9044823],[54.5617378,68.8835551],[54.7803973,68.9005336],[54.9159131,68.8623877],[55.1471526,68.8772382],[55.2715954,68.8472783],[55.3975979,68.850703],[55.5807858,68.8194686],[55.7137365,68.845944],[55.7466932,68.8875046],[55.743893,68.911151],[55.6695504,68.9464616],[55.5069464,68.9755823],[55.1379019,68.9645547],[54.9123113,69.0243046],[54.7797775,69.0188465],[54.5401241,69.0428304],[54.0417658,69.0317744],[53.6127976,68.9839085],[52.9203425,68.8427863],[52.060724,68.6027515],[51.6917355,68.5470521],[51.1798273,68.5438513],[50.9599702,68.5109639],[50.7466765,68.4398859],[50.580162,68.3402804],[50.0700799,68.1595179],[49.1794205,67.910129],[48.9452762,67.8803822],[48.8536968,67.8936546],[48.6826608,67.9586322],[48.5111603,67.9541365],[48.4660532,67.9306962],[48.4603253,67.9064503],[48.6413042,67.8213467],[48.6425916,67.7643371],[48.6234067,67.7444522],[48.4620808,67.6990635],[48.2956292,67.7154085],[48.1208681,67.6714105],[47.9461146,67.6914917],[47.7152999,67.6009668],[47.7026079,67.5679854],[47.7293669,67.5163345],[47.801721,67.4608058],[47.7462626,67.4001534],[47.6368644,67.3433292],[47.6472757,67.2526342],[47.5884391,67.227973],[47.5572022,67.1926101],[47.6243652,67.1221067],[47.6243723,67.0548362],[47.541764,66.9818547],[47.4983462,66.9648549],[47.3338932,66.9655296],[46.9151143,66.8940538],[46.7083335,66.879746],[46.6303833,66.9121921],[46.5204702,66.9209944],[46.1691158,66.8777921],[45.9149144,66.9320383],[45.8283068,67.0083313],[45.8104734,67.051454],[45.7529838,67.0900633],[45.7503727,67.1388868],[45.6901575,67.1897613],[45.1896555,67.301601],[45.0455212,67.3570816],[45.0388978,67.3886476],[45.0642141,67.4343509],[45.1292443,67.4841398],[45.2492463,67.5293283],[45.3416072,67.5283176],[45.4226676,67.5550625],[45.4799036,67.6329701],[45.4679748,67.677416],[45.5503852,67.6994718],[45.8745751,67.7048152],[46.0027461,67.7351656],[46.3497442,67.7682843],[46.6910328,67.7534742],[46.8124549,67.7851206],[46.8476125,67.8459765],[46.8342186,67.8995578],[46.6704832,68.0349685],[46.6606568,68.1333734],[46.4286043,68.2602537],[46.5062602,68.2934778],[46.5124672,68.3239445],[46.4860823,68.358652],[46.0963653,68.473367],[45.5043614,68.5718239],[45.037959,68.5997207],[44.0896174,68.5821504],[43.8150585,68.6591198],[43.5106471,68.711451],[43.2343825,68.7104665],[43.1430963,68.6644564],[43.204619,68.5904865],[43.457743,68.4872532],[43.8982083,68.3581644],[44.0851796,68.2744594],[44.0883523,68.2075617],[44.0592801,68.0898559],[44.0089992,68.0094597],[44.0279433,67.9576319],[43.973249,67.8512083],[44.0023366,67.7610229],[43.9378403,67.6961689],[43.9122355,67.6335866],[43.8162984,67.5476929],[43.7076987,67.4107991],[43.6325053,67.2674135],[43.645226,67.1940438],[43.6894805,67.1590931],[43.8588546,67.1054923],[44.0531005,67.1041195],[44.3547059,66.9113779],[44.3363366,66.8792192],[44.3498095,66.8452913],[44.2637929,66.8175528],[44.2256557,66.783548],[44.239816,66.7361268],[44.3270606,66.6669742],[44.2506542,66.5764768],[44.2452656,66.531919],[44.1003233,66.4484571],[44.0026375,66.3417721],[43.9407285,66.2297801],[43.8099605,66.2483795],[43.7575859,66.2935096],[43.6446239,66.3452423],[43.4636962,66.3754025],[43.4045531,66.4261128],[43.3179029,66.4582891],[43.1297912,66.468405],[42.7458336,66.451377],[42.6621159,66.4906546],[42.3772269,66.5540433],[42.2300941,66.5676052],[42.1138315,66.5543104],[41.9746657,66.5033051],[41.846461,66.3885399],[41.7411725,66.3518491],[41.6169761,66.253372],[41.382198,66.1434973],[41.002565,66.0623617],[40.6330532,66.0184775],[40.3217699,65.8226398],[40.0428007,65.7245561],[39.7862214,65.6673543],[39.667545,65.6065843],[39.6064854,65.5420961],[39.5692766,65.4293971],[39.5902561,65.3388348],[39.7982974,65.2100523],[39.904087,65.128793],[39.9312487,65.0861365],[40.0256917,65.031512],[40.0888696,64.8971077],[40.1368435,64.8432836],[39.8673901,64.797846],[39.7327857,64.7187923],[39.6542197,64.6074721],[39.5801249,64.6048395],[39.3589114,64.6888036],[39.1671838,64.7143577],[38.9414913,64.787997],[38.6066532,64.8215268],[38.4063562,64.8967557],[38.1544228,64.899487],[37.9786022,64.9306114],[37.8324741,64.9853058],[37.8232775,65.0376368],[37.752919,65.0760188],[37.4461908,65.1512071],[37.077575,65.2199856],[36.9653389,65.2192034],[36.8669842,65.2625625],[36.7668696,65.2602003],[36.6878611,65.2333711],[36.6603509,65.1949699],[36.7067637,65.1538685],[36.6955424,65.119402],[36.7305822,65.0820246],[36.6816488,64.9934356],[36.6081224,64.975682],[36.3959618,64.9769987],[36.3160401,64.9300938],[36.3177873,64.8926045],[36.3894815,64.7964218],[36.4260581,64.6912085],[36.4889916,64.6670311],[36.6221433,64.6612632],[36.8047864,64.5035834],[37.0325768,64.3579275],[37.321564,64.288016],[37.2609808,64.2704256],[37.2333251,64.240913],[37.2437601,64.2081984],[37.2908368,64.1837085],[37.3910569,64.1717928],[37.4823237,64.1956733],[37.5034233,64.225504],[37.4885081,64.2516401],[37.3723993,64.2899642],[37.4952401,64.3250783],[37.6238983,64.3023824],[37.7180477,64.3213979],[37.7947866,64.3026087],[37.8256448,64.274858],[37.7816296,64.2473559],[37.7729304,64.1949259],[37.8208728,64.1373519],[37.882376,64.1110624],[37.9122487,64.0566163],[37.8140464,64.0947704],[37.6973366,64.078861],[37.6665588,64.0561765],[37.6640041,64.0290809],[37.7647007,63.9549723],[37.570867,63.9308268],[37.5151792,63.8914686],[37.5173103,63.8566227],[37.4362629,63.8422158],[37.3859046,63.8491635],[37.4201027,63.8815932],[37.4058359,63.9132532],[37.3059157,63.9419279],[37.2515224,63.9902591],[37.2799849,64.0246336],[37.257937,64.0585201],[37.3290515,64.1022857],[37.3323447,64.1416174],[37.3066824,64.1654143],[37.1887356,64.2028829],[37.0725992,64.1925042],[37.0210585,64.1516767],[37.0303764,64.1256829],[37.0966609,64.0799214],[37.0574695,64.0670548],[36.9698961,64.1078385],[36.9641571,64.1590492],[36.8730539,64.1996088],[36.8271766,64.2507106],[36.641396,64.3062904],[36.6059725,64.3505112],[36.5363253,64.3794533],[36.4308919,64.3943699],[36.3339978,64.3782568],[36.2866857,64.4236913],[36.2142269,64.4425327],[36.0272219,64.4333214],[35.7155478,64.4616258],[35.688821,64.4790828],[35.7374505,64.5078278],[35.738176,64.5505038],[35.8115625,64.5726493],[35.8320295,64.6078697],[35.7736641,64.6589922],[35.6246963,64.7360484],[35.4552179,64.7358269],[35.3619578,64.6808916],[35.3889868,64.6368129],[35.4892362,64.6165886],[35.5478909,64.5787568],[35.4960209,64.5443825],[35.4955337,64.5121242],[35.5288467,64.4855427],[35.4955549,64.4708574],[35.4321194,64.4614417],[35.3502116,64.496285],[35.3520485,64.5384455],[35.2894514,64.5674368],[35.2041433,64.5727038],[35.1317409,64.5532258],[35.0658755,64.5655468],[35.197169,64.6397861],[35.2058431,64.6724666],[35.1760985,64.7019248],[35.223423,64.7274495],[35.2325599,64.753866],[35.3151051,64.7624953],[35.3682902,64.7963665],[35.3637942,64.8274763],[35.3330808,64.8495472],[35.2217446,64.8653258],[35.3580797,64.8998432],[35.4759302,64.8943035],[35.5438999,64.9226309],[35.6189957,64.9033915],[35.8021513,64.9042495],[36.0747959,64.9689095],[36.1413873,65.0119618],[36.1403004,65.0544696],[36.1184947,65.0757263],[36.3396012,65.1128318],[36.3864203,65.1373532],[36.3933445,65.1738817],[36.3194413,65.2119742],[36.1261708,65.2131193],[36.0042168,65.2453265],[35.5200829,65.1993497],[35.3964529,65.153664],[35.3754341,65.1211283],[35.3810214,65.0895541],[35.4432103,65.0342603],[35.3328507,64.9951219],[35.1656475,65.0249729],[35.1442507,65.0870961],[35.0878854,65.1150471],[34.9161564,65.1198359],[34.9288535,65.1423977],[34.9174606,65.1679173],[34.8030542,65.2492286],[34.6893567,65.2948232],[34.7015048,65.3167587],[34.6885288,65.3401382],[34.8089446,65.4032806],[34.8131884,65.4537338],[34.9044646,65.5171918],[34.9185704,65.5628583],[35.0341263,65.5796975],[35.0662106,65.6037733],[35.0680301,65.6275728],[35.1467387,65.6688033],[35.1841244,65.7482441],[35.1614658,65.7837722],[35.1680992,65.8293029],[34.9815278,65.8975399],[34.9388993,65.9356886],[34.8484633,65.9501511],[34.821477,66.004399],[34.6266017,66.1095115],[34.1212425,66.2835583],[34.004755,66.3529119],[33.9891402,66.384574],[34.0110848,66.4222417],[33.9646652,66.4568555],[33.882125,66.4850237],[33.7597094,66.4869398],[33.6512806,66.5449097],[33.7996287,66.5575288],[33.8356732,66.5906643],[33.816397,66.6219027],[34.0060016,66.6322183],[34.1773834,66.6110028],[34.3585687,66.5066008],[34.4413648,66.4880699],[34.5903067,66.4904035],[34.8383505,66.5421958],[35.1049373,66.4330051],[35.4837845,66.3367835],[36.503702,66.2239455],[36.7527874,66.2309465],[36.9275832,66.2113423],[37.2908908,66.154069],[37.58634,66.0692462],[37.8482424,66.0381468],[38.3899196,66.0034263],[38.749122,66.012547],[38.9588953,66.0553692],[39.1523613,66.0525422],[39.5184411,66.1322487],[40.0630422,66.2090091],[40.3487405,66.3255084],[40.4669424,66.3417058],[40.6824855,66.4278844],[40.7640011,66.4410747],[40.8286885,66.482593],[40.8361088,66.5476834],[41.2070409,66.7150032],[41.3577507,66.8169711],[41.4246768,66.9451068],[41.5012383,67.0057273],[41.5074452,67.0348555],[41.4829278,67.0605526],[41.5259068,67.0852878],[41.5376094,67.1188379],[41.4736785,67.1599715],[41.4940389,67.1990662],[41.4517008,67.2417441],[41.3567002,67.2670162],[41.2231144,67.2717135],[41.2493614,67.328889],[41.2549597,67.4072737],[41.2274963,67.4500079],[41.142787,67.494071],[41.1279679,67.5509977],[41.176919,67.6315624],[41.1057224,67.7209349],[40.9863273,67.7698657],[40.8560346,67.7797119],[40.761147,67.8337437],[40.522783,67.885528],[40.3913563,67.9489525],[40.2308892,67.9844182],[40.0778387,68.057385],[40.0376864,68.1111284],[39.9714208,68.1527433],[39.8484041,68.1952316],[39.7379951,68.2086907],[39.6443379,68.194283],[39.6016752,68.1595717],[39.6275348,68.1155854],[39.4622227,68.1484576],[39.2875702,68.2257888],[39.1259376,68.2624263],[39.0674833,68.3097621],[38.8496643,68.3606213],[38.7358065,68.4170749],[38.4565003,68.4509751],[38.2140723,68.5297824],[38.0863869,68.609564],[37.959763,68.6509198],[37.8931126,68.7245804],[37.6921943,68.7558047],[37.6275517,68.8093878],[37.1846301,68.9004299],[36.5580458,69.0751277],[36.5092421,69.1046283],[36.1022705,69.1875694],[35.958792,69.240687],[35.2499308,69.3072554],[35.0843489,69.3006162],[35.0077079,69.2658438],[34.8697511,69.3003638],[34.5497677,69.3127538],[34.5440722,69.3482097],[34.4971786,69.3743029],[34.1226837,69.4379219],[33.9588003,69.4264855],[33.8679999,69.3977305],[33.819983,69.3619245],[33.6221654,69.3568799],[33.6375653,69.3878131],[33.6280866,69.4190353],[33.5207433,69.4625734],[32.9047246,69.5213939],[33.0654097,69.550108],[33.2122126,69.6182199],[33.2724131,69.725355],[33.1576557,69.789283],[32.6552852,69.8521634],[32.1342604,70.0026787],[31.8563593,70.0050167],[31.7711409,69.9737737],[31.7160438,69.8923547],[31.5855417,69.9068879],[31.437654,69.8898559],[31.3840227,69.8567359],[31.401387,69.792854],[30.8953155,69.8450293],[30.8176414,69.7948444],[30.8905984,69.7372657],[30.8736595,69.7149353],[30.9444154,69.6832279],[30.9233763,69.6697388],[30.9542528,69.6324096],[30.9465507,69.576363],[30.81799,69.5288883],[30.5159812,69.5404206],[30.2240291,69.6531205],[30.1516722,69.6693762],[30.0852915,69.6580972],[30.0912854,69.6428379],[30.137826,69.6435197],[30.1855994,69.5505719],[30.1223803,69.5166756],[30.1168881,69.4692538],[30.0345285,69.4246791],[29.9481468,69.4050014],[29.8504972,69.4228126],[29.7226467,69.3890938],[29.5704517,69.3178794],[29.3965182,69.3236938],[29.2923407,69.2979319],[29.276971,69.250761],[29.3139861,69.2312317],[29.2864934,69.1692013],[29.2487203,69.1615253],[29.2310095,69.1216852],[29.242137,69.1130186],[29.0566538,69.0152255],[28.9292868,69.0519146],[28.4157884,68.9154506],[28.4680152,68.8854349],[28.8007884,68.8692833],[28.7064097,68.7322371],[28.4339319,68.539671],[28.6461512,68.1963033],[29.3270886,68.0745422],[29.6594055,67.8029589],[30.017043,67.6735527],[29.9302245,67.5225238],[29.6160519,67.345731],[29.6440601,67.3357821],[29.5225573,67.3098971],[29.5044673,67.2855845],[29.5164949,67.2806526],[29.0728518,66.995901],[29.0331725,66.9255118],[29.0605147,66.8531003],[29.1189692,66.8014769],[29.1058565,66.7904471],[29.1494135,66.7804339],[29.3611293,66.6388082],[29.3825949,66.5984441],[29.4190358,66.5919864],[29.4106071,66.5831721],[29.4720555,66.5439006],[29.6313606,66.366276],[29.6963998,66.2687473],[29.9233057,66.1271457],[29.9926245,66.0223595],[29.9971176,65.978834],[30.0242232,65.9667021],[30.068452,65.8949649],[30.1193759,65.7522112],[30.1384654,65.668677],[30.0171088,65.6964778],[29.7218687,65.6370846],[29.8639021,65.5604438],[29.7330481,65.4725004],[29.7273933,65.4003301],[29.7465796,65.347402],[29.6017879,65.2599327],[29.6340018,65.2315851],[29.8856591,65.2062953],[29.8935882,65.1929709],[29.8193328,65.1442782],[29.8968589,65.1051397],[29.7326676,65.0912944],[29.6269757,65.0605969],[29.5993331,64.9950558],[29.6191848,64.959659],[29.6109949,64.9273109],[29.6449074,64.866493],[29.699703,64.8372234],[29.6875026,64.8188089],[29.7396283,64.7897836],[30.0429299,64.7928807],[30.0865096,64.7739882],[30.0413965,64.7411934],[30.1358375,64.6489996],[30.130109,64.6347287],[29.9894001,64.5876222],[29.9869571,64.5338969],[30.0583381,64.4508873],[30.0448663,64.4020287],[30.1099241,64.3650286],[30.3669331,64.2996872],[30.3608053,64.2813189],[30.3882735,64.2690683],[30.4824363,64.2623259],[30.5095961,64.2216872],[30.4663645,64.2044309],[30.5534022,64.1322472],[30.5535576,64.1016869],[30.4918692,64.0169518],[30.3209136,63.9095321],[30.2604128,63.8220093],[29.9723741,63.756915],[30.2441514,63.6072718],[30.2582144,63.583947],[30.3845366,63.5455091],[30.4840079,63.4667034],[30.7876915,63.4052755],[30.8501493,63.3684509],[30.9344216,63.3554973],[30.9791661,63.3077728],[31.2397255,63.2189305],[31.2553452,63.1461864],[31.1503594,63.1124643],[30.9635918,63.0991085],[30.8702081,63.0667807],[30.8406823,63.0400209],[30.8029168,62.9221105],[30.5907433,62.8379106],[30.3902428,62.7999575],[30.2220147,62.8626635],[30.2014153,62.8134505],[30.1300042,62.7917958],[30.1464837,62.7669832],[30.0517266,62.7396337],[30.0709527,62.7154067],[30.0537865,62.6993493],[29.94255,62.680132],[29.8498528,62.7043879],[29.8402398,62.664686],[29.899978,62.6252466],[29.7784417,62.6031375],[29.7200768,62.5639326],[29.7859948,62.4723587],[29.7921746,62.4396537],[29.7750085,62.412955],[29.6129601,62.3734992],[29.5127099,62.3196411],[29.4941705,62.2768682],[29.369201,62.164861],[29.3980401,62.0897441],[29.6040337,61.9331361],[29.2579644,61.7152618],[29.2222588,61.6612031],[29.1790002,61.6429451],[29.0401266,61.6407434],[29.1796848,61.5711137],[29.2401096,61.5069771],[29.4009166,61.3973084],[29.5587144,61.2081216],[29.5556256,61.0579533],[29.5947644,61.0481493],[29.5892712,61.0260379],[29.6136471,61.0203828],[29.5686718,60.9701086],[29.7556112,60.8594588],[29.787712,60.8098508],[29.7710609,60.7873638],[29.7895145,60.7670827],[29.7702884,60.7570212],[29.7887417,60.7128392],[29.9260708,60.6676291],[30.03647,60.6618537],[30.0828939,60.6109789],[30.1749713,60.5994279],[30.0604361,60.5555563],[30.0362117,60.528853],[30.0580599,60.5063154],[30.0444982,60.4780411],[30.0928077,60.4490575],[30.1071081,60.3960828],[30.0574188,60.3502265],[29.9969361,60.3509154],[30.0409224,60.3176713],[30.0553575,60.2812493],[29.9490659,60.2680866],[29.9287806,60.2409473],[29.84882,60.24812],[29.865924,60.195571],[29.9124393,60.198535],[30.0137213,60.1534374],[29.9782324,60.1192965],[29.9844359,60.0650547],[29.834747,60.0549023],[29.6876184,60.1121282],[29.5532938,60.0622299],[29.5327796,60.0118248],[29.2245533,60.0411954],[29.0918218,60.0342542],[28.9049811,59.9302687],[28.9067435,59.8920871],[28.9527176,59.8547782],[28.7459131,59.838074],[28.5948037,59.887851],[28.5059778,59.8940007],[28.3867342,59.8467101],[28.32653,59.7561551],[28.1613851,59.8517546],[28.0837414,59.8661975],[28.0184654,59.8521963],[27.9004154,59.7003852],[27.9048869,59.6344718],[28.0022192,59.5812102],[27.991957,59.5390734],[27.9491758,59.4906193],[28.0841605,59.4590081],[28.192874,59.3992979],[28.2098962,59.3699826],[28.1590877,59.3181031],[28.2949447,59.294994],[28.2513414,59.225151],[28.0590807,59.1252265],[27.9052721,59.018648],[27.3422214,58.8932972],[27.5550829,58.3685975],[27.4864183,58.3066037],[27.4905382,58.2191956],[27.6354214,58.10038],[27.6055523,58.0542688],[27.6206585,58.0055514],[27.6537893,57.9958181],[27.6493262,58.0201917],[27.6987646,57.9986382],[27.6845167,57.9600461],[27.6560209,57.955037],[27.6790236,57.923965],[27.7181624,57.9204096],[27.6955029,57.9073702],[27.8197859,57.890585],[27.8158378,57.8623794],[27.7761837,57.8330551],[27.7408218,57.8277539],[27.7081203,57.848451],[27.5555133,57.8338774],[27.530708,57.790808],[27.4946591,57.7876969],[27.5265881,57.7578538],[27.5113105,57.7507096],[27.5456428,57.7333016],[27.5262448,57.7307356],[27.5256442,57.7093748],[27.500925,57.706486],[27.4927711,57.7230361],[27.4113177,57.7003408],[27.3761272,57.6681763],[27.4009322,57.6329508],[27.3887014,57.6160607],[27.4051379,57.6124059],[27.3174916,57.5800341],[27.3515884,57.5182161],[27.3747745,57.5354148],[27.4150519,57.5226559],[27.5565377,57.5378439],[27.5463272,57.5192773],[27.5673392,57.5092177],[27.5161921,57.4249263],[27.6694264,57.3952715],[27.6841181,57.3721178],[27.7790722,57.3434011],[27.781842,57.3203282],[27.82394,57.3230627],[27.8665879,57.2963924],[27.8702622,57.2482655],[27.8256765,57.2004927],[27.8182775,57.1433435],[27.737531,57.1189964],[27.7518744,57.0982907],[27.7152118,57.0976375],[27.7687745,57.085618],[27.7146504,57.007379],[27.7695654,57.0052405],[27.7371561,56.920078],[27.6863346,56.9158951],[27.6720469,56.895622],[27.6593808,56.8343402],[27.848567,56.8794211],[27.8740298,56.8774814],[27.9016674,56.8205634],[27.9590258,56.8326139],[28.2788058,57.0526835],[28.5726901,56.9614512],[28.3227512,56.4685613],[28.3145114,56.3241538],[30.5969211,55.9153531],[30.6285081,55.7611234],[30.7768236,55.6179164],[31.8878119,55.7023582],[32.1954291,56.2586118],[33.2226508,55.7734865],[33.700556,55.341645],[34.4970648,55.1255114],[33.6099216,54.2170747],[33.0303928,53.6462676],[32.956235,53.5973966],[32.9287692,53.4488085],[33.6428806,53.561522],[33.7280246,53.0857783],[34.5245334,53.0296537],[33.8653537,52.3454092],[34.1043063,52.1452896],[34.0768405,52.0710671],[34.1111742,52.0060202],[34.4036852,51.8272918],[34.4338976,51.7559411],[34.4187914,51.7202235],[34.0823351,51.6742593],[34.2979417,51.5215625],[34.2416375,51.4356049],[33.5714694,51.4471621],[33.4973117,51.156956],[34.579465,50.6755776],[35.3539984,50.4889721],[36.6558783,48.8394167],[36.4581244,47.7836383],[36.1463873,47.5830141],[36.6064398,47.580235],[36.9250433,47.6875829],[37.4908392,47.7762557],[38.2928412,47.8426613],[39.0618842,47.7836383],[39.2266791,47.7097652],[39.4024603,47.5913502],[39.5919786,47.2149052],[39.6290575,47.1953126],[39.7869859,47.215838],[39.8597704,47.2522044],[40.0630174,47.2447467],[40.1715074,47.2605931],[40.2264391,47.229828],[40.2676378,47.2494079],[40.4173265,47.2344906],[40.5505357,47.1897134],[40.6919847,47.198112],[40.7482896,47.1150008],[40.8608995,47.1392939],[40.9281908,47.1215423],[41.4335619,46.9286974],[41.4610277,46.9014934],[41.5118381,46.7586818],[41.6738864,46.6173764],[41.827695,46.5456406],[41.8963596,46.4813754],[41.860654,46.405672],[41.7727634,46.3089976],[41.7398044,46.2311549],[41.6574069,46.1665186],[41.5475436,46.1113276],[41.3195773,46.0656104],[41.3058444,46.0065029],[41.4514133,45.7349444],[41.4514133,45.6447701],[41.3675975,45.6174202],[41.3846703,45.5155875],[41.318748,45.2925621],[41.3236883,45.2191687],[41.0424143,44.9927012],[41.0930272,44.7562075],[41.240216,44.6328401],[41.5746342,44.4208426],[41.6609344,44.2225882],[41.629389,44.0891749],[41.6403681,43.9170771],[41.7093115,43.7426706],[41.7196086,43.6310671],[41.9791418,43.4562152],[43.1679714,43.2932041],[43.5204784,43.1945809],[43.8875594,43.2208202],[43.9402226,43.192827],[44.5836599,43.2981397],[44.9408717,43.3030813],[45.3374236,43.1775064],[45.628746,43.1252305],[45.6755548,43.1678744],[46.0061867,43.158061],[46.3624662,42.9902556],[46.7066842,42.9238938],[47.0469859,42.8905141],[47.77211,42.8601481],[47.7534478,42.8960891],[47.5268548,43.0458095],[47.5337212,43.1120122],[47.6257317,43.2882028],[47.6051324,43.3486508],[47.5591271,43.4025536],[47.5618737,43.4534179],[47.5873903,43.537511],[47.6237577,43.5858004],[47.6257317,43.6499887],[47.6820367,43.7596891],[47.7733605,43.8592875],[47.9128149,43.9482951],[47.9256587,44.004412],[47.8667443,44.0387384],[47.6580041,44.0505838],[47.6003259,44.0259032],[47.5495141,43.93944],[47.5103753,43.9196593],[47.4904626,43.9280669],[47.3355134,44.1375224],[47.2882455,44.2512248],[47.2302906,44.2839563],[47.1445777,44.2770638],[47.0904916,44.3804352],[46.9772428,44.4656964],[46.9328649,44.6114385],[46.9985556,44.654514]]],[[[56.6922044,68.8032523],[56.6500616,68.8498594],[56.5169931,68.8690476],[56.389491,68.8442335],[56.3320401,68.8013925],[56.3766902,68.7580506],[56.4929286,68.7404834],[56.6053204,68.7556751],[56.6922044,68.8032523]]],[[[48.0575383,68.9211032],[48.0756005,68.8016681],[48.1092766,68.7558902],[48.3260701,68.6710937],[49.1325232,68.6087663],[49.522443,68.6100947],[49.6792447,68.6400539],[49.7606529,68.689139],[49.7180005,68.7325953],[49.5976649,68.7481069],[49.9697029,68.8696522],[50.2264399,68.9226732],[50.4219574,69.0508923],[50.4597077,69.1173327],[50.4388854,69.1688668],[50.3853127,69.2163397],[50.1756533,69.3167463],[49.3816559,69.5419907],[48.9624816,69.5496608],[48.6289583,69.4989818],[48.4088812,69.4147366],[48.208567,69.3006972],[48.0890114,69.1352091],[48.0575383,68.9211032]]],[[[42.3365605,66.7042877],[42.6322366,66.6122278],[42.733132,66.6193574],[42.7905685,66.6463718],[42.8123259,66.6942349],[42.7873508,66.7441713],[42.7331205,66.7849714],[42.5666196,66.8278738],[42.3920124,66.8187085],[42.3011535,66.7645081],[42.3031635,66.7294309],[42.3365605,66.7042877]]],[[[35.6624571,64.7753732],[35.7282046,64.8218365],[35.6727356,64.8663778],[35.5306962,64.8742581],[35.4547548,64.8300238],[35.4657484,64.802289],[35.5128251,64.7783258],[35.6624571,64.7753732]]]]}},{"type":"Feature","properties":{"polity_id":"russian-tsardom","name":"Русское царство","start_date":"1617-02-17","end_date":"1689","status":"provisional-source-capture","confidence":"unreviewed","legal_basis":[],"source_ids":["capture:ohm:2851884"],"provenance":{"capture_source":"OpenHistoricalMap","capture_id":2851884,"capture_date":"2026-08-22"},"notes":"One-time geometry capture. Review against project historical sources before marking verified."},"geometry":{"type":"MultiPolygon","coordinates":[[[[46.9985556,44.654514],[47.0338984,44.7763804],[47.0866483,44.7487731],[47.1644776,44.7630685],[47.2596397,44.8416392],[47.3692651,45.1468978],[47.4270421,45.2200627],[47.4847006,45.248812],[47.534581,45.40638],[47.7757973,45.6753022],[47.8453586,45.7014942],[48.137558,45.7034214],[48.2631104,45.7332656],[48.4323755,45.928566],[48.5107457,45.9768828],[48.5822626,45.9045318],[48.6463623,45.8977734],[48.7359605,45.9252337],[48.7714743,45.9588115],[48.7991021,46.027899],[48.9749131,46.1107199],[49.083898,46.2235765],[49.1163143,46.2804839],[49.1247594,46.4068607],[49.141134,46.4306717],[49.2360335,46.4317439],[49.3249088,46.4065085],[49.6049405,46.4467317],[49.7165006,46.4071771],[49.8274794,46.4083027],[49.9279771,46.4542873],[49.9676107,46.4927436],[49.9872545,46.5475644],[50.0680528,46.5615644],[50.1812523,46.6661072],[50.2552595,46.6553562],[50.352013,46.7354625],[50.4021149,46.7282122],[50.4518196,46.7535345],[50.5007501,46.7249851],[50.5786695,46.7198862],[50.6413689,46.7576309],[50.665088,46.8186324],[50.7618134,46.8129845],[50.8225104,46.8734281],[50.9111567,46.9116974],[50.2953992,47.1299582],[48.9111218,47.6653948],[47.076405,48.5020548],[46.1096082,48.8213398],[44.8846422,49.0522712],[44.9862657,49.2821411],[45.1620456,49.5911308],[45.4888889,50.1117739],[45.8871432,50.4190207],[45.8486911,50.5046947],[45.6921359,50.6424957],[45.7058688,50.7068968],[45.9997531,50.8076721],[46.079404,50.8822448],[46.0491916,50.9549683],[45.9036227,51.0828236],[45.8459445,51.2722276],[46.046445,51.539504],[46.3211032,51.7729405],[46.4749118,51.8018232],[46.7138644,51.7423386],[46.9363376,51.8103146],[47.3483249,52.0372887],[47.4554416,52.0643135],[47.6477023,52.0592476],[47.8427097,52.0946967],[48.1420871,52.3906889],[48.1805392,52.534604],[48.3618137,52.6747184],[48.4963962,52.8359599],[48.4771701,52.9899923],[48.5046359,53.0907269],[48.6144992,53.1533607],[49.0347263,53.2372785],[49.2736789,53.2142586],[49.4824191,53.1550077],[49.7433444,53.1961628],[50.0234958,53.1895807],[50.2734348,53.1484193],[51.1990329,53.2799969],[51.4297458,53.3685835],[51.7868015,53.5582592],[52.0175143,53.5925064],[52.4432346,53.5810938],[52.7972089,53.5305627],[54.2340033,51.6623376],[55.3381293,52.0356009],[55.5358832,52.0592493],[55.8105414,52.0491158],[56.2829535,51.9036162],[56.6784613,51.7066119],[56.7059271,51.61802],[56.634516,51.4779652],[56.5246472,51.3580684],[57.4146391,50.9940377],[57.9036854,50.8311868],[58.4374531,50.8391238],[58.7066723,50.9124508],[58.5987502,51.1487523],[58.5853915,51.2647171],[58.6493055,51.4568885],[58.7314165,51.5598339],[59.0378677,51.823686],[59.0422335,51.9722621],[58.9326276,52.223086],[58.9245527,52.3656007],[59.1354396,52.8585162],[59.09354,52.935627],[59.0908868,53.043887],[59.32529,53.0617386],[59.2643114,53.3092537],[59.1774108,53.4501037],[59.290526,53.7463756],[59.3916532,53.911803],[59.4468299,54.0446954],[59.6077555,54.1603334],[60.9658715,54.309587],[60.8642358,55.1412222],[60.4467554,55.8629946],[60.0073022,56.0597817],[59.3481226,56.279973],[58.0077905,56.4746402],[56.4916772,56.728634],[55.5907983,56.9210088],[55.1293726,57.3146692],[54.9535913,57.9848197],[54.6556142,58.7944543],[55.326144,59.2393442],[56.1456805,59.6785048],[57.4420381,60.2527595],[59.0959967,60.6787804],[67.4999851,61.8604385],[67.3807798,62.0565767],[66.7698526,62.2653293],[65.5032964,62.5963483],[64.8923692,63.0658042],[65.3691904,63.4746228],[65.8013096,63.8776796],[65.9354156,64.3008947],[65.7119056,64.7622219],[65.473495,65.1720405],[65.607601,65.4706666],[65.8311109,66.2085567],[66.7698526,68.0269243],[67.2057669,68.6921408],[67.4915485,68.7151587],[67.5459725,68.7478068],[67.5374807,68.7958696],[67.3914533,68.8607639],[66.6949694,68.934393],[66.5539427,69.0255695],[66.2626081,69.1212112],[65.3500579,69.2444927],[65.2408206,69.3010514],[65.1096332,69.3214519],[64.6309487,69.4795257],[63.9394224,69.6360822],[62.7639244,69.7730823],[62.2236548,69.7811804],[61.8811313,69.8004778],[61.7655418,69.8238248],[61.5575982,69.8201344],[61.4837878,69.830248],[61.3007179,69.9022974],[61.1983727,69.9169291],[61.0021173,69.8979148],[60.8253236,69.9166333],[60.6272914,69.8753855],[60.6369366,69.9185584],[60.5705138,69.9620639],[60.3649569,70.0161972],[60.2104312,70.081846],[60.2013601,70.1107655],[60.1568973,70.1321562],[59.974757,70.1471112],[59.915454,70.1871754],[59.7064044,70.2507756],[59.5136255,70.3731717],[59.237756,70.4600003],[59.1832339,70.5021795],[59.0221925,70.5198643],[58.8613006,70.4790233],[58.760742,70.5065866],[58.6266847,70.5116192],[58.5113519,70.4753852],[58.5092678,70.4496309],[58.5455946,70.4128175],[58.3588929,70.4207021],[58.2543028,70.3934964],[58.238627,70.3593938],[58.2970838,70.304422],[58.1686284,70.2715771],[58.1589761,70.2464553],[58.1824245,70.2046055],[58.390365,70.1329894],[58.4608355,70.0489939],[58.5560591,69.989423],[58.6796953,69.9323962],[58.8347295,69.8934006],[58.8925154,69.8489126],[58.9763262,69.8185247],[59.2015375,69.8030468],[59.3049619,69.7646299],[59.4127967,69.7642804],[59.3682855,69.7395136],[59.3701592,69.7079108],[59.5093466,69.6634779],[60.0369072,69.6088098],[60.0266519,69.5561089],[60.0785723,69.4843204],[60.4850566,69.2322626],[60.4825845,69.1390919],[60.5221453,69.0938543],[60.6189657,69.0525587],[60.7814019,69.0351595],[60.8074729,68.9754145],[60.785114,68.9256368],[60.6617224,68.8835883],[60.5916342,68.8227403],[60.4215434,68.7478731],[60.1243215,68.7310707],[59.9183408,68.762212],[59.692179,68.6738172],[59.656068,68.6394269],[59.6737965,68.5856083],[59.809607,68.4970697],[59.8304581,68.453719],[59.7423771,68.4065255],[59.64135,68.3841046],[59.2623173,68.4402263],[59.3268708,68.5143899],[59.3057373,68.5473332],[59.2627524,68.5664629],[59.3114439,68.5871588],[59.3313623,68.6179187],[59.5465515,68.6281172],[59.6070158,68.6503202],[59.6289948,68.6812655],[59.6147278,68.7069842],[59.5466686,68.7389324],[59.56857,68.7639905],[59.5474365,68.8055076],[59.4486214,68.8345005],[59.3068754,68.9086195],[59.455416,68.9458184],[59.6418251,68.9561894],[59.6874472,68.9901933],[59.6660199,69.039643],[59.6193689,69.0763371],[59.4917027,69.1254124],[59.4622214,69.1539085],[59.4531598,69.2274767],[59.3990966,69.2729007],[59.2220369,69.3294508],[58.9179451,69.3866076],[58.8347688,69.4334241],[58.7213783,69.4451359],[58.7244914,69.4881285],[58.6571327,69.5237685],[58.4366944,69.5360527],[58.3463133,69.5090212],[58.3084829,69.4729909],[58.3101406,69.4517288],[58.3777143,69.4157948],[58.4903335,69.3985155],[58.4886684,69.372048],[58.5134871,69.3525513],[58.7620928,69.2573399],[59.0558791,69.200452],[59.0980425,69.1158951],[59.238349,69.0628475],[59.2638331,69.0327733],[58.8093308,69.0232735],[57.7408793,68.8268798],[57.2781113,68.7840355],[57.1365989,68.7541011],[57.0207225,68.6804059],[57.0400754,68.6349456],[57.1395238,68.6085392],[57.2476624,68.6151016],[57.361776,68.6579594],[57.3469097,68.6161432],[57.2661982,68.5839711],[57.118582,68.5771879],[56.9620031,68.598593],[56.8752992,68.6422123],[56.6603082,68.6743889],[56.3267692,68.6412889],[56.1771335,68.6844509],[56.0438702,68.6972624],[55.8811579,68.6836069],[55.6067946,68.6047386],[55.3400988,68.6018976],[54.8851646,68.4527316],[54.8210849,68.3786196],[54.7062924,68.3250714],[54.7168014,68.2820697],[54.7737724,68.2521174],[54.7535154,68.241078],[54.4948527,68.3985967],[54.3688725,68.4039268],[54.221419,68.3746349],[54.1215997,68.3844867],[54.0932563,68.3994448],[54.0780706,68.4768752],[54.037011,68.535982],[53.8798679,68.6279665],[53.9884239,68.6762798],[54.0060555,68.7009776],[53.9901921,68.7389845],[54.1064879,68.7772988],[54.4107419,68.7334632],[54.5211033,68.7547507],[54.5581185,68.7871083],[54.5185559,68.8274217],[54.387736,68.8649264],[54.0920413,68.8774024],[54.4326467,68.9044823],[54.5617378,68.8835551],[54.7803973,68.9005336],[54.9159131,68.8623877],[55.1471526,68.8772382],[55.2715954,68.8472783],[55.3975979,68.850703],[55.5807858,68.8194686],[55.7137365,68.845944],[55.7466932,68.8875046],[55.743893,68.911151],[55.6695504,68.9464616],[55.5069464,68.9755823],[55.1379019,68.9645547],[54.9123113,69.0243046],[54.7797775,69.0188465],[54.5401241,69.0428304],[54.0417658,69.0317744],[53.6127976,68.9839085],[52.9203425,68.8427863],[52.060724,68.6027515],[51.6917355,68.5470521],[51.1798273,68.5438513],[50.9599702,68.5109639],[50.7466765,68.4398859],[50.580162,68.3402804],[50.0700799,68.1595179],[49.1794205,67.910129],[48.9452762,67.8803822],[48.8536968,67.8936546],[48.6826608,67.9586322],[48.5111603,67.9541365],[48.4660532,67.9306962],[48.4603253,67.9064503],[48.6413042,67.8213467],[48.6425916,67.7643371],[48.6234067,67.7444522],[48.4620808,67.6990635],[48.2956292,67.7154085],[48.1208681,67.6714105],[47.9461146,67.6914917],[47.7152999,67.6009668],[47.7026079,67.5679854],[47.7293669,67.5163345],[47.801721,67.4608058],[47.7462626,67.4001534],[47.6368644,67.3433292],[47.6472757,67.2526342],[47.5884391,67.227973],[47.5572022,67.1926101],[47.6243652,67.1221067],[47.6243723,67.0548362],[47.541764,66.9818547],[47.4983462,66.9648549],[47.3338932,66.9655296],[46.9151143,66.8940538],[46.7083335,66.879746],[46.6303833,66.9121921],[46.5204702,66.9209944],[46.1691158,66.8777921],[45.9149144,66.9320383],[45.8283068,67.0083313],[45.8104734,67.051454],[45.7529838,67.0900633],[45.7503727,67.1388868],[45.6901575,67.1897613],[45.1896555,67.301601],[45.0455212,67.3570816],[45.0388978,67.3886476],[45.0642141,67.4343509],[45.1292443,67.4841398],[45.2492463,67.5293283],[45.3416072,67.5283176],[45.4226676,67.5550625],[45.4799036,67.6329701],[45.4679748,67.677416],[45.5503852,67.6994718],[45.8745751,67.7048152],[46.0027461,67.7351656],[46.3497442,67.7682843],[46.6910328,67.7534742],[46.8124549,67.7851206],[46.8476125,67.8459765],[46.8342186,67.8995578],[46.6704832,68.0349685],[46.6606568,68.1333734],[46.4286043,68.2602537],[46.5062602,68.2934778],[46.5124672,68.3239445],[46.4860823,68.358652],[46.0963653,68.473367],[45.5043614,68.5718239],[45.037959,68.5997207],[44.0896174,68.5821504],[43.8150585,68.6591198],[43.5106471,68.711451],[43.2343825,68.7104665],[43.1430963,68.6644564],[43.204619,68.5904865],[43.457743,68.4872532],[43.8982083,68.3581644],[44.0851796,68.2744594],[44.0883523,68.2075617],[44.0592801,68.0898559],[44.0089992,68.0094597],[44.0279433,67.9576319],[43.973249,67.8512083],[44.0023366,67.7610229],[43.9378403,67.6961689],[43.9122355,67.6335866],[43.8162984,67.5476929],[43.7076987,67.4107991],[43.6325053,67.2674135],[43.645226,67.1940438],[43.6894805,67.1590931],[43.8588546,67.1054923],[44.0531005,67.1041195],[44.3547059,66.9113779],[44.3363366,66.8792192],[44.3498095,66.8452913],[44.2637929,66.8175528],[44.2256557,66.783548],[44.239816,66.7361268],[44.3270606,66.6669742],[44.2506542,66.5764768],[44.2452656,66.531919],[44.1003233,66.4484571],[44.0026375,66.3417721],[43.9407285,66.2297801],[43.8099605,66.2483795],[43.7575859,66.2935096],[43.6446239,66.3452423],[43.4636962,66.3754025],[43.4045531,66.4261128],[43.3179029,66.4582891],[43.1297912,66.468405],[42.7458336,66.451377],[42.6621159,66.4906546],[42.3772269,66.5540433],[42.2300941,66.5676052],[42.1138315,66.5543104],[41.9746657,66.5033051],[41.846461,66.3885399],[41.7411725,66.3518491],[41.6169761,66.253372],[41.382198,66.1434973],[41.002565,66.0623617],[40.6330532,66.0184775],[40.3217699,65.8226398],[40.0428007,65.7245561],[39.7862214,65.6673543],[39.667545,65.6065843],[39.6064854,65.5420961],[39.5692766,65.4293971],[39.5902561,65.3388348],[39.7982974,65.2100523],[39.904087,65.128793],[39.9312487,65.0861365],[40.0256917,65.031512],[40.0888696,64.8971077],[40.1368435,64.8432836],[39.8673901,64.797846],[39.7327857,64.7187923],[39.6542197,64.6074721],[39.5801249,64.6048395],[39.3589114,64.6888036],[39.1671838,64.7143577],[38.9414913,64.787997],[38.6066532,64.8215268],[38.4063562,64.8967557],[38.1544228,64.899487],[37.9786022,64.9306114],[37.8324741,64.9853058],[37.8232775,65.0376368],[37.752919,65.0760188],[37.4461908,65.1512071],[37.077575,65.2199856],[36.9653389,65.2192034],[36.8669842,65.2625625],[36.7668696,65.2602003],[36.6878611,65.2333711],[36.6603509,65.1949699],[36.7067637,65.1538685],[36.6955424,65.119402],[36.7305822,65.0820246],[36.6816488,64.9934356],[36.6081224,64.975682],[36.3959618,64.9769987],[36.3160401,64.9300938],[36.3177873,64.8926045],[36.3894815,64.7964218],[36.4260581,64.6912085],[36.4889916,64.6670311],[36.6221433,64.6612632],[36.8047864,64.5035834],[37.0325768,64.3579275],[37.321564,64.288016],[37.2609808,64.2704256],[37.2333251,64.240913],[37.2437601,64.2081984],[37.2908368,64.1837085],[37.3910569,64.1717928],[37.4823237,64.1956733],[37.5034233,64.225504],[37.4885081,64.2516401],[37.3723993,64.2899642],[37.4952401,64.3250783],[37.6238983,64.3023824],[37.7180477,64.3213979],[37.7947866,64.3026087],[37.8256448,64.274858],[37.7816296,64.2473559],[37.7729304,64.1949259],[37.8208728,64.1373519],[37.882376,64.1110624],[37.9122487,64.0566163],[37.8140464,64.0947704],[37.6973366,64.078861],[37.6665588,64.0561765],[37.6640041,64.0290809],[37.7647007,63.9549723],[37.570867,63.9308268],[37.5151792,63.8914686],[37.5173103,63.8566227],[37.4362629,63.8422158],[37.3859046,63.8491635],[37.4201027,63.8815932],[37.4058359,63.9132532],[37.3059157,63.9419279],[37.2515224,63.9902591],[37.2799849,64.0246336],[37.257937,64.0585201],[37.3290515,64.1022857],[37.3323447,64.1416174],[37.3066824,64.1654143],[37.1887356,64.2028829],[37.0725992,64.1925042],[37.0210585,64.1516767],[37.0303764,64.1256829],[37.0966609,64.0799214],[37.0574695,64.0670548],[36.9698961,64.1078385],[36.9641571,64.1590492],[36.8730539,64.1996088],[36.8271766,64.2507106],[36.641396,64.3062904],[36.6059725,64.3505112],[36.5363253,64.3794533],[36.4308919,64.3943699],[36.3339978,64.3782568],[36.2866857,64.4236913],[36.2142269,64.4425327],[36.0272219,64.4333214],[35.7155478,64.4616258],[35.688821,64.4790828],[35.7374505,64.5078278],[35.738176,64.5505038],[35.8115625,64.5726493],[35.8320295,64.6078697],[35.7736641,64.6589922],[35.6246963,64.7360484],[35.4552179,64.7358269],[35.3619578,64.6808916],[35.3889868,64.6368129],[35.4892362,64.6165886],[35.5478909,64.5787568],[35.4960209,64.5443825],[35.4955337,64.5121242],[35.5288467,64.4855427],[35.4955549,64.4708574],[35.4321194,64.4614417],[35.3502116,64.496285],[35.3520485,64.5384455],[35.2894514,64.5674368],[35.2041433,64.5727038],[35.1317409,64.5532258],[35.0658755,64.5655468],[35.197169,64.6397861],[35.2058431,64.6724666],[35.1760985,64.7019248],[35.223423,64.7274495],[35.2325599,64.753866],[35.3151051,64.7624953],[35.3682902,64.7963665],[35.3637942,64.8274763],[35.3330808,64.8495472],[35.2217446,64.8653258],[35.3580797,64.8998432],[35.4759302,64.8943035],[35.5438999,64.9226309],[35.6189957,64.9033915],[35.8021513,64.9042495],[36.0747959,64.9689095],[36.1413873,65.0119618],[36.1403004,65.0544696],[36.1184947,65.0757263],[36.3396012,65.1128318],[36.3864203,65.1373532],[36.3933445,65.1738817],[36.3194413,65.2119742],[36.1261708,65.2131193],[36.0042168,65.2453265],[35.5200829,65.1993497],[35.3964529,65.153664],[35.3754341,65.1211283],[35.3810214,65.0895541],[35.4432103,65.0342603],[35.3328507,64.9951219],[35.1656475,65.0249729],[35.1442507,65.0870961],[35.0878854,65.1150471],[34.9161564,65.1198359],[34.9288535,65.1423977],[34.9174606,65.1679173],[34.8030542,65.2492286],[34.6893567,65.2948232],[34.7015048,65.3167587],[34.6885288,65.3401382],[34.8089446,65.4032806],[34.8131884,65.4537338],[34.9044646,65.5171918],[34.9185704,65.5628583],[35.0341263,65.5796975],[35.0662106,65.6037733],[35.0680301,65.6275728],[35.1467387,65.6688033],[35.1841244,65.7482441],[35.1614658,65.7837722],[35.1680992,65.8293029],[34.9815278,65.8975399],[34.9388993,65.9356886],[34.8484633,65.9501511],[34.821477,66.004399],[34.6266017,66.1095115],[34.1212425,66.2835583],[34.004755,66.3529119],[33.9891402,66.384574],[34.0110848,66.4222417],[33.9646652,66.4568555],[33.882125,66.4850237],[33.7597094,66.4869398],[33.6512806,66.5449097],[33.7996287,66.5575288],[33.8356732,66.5906643],[33.816397,66.6219027],[34.0060016,66.6322183],[34.1773834,66.6110028],[34.3585687,66.5066008],[34.4413648,66.4880699],[34.5903067,66.4904035],[34.8383505,66.5421958],[35.1049373,66.4330051],[35.4837845,66.3367835],[36.503702,66.2239455],[36.7527874,66.2309465],[36.9275832,66.2113423],[37.2908908,66.154069],[37.58634,66.0692462],[37.8482424,66.0381468],[38.3899196,66.0034263],[38.749122,66.012547],[38.9588953,66.0553692],[39.1523613,66.0525422],[39.5184411,66.1322487],[40.0630422,66.2090091],[40.3487405,66.3255084],[40.4669424,66.3417058],[40.6824855,66.4278844],[40.7640011,66.4410747],[40.8286885,66.482593],[40.8361088,66.5476834],[41.2070409,66.7150032],[41.3577507,66.8169711],[41.4246768,66.9451068],[41.5012383,67.0057273],[41.5074452,67.0348555],[41.4829278,67.0605526],[41.5259068,67.0852878],[41.5376094,67.1188379],[41.4736785,67.1599715],[41.4940389,67.1990662],[41.4517008,67.2417441],[41.3567002,67.2670162],[41.2231144,67.2717135],[41.2493614,67.328889],[41.2549597,67.4072737],[41.2274963,67.4500079],[41.142787,67.494071],[41.1279679,67.5509977],[41.176919,67.6315624],[41.1057224,67.7209349],[40.9863273,67.7698657],[40.8560346,67.7797119],[40.761147,67.8337437],[40.522783,67.885528],[40.3913563,67.9489525],[40.2308892,67.9844182],[40.0778387,68.057385],[40.0376864,68.1111284],[39.9714208,68.1527433],[39.8484041,68.1952316],[39.7379951,68.2086907],[39.6443379,68.194283],[39.6016752,68.1595717],[39.6275348,68.1155854],[39.4622227,68.1484576],[39.2875702,68.2257888],[39.1259376,68.2624263],[39.0674833,68.3097621],[38.8496643,68.3606213],[38.7358065,68.4170749],[38.4565003,68.4509751],[38.2140723,68.5297824],[38.0863869,68.609564],[37.959763,68.6509198],[37.8931126,68.7245804],[37.6921943,68.7558047],[37.6275517,68.8093878],[37.1846301,68.9004299],[36.5580458,69.0751277],[36.5092421,69.1046283],[36.1022705,69.1875694],[35.958792,69.240687],[35.2499308,69.3072554],[35.0843489,69.3006162],[35.0077079,69.2658438],[34.8697511,69.3003638],[34.5497677,69.3127538],[34.5440722,69.3482097],[34.4971786,69.3743029],[34.1226837,69.4379219],[33.9588003,69.4264855],[33.8679999,69.3977305],[33.819983,69.3619245],[33.6221654,69.3568799],[33.6375653,69.3878131],[33.6280866,69.4190353],[33.5207433,69.4625734],[32.9047246,69.5213939],[33.0654097,69.550108],[33.2122126,69.6182199],[33.2724131,69.725355],[33.1576557,69.789283],[32.6552852,69.8521634],[32.1342604,70.0026787],[31.8563593,70.0050167],[31.7711409,69.9737737],[31.7160438,69.8923547],[31.5855417,69.9068879],[31.437654,69.8898559],[31.3840227,69.8567359],[31.401387,69.792854],[30.8953155,69.8450293],[30.8176414,69.7948444],[30.8905984,69.7372657],[30.8736595,69.7149353],[30.9444154,69.6832279],[30.9233763,69.6697388],[30.9542528,69.6324096],[30.9465507,69.576363],[30.81799,69.5288883],[30.5159812,69.5404206],[30.2240291,69.6531205],[30.1516722,69.6693762],[30.0852915,69.6580972],[30.0912854,69.6428379],[30.137826,69.6435197],[30.1855994,69.5505719],[30.1223803,69.5166756],[30.1168881,69.4692538],[30.0345285,69.4246791],[29.9481468,69.4050014],[29.8504972,69.4228126],[29.7226467,69.3890938],[29.5704517,69.3178794],[29.3965182,69.3236938],[29.2923407,69.2979319],[29.276971,69.250761],[29.3139861,69.2312317],[29.2864934,69.1692013],[29.2487203,69.1615253],[29.2310095,69.1216852],[29.242137,69.1130186],[29.0566538,69.0152255],[28.9292868,69.0519146],[28.4157884,68.9154506],[28.4680152,68.8854349],[28.8007884,68.8692833],[28.7064097,68.7322371],[28.4339319,68.539671],[28.6461512,68.1963033],[29.3270886,68.0745422],[29.6594055,67.8029589],[30.017043,67.6735527],[29.9302245,67.5225238],[29.6160519,67.345731],[29.6440601,67.3357821],[29.5225573,67.3098971],[29.5044673,67.2855845],[29.5164949,67.2806526],[29.0728518,66.995901],[29.0331725,66.9255118],[29.0605147,66.8531003],[29.1189692,66.8014769],[29.1058565,66.7904471],[29.1494135,66.7804339],[29.3611293,66.6388082],[29.3825949,66.5984441],[29.4190358,66.5919864],[29.4106071,66.5831721],[29.4720555,66.5439006],[29.6313606,66.366276],[29.6963998,66.2687473],[29.9233057,66.1271457],[29.9926245,66.0223595],[29.9971176,65.978834],[30.0242232,65.9667021],[30.068452,65.8949649],[30.1193759,65.7522112],[30.1384654,65.668677],[30.0171088,65.6964778],[29.7218687,65.6370846],[29.8639021,65.5604438],[29.7330481,65.4725004],[29.7273933,65.4003301],[29.7465796,65.347402],[29.6017879,65.2599327],[29.6340018,65.2315851],[29.8856591,65.2062953],[29.8935882,65.1929709],[29.8193328,65.1442782],[29.8968589,65.1051397],[29.7326676,65.0912944],[29.6269757,65.0605969],[29.5993331,64.9950558],[29.6191848,64.959659],[29.6109949,64.9273109],[29.6449074,64.866493],[29.699703,64.8372234],[29.6875026,64.8188089],[29.7396283,64.7897836],[30.0429299,64.7928807],[30.0865096,64.7739882],[30.0413965,64.7411934],[30.1358375,64.6489996],[30.130109,64.6347287],[29.9894001,64.5876222],[29.9869571,64.5338969],[30.0583381,64.4508873],[30.0448663,64.4020287],[30.1099241,64.3650286],[30.3669331,64.2996872],[30.3608053,64.2813189],[30.3882735,64.2690683],[30.4824363,64.2623259],[30.5095961,64.2216872],[30.4663645,64.2044309],[30.5534022,64.1322472],[30.5535576,64.1016869],[30.4918692,64.0169518],[30.3209136,63.9095321],[30.2604128,63.8220093],[29.9723741,63.756915],[30.2441514,63.6072718],[30.2582144,63.583947],[30.3845366,63.5455091],[30.4840079,63.4667034],[30.7876915,63.4052755],[30.8501493,63.3684509],[30.9344216,63.3554973],[30.9791661,63.3077728],[31.2398348,63.2188742],[31.2548471,63.1786518],[31.2553452,63.1461864],[31.1503594,63.1124643],[30.9635918,63.0991085],[30.8702081,63.0667807],[30.8406823,63.0400209],[30.8029168,62.9221105],[30.5907433,62.8379106],[30.3902428,62.7999575],[30.2220147,62.8626635],[30.2014153,62.8134505],[30.1300042,62.7917958],[30.1464837,62.7669832],[30.0517266,62.7396337],[30.0709527,62.7154067],[30.0537865,62.6993493],[29.94255,62.680132],[29.8498528,62.7043879],[29.8402398,62.664686],[29.899978,62.6252466],[29.7784417,62.6031375],[29.7200768,62.5639326],[29.7859948,62.4723587],[29.7921746,62.4396537],[29.7750085,62.412955],[29.6129601,62.3734992],[29.5127099,62.3196411],[29.4941705,62.2768682],[29.369201,62.164861],[29.3980401,62.0897441],[29.6040337,61.9331361],[29.2579644,61.7152618],[29.2222588,61.6612031],[29.1790002,61.6429451],[29.0401266,61.6407434],[29.1796848,61.5711137],[29.2401096,61.5069771],[29.4009166,61.3973084],[29.5587144,61.2081216],[29.5556256,61.0579533],[29.5947644,61.0481493],[29.5892712,61.0260379],[29.6136471,61.0203828],[29.5686718,60.9701086],[29.7556112,60.8594588],[29.787712,60.8098508],[29.7710609,60.7873638],[29.7895145,60.7670827],[29.7702884,60.7570212],[29.7887417,60.7128392],[29.9260708,60.6676291],[30.03647,60.6618537],[30.0828939,60.6109789],[30.1749713,60.5994279],[30.0521089,60.551254],[30.0336247,60.5203254],[30.0557054,60.4967071],[30.1899145,60.4575564],[30.2446743,60.4770181],[30.3602026,60.4417248],[30.440368,60.4446888],[30.449981,60.4243606],[30.5220788,60.4673735],[30.5454247,60.4443501],[30.6779466,60.4863221],[30.7033537,60.5175113],[31.2456326,60.7111903],[31.3467393,60.1038801],[31.5493005,59.9360968],[31.7394992,59.7287171],[31.8081638,59.599707],[31.832883,59.4520571],[31.7889397,59.3993169],[31.8006127,59.3429945],[31.7669671,59.3384427],[31.4758273,59.4101519],[31.2203952,59.4115496],[31.2176486,59.3835851],[31.313779,59.2876317],[31.2794467,59.087151],[31.2135287,59.0744496],[31.1036655,59.1047841],[30.9320041,59.088562],[30.8935519,59.1139498],[30.9402438,59.2630746],[30.8496066,59.3926761],[30.7534763,59.4304125],[30.5145236,59.4031626],[30.2920505,59.2644783],[30.1821872,59.222341],[29.9157687,59.1477709],[29.6987888,59.0631554],[29.5422336,59.0462073],[29.4241306,59.0589192],[29.2874902,59.116416],[29.2174523,59.0878555],[29.0972894,59.1040779],[28.7470995,59.3002535],[28.5479723,59.3156746],[28.2949447,59.294994],[28.2513414,59.225151],[28.0590807,59.1252265],[27.9052721,59.018648],[27.3422214,58.8932972],[27.5550829,58.3685975],[27.4864183,58.3066037],[27.4905382,58.2191956],[27.6354214,58.10038],[27.6055523,58.0542688],[27.6206585,58.0055514],[27.6537893,57.9958181],[27.6493262,58.0201917],[27.6987646,57.9986382],[27.6845167,57.9600461],[27.6560209,57.955037],[27.6790236,57.923965],[27.7181624,57.9204096],[27.6955029,57.9073702],[27.8197859,57.890585],[27.8158378,57.8623794],[27.7761837,57.8330551],[27.7408218,57.8277539],[27.7081203,57.848451],[27.5555133,57.8338774],[27.530708,57.790808],[27.4946591,57.7876969],[27.5265881,57.7578538],[27.5113105,57.7507096],[27.5456428,57.7333016],[27.5262448,57.7307356],[27.5256442,57.7093748],[27.500925,57.706486],[27.4927711,57.7230361],[27.4113177,57.7003408],[27.3761272,57.6681763],[27.4009322,57.6329508],[27.3887014,57.6160607],[27.4051379,57.6124059],[27.3174916,57.5800341],[27.3515884,57.5182161],[27.3747745,57.5354148],[27.4150519,57.5226559],[27.5565377,57.5378439],[27.5463272,57.5192773],[27.5673392,57.5092177],[27.5161921,57.4249263],[27.6694264,57.3952715],[27.6841181,57.3721178],[27.7790722,57.3434011],[27.781842,57.3203282],[27.82394,57.3230627],[27.8665879,57.2963924],[27.8702622,57.2482655],[27.8256765,57.2004927],[27.8182775,57.1433435],[27.737531,57.1189964],[27.7518744,57.0982907],[27.7152118,57.0976375],[27.7687745,57.085618],[27.7146504,57.007379],[27.7695654,57.0052405],[27.7371561,56.920078],[27.6863346,56.9158951],[27.6720469,56.895622],[27.6593808,56.8343402],[27.848567,56.8794211],[27.8740298,56.8774814],[27.9016674,56.8205634],[27.9590258,56.8326139],[28.2788058,57.0526835],[28.5726901,56.9614512],[28.3227512,56.4685613],[28.3145114,56.3241538],[30.5969211,55.9153531],[30.6285081,55.7611234],[30.7768236,55.6179164],[31.8878119,55.7023582],[32.1954291,56.2586118],[33.2226508,55.7734865],[33.700556,55.341645],[34.4970648,55.1255114],[33.6099216,54.2170747],[33.0303928,53.6462676],[32.956235,53.5973966],[32.9287692,53.4488085],[33.6428806,53.561522],[33.7280246,53.0857783],[34.5245334,53.0296537],[33.8653537,52.3454092],[34.1043063,52.1452896],[34.0768405,52.0710671],[34.1111742,52.0060202],[34.4036852,51.8272918],[34.4338976,51.7559411],[34.4187914,51.7202235],[34.0823351,51.6742593],[34.2979417,51.5215625],[34.2416375,51.4356049],[33.5714694,51.4471621],[33.4973117,51.156956],[34.579465,50.6755776],[35.3539984,50.4889721],[36.6558783,48.8394167],[36.4581244,47.7836383],[36.1463873,47.5830141],[36.6064398,47.580235],[36.9250433,47.6875829],[37.4908392,47.7762557],[38.2928412,47.8426613],[39.0618842,47.7836383],[39.2266791,47.7097652],[39.4024603,47.5913502],[39.5919786,47.2149052],[39.6290575,47.1953126],[39.7869859,47.215838],[39.8597704,47.2522044],[40.0630174,47.2447467],[40.1715074,47.2605931],[40.2264391,47.229828],[40.2676378,47.2494079],[40.4173265,47.2344906],[40.5505357,47.1897134],[40.6919847,47.198112],[40.7482896,47.1150008],[40.8608995,47.1392939],[40.9281908,47.1215423],[41.4335619,46.9286974],[41.4610277,46.9014934],[41.5118381,46.7586818],[41.6738864,46.6173764],[41.827695,46.5456406],[41.8963596,46.4813754],[41.860654,46.405672],[41.7727634,46.3089976],[41.7398044,46.2311549],[41.6574069,46.1665186],[41.5475436,46.1113276],[41.3195773,46.0656104],[41.3058444,46.0065029],[41.4514133,45.7349444],[41.4514133,45.6447701],[41.3675975,45.6174202],[41.3846703,45.5155875],[41.318748,45.2925621],[41.3236883,45.2191687],[41.0424143,44.9927012],[41.0930272,44.7562075],[41.240216,44.6328401],[41.5746342,44.4208426],[41.6609344,44.2225882],[41.629389,44.0891749],[41.6403681,43.9170771],[41.7093115,43.7426706],[41.7196086,43.6310671],[41.9791418,43.4562152],[43.1679714,43.2932041],[43.5204784,43.1945809],[43.8875594,43.2208202],[43.9402226,43.192827],[44.5836599,43.2981397],[44.9408717,43.3030813],[45.3374236,43.1775064],[45.628746,43.1252305],[45.6755548,43.1678744],[46.0061867,43.158061],[46.3624662,42.9902556],[46.7066842,42.9238938],[47.0469859,42.8905141],[47.77211,42.8601481],[47.7534478,42.8960891],[47.5268548,43.0458095],[47.5337212,43.1120122],[47.6257317,43.2882028],[47.6051324,43.3486508],[47.5591271,43.4025536],[47.5618737,43.4534179],[47.5873903,43.537511],[47.6237577,43.5858004],[47.6257317,43.6499887],[47.6820367,43.7596891],[47.7733605,43.8592875],[47.9128149,43.9482951],[47.9256587,44.004412],[47.8667443,44.0387384],[47.6580041,44.0505838],[47.6003259,44.0259032],[47.5495141,43.93944],[47.5103753,43.9196593],[47.4904626,43.9280669],[47.3355134,44.1375224],[47.2882455,44.2512248],[47.2302906,44.2839563],[47.1445777,44.2770638],[47.0904916,44.3804352],[46.9772428,44.4656964],[46.9328649,44.6114385],[46.9985556,44.654514]]],[[[56.6922044,68.8032523],[56.6500616,68.8498594],[56.5169931,68.8690476],[56.389491,68.8442335],[56.3320401,68.8013925],[56.3766902,68.7580506],[56.4929286,68.7404834],[56.6053204,68.7556751],[56.6922044,68.8032523]]],[[[48.0575383,68.9211032],[48.0756005,68.8016681],[48.1092766,68.7558902],[48.3260701,68.6710937],[49.1325232,68.6087663],[49.522443,68.6100947],[49.6792447,68.6400539],[49.7606529,68.689139],[49.7180005,68.7325953],[49.5976649,68.7481069],[49.9697029,68.8696522],[50.2264399,68.9226732],[50.4219574,69.0508923],[50.4597077,69.1173327],[50.4388854,69.1688668],[50.3853127,69.2163397],[50.1756533,69.3167463],[49.3816559,69.5419907],[48.9624816,69.5496608],[48.6289583,69.4989818],[48.4088812,69.4147366],[48.208567,69.3006972],[48.0890114,69.1352091],[48.0575383,68.9211032]]],[[[42.3365605,66.7042877],[42.6322366,66.6122278],[42.733132,66.6193574],[42.7905685,66.6463718],[42.8123259,66.6942349],[42.7873508,66.7441713],[42.7331205,66.7849714],[42.5666196,66.8278738],[42.3920124,66.8187085],[42.3011535,66.7645081],[42.3031635,66.7294309],[42.3365605,66.7042877]]],[[[35.6624571,64.7753732],[35.7282046,64.8218365],[35.6727356,64.8663778],[35.5306962,64.8742581],[35.4547548,64.8300238],[35.4657484,64.802289],[35.5128251,64.7783258],[35.6624571,64.7753732]]]]}},{"type":"Feature","properties":{"polity_id":"russian-tsardom","name":"Русское царство","start_date":"1689","end_date":"1699","status":"provisional-source-capture","confidence":"unreviewed","legal_basis":[],"source_ids":["capture:ohm:2851290"],"provenance":{"capture_source":"OpenHistoricalMap","capture_id":2851290,"capture_date":"2026-08-22"},"notes":"One-time geometry capture. Review against project historical sources before marking verified."},"geometry":{"type":"MultiPolygon","coordinates":[[[[51.046875,46.8861249],[51.215237,46.9465925],[51.4633928,46.9315108],[51.3839198,47.106752],[51.343452,47.2999811],[51.4157257,47.5548845],[51.2204764,47.8902037],[51.3834127,48.0433866],[51.5621424,48.3487626],[51.6372758,48.6841125],[51.6066757,49.0293072],[51.3144605,49.3230029],[51.12631,49.6466709],[50.9983602,49.929659],[50.9304763,50.2734935],[51.0524983,50.5373527],[51.255917,50.7506941],[51.509233,50.953518],[51.8762835,51.0038956],[52.4607961,51.0017609],[52.8315556,51.1296997],[52.9361473,51.209015],[53.1640214,51.2961296],[53.3634107,51.2791756],[53.6083888,51.291714],[55.0168299,51.4298296],[55.6448535,51.4659399],[56.1203069,51.2719108],[57.0059857,51.1707401],[57.4146391,50.9940377],[57.9036854,50.8311868],[58.4374531,50.8391238],[58.7066723,50.9124508],[58.5987502,51.1487523],[58.5853915,51.2647171],[58.6493055,51.4568885],[58.7314165,51.5598339],[59.0378677,51.823686],[59.0422335,51.9722621],[58.9326276,52.223086],[58.9245527,52.3656007],[59.1354396,52.8585162],[59.09354,52.935627],[59.0908868,53.043887],[59.32529,53.0617386],[59.2643114,53.3092537],[59.1774108,53.4501037],[59.290526,53.7463756],[59.3916532,53.911803],[59.4468299,54.0446954],[59.6077555,54.1603334],[63.042296,54.556138],[63.1961046,54.5449872],[63.5289323,54.6530718],[63.6781297,54.677802],[63.8429247,54.6793899],[64.1148363,54.7650481],[64.4677721,54.7214485],[65.5343322,54.7250732],[66.4849597,54.9644115],[67.7745565,55.1101535],[69.4972876,55.053156],[70.2361494,54.924839],[73.8286846,54.4590837],[74.6626798,54.4961949],[75.4829209,54.7713718],[76.363736,54.9494458],[76.755199,54.9711808],[77.7622593,54.9234324],[79.1736362,54.7952299],[80.3016611,54.8314281],[81.7082052,54.8006185],[82.8568945,54.8538945],[83.6477462,54.8419307],[84.1716151,54.9445475],[85.9495258,54.5110537],[86.5039965,54.3002835],[86.9115978,53.9725534],[87.1159248,53.710347],[87.2953322,53.2808079],[87.5205227,53.2992869],[87.912254,53.2925154],[88.4086987,53.1819674],[88.5868832,53.1708557],[88.6586377,53.1362677],[88.6905663,53.0754655],[88.8787072,52.9904043],[89.2179104,52.8732746],[89.5488736,52.8143834],[89.7768399,52.7242334],[90.2403258,52.6844998],[90.2952574,52.6391053],[90.329418,52.5331406],[90.3167151,52.4149851],[90.377998,52.3355491],[90.3924176,52.2229626],[90.4871027,52.1958067],[90.5313618,52.1459154],[90.6330286,52.0937252],[90.7144126,52.0902885],[90.7517526,52.0703035],[90.7600697,52.0136153],[90.8182015,51.9680443],[90.8373812,51.9039731],[91.0723638,51.9518904],[91.164869,51.8992643],[91.2597464,51.8765638],[91.2753611,51.8958277],[91.4632486,51.8914578],[91.5333456,51.9093216],[91.7392245,51.8657029],[91.8043994,51.8865792],[91.8393127,51.8591797],[91.8971032,51.8593963],[91.9388598,51.8073556],[92.0784584,51.7722574],[92.2552097,51.8226563],[92.5295524,51.7910566],[92.6447003,51.81216],[92.6963755,51.8513392],[92.8736977,51.8360233],[92.9576773,51.9157823],[93.0759638,51.9358576],[93.1465239,52.0156166],[93.2425166,52.0409406],[93.2586414,52.0788179],[93.3309333,52.1261106],[93.3947842,52.127193],[93.4721626,52.1710227],[93.5762731,52.1668567],[93.5934804,52.1896375],[93.6620937,52.2012174],[93.6768119,52.2123643],[93.6558165,52.2409348],[93.6813569,52.2673951],[93.6780018,52.3072748],[93.7654454,52.3811365],[93.7536488,52.4246417],[93.7675152,52.4513828],[93.8079766,52.4508856],[93.8337333,52.504239],[93.9603536,52.5810228],[93.9652235,52.6017473],[93.9415226,52.6133269],[94.0956317,52.6784228],[94.0935751,52.73854],[94.1395697,52.7544487],[94.1318857,52.7822076],[94.1593741,52.8131591],[94.1418419,52.831178],[94.3034184,52.9000075],[94.3542832,52.8956788],[94.3991956,52.9148883],[94.4932315,52.8916667],[94.5259247,52.9100186],[94.5147776,52.9388597],[94.5832824,52.9965421],[94.571053,53.0258161],[94.6004895,53.0465947],[94.5757063,53.07457],[94.5902079,53.1199691],[94.6209432,53.1263543],[94.6024368,53.1678032],[94.6570893,53.187175],[94.6534096,53.2142846],[94.6983221,53.2151505],[94.7160705,53.2371196],[94.6770017,53.2872803],[94.6063321,53.2915008],[94.6008126,53.305732],[94.6183446,53.33111],[94.7202904,53.3762929],[94.9256975,53.4004268],[94.9397666,53.388306],[94.9601124,53.4051886],[95.0358688,53.3661207],[95.0615174,53.394529],[95.1150878,53.398858],[95.2180017,53.4693659],[95.3045861,53.4449068],[95.3096727,53.4217473],[95.2841321,53.4100593],[95.3071837,53.3881444],[95.4051257,53.3656345],[95.4283936,53.3753745],[95.4305579,53.3973435],[95.4952753,53.3950169],[95.490838,53.4156872],[95.5269844,53.437494],[95.6520901,53.4556214],[95.6568518,53.4863564],[95.7322244,53.5252204],[95.8074982,53.4912808],[95.9537075,53.4942031],[96.0332516,53.457029],[96.1105229,53.4517263],[96.1128403,53.5125992],[96.232057,53.5171466],[96.2407147,53.5579463],[96.2222085,53.5688766],[96.2411328,53.6194641],[96.27935,53.6137888],[96.2767528,53.5893307],[96.3746946,53.5937679],[96.3519679,53.570392],[96.4338929,53.541064],[96.447962,53.5123852],[96.5133286,53.5518863],[96.658672,53.5641697],[96.686377,53.5907382],[96.6741478,53.6041577],[96.7059652,53.6234754],[96.6883296,53.6463366],[96.7170146,53.7168365],[96.8875276,53.7289017],[96.9167105,53.7022788],[96.9728116,53.6908178],[97.0099082,53.6530114],[97.0765202,53.6590559],[97.1263292,53.6148199],[97.1829365,53.6235783],[97.2200934,53.5925543],[97.3290677,53.5888358],[97.3424892,53.5594545],[97.3901451,53.543677],[97.382258,53.5240243],[97.4265961,53.5079209],[97.454332,53.4562991],[97.5411112,53.4515213],[97.6027589,53.4258947],[97.5998617,53.3704369],[97.6453828,53.3585508],[97.8128204,53.3735366],[97.8660659,53.3467041],[97.9819268,53.3483175],[97.9891525,53.3285963],[97.9584054,53.3032955],[98.0021634,53.2760751],[98.0046013,53.2483625],[98.1238747,53.2351044],[98.1888531,53.2474143],[98.2396738,53.2080209],[98.2970746,53.2272826],[98.3203778,53.210951],[98.2981112,53.1747548],[98.3179988,53.1594433],[98.290739,53.1464718],[98.3088765,53.0946578],[98.3564509,53.0859331],[98.4026303,53.1090536],[98.637103,53.1012221],[98.6792441,53.1575664],[98.8905831,53.1173291],[98.8909937,53.1472416],[98.9174094,53.1552266],[99.0097066,53.1030052],[99.0566356,53.1087935],[99.0638222,53.0921849],[99.0009623,53.0577453],[98.9968297,53.0294135],[99.2053267,52.9763937],[99.2737021,52.9315241],[99.2234214,52.9150816],[99.2307715,52.8679448],[99.1696168,52.864592],[99.0587328,52.8908013],[98.9741361,52.9341136],[98.9240841,52.9315671],[98.8929447,52.89524],[98.9011986,52.8723974],[98.8515292,52.8365664],[98.8691198,52.8142248],[98.8491206,52.7953355],[98.9435687,52.7920434],[98.9342438,52.7487369],[98.9602048,52.7156112],[98.9311657,52.7034814],[98.9313793,52.657532],[98.8699959,52.6578872],[98.863874,52.6267756],[98.7860707,52.6047451],[98.8003068,52.5730142],[98.7850862,52.560261],[98.8309412,52.5376874],[98.8054232,52.5327689],[98.8024005,52.5080016],[98.7417435,52.4993869],[98.6982031,52.4459365],[98.6328462,52.4231033],[98.6332832,52.394479],[98.6856718,52.3553099],[98.6541338,52.307621],[98.6568648,52.2630531],[98.7107504,52.29093],[98.832638,52.274371],[98.8403354,52.2361093],[98.8228202,52.1929909],[98.8946444,52.2066988],[98.9867879,52.1662448],[98.9667641,52.1492844],[99.0046093,52.0747323],[99.0716905,52.0694975],[99.128117,52.0245544],[99.1736053,52.0355885],[99.2365749,52.0126444],[99.2760937,52.0186026],[99.2826125,51.9868506],[99.265308,51.9735296],[99.3537852,51.9424004],[99.4010184,51.9658996],[99.4658896,51.948871],[99.5219871,51.9679932],[99.600979,51.9241882],[99.6138471,51.8791078],[99.6649718,51.9043927],[99.6826564,51.8876967],[99.8011826,51.9153845],[99.8279557,51.8831591],[99.8195189,51.8478483],[99.8475769,51.8349554],[99.8307582,51.8067594],[99.8643974,51.8055016],[99.8691817,51.7774565],[99.9109125,51.7381594],[99.9797976,51.7547204],[100.0614167,51.7327195],[100.1387018,51.7593486],[100.2806417,51.7375368],[100.4143559,51.7479314],[100.4103477,51.7299883],[100.4437626,51.7263707],[100.5038521,51.7500639],[100.5864554,51.74045],[100.5973981,51.7185898],[100.6562396,51.726826],[100.668545,51.7067142],[100.929841,51.6068022],[100.9901519,51.6127877],[101.0223281,51.587153],[101.0174269,51.57027],[101.0786775,51.5598484],[101.1043937,51.5912202],[101.1366423,51.521396],[101.2562778,51.5441134],[101.3700981,51.4558456],[101.4389364,51.455689],[101.4595599,51.4911656],[101.5422172,51.4995416],[101.5677164,51.4699442],[101.6222627,51.4692107],[101.6190378,51.440028],[101.7490569,51.4553417],[101.8285311,51.4151547],[101.888839,51.4007953],[101.951935,51.4137438],[102.0014324,51.3821904],[102.0220587,51.3958157],[102.1242911,51.361612],[102.1839684,51.2950252],[102.1141597,51.2840343],[102.1044872,51.2464692],[102.1663187,51.1786882],[102.1351134,51.1742184],[102.1233246,51.1391014],[102.1401692,51.0994232],[102.1708377,51.0950287],[102.151096,51.0573035],[102.2036241,51.0394919],[102.2430083,50.9748866],[102.2137847,50.9538411],[102.2454385,50.9019733],[102.2119739,50.8758462],[102.209737,50.8170343],[102.2923499,50.7824305],[102.3403132,50.7325372],[102.3023464,50.6818549],[102.3766623,50.6667466],[102.3999391,50.6415839],[102.4459039,50.6456787],[102.4695952,50.6010441],[102.5362347,50.5885042],[102.553936,50.5560254],[102.541005,50.5315628],[102.61063,50.5063847],[102.6161129,50.4536664],[102.6476976,50.4021897],[102.7318192,50.4085293],[102.8418288,50.3341911],[102.9418745,50.3054907],[103.074565,50.3189929],[103.1472354,50.3060183],[103.1821793,50.3331721],[103.2380575,50.3219456],[103.2764247,50.2848955],[103.2492528,50.2558068],[103.2760147,50.2262201],[103.2562904,50.1928927],[103.4114027,50.2117808],[103.5141931,50.1990718],[103.5572495,50.1626788],[103.6023371,50.1662016],[103.6084584,50.1440553],[103.6841803,50.1429367],[103.7102326,50.1244635],[103.7513378,50.1638311],[103.8005986,50.1518562],[103.8466306,50.1975606],[103.8903364,50.1761474],[103.9390206,50.1831392],[103.9985566,50.1502974],[104.1354261,50.1388069],[104.2783297,50.2011989],[104.2931704,50.2417883],[104.3401541,50.2449703],[104.391917,50.3116272],[104.517244,50.3171701],[104.5612071,50.3011443],[104.6501706,50.3241071],[104.6991602,50.3672149],[104.76332,50.3387935],[104.8116849,50.3409568],[104.8734075,50.3709276],[104.8983944,50.408974],[105.0081195,50.3869217],[105.1201674,50.3899317],[105.2585512,50.4406822],[105.2682329,50.4653576],[105.3547168,50.4794989],[105.4435295,50.4421094],[105.52513,50.4580234],[105.628757,50.427396],[105.8442265,50.4403964],[105.8990523,50.4126315],[106.0573709,50.4045045],[106.0841013,50.3333998],[106.1830005,50.3396936],[106.2612304,50.2981341],[106.4687108,50.3181379],[106.5124651,50.3429249],[106.5916145,50.3384644],[106.8157278,50.2981781],[107.0124738,50.1990659],[106.9999992,50.1571821],[107.0393639,50.1291483],[107.0569988,50.0878389],[107.0752502,50.0895128],[107.0718523,50.0683334],[107.1520027,50.0433209],[107.1479797,50.0267355],[107.2129866,49.9989292],[107.2571669,49.9882462],[107.3236137,50.0034207],[107.4282582,49.971669],[107.5448277,49.9856858],[107.6788362,49.9717817],[107.706604,49.9879545],[107.7942207,49.9331705],[107.8287424,49.9609702],[107.8531964,49.9364558],[107.9690548,49.9413946],[107.9704,49.9155],[107.9192,49.8754],[107.9444,49.8549],[107.9367,49.8192],[107.9816,49.8028],[107.9485,49.7848],[107.9698,49.7474],[107.9343,49.7114],[107.9471,49.6706],[107.9683,49.6548],[108.023,49.6734],[108.0275,49.6223],[108.1611,49.5618],[108.2978,49.5399],[108.3564,49.4279],[108.4258,49.4135],[108.431,49.3721],[108.5175,49.3227],[108.6525,49.3473],[108.8206,49.3432],[108.8488,49.3266],[108.9416,49.3462],[109.0581,49.3232],[109.1946,49.3523],[109.3455,49.3249],[109.4222,49.2944],[109.4325,49.2729],[109.4753,49.2674],[109.4996,49.2362],[109.5591,49.2208],[109.9026,49.2057],[110.1998,49.1542],[110.3281,49.1991],[110.3905,49.2515],[110.5244,49.1901],[110.6836,49.1709],[110.807,49.1802],[111.2768,49.3104],[111.3748,49.3577],[111.5231,49.3232],[111.689,49.3842],[111.9575,49.3823],[112.2783,49.4844],[112.4741,49.5225],[112.6889,49.5041],[112.7226,49.52],[112.8234,49.5193],[112.9068,49.5685],[113.0439,49.6082],[113.2061,49.8283],[113.4739242,49.9354483],[113.4888,49.9736],[113.6361,49.991],[113.7427,50.0749],[113.8787,50.1049],[114.1784,50.243],[114.3388,50.2827],[114.4677,50.2335],[114.6535,50.2472],[114.8567,50.217],[115.0075,50.1639],[115.0793,50.0833],[115.2239,49.9884],[115.5067,49.9071],[115.7453945,49.8871758],[116.0727,50.0137],[116.2355,50.0356],[116.6216,49.9311],[116.7137007,49.8456631],[117.0614,49.6856],[117.2732686,49.6308469],[117.4715657,49.62638],[117.7934272,49.5200369],[117.8366302,49.541897],[117.8681243,49.5083177],[117.8930641,49.595316],[117.9433804,49.5937065],[117.9809386,49.6214903],[118.0739634,49.6138386],[118.1112827,49.6460236],[118.1070427,49.6709917],[118.1655237,49.6589839],[118.2271034,49.7363084],[118.2840742,49.7442995],[118.3058462,49.7729565],[118.3807633,49.7779227],[118.3720076,49.7896789],[118.3958708,49.8042353],[118.3783271,49.8259909],[118.4765314,49.8285915],[118.4676914,49.838834],[118.4916844,49.8404411],[118.4800205,49.8710553],[118.5576691,49.9003309],[118.5430013,49.9071783],[118.5669371,49.9300495],[118.6081223,49.923964],[118.6124867,49.9472248],[118.6440339,49.9364799],[118.6538092,49.9535123],[118.8276878,49.9589304],[118.9336026,49.9923669],[118.9758112,49.9767002],[119.0840802,49.9842595],[119.1751384,50.0411624],[119.1818306,50.087457],[119.2280534,50.0737741],[119.2860746,50.1093519],[119.2996848,50.1584156],[119.3526888,50.194526],[119.3098197,50.2163738],[119.3400945,50.2547218],[119.3159735,50.2809158],[119.3791216,50.320407],[119.3501228,50.3260876],[119.3648152,50.3316235],[119.3473762,50.3585157],[119.2943654,50.344234],[119.2690279,50.3646974],[119.2467742,50.3417267],[119.2095629,50.3633892],[119.1753501,50.3467039],[119.1880531,50.3614899],[119.1478374,50.3603797],[119.1693112,50.3770923],[119.1426853,50.3923297],[119.1674711,50.3969899],[119.1556248,50.4045235],[119.1760325,50.4220078],[119.2059419,50.409197],[119.2154587,50.4403128],[119.2567873,50.4685667],[119.2551299,50.4879602],[119.2254567,50.5009018],[119.2555843,50.5098959],[119.2750189,50.5522081],[119.2577764,50.561566],[119.2885456,50.5737234],[119.2742485,50.6034177],[119.3265326,50.6236107],[119.3282168,50.6407366],[119.3516678,50.6298853],[119.386515,50.6622144],[119.3735552,50.6799841],[119.4256538,50.6831021],[119.4917345,50.7462291],[119.4869177,50.7738022],[119.5156066,50.7888221],[119.487871,50.8436267],[119.5117375,50.8422622],[119.5027705,50.8577377],[119.5225033,50.8641258],[119.5151493,50.9045977],[119.5629829,50.9336798],[119.6243999,51.00902],[119.6875231,51.0290793],[119.6964476,51.0153475],[119.6934959,51.036975],[119.7218236,51.0603699],[119.7088834,51.0720261],[119.7563281,51.0905866],[119.7436336,51.1146868],[119.7753119,51.1531897],[119.7519431,51.1635309],[119.7812735,51.1720298],[119.7524792,51.2126993],[119.8151855,51.2141929],[119.7903171,51.2439735],[119.8208728,51.2596601],[119.8038781,51.2802999],[119.8746028,51.2969212],[119.878295,51.3374814],[119.9395708,51.3608422],[119.9022725,51.3890206],[119.9645534,51.3996351],[119.9682591,51.4351882],[119.9953628,51.4535563],[119.9780937,51.504339],[120.044391,51.5512707],[120.0275939,51.5836327],[120.0516216,51.6322636],[120.0952844,51.6489856],[120.0803649,51.6783186],[120.1667457,51.6780703],[120.2875153,51.7498174],[120.3084534,51.7834757],[120.3558323,51.7874061],[120.3989234,51.8136324],[120.3939926,51.8319979],[120.4698332,51.8514698],[120.4697091,51.8825273],[120.5355198,51.8779863],[120.5505036,51.9122194],[120.64758,51.9227252],[120.6542487,51.9547716],[120.6969717,51.9810889],[120.7116684,52.0135584],[120.6791109,52.0361783],[120.7191265,52.0773708],[120.7457618,52.0782102],[120.7348049,52.0925448],[120.760918,52.1084649],[120.7536734,52.1391169],[120.7795519,52.1637389],[120.7390554,52.2044505],[120.7516307,52.255407],[120.7108234,52.2589152],[120.6927596,52.2869761],[120.6310188,52.3121651],[120.6142057,52.3534646],[120.6431434,52.3624144],[120.6426959,52.3895622],[120.6835667,52.4289413],[120.676556,52.4659338],[120.6997762,52.4912609],[120.682075,52.5144119],[120.7262737,52.5399354],[120.4589993,52.6434643],[120.3909082,52.6152463],[120.2820189,52.6221078],[120.1846108,52.5770372],[120.0619671,52.5860533],[120.0267672,52.6354566],[120.0618436,52.7072149],[120.0266437,52.776256],[120.1374306,52.812691],[120.1791764,52.8081212],[120.21697,52.842333],[120.2808237,52.8609827],[120.2889753,52.8922303],[120.3389961,52.8998878],[120.3528776,52.9375205],[120.4059376,52.9580602],[120.4369382,53.0023997],[120.5552591,53.0804569],[120.6360335,53.1039235],[120.6499929,53.13373],[120.687645,53.1453325],[120.684644,53.1751485],[120.832706,53.238667],[120.8125743,53.2663779],[120.875015,53.2926939],[121.0355041,53.2868564],[121.0874565,53.3053061],[121.1217855,53.2752272],[121.2265357,53.279163],[121.3271372,53.3231851],[121.4101865,53.3171715],[121.5580713,53.3450518],[121.5141104,53.3829189],[121.4102551,53.3673529],[121.4184948,53.4158758],[121.3848492,53.4573936],[121.2368771,53.5039761],[121.2039181,53.4992793],[121.195335,53.4404232],[121.1658093,53.430606],[121.045303,53.4743572],[120.894241,53.4941735],[120.7682415,53.4616862],[120.6274792,53.4755832],[120.4194256,53.419968],[120.1217648,53.4612774],[119.9689862,53.3872192],[119.8024746,53.3630507],[119.5721051,53.1792926],[119.4104,53.1447113],[119.271011,53.0624692],[119.1329942,53.1550069],[119.1206346,53.1953393],[119.0808092,53.2208361],[119.0739427,53.3046219],[119.0492235,53.332514],[119.0437303,53.3767758],[119.3472276,53.7080887],[119.3307481,54.0005055],[119.3760667,54.0392326],[119.4708238,54.0601947],[119.853972,54.0005055],[120.0695787,54.077118],[120.2618394,54.1093336],[120.4609666,54.1809237],[120.9086595,54.384557],[121.1682115,54.4333112],[121.4758287,54.3581576],[121.5829454,54.3613584],[122.1089159,54.4883896],[122.6733385,54.6809778],[122.9576097,54.701615],[123.1910692,54.7523695],[123.2926927,54.8046434],[123.3668504,54.9255644],[123.4094225,54.9563294],[123.5124193,54.9799788],[123.652495,55.0995884],[124.1015611,55.2337227],[124.2443834,55.3166438],[124.2979417,55.3705278],[124.4105516,55.6024031],[124.4819627,55.6682921],[124.6137987,55.7402556],[124.7373949,55.8421698],[124.8527513,55.8637537],[125.0147997,55.9353571],[125.1397691,55.9338187],[125.3276901,55.8749276],[125.4201224,55.8699336],[125.4539542,55.8430444],[125.4518434,55.8061658],[125.5098131,55.7851277],[125.5225189,55.7499078],[125.5537882,55.7396297],[125.6168436,55.7794462],[125.702279,55.800488],[125.8388892,55.8035916],[125.9909975,55.7688834],[125.9853805,55.7202597],[126.0438499,55.7310732],[126.0817262,55.7169266],[126.0910761,55.708604],[126.0671597,55.7058147],[126.0844468,55.6699394],[126.1313619,55.6671448],[126.1411161,55.6511943],[126.133551,55.6381266],[126.0670302,55.6452204],[126.0772092,55.5953702],[126.2965998,55.6091095],[126.3176506,55.5846931],[126.3859147,55.5946005],[126.3874461,55.5733856],[126.4163867,55.5597351],[126.5291737,55.5790459],[126.510596,55.613184],[126.5886521,55.6566011],[126.6900073,55.6682236],[126.6822762,55.6330061],[126.723236,55.5992915],[126.7873034,55.6274251],[126.8572288,55.6115023],[126.9262249,55.629892],[126.9069026,55.6765516],[126.9348721,55.6908853],[127.1348525,55.6928399],[127.1869557,55.7176958],[127.2606364,55.6805978],[127.3214542,55.6878049],[127.3154267,55.6493213],[127.3458008,55.6395101],[127.3401299,55.6195196],[127.4232886,55.5785304],[127.513818,55.6048753],[127.5899118,55.5940636],[127.5999093,55.6022028],[127.5427442,55.6657941],[127.6256226,55.6745368],[127.6774679,55.715407],[127.7337088,55.7312756],[127.7894763,55.7230406],[127.8032384,55.6897111],[127.7867898,55.6737981],[127.8305488,55.6631075],[128.2904262,55.6969129],[128.3423553,55.6753293],[128.3812394,55.6307162],[128.4756024,55.5978117],[128.5009955,55.5489416],[128.6147348,55.5470466],[128.6864525,55.5721548],[128.702718,55.5575145],[128.6961905,55.5200534],[128.7611936,55.5118761],[128.7859391,55.4876715],[128.8285068,55.5201315],[128.8522595,55.4997756],[128.9073036,55.5139754],[128.9568703,55.4943887],[129.0866848,55.5246903],[129.104043,55.5491423],[129.1035938,55.61883],[129.0493241,55.6667174],[129.0493592,55.6944722],[129.1794287,55.698478],[129.2624706,55.7306293],[129.3519932,55.7132977],[129.3851414,55.7331769],[129.4479155,55.7253074],[129.4963793,55.7691461],[129.525931,55.7435157],[129.6591952,55.786023],[129.7110569,55.7610086],[129.7883673,55.7736129],[129.8173745,55.7488761],[129.8709312,55.7404841],[129.9144006,55.7791589],[130.0010897,55.7132802],[130.0704662,55.7119158],[130.0973571,55.7322442],[130.1480709,55.7122846],[130.2779923,55.741256],[130.3531822,55.7309403],[130.3808479,55.7477513],[130.5045536,55.7274248],[130.6248239,55.76245],[130.6805417,55.7440457],[130.7390406,55.7538125],[130.878661,55.7068153],[131.0971056,55.6969386],[131.4239488,55.469514],[131.5434251,55.3080469],[131.6903673,55.1592593],[131.9100938,55.0327454],[131.9142137,54.9728854],[131.7123399,54.8426185],[131.6715376,54.7754465],[131.6345124,54.7723916],[131.6184095,54.7937909],[131.5593647,54.7730499],[131.5511957,54.7429551],[131.3948903,54.73728],[131.3195453,54.6979412],[131.2866467,54.6588115],[131.1712602,54.6364205],[131.1905215,54.5679935],[131.2330444,54.553191],[131.2150705,54.5072508],[131.1943728,54.5105548],[131.1670204,54.4706858],[131.17511,54.4391226],[131.1490687,54.421202],[131.1341566,54.3674654],[131.1068222,54.3544179],[131.1207982,54.335786],[131.0346862,54.2913014],[130.9737208,54.3044448],[130.972165,54.3271838],[130.9391629,54.339254],[130.8149519,54.2845829],[130.7359828,54.2988266],[130.7162155,54.2854939],[130.7222291,54.2664412],[130.6686074,54.2566122],[130.635677,54.1866071],[130.5728855,54.1695472],[130.511178,54.1224156],[130.4962743,53.9873168],[130.4307724,53.9659966],[130.3910223,53.9199677],[130.4415988,53.8881555],[130.5170427,53.9091658],[130.5877794,53.8784617],[130.6869692,53.9001788],[130.7454462,53.848979],[130.8518485,53.8491673],[130.8485043,53.7983783],[130.9004492,53.7743158],[131.0174445,53.8251967],[131.0841355,53.8100817],[131.1075582,53.8223384],[131.2522668,53.7864055],[131.3125028,53.7934054],[131.4441388,53.739173],[131.4426343,53.7045919],[131.4182646,53.6833799],[131.4423594,53.63774],[131.4917251,53.6009198],[131.4552219,53.5766373],[131.4804708,53.5675521],[131.4759465,53.5277399],[131.4512727,53.5101096],[131.4843286,53.4833776],[131.4864586,53.4499094],[131.5049894,53.4482136],[131.4955487,53.3993456],[131.5334407,53.3336604],[131.5138857,53.2719704],[131.4759193,53.2622382],[131.4415488,53.2213154],[131.5089498,53.2080195],[131.8064259,53.2575283],[131.8176309,53.2378735],[131.8546878,53.2315784],[131.8286407,53.1627868],[131.8764247,53.1580725],[131.8993543,53.1356269],[131.9582854,53.1612405],[131.9788486,53.1394923],[132.0131132,53.1392318],[132.0633749,53.2212848],[132.1056028,53.2405343],[132.141151,53.2209238],[132.2489833,53.22612],[132.2796759,53.2554383],[132.312386,53.2371627],[132.3492346,53.2468397],[132.3981917,53.2176118],[132.5095019,53.2149908],[132.6614685,53.2455138],[132.7029578,53.2240619],[132.7705466,53.2497242],[132.8618931,53.2352533],[132.8980124,53.2529367],[132.8772128,53.2883626],[132.8886453,53.2983424],[132.967227,53.2836126],[133.0314162,53.3070874],[133.1348728,53.303421],[133.1441671,53.3326709],[133.1224359,53.3402678],[133.1627185,53.3608236],[133.1579335,53.4025237],[133.1983652,53.4318699],[133.3611103,53.472979],[133.4125496,53.5168487],[133.4898172,53.5063489],[133.5670761,53.5498353],[133.6285113,53.5359228],[133.7068054,53.4673334],[133.7877036,53.4930375],[133.8115682,53.4641034],[133.8681071,53.474426],[133.9464775,53.438939],[134.0966164,53.4558982],[134.1132709,53.4989364],[134.1952848,53.4822346],[134.2140653,53.5051069],[134.2059767,53.5213546],[134.2801538,53.5474412],[134.3106471,53.5355501],[134.3213619,53.5540036],[134.4084309,53.5812825],[134.4455066,53.5584606],[134.4563066,53.6080365],[134.5412236,53.6182206],[134.6450039,53.748508],[135.010985,53.8573875],[135.1853929,53.9585104],[135.3941331,54.0988663],[135.5850206,54.268433],[135.7898495,54.6173217],[135.7748282,54.6702051],[135.7335689,54.6973131],[135.5841214,54.7160367],[135.3094389,54.7859879],[135.26971,54.8307255],[135.3990107,54.9409289],[135.5075437,54.9901951],[135.5724703,55.0451842],[135.7545245,55.0694745],[136.1189284,55.2360802],[136.2023836,55.2580149],[136.3815375,55.4060594],[136.424402,55.4897841],[136.4928613,55.5310279],[136.578775,55.5398292],[136.7252888,55.6009107],[136.8216395,55.6085028],[136.9756067,55.7387872],[137.1000174,55.7449141],[137.1607229,55.8165727],[137.2256145,55.8563581],[137.3323718,55.906213],[137.4440372,55.9129241],[137.5175725,56.0080007],[137.6112656,56.0668029],[137.7831665,56.1018406],[137.8587839,56.1804877],[137.9247671,56.2167063],[137.9913979,56.3266825],[138.0964333,56.3464696],[138.1539469,56.3847753],[138.2913221,56.3910006],[138.3475353,56.4448677],[138.3482141,56.4826736],[138.3041448,56.513127],[138.2207897,56.5212034],[138.2059667,56.5608686],[138.3335118,56.5950426],[138.3515629,56.6479273],[138.4669021,56.664463],[138.503184,56.7448189],[138.5837829,56.7311452],[138.6580689,56.7593741],[138.6743296,56.7869981],[138.6626226,56.8612339],[138.6977906,56.9320305],[138.9463938,56.9801149],[139.0081303,57.0439641],[139.0233728,57.0927439],[139.0968416,57.1156679],[139.1600345,57.1878969],[139.2672671,57.2338732],[139.4766617,57.2660368],[139.5793664,57.3203983],[139.674308,57.4194258],[139.7639599,57.4328298],[139.8512151,57.3931717],[139.9294304,57.4086363],[139.9578951,57.4507894],[139.9083742,57.4923051],[140.0557604,57.6575069],[140.1683689,57.6965991],[140.3542561,57.7026611],[140.584752,57.8230298],[140.5970983,57.8891492],[140.7564295,58.1678808],[140.8528975,58.2701226],[141.0618919,58.3899092],[141.3654,58.4624706],[141.618477,58.5702666],[141.797221,58.6790425],[142.0394302,58.9131106],[142.1708057,59.0093516],[142.3883879,59.118319],[142.6271001,59.1905125],[143.2653692,59.3121428],[143.348822,59.2822207],[143.4988531,59.2706441],[143.8880617,59.3532636],[144.4442991,59.3100735],[144.9601252,59.3125645],[145.2239702,59.3541435],[145.3555584,59.3392025],[145.5857706,59.3663614],[145.6620404,59.3602644],[145.7570996,59.3206711],[145.726788,59.2476704],[145.7573219,59.2045018],[145.8793494,59.1631623],[145.9179671,59.114053],[146.051503,59.0892951],[146.2215706,59.1442129],[146.2956761,59.1305438],[146.3702606,59.1414507],[146.4503847,59.1838663],[146.4691286,59.2188109],[146.4213418,59.2673586],[146.4329702,59.3249479],[146.4203105,59.386895],[146.5081606,59.4081688],[146.5906453,59.3948773],[146.6134442,59.3596786],[146.6828852,59.3369477],[146.843651,59.3100735],[146.9874661,59.3148404],[147.1420748,59.2713884],[147.2468056,59.2773944],[147.4942474,59.1888734],[147.5942394,59.1941048],[147.6558694,59.231588],[147.7704725,59.2101315],[147.8558195,59.2209303],[147.9379176,59.2760501],[147.9426366,59.3073947],[147.9233385,59.3340727],[148.2971198,59.3492343],[148.3168287,59.333279],[148.3124152,59.2488897],[148.3482499,59.2176686],[148.5437443,59.1903342],[148.8385182,59.1978315],[148.8925684,59.1814509],[148.850806,59.1333794],[148.8843756,59.0902188],[149.0119167,59.0649504],[149.1750594,59.1311508],[149.2418472,59.1973113],[149.2281471,59.2376581],[149.1572437,59.2616774],[149.1961413,59.291849],[149.1940271,59.3279563],[149.1061013,59.372509],[149.0660841,59.4178856],[149.1074648,59.4310753],[149.244988,59.4125895],[149.3154461,59.44719],[149.3287973,59.5285382],[149.2851601,59.5644873],[149.2143006,59.5827729],[149.2039419,59.6073107],[149.3821407,59.665906],[149.6480418,59.7064021],[149.8296976,59.6821843],[150.1250494,59.6096445],[150.2687156,59.5977478],[150.2688708,59.56892],[150.2951159,59.5462717],[150.4182474,59.5206385],[150.4046677,59.4774407],[150.4405024,59.4464291],[150.5233201,59.4277071],[150.6308559,59.4376334],[150.660763,59.4048823],[150.7344746,59.384093],[150.990979,59.4102633],[151.0468845,59.4655179],[151.0374902,59.5206459],[151.1323676,59.5289494],[151.4035417,59.502652],[151.5855429,59.425299],[151.5900609,59.3910846],[151.6307482,59.3545747],[151.6276198,59.2930729],[151.6666906,59.2594787],[151.8560334,59.2465639],[151.9538729,59.2157857],[152.1036896,59.2240386],[152.0584639,59.199126],[151.9100722,59.1909829],[151.7939307,59.211879],[151.4270999,59.2180818],[151.3315069,59.1943201],[151.2939453,59.1621035],[151.1922635,59.1466102],[151.0868603,59.1575367],[151.0146561,59.1307794],[151.0083007,59.0753831],[151.1343557,58.9766419],[151.1474896,58.9382938],[151.2368569,58.8554231],[151.2444669,58.8148875],[151.3343126,58.7836298],[151.4986289,58.8106626],[151.7128446,58.7889969],[151.8565844,58.8223751],[152.0889603,58.8382973],[152.2095989,58.8734354],[152.253879,58.909504],[152.2638372,58.9494265],[152.3410761,58.9614884],[152.4186005,58.9562543],[152.5042038,58.9022233],[152.621155,58.8890282],[152.6889977,58.8604101],[152.9340359,58.8548703],[153.0092741,58.8927381],[153.041009,58.9813144],[153.0897883,59.0240858],[153.3267733,59.0354082],[153.4214263,59.0625017],[153.4550738,59.0998749],[153.4649747,59.1790518],[153.6180286,59.1369283],[153.77273,59.125439],[153.8610036,59.039153],[154.0350221,58.9931056],[154.2286128,59.0414852],[154.3737791,59.0542977],[154.4321362,59.0918885],[154.451026,59.148857],[154.4804253,59.1635716],[154.615936,59.1071837],[154.7961425,59.0817651],[154.8705941,59.0968277],[154.9026413,59.132096],[155.2014051,59.1250925],[155.4225801,59.1883671],[155.4831051,59.1491291],[155.5626185,59.1445301],[155.6251841,59.1701045],[155.640005,59.2238409],[155.605,59.2553015],[155.5313814,59.2680008],[155.6327545,59.2733983],[155.6859412,59.2972479],[155.6985527,59.338393],[155.659712,59.3741665],[155.5375918,59.3906382],[155.4091736,59.3509944],[155.3856105,59.3228426],[155.3969365,59.2920532],[155.4949833,59.2635924],[155.4267837,59.2289509],[155.369912,59.2603281],[155.2941325,59.2617591],[155.3222819,59.3119833],[155.2885135,59.3775099],[155.2139454,59.4271077],[155.1302455,59.4529522],[155.0830721,59.5106401],[154.9599264,59.5489032],[154.815572,59.5285128],[154.6503452,59.5947389],[154.5355367,59.5769273],[154.4613893,59.59901],[154.3331327,59.7299538],[154.3223185,59.7684121],[154.4301175,59.7843082],[154.5646971,59.8593922],[154.6286887,60.0358232],[154.7911416,60.1858082],[154.9646049,60.2946195],[155.2119384,60.3776536],[155.3773143,60.4742021],[155.4587942,60.4642677],[155.5458382,60.4916174],[155.6441745,60.585794],[155.7965992,60.6197729],[155.8527731,60.6595177],[155.9697448,60.6700903],[156.0186886,60.7276546],[156.0246257,60.8472787],[156.1627314,60.966356],[156.5203626,61.1446743],[156.5650831,61.157639],[156.6639785,61.1476297],[156.737109,61.1713261],[156.7671955,61.2116857],[156.7434311,61.286136],[156.7591669,61.3359047],[156.7345744,61.3882567],[156.764729,61.4660973],[156.9830191,61.5074827],[157.0634697,61.5555119],[157.1025219,61.6043142],[157.2815921,61.6379065],[157.4187284,61.6417297],[157.5337603,61.7360788],[157.7860321,61.7297158],[157.9192845,61.6940934],[158.0935591,61.6819375],[158.3244777,61.773834],[158.4611453,61.7324835],[158.6238617,61.7818692],[158.8542598,61.7672755],[158.9365081,61.7947497],[158.9631015,61.8439159],[159.099729,61.8672645],[159.2566874,61.8519727],[159.2106968,61.8191863],[159.2270969,61.7792026],[159.4067709,61.719531],[159.4137045,61.6639689],[159.4437805,61.6367928],[159.5992298,61.6021837],[159.7829022,61.6518633],[159.9571607,61.6682465],[160.0635736,61.7341768],[160.1175454,61.8020276],[160.2675835,61.8485137],[160.239065,61.8003015],[160.2615933,61.7678506],[160.0988547,61.6890107],[160.1090743,61.6538497],[160.1564929,61.6311928],[160.1314484,61.5874461],[160.1378858,61.5631697],[159.9491674,61.4943674],[159.9215604,61.4615675],[159.9299442,61.4348311],[159.8431187,61.4114868],[159.8260315,61.3705084],[159.7238139,61.3151325],[159.6303896,61.2329309],[159.6800827,61.1873911],[159.8250503,61.180122],[159.8557915,61.156604],[159.862198,61.1168776],[159.8393682,61.0667183],[159.7492214,61.0162566],[159.6823926,60.9473243],[159.6912953,60.9107361],[159.7266753,60.8844171],[159.8302967,60.8457952],[159.9136421,60.8450097],[160.1667514,60.9682611],[160.2378311,60.968417],[160.0732371,60.8456005],[160.0757219,60.8047593],[160.1314016,60.7441487],[160.0434109,60.6804993],[160.0258629,60.5966184],[160.0472125,60.5586929],[160.0935309,60.5354974],[160.2459402,60.5313541],[160.3659391,60.5710127],[160.4512624,60.6450627],[160.8688896,60.6810336],[161.0079586,60.852182],[161.2632582,60.9562624],[161.2982658,60.9979197],[161.5192188,61.0841539],[161.5589802,61.1311639],[161.6561984,61.1492515],[161.7173028,61.2178991],[162.0726604,61.3453306],[162.3933699,61.5447817],[162.6036728,61.5077553],[162.8351995,61.5445347],[162.8936103,61.5032875],[162.8707725,61.4482131],[162.9025148,61.4150677],[163.0153375,61.3959805],[163.1099493,61.4194041],[163.1367448,61.4475393],[163.1259249,61.4880388],[163.2030571,61.5199981],[163.2189082,61.5580266],[163.2976948,61.5690039],[163.4170659,61.6329956],[163.4504722,61.6957581],[163.428361,61.73523],[163.3280776,61.7770551],[163.1055043,61.8144336],[163.1751173,61.9344987],[163.2925038,62.0535059],[163.2077677,62.2032387],[163.3385488,62.2713348],[163.5595026,62.3048394],[163.6128592,62.3599816],[163.6020488,62.3902236],[163.548212,62.4142793],[163.4070031,62.4002712],[163.346537,62.4223486],[163.3778357,62.4513188],[163.3753467,62.4937909],[163.5290313,62.5024766],[163.8089163,62.5536624],[163.9543308,62.5396863],[164.0747394,62.6003565],[164.2967797,62.6114255],[164.414361,62.64195],[164.5663721,62.6128054],[164.5847658,62.5604682],[164.7019307,62.5175782],[165.2702758,62.376704],[165.3056254,62.3536467],[165.3210908,62.3054252],[165.3771945,62.2934748],[165.3662082,62.2461886],[165.3222629,62.2205975],[165.0942966,62.1796066],[165.1602145,62.1167315],[165.1327487,62.0562999],[165.3497287,62.065308],[165.3717014,61.9686538],[165.8770724,61.8729873],[166.2313815,61.7627301],[166.5582248,61.7731242],[166.8081638,61.7536325],[167.2146579,61.5632673],[167.5909396,61.5279342],[168.791196,61.1060991],[169.1290256,61.0423332],[169.1537448,61.0077397],[169.1180392,60.9184209],[168.9889499,60.7027618],[169.0493747,60.6503025],[169.0713494,60.5802227],[169.2313378,60.5522161],[169.2156899,60.4955451],[169.3175652,60.4789809],[169.4209163,60.4303065],[169.642328,60.3706059],[169.6322674,60.3269815],[169.6721102,60.2635177],[169.768815,60.2047035],[169.8715795,60.0460715],[170.0289407,60.0001286],[170.0233156,59.9603787],[170.0636165,59.9311244],[170.2401043,59.8804375],[170.3285248,59.8816288],[170.4571893,59.9108251],[170.5085144,59.9455817],[170.5661958,60.0647422],[170.5967762,60.2109445],[170.7748258,60.2821467],[170.7941621,60.3050878],[170.7933396,60.3623161],[170.9298572,60.4415108],[171.1364882,60.4990894],[171.2474277,60.5077763],[171.4432123,60.5713039],[171.5585738,60.6658743],[171.6540693,60.6656639],[171.7141568,60.685382],[171.7704091,60.7686497],[171.9239553,60.7697081],[172.1718907,60.8080835],[172.2065166,60.8407214],[172.2123466,60.8827013],[172.3039275,60.9227703],[172.3306763,60.957507],[172.4807951,60.970438],[172.562394,61.0080069],[172.5940293,61.0443887],[172.6001282,61.1096992],[172.7203189,61.1299546],[172.7810673,61.1841332],[172.8525129,61.2092099],[173.0095982,61.2372009],[173.0620769,61.2753409],[173.0713244,61.3245641],[173.1988499,61.3421923],[173.401187,61.4148057],[173.4386033,61.4493322],[173.4397829,61.4899517],[173.5469075,61.5079607],[173.5995314,61.5427638],[173.6188347,61.6705022],[173.7895006,61.6033049],[173.9033481,61.6084442],[174.14151,61.7181347],[174.2644127,61.7498514],[174.6929905,61.7894448],[174.9596307,61.9001192],[175.2690144,61.9631685],[175.4139555,62.0388192],[175.6648041,62.1219083],[176.0212269,62.2044852],[176.3381931,62.2494716],[176.430667,62.2816707],[176.4939719,62.3331329],[176.6615927,62.3911765],[176.9648318,62.4671931],[177.2252588,62.4966454],[177.5627488,62.5190517],[178.031993,62.4865796],[178.1040365,62.4519802],[178.2856554,62.412806],[178.943876,62.3018728],[179.0309312,62.2355839],[179.1412565,62.2276325],[179.2417937,62.256749],[179.2844585,62.3003296],[179.2876431,62.3255129],[179.2620358,62.3539317],[179.2947633,62.3946037],[179.2639551,62.4297959],[179.4480716,62.4418558],[179.5197889,62.4867365],[179.5611902,62.5658451],[179.6924173,62.6002049],[179.7353556,62.6637778],[179.734624,62.7458245],[179.6652384,62.8702207],[179.5867369,62.9107987],[179.4338167,62.9345501],[179.4072237,62.9728309],[179.4170681,63.0027126],[179.4995325,63.0057461],[179.5601637,63.0356475],[179.5766956,63.0679271],[179.551298,63.1388938],[179.4312675,63.226253],[179.1698978,63.3141214],[178.9801409,63.4810263],[178.9352364,63.5730366],[178.8670509,63.8345432],[178.7836042,64.0070168],[178.3922403,64.4153732],[178.3037956,64.4757987],[178.2182748,64.4892178],[178.1304957,64.4688561],[178.107933,64.4415691],[178.1196232,64.4106424],[178.2071022,64.3277384],[178.0431083,64.2751346],[177.9483397,64.2663594],[177.6021458,64.425055],[177.5389615,64.4944404],[177.530054,64.5342258],[177.6018753,64.6202094],[177.5630944,64.6803182],[177.5946801,64.7337111],[177.4092858,64.7805629],[177.0838158,64.7354695],[176.7700188,64.7252105],[176.5193932,64.741916],[176.4109032,64.7671013],[176.3285058,64.8433922],[176.2323754,64.8830598],[176.0902398,64.9089871],[175.9989159,64.8952983],[175.9261315,64.8179859],[175.7503503,64.7486539],[175.5786889,64.7565615],[175.4145806,64.7275557],[175.1090234,64.7263831],[174.8741906,64.6891265],[174.7560876,64.6515246],[174.5466607,64.6518186],[174.1085788,64.7869996],[173.9959689,64.9316902],[173.8613864,64.9747134],[173.6993381,64.988652],[173.5784885,65.0257861],[173.5510226,65.0698159],[173.6389133,65.141498],[173.6746188,65.2475093],[173.5757419,65.3771392],[173.2873508,65.5049935],[173.345029,65.6435544],[173.3752414,65.8342797],[173.5098239,65.9710896],[173.5043307,66.0369901],[173.5757419,66.1460762],[173.5647556,66.2093091],[173.4329196,66.3496289],[173.3038303,66.4398143],[173.3862277,66.5329568],[173.3889743,66.608311],[173.2928439,66.6464468],[173.2818576,66.6921323],[173.2434055,66.7247131],[173.2928439,66.7539991],[173.4576389,66.7810847],[173.5427829,66.8146294],[173.5263034,66.8546067],[173.3724948,66.9203731],[173.3203098,66.9289851],[173.2818576,66.9052948],[173.0648776,66.9418973],[172.5100681,66.935442],[172.2985812,66.9063721],[171.6448947,67.0792037],[171.7135593,67.1358305],[171.8893405,67.2114814],[171.9168063,67.2773489],[171.721799,67.4801838],[171.4636203,67.5516087],[171.3647433,67.6572993],[171.5020724,67.7209034],[171.4800998,67.7739487],[171.4224216,67.8082082],[171.4224216,67.848632],[171.4828464,67.8879521],[171.4965793,67.92927],[171.4553806,67.9663934],[171.3427707,68.0013999],[171.3125583,68.0486775],[171.3482639,68.1613414],[171.3977023,68.2042132],[171.4169284,68.2897168],[171.4086887,68.3718644],[171.3729831,68.4264649],[171.2741061,68.5071133],[170.768735,68.7224351],[170.7220158,68.8249372],[170.6708905,68.8679734],[170.6667706,68.9075458],[170.6451413,68.9224906],[170.5230916,68.9654242],[170.4158339,68.9169755],[170.1336082,68.8542414],[169.686929,68.8211737],[169.600392,68.8428476],[169.5705191,68.8688132],[169.5948444,68.9355439],[169.5606621,69.0413899],[169.5285791,69.076133],[169.4243643,69.1220748],[169.1997405,69.1329888],[168.9984368,69.2059756],[168.7809011,69.2530734],[168.4249798,69.2600926],[168.402434,69.2750549],[168.3689953,69.3777876],[168.4398231,69.5316833],[168.416013,69.5718915],[168.8040449,69.5126613],[169.1651987,69.5046311],[169.300839,69.5234714],[169.3931455,69.5713863],[169.4652576,69.65664],[169.4525491,69.7105735],[169.5469541,69.7437258],[169.6140704,69.8139003],[169.5820553,69.8723756],[169.4956201,69.92909],[169.3379735,69.9716946],[169.1142274,69.9999223],[168.9678585,69.9908263],[168.5566712,70.0693214],[168.1497758,70.0486835],[167.8385684,69.9620357],[167.4874487,69.7466042],[167.0999948,69.5845739],[166.95059,69.5601206],[166.7190117,69.587321],[166.5522345,69.5571413],[166.4064508,69.5537716],[165.8284549,69.6211773],[165.2607168,69.6447661],[164.9511113,69.6193101],[164.6737576,69.6283797],[164.3759616,69.7026132],[164.2454766,69.7822587],[164.0645803,69.8027672],[163.8976925,69.7926182],[163.775744,69.7342928],[163.6929482,69.7248497],[163.2775444,69.7576313],[162.8043667,69.6948475],[162.6355533,69.7208899],[162.4728584,69.7110213],[162.3409599,69.7281516],[162.1409588,69.6808817],[161.9935173,69.7110154],[161.2825714,69.6546443],[161.1761711,69.7023761],[160.9807376,69.73564],[160.8754533,69.7318682],[160.7975403,69.7006553],[160.4469764,69.7268243],[159.936705,69.8302725],[159.9302037,69.913016],[160.0090693,69.9653776],[160.1570415,70.158768],[160.2274641,70.2126913],[160.2508469,70.2617905],[160.1792911,70.4189606],[160.0361368,70.5516515],[159.7731366,70.7007233],[159.305233,70.8523309],[158.5792899,71.002056],[158.1273583,71.0580887],[157.2956373,71.1141798],[156.022592,71.1315199],[154.5104404,71.0172285],[153.9212088,70.9414591],[153.1095171,70.8787065],[152.5644955,70.8760676],[152.4526424,70.8919742],[152.3155883,70.9456035],[152.2448694,70.9845763],[152.1703698,71.062953],[152.0797415,71.1074174],[151.9661794,71.2110578],[151.7093524,71.344659],[151.3792772,71.4595935],[151.1312298,71.5024072],[150.9107576,71.5146115],[150.3519794,71.6945135],[150.2327923,71.7119368],[150.2228589,71.796818],[150.2766706,71.8316003],[150.2921512,71.8854244],[150.2229633,71.9725525],[149.9661554,72.1010546],[149.4084056,72.244028],[148.4823892,72.3710592],[147.6747767,72.3900899],[147.0609618,72.3643715],[146.8808993,72.4072694],[146.0282468,72.5316115],[144.3995324,72.6929141],[143.3604223,72.7442308],[142.1143762,72.7651337],[141.7308488,72.8091062],[141.4902744,72.8818067],[140.8870559,72.9312727],[140.6186501,72.9129202],[140.5300416,72.8697753],[140.5982899,72.7733725],[140.8019507,72.6821976],[140.8087868,72.5988768],[140.7675844,72.5743487],[140.5191166,72.5368941],[140.2759841,72.5792574],[140.0440637,72.5300124],[139.862553,72.5493461],[139.494502,72.5338921],[139.1462262,72.4021807],[138.9939929,72.3046263],[138.9603304,72.2445927],[139.0043709,72.174051],[139.0986679,72.1383999],[139.2320919,72.1251145],[139.2501779,72.0457348],[139.1912632,71.9629288],[139.2085612,71.9013667],[139.3350178,71.8654128],[139.549243,71.8718337],[139.5977593,71.8129206],[139.6103061,71.6877541],[139.6634274,71.6248478],[139.6329575,71.5486022],[139.4146316,71.5550178],[139.2932151,71.6173578],[139.2189429,71.633773],[139.1522957,71.7236362],[139.0677179,71.7651666],[138.9769472,71.7831196],[138.8759565,71.887003],[138.6458141,71.9348766],[138.4649046,71.9491887],[138.3499567,71.9349028],[138.1791703,71.8675446],[138.1613247,71.8406098],[138.1971922,71.8090335],[138.2059585,71.7231522],[138.0207473,71.6459093],[137.4277708,71.6508409],[136.9288397,71.5982187],[136.6598307,71.6494315],[136.4991487,71.6463687],[136.0863222,71.7041349],[135.7764924,71.7105557],[135.5387495,71.6857844],[134.8850939,71.5562415],[134.7314005,71.5191413],[134.5736307,71.4389874],[134.3282998,71.4142544],[134.1484437,71.4243463],[133.7024766,71.503389],[133.4982863,71.5590743],[133.2988746,71.6415807],[133.1714276,71.7331925],[133.21864,71.8037826],[133.4173401,71.7940284],[133.4962094,71.8156854],[133.5236853,71.8472938],[133.4527218,71.9246856],[133.309528,71.9873576],[133.0887604,72.0259334],[132.7137188,72.0043453],[132.5669312,71.9756027],[132.4647632,71.9335107],[132.1532319,71.7188717],[132.0000299,71.5495475],[131.8417269,71.2748336],[131.6357609,71.1254902],[131.6357609,71.0212493],[131.6007751,70.975765],[131.3670673,70.8284844],[131.2531997,70.7822898],[131.1806176,70.7751775],[131.047361,70.8934505],[131.0031548,70.9811235],[130.9653893,71.0026002],[130.8066052,71.0160734],[130.6644714,70.975042],[130.5014646,70.9617411],[130.2791736,71.1032992],[129.9828271,71.1386146],[129.9147315,71.233511],[129.8688335,71.2620384],[129.6502136,71.3109134],[129.452994,71.5782822],[129.4746691,71.6607215],[129.6921981,71.6514767],[129.8008765,71.5733507],[129.8584192,71.478001],[129.9369925,71.4475681],[130.1358911,71.4501839],[130.2002093,71.4765799],[130.2282308,71.5203194],[130.2204333,71.5739122],[130.1352155,71.6324926],[130.0197241,71.6650772],[129.8602691,71.664116],[129.7747752,71.7318234],[129.577306,71.8200906],[129.4807954,71.8957896],[129.4828798,71.9814402],[129.5724538,72.0468356],[129.7509906,72.1242386],[129.796239,72.2310114],[129.7800924,72.2675581],[129.7919521,72.3517668],[129.8104436,72.3718955],[129.8109722,72.4594136],[129.7354204,72.6754611],[129.7198896,72.8169603],[129.7594808,72.8835331],[129.7357032,73.0024655],[129.6057151,73.0721393],[129.2175471,73.1843954],[129.0765958,73.2439608],[128.2727891,73.4773615],[127.9284846,73.5503055],[127.6679508,73.5738107],[127.0005926,73.5704856],[126.7095467,73.5117937],[126.6491774,73.5143132],[126.3686329,73.5975924],[126.2587691,73.6806093],[126.0339534,73.7308435],[125.9086182,73.7349019],[125.7269785,73.7029662],[125.4815959,73.6886257],[125.2313966,73.7487412],[125.007675,73.7542062],[125.0064736,73.8399939],[125.1186567,73.8758255],[125.1371481,73.8942642],[125.1288778,73.9139228],[125.0529369,73.9410064],[124.7759529,73.9808958],[124.3347009,73.9574969],[123.9885768,73.8574065],[123.6944846,73.8725824],[123.5912569,73.8535667],[123.5556099,73.8260703],[123.4698896,73.8424643],[123.4939718,73.9266875],[123.4118838,74.0141832],[123.309852,74.0405652],[123.1724676,74.0418679],[123.0001779,74.0021713],[122.9109696,73.8666938],[122.9424878,73.8282091],[123.0867934,73.7919514],[123.1226921,73.711901],[123.0548805,73.6524155],[122.9837679,73.4889658],[123.1666235,73.2057207],[123.2223965,73.1652058],[123.2377641,73.0808062],[123.2091918,73.0566816],[123.120246,73.0379003],[122.9970503,73.0974533],[122.8334813,73.1306304],[122.3230124,73.1267765],[122.0076789,73.0659589],[121.8835477,72.9970236],[121.7864145,73.0194971],[121.5952313,73.0254656],[121.1386782,72.9817472],[120.6945195,73.0405952],[120.6568292,73.0578062],[120.6128339,73.146684],[120.5733998,73.1695767],[120.1079842,73.2349125],[119.5585342,73.2097537],[119.175596,73.1499705],[118.8158889,73.1856751],[118.8141716,73.272928],[118.9645374,73.3106707],[119.0559702,73.4006339],[119.1970133,73.4533285],[119.2148525,73.4908919],[119.1746332,73.5247457],[119.0923455,73.5510971],[118.6928564,73.6112805],[117.4229224,73.6329541],[116.6402995,73.7196434],[116.30609,73.7133158],[115.4961547,73.7656288],[115.1818604,73.7415772],[114.7484385,73.648073],[114.2022972,73.6491464],[113.7203543,73.5858511],[113.33731,73.8939423],[113.1390735,73.954886],[113.043323,74.0097038],[113.055323,74.0845337],[113.0908344,74.1108049],[113.3963407,74.1796507],[113.6535348,74.3214775],[113.6909868,74.3768742],[113.6493427,74.4370963],[113.4978068,74.5060648],[113.2365045,74.556421],[113.2043161,74.6378877],[113.2186857,74.6598158],[113.2066752,74.6878824],[113.0766802,74.7319425],[112.9113877,74.7391874],[112.7594546,74.7114856],[112.7193245,74.686168],[112.7205858,74.6307662],[112.6559814,74.5733739],[112.1268621,74.6106423],[112.1067215,74.6947349],[112.3335824,74.8193602],[112.4040703,74.83959],[112.6299754,74.8457418],[113.0110424,74.9304008],[113.7136107,75.184198],[113.8953861,75.2973022],[113.965524,75.4293885],[113.932893,75.5087046],[113.932299,75.5926365],[114.0036957,75.6772665],[114.1350878,75.780126],[114.126001,75.8928836],[114.0698306,75.9457761],[113.8366234,76.0070706],[113.7659792,76.0443314],[113.6878542,76.1624543],[113.6257197,76.2053233],[113.6285604,76.2880645],[113.7086346,76.3248559],[113.7206248,76.366843],[113.5759065,76.448723],[113.3570392,76.50978],[112.9367019,76.5308544],[112.7751252,76.6326264],[112.6153749,76.670009],[112.3449706,76.6954261],[112.0018526,76.6806089],[111.3671505,76.8129412],[110.8481667,76.8457702],[110.6661894,76.8396845],[110.4637747,76.8032521],[109.9179026,76.7525017],[109.4614479,76.8077335],[108.6867449,76.7570292],[108.3571782,76.7984015],[107.9787416,76.7929255],[107.7895406,76.7677295],[107.7144126,76.7355827],[107.7232627,76.6480166],[107.6850718,76.5700521],[107.4440327,76.5878522],[107.1193666,76.5761949],[107.0828222,76.6533007],[107.1067956,76.6758972],[107.4548651,76.7703987],[107.6591002,76.8597974],[107.789759,76.8911762],[107.9928549,76.884693],[108.3631089,76.9359976],[108.4524394,76.9600759],[108.4720453,76.9874253],[108.3370799,77.039026],[108.173982,77.064475],[107.8415178,77.0496253],[107.6377267,76.9912163],[107.4814767,77.0478495],[107.1643806,77.07446],[107.1737172,77.1601178],[107.5063492,77.1613943],[107.8386921,77.2111838],[107.9517291,77.2426654],[108.0116404,77.303697],[107.9686622,77.3467609],[107.710525,77.4437285],[107.4577377,77.4518404],[107.3015569,77.4107977],[107.2215126,77.4457374],[107.1945145,77.4767824],[107.06265,77.5068089],[106.8527685,77.5217894],[106.662386,77.5089223],[106.4790113,77.5673932],[106.2238206,77.5702191],[106.0166667,77.6028439],[105.3831015,77.6063715],[105.1771768,77.6313275],[104.9165113,77.7208875],[104.2786981,77.7733128],[103.9441457,77.7587915],[103.5890138,77.6802282],[103.1751701,77.6771559],[102.7948674,77.6107327],[102.6645676,77.5612337],[102.3705066,77.5519291],[102.2498791,77.5191571],[102.1815115,77.4389241],[101.8878417,77.3971908],[101.6998092,77.304177],[101.1641935,77.1374855],[101.0045404,77.0365031],[100.8365268,76.9780154],[100.7747382,76.9292952],[100.4607231,76.9739582],[100.2997197,76.9609923],[100.2152643,76.9282363],[100.2311424,76.8962115],[100.3252703,76.8710259],[100.5949981,76.8716265],[100.6678647,76.8474865],[100.7638128,76.7720547],[100.88774,76.7173996],[100.9148382,76.6281333],[100.8297991,76.5802778],[100.7169782,76.5497514],[100.4354684,76.5182697],[100.0610347,76.5244196],[99.6792875,76.5057877],[99.0318941,76.5590784],[98.7966189,76.5468024],[98.6440564,76.5125182],[98.5910555,76.4728086],[98.6100486,76.445147],[98.717875,76.3973059],[98.6996223,76.3115065],[98.2762747,76.2299507],[97.9887354,76.2063924],[97.6680172,76.1428455],[97.3627264,76.1613416],[97.3244956,76.2241101],[97.4336601,76.3530041],[97.5652547,76.3657827],[97.6717028,76.4006282],[97.6927839,76.5237408],[97.8487462,76.5558263],[97.885379,76.5797343],[97.9078534,76.635746],[97.9558268,76.6518483],[98.1837766,76.6573934],[98.3055806,76.6975765],[98.3054381,76.7348158],[98.2398465,76.7637646],[98.1889475,76.8236608],[98.2112079,76.9240956],[98.1118035,76.9612062],[97.9411918,76.9743584],[97.2322406,76.9017954],[97.1173282,76.9017257],[96.8781299,76.9411848],[96.6019588,76.924355],[96.6114121,77.0097164],[96.7732653,77.0785935],[96.8175119,77.1393104],[96.6737954,77.2165935],[96.3750558,77.2319609],[95.8244724,77.1293644],[95.3334555,77.0706995],[95.0982467,77.0133541],[95.023939,76.9726918],[95.0531884,76.9412598],[95.1601425,76.9169242],[95.3967039,76.9125647],[95.4707766,76.8527378],[95.446333,76.7781636],[95.090517,76.7829331],[94.6391385,76.8275659],[94.3914343,76.8207944],[94.1941263,76.7585754],[94.1242649,76.6846061],[93.8513305,76.6722894],[93.7007047,76.5853601],[93.7290117,76.5363974],[93.8231397,76.5105328],[94.4206811,76.479329],[94.4377196,76.3932787],[94.3350916,76.3574345],[94.3262485,76.2502828],[94.1960244,76.2199815],[93.8737457,76.2330252],[93.5077115,76.1579801],[93.1888714,76.1646299],[92.6580048,76.0574947],[92.5243139,76.0522932],[92.1204111,76.1218833],[91.3843991,76.1009989],[91.241479,76.0733103],[91.2202307,76.0487879],[91.2508411,76.0240921],[91.4415233,75.9990209],[91.4483225,75.9143537],[91.4173188,75.885184],[91.5045796,75.8450227],[91.499814,75.7601287],[91.4079631,75.7262936],[91.2377111,75.7448548],[90.823251,75.7192495],[90.3730094,75.646148],[89.818348,75.6587788],[89.6480303,75.636288],[89.5081469,75.5944959],[89.3862281,75.5862286],[89.3557995,75.586862],[89.3288447,75.7081747],[89.1612672,75.7441048],[88.9466809,75.7311231],[88.6003082,75.7569638],[88.2824129,75.7402577],[87.7357434,75.6745594],[87.6770094,75.6533097],[87.6517397,75.6132893],[87.7538279,75.5753423],[87.9414968,75.5677561],[88.1656365,75.5877887],[88.3184306,75.6377426],[88.5310763,75.6521633],[88.7263565,75.6110058],[88.9434262,75.6213778],[88.9888558,75.5496315],[88.9288433,75.4880794],[88.5947144,75.4340353],[88.4722002,75.3655568],[88.3286492,75.3162996],[88.0362009,75.323009],[87.8943978,75.3016799],[87.8542678,75.2773176],[87.8716529,75.2461643],[87.8334219,75.1680703],[87.0910067,75.2094941],[86.7598097,75.1527276],[86.704184,75.1218665],[86.6222047,75.034338],[86.1902054,75.0150074],[86.0117176,74.9500243],[85.0723911,74.9249691],[84.9068246,74.8615013],[84.8834029,74.7589481],[84.902903,74.7320719],[84.8875266,74.647684],[84.7133223,74.6133714],[84.5986726,74.5594111],[84.2424767,74.5233707],[84.1078536,74.4975252],[84.0527763,74.4670655],[84.052663,74.4437413],[84.104568,74.3930527],[84.174775,74.3586648],[84.3268216,74.3434436],[84.5008272,74.3621205],[84.6785158,74.3565894],[84.7689444,74.2670056],[85.0171946,74.2370976],[85.0470681,74.1637178],[84.9801434,74.0849315],[84.6012684,74.1007534],[84.127866,74.06773],[83.8784102,74.0778806],[83.6449024,74.1568717],[83.3000532,74.189417],[82.9149427,74.1444931],[82.8336982,74.1489145],[82.7008322,74.1892766],[82.5184065,74.1887506],[82.3574659,74.1596034],[82.2594452,74.1056087],[82.2961811,74.0551169],[82.4718577,74.0100021],[82.7152816,74.0005944],[83.0438965,74.0269569],[83.3478609,73.9962867],[83.6243991,74.0169078],[83.8017289,73.95795],[84.3297501,73.9143326],[84.3917656,73.8411758],[84.3704445,73.7621537],[83.3787268,73.691927],[82.3942371,73.7014714],[81.5737227,73.673548],[80.8695558,73.6146209],[80.488932,73.6122387],[80.2047294,73.5873563],[79.9884744,73.5407152],[79.9707378,73.5211117],[79.9670497,73.4532616],[80.1508468,73.3841543],[80.1855816,73.3046786],[80.163627,73.2021175],[80.1376412,73.1777097],[80.1478369,73.1572497],[80.3009841,73.1140262],[80.4312034,73.0377253],[80.5457561,73.0195884],[80.6538738,72.9538829],[80.6614147,72.8664875],[80.6155899,72.7927048],[80.5051838,72.7258949],[80.5264994,72.6202022],[80.566871,72.5889243],[80.5886355,72.518546],[80.5459129,72.4331303],[80.6005135,72.3843455],[80.7241721,72.3447276],[80.8904909,72.2244896],[80.9054633,72.2093272],[80.884426,72.1263189],[80.1789933,72.224196],[79.8299625,72.3348014],[79.5549052,72.3986807],[78.5998479,72.4356922],[78.4448747,72.5628769],[78.248087,72.6089994],[77.9009531,72.6453111],[77.5911233,72.6545885],[77.3503637,72.6096418],[77.1451611,72.5353569],[77.0228781,72.4593535],[76.8513773,72.4271405],[76.7604915,72.3868278],[76.6770588,72.3093264],[76.7090278,72.1799868],[76.6802266,72.1041144],[76.1954633,72.0371127],[75.8997245,71.9498527],[75.8141136,71.9038525],[75.8225528,71.8765288],[76.1527152,71.5624872],[76.57716,71.4248021],[77.0103474,71.3587854],[77.1435662,71.3039505],[77.1312647,71.2182389],[75.9355523,71.2687419],[75.5385801,71.3333746],[75.5334622,71.4168688],[75.6617135,71.5184479],[75.6738985,71.6426172],[75.6430282,71.685013],[75.4755132,71.7375952],[75.4263993,71.7737761],[75.4222674,71.8576035],[75.5731907,71.9524576],[75.6832759,72.1178452],[75.8709415,72.1669756],[75.9143978,72.2051551],[75.847983,72.3320263],[75.7592046,72.3707848],[75.7679935,72.453852],[75.8253329,72.4740875],[75.8544778,72.5074286],[75.8337785,72.5447144],[75.662156,72.6288632],[75.6477645,72.7105766],[75.659694,72.7423988],[75.6359259,72.7676121],[75.0848973,72.9215756],[75.0658118,73.0063836],[75.0919832,73.0410288],[75.030076,73.0767916],[74.5086678,73.167742],[74.288648,73.1625019],[74.0901917,73.1203921],[73.9620329,73.0535767],[73.9409083,73.0254569],[73.946098,72.9753912],[74.1738958,72.8816697],[74.568072,72.784192],[74.7483341,72.6742595],[74.865988,72.4662686],[74.8889527,72.3121513],[74.8711238,72.2392064],[74.748144,72.1551942],[74.610662,72.1076277],[73.5534179,71.8941932],[73.3391263,71.8275479],[73.2786022,71.7743526],[73.3052549,71.6575327],[73.2520946,71.591843],[72.9901983,71.4982583],[72.8650474,71.4018916],[72.9278155,71.3511383],[73.2180057,71.2829543],[73.4271356,71.1949957],[73.5920033,71.0275335],[73.6930854,70.9788362],[73.7490818,70.8667489],[73.7882036,70.8297009],[74.1007036,70.6760594],[74.1529471,70.6015339],[74.1445521,70.5084626],[74.0848361,70.4484887],[73.5512273,70.1381823],[73.5474783,70.1072866],[73.6030038,70.0058692],[73.5974693,69.9848022],[73.5448344,69.8930532],[73.4925769,69.8298574],[73.425162,69.7936039],[73.39835,69.7392837],[73.5103272,69.5997972],[73.6630261,69.5207387],[73.7427908,69.4372675],[73.7367742,69.3351714],[73.6544953,69.228617],[73.6407722,69.1681864],[73.7307578,69.0740496],[73.8754316,69.0281773],[74.0682976,69.0292391],[74.3586508,69.0814903],[74.5357255,69.0748827],[74.6573519,69.0374365],[74.8036763,69.0248086],[75.2144256,69.0664273],[75.3351306,69.1362794],[75.5403595,69.1961105],[75.9952425,69.1899926],[76.2942928,69.1120074],[76.2694186,69.0283337],[75.6005626,68.9474743],[75.3804214,68.9388796],[74.7714945,68.8442731],[74.3594051,68.7249296],[74.303002,68.6484268],[74.2934313,68.4731247],[74.1975341,68.3850455],[74.1928974,68.3544955],[74.225725,68.322454],[74.4685064,68.2135392],[74.6385446,68.0287177],[74.6779025,67.960357],[74.676127,67.8886214],[74.6563401,67.8008096],[74.603268,67.7147047],[74.4042928,67.61394],[74.050067,67.4902072],[73.9714434,67.4435902],[73.7829389,67.2949324],[73.7823362,67.1508289],[73.7193035,67.0468412],[73.6492622,66.9984157],[73.5325272,66.9693722],[73.3791239,66.8691783],[72.9180928,66.7606911],[72.8143098,66.6994083],[72.3686039,66.6339561],[72.1707396,66.5247991],[72.1297405,66.4118008],[71.9833123,66.3035644],[71.9112865,66.3040872],[71.6652936,66.369189],[71.2952796,66.4046895],[71.2896493,66.490368],[71.7050697,66.614038],[71.7797373,66.6909444],[71.7565588,66.7455092],[71.7724431,66.828227],[72.1330782,67.0047285],[72.2376868,67.084766],[72.332733,67.1176817],[72.3656748,67.1516905],[72.366405,67.2000495],[72.4211513,67.2681862],[72.5215404,67.2986267],[72.6159987,67.4607456],[72.7507902,67.5529619],[72.9052983,67.5768237],[73.2362057,67.6755951],[73.2596725,67.7027089],[73.2755294,67.8034105],[73.3306952,67.8484419],[73.3349765,67.9204433],[73.216753,68.0323698],[73.2077975,68.1181972],[73.2898268,68.2260657],[73.3572984,68.2691659],[73.7303207,68.392406],[73.7558294,68.4195865],[73.7659517,68.4725946],[73.7428567,68.5230413],[73.6935914,68.5657799],[73.2256878,68.7617379],[72.8910346,68.8539531],[72.7754388,68.9231323],[72.6704135,69.0187186],[72.6366777,69.0803013],[72.6325942,69.1660433],[72.7632868,69.2685557],[72.7503141,69.3311778],[72.800563,69.4741511],[72.7189463,69.5828726],[72.7221377,69.6688834],[72.8073649,69.7360204],[72.8325232,69.8034244],[72.7893766,69.8873058],[72.699415,69.9561663],[72.6884019,70.0412754],[72.7485512,70.1364409],[72.7201294,70.191578],[72.6681594,70.2259287],[72.6656947,70.3120802],[72.8150673,70.3465405],[72.8641831,70.3737497],[72.8936028,70.4168831],[72.90125,70.5112752],[72.8663927,70.5593355],[72.8687693,70.6445023],[72.913134,70.7222503],[72.9332103,70.8641786],[72.8200118,70.9503201],[72.8248879,71.0711825],[72.7012648,71.1623873],[72.2374416,71.2933842],[72.0511908,71.4266504],[72.062313,71.5132128],[72.2647625,71.5601666],[72.4711612,71.6741138],[72.5307573,71.8175786],[72.6380646,71.8629814],[72.7287305,72.0112237],[72.8725515,72.096024],[72.9209255,72.2028465],[73.0128214,72.2417351],[73.0234463,72.2769532],[72.9648526,72.3772128],[72.9879634,72.4560111],[73.1743981,72.5286554],[73.1619406,72.6731207],[73.0876044,72.7138572],[72.9222552,72.7497067],[71.7848631,72.9210825],[71.7920128,73.0073469],[71.8794642,73.0255567],[71.9167962,73.0592825],[71.8805897,73.1435951],[71.7907902,73.2461788],[71.436326,73.4399171],[70.9788383,73.5239358],[70.7711659,73.5281745],[70.2171584,73.4841954],[69.9497438,73.4317596],[69.8446534,73.3901321],[69.8268078,73.365392],[69.8552169,73.2675223],[69.8499992,73.1833612],[69.7772009,73.0632571],[69.7164093,73.006582],[69.4579791,73.0063566],[69.2697529,72.9783377],[69.2075644,72.947504],[69.0579136,72.8217472],[68.8453485,72.7042404],[68.6585738,72.4323147],[68.5982045,72.2697417],[68.3902999,71.9190549],[68.1898239,71.7494746],[67.8763004,71.5750475],[67.2457425,71.3854788],[66.8079375,71.3016475],[66.6999043,71.1978638],[66.449852,71.0179707],[66.2930764,70.828602],[66.2601575,70.6736509],[66.2741673,70.6072103],[66.330987,70.5357332],[66.4742685,70.4518567],[66.7258549,70.3618423],[66.9550756,70.3349299],[66.9914003,70.2551038],[66.9739359,70.2178574],[66.9748946,70.1213114],[66.7854344,70.0337787],[66.6908037,69.9028192],[66.6496672,69.7943547],[66.6401291,69.7148526],[66.6630167,69.5511693],[66.8470013,69.3726373],[67.0335257,69.3171736],[67.1846933,69.3093848],[67.2750697,69.3279546],[67.4412582,69.4141382],[67.8409117,69.4381726],[67.8775054,69.3216639],[67.961168,69.2109494],[68.1857797,69.0721958],[68.3340344,68.9483656],[68.5525252,68.8746683],[68.921356,68.837566],[68.7700009,68.6191045],[68.4413756,68.3799262],[68.4144558,68.3346086],[68.3018863,68.4266707],[67.9823971,68.4971403],[67.7319705,68.6132336],[67.4580833,68.7079038],[67.5366893,68.7368897],[67.5459637,68.78568],[67.4041048,68.8580471],[66.6949694,68.934393],[66.5539427,69.0255695],[66.3329378,69.1062857],[65.4507084,69.2217706],[65.3452606,69.245791],[65.2283303,69.3050359],[65.1096332,69.3214519],[64.4469277,69.530493],[63.9394224,69.6360822],[62.7639244,69.7730823],[62.2236548,69.7811804],[61.8811313,69.8004778],[61.7655418,69.8238248],[61.5575982,69.8201344],[61.4837878,69.830248],[61.3007179,69.9022974],[61.1983727,69.9169291],[61.0021173,69.8979148],[60.8253236,69.9166333],[60.6272914,69.8753855],[60.6369366,69.9185584],[60.5705138,69.9620639],[60.3649569,70.0161972],[60.2104312,70.081846],[60.2013601,70.1107655],[60.1568973,70.1321562],[59.9659673,70.1503177],[59.915454,70.1871754],[59.7064044,70.2507756],[59.50484,70.3771403],[59.237756,70.4600003],[59.1832339,70.5021795],[59.070303,70.5208497],[58.8613006,70.4790233],[58.7031029,70.5123648],[58.5595661,70.5004511],[58.5058145,70.4650156],[58.5455946,70.4128175],[58.3588929,70.4207021],[58.2543028,70.3934964],[58.238627,70.3593938],[58.2970838,70.304422],[58.1916834,70.2850569],[58.1589761,70.2464553],[58.2072432,70.1858633],[58.390365,70.1329894],[58.4608355,70.0489939],[58.5560591,69.989423],[58.6796953,69.9323962],[58.8347295,69.8934006],[58.8925154,69.8489126],[58.9763262,69.8185247],[59.2015375,69.8030468],[59.3049619,69.7646299],[59.4127967,69.7642804],[59.3682855,69.7395136],[59.3701592,69.7079108],[59.5093466,69.6634779],[60.0369072,69.6088098],[60.0266519,69.5561089],[60.0785723,69.4843204],[60.4850566,69.2322626],[60.4825845,69.1390919],[60.5221453,69.0938543],[60.6189657,69.0525587],[60.7814019,69.0351595],[60.8074729,68.9754145],[60.785114,68.9256368],[60.6617224,68.8835883],[60.5916342,68.8227403],[60.4215434,68.7478731],[60.1243215,68.7310707],[59.9183408,68.762212],[59.692179,68.6738172],[59.656068,68.6394269],[59.6737965,68.5856083],[59.809607,68.4970697],[59.8304581,68.453719],[59.7423771,68.4065255],[59.64135,68.3841046],[59.2623173,68.4402263],[59.3268708,68.5143899],[59.3057373,68.5473332],[59.2627524,68.5664629],[59.3114439,68.5871588],[59.3313623,68.6179187],[59.5465515,68.6281172],[59.6070158,68.6503202],[59.6289948,68.6812655],[59.6147278,68.7069842],[59.5466686,68.7389324],[59.56857,68.7639905],[59.5474365,68.8055076],[59.4486214,68.8345005],[59.3068754,68.9086195],[59.455416,68.9458184],[59.6418251,68.9561894],[59.6874472,68.9901933],[59.6660199,69.039643],[59.6193689,69.0763371],[59.4917027,69.1254124],[59.4622214,69.1539085],[59.4531598,69.2274767],[59.3990966,69.2729007],[59.2220369,69.3294508],[58.9179451,69.3866076],[58.8347688,69.4334241],[58.7213783,69.4451359],[58.7244914,69.4881285],[58.6571327,69.5237685],[58.4366944,69.5360527],[58.3463133,69.5090212],[58.3084829,69.4729909],[58.3101406,69.4517288],[58.3777143,69.4157948],[58.4903335,69.3985155],[58.4886684,69.372048],[58.5134871,69.3525513],[58.7620928,69.2573399],[59.0558791,69.200452],[59.0980425,69.1158951],[59.238349,69.0628475],[59.2638331,69.0327733],[58.8093308,69.0232735],[57.7408793,68.8268798],[57.2781113,68.7840355],[57.1365989,68.7541011],[57.0207225,68.6804059],[57.0400754,68.6349456],[57.1395238,68.6085392],[57.2476624,68.6151016],[57.361776,68.6579594],[57.3469097,68.6161432],[57.2661982,68.5839711],[57.118582,68.5771879],[56.9620031,68.598593],[56.8752992,68.6422123],[56.6603082,68.6743889],[56.3267692,68.6412889],[56.1771335,68.6844509],[56.0438702,68.6972624],[55.8811579,68.6836069],[55.6067946,68.6047386],[55.3400988,68.6018976],[54.8851646,68.4527316],[54.8210849,68.3786196],[54.7062924,68.3250714],[54.7168014,68.2820697],[54.7737724,68.2521174],[54.7535154,68.241078],[54.4948527,68.3985967],[54.3688725,68.4039268],[54.221419,68.3746349],[54.1215997,68.3844867],[54.0932563,68.3994448],[54.0780706,68.4768752],[54.037011,68.535982],[53.8798679,68.6279665],[53.9884239,68.6762798],[54.0060555,68.7009776],[53.9901921,68.7389845],[54.1064879,68.7772988],[54.4107419,68.7334632],[54.5211033,68.7547507],[54.5581185,68.7871083],[54.5185559,68.8274217],[54.387736,68.8649264],[54.0920413,68.8774024],[54.4326467,68.9044823],[54.5617378,68.8835551],[54.7803973,68.9005336],[54.9159131,68.8623877],[55.1471526,68.8772382],[55.2715954,68.8472783],[55.3975979,68.850703],[55.5807858,68.8194686],[55.7137365,68.845944],[55.7466932,68.8875046],[55.743893,68.911151],[55.6695504,68.9464616],[55.5069464,68.9755823],[55.1379019,68.9645547],[54.9123113,69.0243046],[54.7797775,69.0188465],[54.5401241,69.0428304],[54.0417658,69.0317744],[53.6127976,68.9839085],[52.9203425,68.8427863],[52.060724,68.6027515],[51.6917355,68.5470521],[51.1798273,68.5438513],[50.9599702,68.5109639],[50.7466765,68.4398859],[50.580162,68.3402804],[50.0700799,68.1595179],[49.1794205,67.910129],[48.9452762,67.8803822],[48.8536968,67.8936546],[48.6826608,67.9586322],[48.5111603,67.9541365],[48.4660532,67.9306962],[48.4603253,67.9064503],[48.6413042,67.8213467],[48.6425916,67.7643371],[48.6234067,67.7444522],[48.4620808,67.6990635],[48.2956292,67.7154085],[48.1208681,67.6714105],[47.9461146,67.6914917],[47.7152999,67.6009668],[47.7026079,67.5679854],[47.7293669,67.5163345],[47.801721,67.4608058],[47.7462626,67.4001534],[47.6368644,67.3433292],[47.6472757,67.2526342],[47.5884391,67.227973],[47.5572022,67.1926101],[47.6243652,67.1221067],[47.6243723,67.0548362],[47.541764,66.9818547],[46.7083335,66.879746],[46.5685126,66.9196795],[46.1924621,66.8779297],[45.9698067,66.9091666],[45.9149144,66.9320383],[45.8319325,67.0043127],[45.8104734,67.051454],[45.7529838,67.0900633],[45.7503727,67.1388868],[45.6981491,67.1859283],[45.1896555,67.301601],[45.0455212,67.3570816],[45.0389699,67.3766256],[45.0642141,67.4343509],[45.1292443,67.4841398],[45.2492463,67.5293283],[45.3416072,67.5283176],[45.4226676,67.5550625],[45.4799036,67.6329701],[45.4679748,67.677416],[45.5503852,67.6994718],[45.8745751,67.7048152],[46.0027461,67.7351656],[46.3497442,67.7682843],[46.7035318,67.754352],[46.8185872,67.7893303],[46.8476125,67.8459765],[46.8342186,67.8995578],[46.6704832,68.0349685],[46.6606568,68.1333734],[46.4286043,68.2602537],[46.4907035,68.2799171],[46.513572,68.3139027],[46.4975467,68.349552],[46.4567227,68.375328],[46.2752003,68.4103565],[46.0572636,68.4815643],[45.5043614,68.5718239],[45.037959,68.5997207],[44.0896174,68.5821504],[43.8150585,68.6591198],[43.5223491,68.7096478],[43.2460862,68.7122682],[43.1734131,68.6929991],[43.1430963,68.6644564],[43.204619,68.5904865],[43.457743,68.4872532],[43.8982083,68.3581644],[44.0851796,68.2744594],[44.0883523,68.2075617],[44.0592801,68.0898559],[44.0089992,68.0094597],[44.0279433,67.9576319],[43.973249,67.8512083],[44.0023366,67.7610229],[43.9378403,67.6961689],[43.9122355,67.6335866],[43.8162984,67.5476929],[43.7076987,67.4107991],[43.6325053,67.2674135],[43.645226,67.1940438],[43.6894805,67.1590931],[43.8588546,67.1054923],[44.0531005,67.1041195],[44.3547059,66.9113779],[44.3363366,66.8792192],[44.3498095,66.8452913],[44.2637929,66.8175528],[44.2256557,66.783548],[44.239816,66.7361268],[44.3270606,66.6669742],[44.2506542,66.5764768],[44.2452656,66.531919],[44.1003233,66.4484571],[44.0026375,66.3417721],[43.9407285,66.2297801],[43.8099605,66.2483795],[43.7575859,66.2935096],[43.6446239,66.3452423],[43.4636962,66.3754025],[43.4045531,66.4261128],[43.3179029,66.4582891],[43.1297912,66.468405],[42.7458336,66.451377],[42.6621159,66.4906546],[42.3772269,66.5540433],[42.2300941,66.5676052],[42.1138315,66.5543104],[41.9746657,66.5033051],[41.846461,66.3885399],[41.7411725,66.3518491],[41.6169761,66.253372],[41.382198,66.1434973],[41.002565,66.0623617],[40.6330532,66.0184775],[40.3217699,65.8226398],[40.0428007,65.7245561],[39.7862214,65.6673543],[39.667545,65.6065843],[39.6064854,65.5420961],[39.5692766,65.4293971],[39.5902561,65.3388348],[39.7982974,65.2100523],[39.904087,65.128793],[39.9312487,65.0861365],[40.0256917,65.031512],[40.0888696,64.8971077],[40.1368435,64.8432836],[39.8673901,64.797846],[39.7327857,64.7187923],[39.6542197,64.6074721],[39.5801249,64.6048395],[39.3589114,64.6888036],[39.1671838,64.7143577],[38.9414913,64.787997],[38.6066532,64.8215268],[38.4063562,64.8967557],[38.1544228,64.899487],[37.9786022,64.9306114],[37.8324741,64.9853058],[37.8232775,65.0376368],[37.752919,65.0760188],[37.4461908,65.1512071],[37.077575,65.2199856],[36.9653389,65.2192034],[36.8669842,65.2625625],[36.7668696,65.2602003],[36.6878611,65.2333711],[36.6603509,65.1949699],[36.7067637,65.1538685],[36.6955424,65.119402],[36.7305822,65.0820246],[36.6816488,64.9934356],[36.6081224,64.975682],[36.3959618,64.9769987],[36.3160401,64.9300938],[36.3177873,64.8926045],[36.3894815,64.7964218],[36.4260581,64.6912085],[36.4889916,64.6670311],[36.6221433,64.6612632],[36.8047864,64.5035834],[37.0325768,64.3579275],[37.321564,64.288016],[37.2609808,64.2704256],[37.2333251,64.240913],[37.2437601,64.2081984],[37.2908368,64.1837085],[37.3910569,64.1717928],[37.4823237,64.1956733],[37.5034233,64.225504],[37.4885081,64.2516401],[37.3723993,64.2899642],[37.4952401,64.3250783],[37.6238983,64.3023824],[37.7180477,64.3213979],[37.7947866,64.3026087],[37.8256448,64.274858],[37.7816296,64.2473559],[37.7729304,64.1949259],[37.8208728,64.1373519],[37.882376,64.1110624],[37.9122487,64.0566163],[37.8140464,64.0947704],[37.6973366,64.078861],[37.6665588,64.0561765],[37.6640041,64.0290809],[37.7647007,63.9549723],[37.570867,63.9308268],[37.5151792,63.8914686],[37.5173103,63.8566227],[37.4599997,63.842715],[37.3859046,63.8491635],[37.4183382,63.8764384],[37.4115926,63.9078682],[37.3059157,63.9419279],[37.2515224,63.9902591],[37.2799849,64.0246336],[37.257937,64.0585201],[37.3290515,64.1022857],[37.3323447,64.1416174],[37.3066824,64.1654143],[37.1887356,64.2028829],[37.0725992,64.1925042],[37.0210585,64.1516767],[37.0303764,64.1256829],[37.0966609,64.0799214],[37.0574695,64.0670548],[36.9698961,64.1078385],[36.9641571,64.1590492],[36.8730539,64.1996088],[36.8271766,64.2507106],[36.641396,64.3062904],[36.6059725,64.3505112],[36.5363253,64.3794533],[36.4308919,64.3943699],[36.3339978,64.3782568],[36.2866857,64.4236913],[36.2142269,64.4425327],[36.0272219,64.4333214],[35.7155478,64.4616258],[35.688821,64.4790828],[35.7374505,64.5078278],[35.738176,64.5505038],[35.8115625,64.5726493],[35.8320295,64.6078697],[35.7736641,64.6589922],[35.6246963,64.7360484],[35.4552179,64.7358269],[35.3619578,64.6808916],[35.3889868,64.6368129],[35.4892362,64.6165886],[35.5478909,64.5787568],[35.4960209,64.5443825],[35.4955337,64.5121242],[35.5288467,64.4855427],[35.4955549,64.4708574],[35.4321194,64.4614417],[35.3502116,64.496285],[35.3520485,64.5384455],[35.2894514,64.5674368],[35.2041433,64.5727038],[35.1317409,64.5532258],[35.0658755,64.5655468],[35.197169,64.6397861],[35.2058431,64.6724666],[35.1760985,64.7019248],[35.223423,64.7274495],[35.2325599,64.753866],[35.3151051,64.7624953],[35.3682902,64.7963665],[35.3637942,64.8274763],[35.3330808,64.8495472],[35.2217446,64.8653258],[35.3580797,64.8998432],[35.4759302,64.8943035],[35.5438999,64.9226309],[35.6189957,64.9033915],[35.8021513,64.9042495],[36.0747959,64.9689095],[36.1413873,65.0119618],[36.1403004,65.0544696],[36.1184947,65.0757263],[36.3396012,65.1128318],[36.3864203,65.1373532],[36.3933445,65.1738817],[36.3194413,65.2119742],[36.1261708,65.2131193],[36.0042168,65.2453265],[35.5200829,65.1993497],[35.3964529,65.153664],[35.3754341,65.1211283],[35.3810214,65.0895541],[35.4432103,65.0342603],[35.3328507,64.9951219],[35.1656475,65.0249729],[35.1442507,65.0870961],[35.0878854,65.1150471],[34.9161564,65.1198359],[34.9288535,65.1423977],[34.9174606,65.1679173],[34.8030542,65.2492286],[34.6893567,65.2948232],[34.7015048,65.3167587],[34.6885288,65.3401382],[34.8089446,65.4032806],[34.8131884,65.4537338],[34.9044646,65.5171918],[34.9185704,65.5628583],[35.0341263,65.5796975],[35.0662106,65.6037733],[35.0680301,65.6275728],[35.1467387,65.6688033],[35.1841244,65.7482441],[35.1614658,65.7837722],[35.1680992,65.8293029],[34.9815278,65.8975399],[34.9388993,65.9356886],[34.8484633,65.9501511],[34.821477,66.004399],[34.6266017,66.1095115],[34.1212425,66.2835583],[34.004755,66.3529119],[33.9891402,66.384574],[34.0110848,66.4222417],[33.9646652,66.4568555],[33.882125,66.4850237],[33.7597094,66.4869398],[33.6512806,66.5449097],[33.7996287,66.5575288],[33.8356732,66.5906643],[33.816397,66.6219027],[34.0060016,66.6322183],[34.1773834,66.6110028],[34.3585687,66.5066008],[34.4413648,66.4880699],[34.5903067,66.4904035],[34.8383505,66.5421958],[35.1049373,66.4330051],[35.4837845,66.3367835],[36.503702,66.2239455],[36.7527874,66.2309465],[36.9275832,66.2113423],[37.2908908,66.154069],[37.58634,66.0692462],[37.8482424,66.0381468],[38.3899196,66.0034263],[38.749122,66.012547],[38.9588953,66.0553692],[39.1523613,66.0525422],[39.5184411,66.1322487],[40.0630422,66.2090091],[40.3487405,66.3255084],[40.4669424,66.3417058],[40.6824855,66.4278844],[40.7640011,66.4410747],[40.8286885,66.482593],[40.8361088,66.5476834],[41.2070409,66.7150032],[41.3577507,66.8169711],[41.4246768,66.9451068],[41.5012383,67.0057273],[41.5074452,67.0348555],[41.4829278,67.0605526],[41.5259068,67.0852878],[41.5376094,67.1188379],[41.4736785,67.1599715],[41.4940389,67.1990662],[41.4517008,67.2417441],[41.3567002,67.2670162],[41.2231144,67.2717135],[41.2493614,67.328889],[41.2549597,67.4072737],[41.2274963,67.4500079],[41.142787,67.494071],[41.1279679,67.5509977],[41.176919,67.6315624],[41.1057224,67.7209349],[40.9863273,67.7698657],[40.8560346,67.7797119],[40.761147,67.8337437],[40.522783,67.885528],[40.3913563,67.9489525],[40.2308892,67.9844182],[40.0778387,68.057385],[40.0376864,68.1111284],[39.9714208,68.1527433],[39.8484041,68.1952316],[39.7379951,68.2086907],[39.6443379,68.194283],[39.6016752,68.1595717],[39.6275348,68.1155854],[39.4622227,68.1484576],[39.2875702,68.2257888],[39.1259376,68.2624263],[39.0674833,68.3097621],[38.8496643,68.3606213],[38.7358065,68.4170749],[38.4565003,68.4509751],[38.2140723,68.5297824],[38.0863869,68.609564],[37.959763,68.6509198],[37.8931126,68.7245804],[37.6921943,68.7558047],[37.6275517,68.8093878],[37.1846301,68.9004299],[36.5580458,69.0751277],[36.5092421,69.1046283],[36.1022705,69.1875694],[35.958792,69.240687],[35.2499308,69.3072554],[35.0843489,69.3006162],[35.0077079,69.2658438],[34.8697511,69.3003638],[34.5497677,69.3127538],[34.5440722,69.3482097],[34.4971786,69.3743029],[34.1226837,69.4379219],[33.9588003,69.4264855],[33.8679999,69.3977305],[33.819983,69.3619245],[33.6221654,69.3568799],[33.6375653,69.3878131],[33.6280866,69.4190353],[33.5207433,69.4625734],[32.9047246,69.5213939],[33.0654097,69.550108],[33.2122126,69.6182199],[33.2724131,69.725355],[33.1576557,69.789283],[32.6552852,69.8521634],[32.1342604,70.0026787],[31.8563593,70.0050167],[31.7711409,69.9737737],[31.7160438,69.8923547],[31.5855417,69.9068879],[31.437654,69.8898559],[31.3840227,69.8567359],[31.401387,69.792854],[30.8953155,69.8450293],[30.8176414,69.7948444],[30.8905984,69.7372657],[30.8736595,69.7149353],[30.9444154,69.6832279],[30.9233763,69.6697388],[30.9542528,69.6324096],[30.9465507,69.576363],[30.81799,69.5288883],[30.5159812,69.5404206],[30.2240291,69.6531205],[30.1516722,69.6693762],[30.0852915,69.6580972],[30.0912854,69.6428379],[30.137826,69.6435197],[30.1855994,69.5505719],[30.1223803,69.5166756],[30.1168881,69.4692538],[30.0345285,69.4246791],[29.9481468,69.4050014],[29.8504972,69.4228126],[29.7226467,69.3890938],[29.5704517,69.3178794],[29.3965182,69.3236938],[29.2923407,69.2979319],[29.276971,69.250761],[29.3139861,69.2312317],[29.2864934,69.1692013],[29.2487203,69.1615253],[29.2310095,69.1216852],[29.242137,69.1130186],[29.0566538,69.0152255],[28.9292868,69.0519146],[28.4157884,68.9154506],[28.4680152,68.8854349],[28.8007884,68.8692833],[28.7064097,68.7322371],[28.4339319,68.539671],[28.6461512,68.1963033],[29.3270886,68.0745422],[29.6594055,67.8029589],[30.017043,67.6735527],[29.9302245,67.5225238],[29.6160519,67.345731],[29.6440601,67.3357821],[29.5225573,67.3098971],[29.5044673,67.2855845],[29.5164949,67.2806526],[29.0728518,66.995901],[29.0331725,66.9255118],[29.0605147,66.8531003],[29.1189692,66.8014769],[29.1058565,66.7904471],[29.1494135,66.7804339],[29.3611293,66.6388082],[29.3825949,66.5984441],[29.4190358,66.5919864],[29.4106071,66.5831721],[29.4720555,66.5439006],[29.6313606,66.366276],[29.6963998,66.2687473],[29.9233057,66.1271457],[29.9926245,66.0223595],[29.9971176,65.978834],[30.0242232,65.9667021],[30.068452,65.8949649],[30.1193759,65.7522112],[30.1384654,65.668677],[30.0171088,65.6964778],[29.7218687,65.6370846],[29.8639021,65.5604438],[29.7330481,65.4725004],[29.7273933,65.4003301],[29.7465796,65.347402],[29.6017879,65.2599327],[29.6340018,65.2315851],[29.8856591,65.2062953],[29.8935882,65.1929709],[29.8193328,65.1442782],[29.8968589,65.1051397],[29.7326676,65.0912944],[29.6269757,65.0605969],[29.5993331,64.9950558],[29.6191848,64.959659],[29.6109949,64.9273109],[29.6449074,64.866493],[29.699703,64.8372234],[29.6875026,64.8188089],[29.7396283,64.7897836],[30.0429299,64.7928807],[30.0865096,64.7739882],[30.0413965,64.7411934],[30.1358375,64.6489996],[30.130109,64.6347287],[29.9894001,64.5876222],[29.9869571,64.5338969],[30.0583381,64.4508873],[30.0448663,64.4020287],[30.1099241,64.3650286],[30.3669331,64.2996872],[30.3608053,64.2813189],[30.3882735,64.2690683],[30.4824363,64.2623259],[30.5095961,64.2216872],[30.4663645,64.2044309],[30.5534022,64.1322472],[30.5535576,64.1016869],[30.4918692,64.0169518],[30.3209136,63.9095321],[30.2604128,63.8220093],[29.9723741,63.756915],[30.2441514,63.6072718],[30.2582144,63.583947],[30.3845366,63.5455091],[30.4840079,63.4667034],[30.7876915,63.4052755],[30.8501493,63.3684509],[30.9344216,63.3554973],[30.9791661,63.3077728],[31.2398348,63.2188742],[31.272127,63.1076281],[31.4629834,63.0242467],[31.4487659,63.0060555],[31.5021396,62.9962512],[31.5867034,62.9087069],[31.8960544,62.8814502],[32.102048,62.8263112],[32.3052951,62.605982],[32.2970554,62.5553901],[32.3712131,62.4501368],[32.6815768,62.2743137],[32.6650974,62.1962659],[32.6513644,61.4006647],[32.591768,61.1891566],[31.2456326,60.7111903],[31.3467393,60.1038801],[31.5493005,59.9360968],[31.7394992,59.7287171],[31.8081638,59.599707],[31.832883,59.4520571],[31.7889397,59.3993169],[31.8006127,59.3429945],[31.4758273,59.4101519],[31.2203952,59.4115496],[31.2176486,59.3835851],[31.313779,59.2876317],[31.2794467,59.087151],[31.2135287,59.0744496],[31.1036655,59.1047841],[30.9320041,59.088562],[30.8935519,59.1139498],[30.9402438,59.2630746],[30.8496066,59.3926761],[30.7534763,59.4304125],[30.6408664,59.4241261],[30.5145236,59.4031626],[30.2920505,59.2644783],[30.1821872,59.222341],[29.9157687,59.1477709],[29.6987888,59.0631554],[29.5422336,59.0462073],[29.4241306,59.0589192],[29.2874902,59.116416],[29.2174523,59.0878555],[29.0972894,59.1040779],[28.7470995,59.3002535],[28.5479723,59.3156746],[28.3241258,59.2932416],[28.1590877,59.3181031],[28.1297495,59.2910006],[28.0262542,59.2874186],[27.9032361,59.2408426],[27.8896943,59.1852104],[27.8060331,59.1257035],[27.7920599,59.0703805],[27.7449051,59.0269727],[27.7469601,58.9894706],[27.7289897,58.9712985],[27.3422214,58.8932972],[27.5550829,58.3685975],[27.4864183,58.3066037],[27.4905382,58.2191956],[27.6354214,58.10038],[27.6055523,58.0542688],[27.6206585,58.0055514],[27.6537893,57.9958181],[27.6493262,58.0201917],[27.6987646,57.9986382],[27.6845167,57.9600461],[27.6560209,57.955037],[27.6790236,57.923965],[27.7181624,57.9204096],[27.6955029,57.9073702],[27.8197859,57.890585],[27.8158378,57.8623794],[27.7761837,57.8330551],[27.7408218,57.8277539],[27.7081203,57.848451],[27.5555133,57.8338774],[27.530708,57.790808],[27.4946591,57.7876969],[27.5265881,57.7578538],[27.5113105,57.7507096],[27.5456428,57.7333016],[27.5262448,57.7307356],[27.5256442,57.7093748],[27.500925,57.706486],[27.4927711,57.7230361],[27.4113177,57.7003408],[27.3761272,57.6681763],[27.4009322,57.6329508],[27.3887014,57.6160607],[27.4051379,57.6124059],[27.3174916,57.5800341],[27.3515884,57.5182161],[27.3747745,57.5354148],[27.4150519,57.5226559],[27.5565377,57.5378439],[27.5463272,57.5192773],[27.5673392,57.5092177],[27.5161921,57.4249263],[27.6694264,57.3952715],[27.6841181,57.3721178],[27.7790722,57.3434011],[27.781842,57.3203282],[27.82394,57.3230627],[27.8665879,57.2963924],[27.8702622,57.2482655],[27.8256765,57.2004927],[27.8182775,57.1433435],[27.737531,57.1189964],[27.7518744,57.0982907],[27.7152118,57.0976375],[27.7687745,57.085618],[27.7146504,57.007379],[27.7695654,57.0052405],[27.7371561,56.920078],[27.6863346,56.9158951],[27.6720469,56.895622],[27.6593808,56.8343402],[27.848567,56.8794211],[27.8740298,56.8774814],[27.9016674,56.8205634],[27.9690721,56.8356388],[27.9765795,56.8116912],[27.9441191,56.8027669],[27.9444646,56.7764996],[27.898509,56.7522768],[28.0125413,56.6725205],[28.0114081,56.6366601],[28.0431072,56.5904029],[28.1435272,56.571831],[28.1410981,56.5517151],[28.0924414,56.529698],[28.0947478,56.5111392],[28.1259158,56.515965],[28.1293973,56.4906769],[28.1926229,56.4487827],[28.1946065,56.405337],[28.1632085,56.3794625],[28.2414937,56.2786583],[28.1854063,56.2302791],[28.2040058,56.2145896],[28.1750324,56.2050663],[28.186127,56.1949245],[28.1489067,56.142414],[28.3109123,56.0426785],[28.3897705,56.0885672],[28.6114624,56.0884638],[28.6806055,56.0273823],[28.7063921,55.9598412],[28.8089698,55.9345714],[28.859716,55.9764552],[29.030765,56.0241784],[29.3774105,55.9540276],[29.4444349,55.9069245],[29.3841285,55.8799494],[29.3481617,55.8028482],[29.3507455,55.7660546],[29.4808667,55.6810985],[29.6841618,55.7706021],[29.8057048,55.7714548],[29.9078174,55.8432075],[29.988226,55.846799],[30.1062549,55.8219168],[30.2002544,55.857987],[30.4688168,55.7935206],[30.4807024,55.7539623],[30.5874659,55.7183056],[30.5963542,55.6652855],[30.6937126,55.6521597],[30.7421851,55.5943855],[30.8476567,55.6110253],[30.8861556,55.6004833],[30.9197453,55.5344925],[30.8993848,55.4991458],[30.9194353,55.4923245],[30.8812981,55.4514485],[30.9182984,55.3877831],[30.8112248,55.3230842],[30.7942749,55.2855154],[30.9597946,55.1625772],[30.9840308,55.1308996],[30.9702849,55.101444],[31.0056316,55.0229992],[30.9132341,55.0246011],[30.9360751,54.9732348],[30.9173682,54.9539595],[30.8148422,54.9280179],[30.8261076,54.8774783],[30.7681267,54.829936],[30.7706071,54.786011],[30.9806202,54.7056542],[30.999017,54.671341],[31.1051604,54.6682921],[31.1679472,54.6215766],[31.064646,54.4922822],[31.20903,54.4480472],[31.2847876,54.3473815],[31.3246818,54.2292492],[31.5063762,54.1439314],[31.7367497,54.094167],[31.7712696,54.0485367],[31.8226359,54.0534459],[31.8465105,53.9923127],[31.8379322,53.9621337],[31.8101302,53.8826037],[31.7446562,53.7948571],[31.8731755,53.7771321],[32.0836019,53.8096365],[32.290411,53.760854],[32.3718014,53.7143969],[32.442133,53.7139318],[32.4901921,53.6771382],[32.3990865,53.6353836],[32.4294206,53.5615897],[32.5768018,53.4860387],[32.6502857,53.4876407],[32.6467717,53.4579784],[32.7012386,53.4621125],[32.7195321,53.4394783],[32.7044426,53.3664078],[32.717465,53.3349368],[32.5799541,53.324369],[32.5959221,53.3082718],[32.5691537,53.2988408],[32.4548454,53.3004428],[32.4559823,53.2777827],[32.4791333,53.2749147],[32.4236329,53.2044022],[32.2679834,53.1247688],[32.2156869,53.1255181],[32.2011141,53.0975611],[32.117295,53.0811022],[31.796281,53.1123923],[31.7385584,53.1925424],[31.593606,53.2106808],[31.5359351,53.1948679],[31.4163558,53.1999838],[31.3785287,53.1820263],[31.3636976,53.0887761],[31.3192041,53.0763738],[31.2470638,53.0143879],[31.3226148,52.9771292],[31.3906833,52.8877792],[31.2873738,52.8977263],[31.0050924,52.8798877],[31.1192968,52.6023951],[31.2519522,52.3988118],[31.2301339,52.271531],[31.311958,52.1375227],[31.3872809,52.072647],[31.618794,52.037136],[31.7249381,51.9076531],[31.8408064,51.8150946],[31.8524814,51.7031175],[31.8330653,51.6555802],[31.5936845,51.6544816],[31.441809,51.7047837],[31.2101811,51.6867592],[30.9205002,51.7273899],[30.662658,51.6765523],[30.528066,51.5886164],[30.5552099,51.576963],[30.5289458,51.5710951],[30.5466269,51.5404634],[30.584564,51.5460149],[30.5691145,51.5111998],[30.6232738,51.4670554],[30.5792426,51.4473744],[30.5934905,51.4229217],[30.6219005,51.4287552],[30.6556317,51.3782099],[30.635719,51.3584906],[30.6566616,51.3443389],[30.5934047,51.3119449],[30.6223296,51.3043795],[30.607395,51.2799578],[30.5392136,51.2629556],[30.4540988,50.7607865],[29.8608289,50.3664958],[29.9614331,50.1038455],[31.1187741,49.9786096],[31.2525397,49.9391155],[31.3438222,49.9952145],[31.4370415,49.9924101],[31.4263153,49.9164051],[31.4689752,49.8287415],[31.4509828,49.7695846],[31.5830255,49.6977324],[31.6297341,49.6416782],[31.7775179,49.6300656],[31.7871462,49.5903449],[31.8252397,49.5638635],[31.8698688,49.5480654],[31.9335876,49.5551514],[32.0651778,49.458352],[32.1540642,49.4456958],[32.1600204,49.4166107],[32.1937631,49.3962425],[32.3508543,49.3797162],[32.3708725,49.3420134],[32.4739221,49.3159813],[32.4985886,49.2728449],[32.7546674,49.2578811],[33.0348587,49.2009995],[33.2250719,49.0609115],[33.142318,49.0941037],[32.9143517,49.0968014],[31.9262682,48.9008388],[31.8095384,48.9441521],[31.5980516,48.8936163],[31.5609727,48.8312785],[31.3824449,48.7326447],[31.2629686,48.759811],[31.1022935,48.7380792],[31.0253893,48.759811],[30.8399853,48.748047],[30.7466112,48.5447972],[30.7459193,48.4863996],[30.8417107,48.4380783],[30.8253711,48.4164088],[30.8417487,48.3837553],[30.8979962,48.3453757],[30.8957604,48.3182018],[30.857102,48.3010236],[30.8526134,48.2455254],[30.8776681,48.2274868],[30.8651061,48.1984528],[30.8134248,48.1757817],[30.8106117,48.0781916],[30.8263927,48.0554319],[30.8742941,48.0326831],[30.9579681,48.0312382],[31.0242319,47.9837462],[31.0515675,47.9264819],[31.1262013,47.8600246],[31.1110763,47.8307854],[31.176495,47.8131285],[31.1874701,47.7430505],[31.2741006,47.7499816],[31.3296775,47.7218788],[31.3899886,47.7253405],[31.8442745,47.5507227],[32.0056531,47.5262655],[32.2230201,47.5240415],[32.3218234,47.5017968],[32.7746731,47.2240597],[33.2900966,46.9437366],[33.4490059,46.8891825],[33.5994657,46.8629366],[33.6004469,46.9362163],[33.6617422,46.9769963],[33.6612997,47.0338852],[33.7615407,47.0946305],[33.7900862,47.1330317],[33.9018339,47.1613253],[33.9775126,47.2253818],[33.9646782,47.3018175],[33.9819383,47.4052574],[34.0129178,47.3970196],[34.190825,47.4503807],[34.256743,47.4893699],[34.4284044,47.5274029],[34.5053087,47.5672615],[34.7579942,47.5403835],[34.8266588,47.4819456],[34.9296556,47.4540952],[35.2606187,47.4791612],[35.3855882,47.446666],[36.1463873,47.5830141],[36.6064398,47.580235],[36.9250433,47.6875829],[37.4908392,47.7762557],[38.2928412,47.8426613],[39.0618842,47.7836383],[39.2266791,47.7097652],[39.4024603,47.5913502],[39.5919786,47.2149052],[39.6290575,47.1953126],[39.7869859,47.215838],[39.8597704,47.2522044],[40.0630174,47.2447467],[40.1715074,47.2605931],[40.2264391,47.229828],[40.2676378,47.2494079],[40.4173265,47.2344906],[40.5505357,47.1897134],[40.6919847,47.198112],[40.7482896,47.1150008],[40.8608995,47.1392939],[40.9281908,47.1215423],[41.4335619,46.9286974],[41.4610277,46.9014934],[41.5118381,46.7586818],[41.6738864,46.6173764],[41.827695,46.5456406],[41.8963596,46.4813754],[41.860654,46.405672],[41.7727634,46.3089976],[41.7398044,46.2311549],[41.6574069,46.1665186],[41.5475436,46.1113276],[41.3195773,46.0656104],[41.3058444,46.0065029],[41.4514133,45.7349444],[41.4514133,45.6447701],[41.3675975,45.6174202],[41.3846703,45.5155875],[41.318748,45.2925621],[41.3236883,45.2191687],[41.0424143,44.9927012],[41.0930272,44.7562075],[41.240216,44.6328401],[41.5746342,44.4208426],[41.6609344,44.2225882],[41.629389,44.0891749],[41.6403681,43.9170771],[41.7093115,43.7426706],[41.7196086,43.6310671],[41.9791418,43.4562152],[42.4028292,43.3928325],[42.4217123,43.4368165],[42.4562965,43.4433805],[42.4514525,43.4823792],[42.4762116,43.5219595],[42.4560743,43.621092],[42.5966124,43.6540973],[42.6755276,43.6978596],[42.6685997,43.8031977],[42.7321525,43.8192637],[42.8547037,43.8018957],[42.8661055,43.8676908],[42.9185035,43.8652723],[42.9814408,43.8988742],[43.1477107,43.8950757],[43.1461088,43.9594901],[43.2250081,43.9590461],[43.316639,43.7997601],[43.413516,43.859499],[43.4738702,43.8656198],[43.7327038,43.8183973],[43.7705477,43.8744573],[43.7705002,43.9275269],[43.819676,43.9597661],[43.8579248,43.96022],[43.8629678,43.9875624],[43.9221636,44.0203143],[43.9444726,44.0098399],[43.9446801,43.9864498],[43.9871647,43.9862639],[43.9873376,43.9706842],[44.1440452,43.970237],[44.1439037,43.9284712],[44.2685698,43.9181546],[44.2690297,43.9640218],[44.3688476,43.9726069],[44.3692043,44.0045631],[44.4131201,44.0172452],[44.4189116,43.9454969],[44.3437927,43.9457964],[44.3435766,43.9043784],[44.29324,43.89123],[44.292523,43.809673],[44.2680325,43.8108975],[44.2674355,43.7453232],[44.3189973,43.6791371],[44.4302108,43.6838109],[44.4350358,43.6068788],[44.4753684,43.5829428],[44.4138794,43.4527146],[44.4422421,43.427733],[44.3552536,43.3923997],[44.3203719,43.4496436],[44.1749304,43.3485999],[44.1463461,43.437676],[44.1056827,43.4310647],[44.037769,43.3522063],[44.0902637,43.287498],[44.0982319,43.2671901],[44.0829734,43.2549963],[44.0030517,43.2123939],[43.9734032,43.2422613],[44.0020679,43.2726922],[43.9402362,43.2865376],[43.9195935,43.2420039],[43.8617982,43.2641816],[43.8596724,43.2988168],[43.8298745,43.3232655],[43.7510221,43.2123823],[43.8875594,43.2208202],[43.9402226,43.192827],[44.5836599,43.2981397],[44.9408717,43.3030813],[45.3374236,43.1775064],[45.628746,43.1252305],[45.6755548,43.1678744],[46.0061867,43.158061],[46.3624662,42.9902556],[46.7066842,42.9238938],[47.0469859,42.8905141],[47.77211,42.8601481],[47.7534478,42.8960891],[47.5268548,43.0458095],[47.5337212,43.1120122],[47.6257317,43.2882028],[47.6051324,43.3486508],[47.5591271,43.4025536],[47.5618737,43.4534179],[47.5873903,43.537511],[47.6237577,43.5858004],[47.6257317,43.6499887],[47.6820367,43.7596891],[47.7733605,43.8592875],[47.9128149,43.9482951],[47.9256587,44.004412],[47.8667443,44.0387384],[47.6580041,44.0505838],[47.6003259,44.0259032],[47.5495141,43.93944],[47.499389,43.9216376],[47.3355134,44.1375224],[47.2882455,44.2512248],[47.2302906,44.2839563],[47.1445777,44.2770638],[47.0904916,44.3804352],[46.9839167,44.4555816],[46.9328649,44.6114385],[46.9985556,44.654514],[47.0338984,44.7763804],[47.0866483,44.7487731],[47.1523085,44.7587094],[47.2663473,44.8500518],[47.3692651,45.1468978],[47.4270421,45.2200627],[47.4847006,45.248812],[47.534581,45.40638],[47.6096701,45.4798976],[47.631552,45.5295747],[47.7073326,45.5841403],[47.7369202,45.6480406],[47.8453586,45.7014942],[48.137558,45.7034214],[48.2631104,45.7332656],[48.4323755,45.928566],[48.5107457,45.9768828],[48.5822626,45.9045318],[48.6463623,45.8977734],[48.7359605,45.9252337],[48.7714743,45.9588115],[48.7991021,46.027899],[48.9749131,46.1107199],[49.083898,46.2235765],[49.1204342,46.2966166],[49.1253004,46.4099079],[49.1493021,46.4338544],[49.3249088,46.4065085],[49.6049405,46.4467317],[49.7165006,46.4071771],[49.8274794,46.4083027],[49.9512901,46.4727533],[49.9896259,46.5494586],[50.0680528,46.5615644],[50.1812523,46.6661072],[50.2285343,46.6521561],[50.2777283,46.663811],[50.352013,46.7354625],[50.4021149,46.7282122],[50.4518196,46.7535345],[50.5007501,46.7249851],[50.5786695,46.7198862],[50.6413689,46.7576309],[50.665088,46.8186324],[50.7618134,46.8129845],[50.8225104,46.8734281],[50.9111567,46.9116974],[51.046875,46.8861249]]],[[[101.2560657,77.7311108],[100.9384001,77.6936667],[100.9091287,77.6579603],[100.96273,77.6311375],[101.3338071,77.5594995],[101.7307026,77.5510043],[101.8348989,77.5690442],[101.8904217,77.6044557],[101.8574711,77.6349535],[101.6042751,77.7181265],[101.2560657,77.7311108]]],[[[98.299212,76.8725161],[98.3785299,76.8332736],[98.5411909,76.8182685],[98.7034535,76.8334959],[98.7725919,76.8701719],[98.6963001,76.915038],[98.5323501,76.9309501],[98.3646472,76.9153315],[98.3152747,76.8984169],[98.299212,76.8725161]]],[[[86.6703899,75.2731484],[86.6927684,75.2979203],[86.66671,75.321768],[86.4980019,75.3506359],[86.1151576,75.3345413],[86.02631,75.3145713],[85.9972047,75.2860596],[86.0540551,75.2479185],[86.2088673,75.2278573],[86.5099369,75.2434455],[86.6703899,75.2731484]]],[[[84.4838967,74.6342918],[84.4955384,74.6596689],[84.4672652,74.6865461],[84.2993872,74.715146],[84.10849,74.704281],[84.0457703,74.6844393],[84.0188302,74.6557351],[84.0634114,74.6015974],[84.1738448,74.5808806],[84.326008,74.5946908],[84.4838967,74.6342918]]],[[[78.4583492,72.7880707],[78.8119826,72.6918969],[79.3752588,72.6538022],[79.6518703,72.6814759],[79.7479463,72.7485791],[79.7058166,72.8565241],[79.6988323,72.941374],[79.5020731,73.047105],[79.2963184,73.1204297],[79.3036104,73.210133],[79.3458178,73.2314273],[79.348025,73.255267],[79.2911761,73.2824818],[79.1870204,73.2956557],[78.8086381,73.2882898],[78.6448908,73.2309294],[78.6150642,73.189841],[78.6246149,73.1707074],[78.7125508,73.1425154],[78.8469956,73.139097],[78.8811018,73.0545914],[78.8069083,73.0075929],[78.4902904,72.8831381],[78.4445078,72.8291952],[78.4583492,72.7880707]]],[[[56.6922044,68.8032523],[56.6500616,68.8498594],[56.5169931,68.8690476],[56.389491,68.8442335],[56.3320401,68.8013925],[56.3766902,68.7580506],[56.4929286,68.7404834],[56.6053204,68.7556751],[56.6922044,68.8032523]]],[[[48.0575383,68.9211032],[48.0756005,68.8016681],[48.1092766,68.7558902],[48.3260701,68.6710937],[49.1325232,68.6087663],[49.522443,68.6100947],[49.6792447,68.6400539],[49.7606529,68.689139],[49.7180005,68.7325953],[49.5976649,68.7481069],[49.9697029,68.8696522],[50.2264399,68.9226732],[50.4219574,69.0508923],[50.4597077,69.1173327],[50.4388854,69.1688668],[50.3853127,69.2163397],[50.1756533,69.3167463],[49.3816559,69.5419907],[48.9624816,69.5496608],[48.6289583,69.4989818],[48.4088812,69.4147366],[48.208567,69.3006972],[48.0890114,69.1352091],[48.0575383,68.9211032]]],[[[42.3365605,66.7042877],[42.6322366,66.6122278],[42.733132,66.6193574],[42.7905685,66.6463718],[42.8123259,66.6942349],[42.7873508,66.7441713],[42.7331205,66.7849714],[42.5666196,66.8278738],[42.3920124,66.8187085],[42.3011535,66.7645081],[42.3031635,66.7294309],[42.3365605,66.7042877]]],[[[35.6624571,64.7753732],[35.7282046,64.8218365],[35.6727356,64.8663778],[35.5306962,64.8742581],[35.4547548,64.8300238],[35.4657484,64.802289],[35.5128251,64.7783258],[35.6624571,64.7753732]]],[[[143.3998747,56.4001414],[143.3902296,56.4178375],[143.3717127,56.408143],[143.3768865,56.3991278],[143.3998747,56.4001414]]],[[[150.6497676,58.9625028],[150.8651439,59.0623694],[150.8766507,59.1264801],[150.8416457,59.1580304],[150.7069881,59.1986347],[150.620478,59.1785818],[150.5888206,59.1345887],[150.4580909,59.0998179],[150.3816779,59.0490648],[150.358686,59.0107439],[150.3974201,58.9594644],[150.5000252,58.9465635],[150.6497676,58.9625028]]]]}},{"type":"Feature","properties":{"polity_id":"russian-tsardom","name":"Русское царство","start_date":"1699","end_date":"1721-09-10","status":"provisional-source-capture","confidence":"unreviewed","legal_basis":[],"source_ids":["capture:ohm:2851289"],"provenance":{"capture_source":"OpenHistoricalMap","capture_id":2851289,"capture_date":"2026-08-22"},"notes":"One-time geometry capture. Review against project historical sources before marking verified."},"geometry":{"type":"MultiPolygon","coordinates":[[[[51.046875,46.8861249],[51.215237,46.9465925],[51.4633928,46.9315108],[51.3839198,47.106752],[51.343452,47.2999811],[51.4157257,47.5548845],[51.2204764,47.8902037],[51.3834127,48.0433866],[51.5621424,48.3487626],[51.6372758,48.6841125],[51.6066757,49.0293072],[51.3144605,49.3230029],[51.12631,49.6466709],[50.9983602,49.929659],[50.9304763,50.2734935],[51.0524983,50.5373527],[51.255917,50.7506941],[51.509233,50.953518],[51.8762835,51.0038956],[52.4607961,51.0017609],[52.8315556,51.1296997],[52.9361473,51.209015],[53.1640214,51.2961296],[53.3634107,51.2791756],[53.6083888,51.291714],[55.0168299,51.4298296],[55.6448535,51.4659399],[56.1203069,51.2719108],[57.0059857,51.1707401],[57.4146391,50.9940377],[57.9036854,50.8311868],[58.4374531,50.8391238],[58.7066723,50.9124508],[58.5987502,51.1487523],[58.5853915,51.2647171],[58.6493055,51.4568885],[58.7314165,51.5598339],[59.0378677,51.823686],[59.0422335,51.9722621],[58.9326276,52.223086],[58.9245527,52.3656007],[59.1354396,52.8585162],[59.09354,52.935627],[59.0908868,53.043887],[59.32529,53.0617386],[59.2643114,53.3092537],[59.1774108,53.4501037],[59.290526,53.7463756],[59.3916532,53.911803],[59.4468299,54.0446954],[59.6077555,54.1603334],[63.042296,54.556138],[63.1961046,54.5449872],[63.5289323,54.6530718],[63.6781297,54.677802],[63.8429247,54.6793899],[64.1148363,54.7650481],[64.4677721,54.7214485],[65.5343322,54.7250732],[66.4849597,54.9644115],[67.7745565,55.1101535],[69.4972876,55.053156],[70.2361494,54.924839],[73.8286846,54.4590837],[74.6626798,54.4961949],[75.4829209,54.7713718],[76.363736,54.9494458],[76.755199,54.9711808],[77.7622593,54.9234324],[79.1736362,54.7952299],[80.3016611,54.8314281],[81.7082052,54.8006185],[82.8568945,54.8538945],[83.6477462,54.8419307],[84.1716151,54.9445475],[85.9495258,54.5110537],[86.5039965,54.3002835],[86.9115978,53.9725534],[87.1159248,53.710347],[87.2953322,53.2808079],[87.5205227,53.2992869],[87.912254,53.2925154],[88.4086987,53.1819674],[88.5868832,53.1708557],[88.6586377,53.1362677],[88.6905663,53.0754655],[88.8787072,52.9904043],[89.2179104,52.8732746],[89.5488736,52.8143834],[89.7768399,52.7242334],[90.2403258,52.6844998],[90.2952574,52.6391053],[90.329418,52.5331406],[90.3167151,52.4149851],[90.377998,52.3355491],[90.3924176,52.2229626],[90.4871027,52.1958067],[90.5313618,52.1459154],[90.6330286,52.0937252],[90.7144126,52.0902885],[90.7517526,52.0703035],[90.7600697,52.0136153],[90.8182015,51.9680443],[90.8373812,51.9039731],[91.0723638,51.9518904],[91.164869,51.8992643],[91.2597464,51.8765638],[91.2753611,51.8958277],[91.4632486,51.8914578],[91.5333456,51.9093216],[91.7392245,51.8657029],[91.8043994,51.8865792],[91.8393127,51.8591797],[91.8971032,51.8593963],[91.9388598,51.8073556],[92.0784584,51.7722574],[92.2552097,51.8226563],[92.5295524,51.7910566],[92.6447003,51.81216],[92.6963755,51.8513392],[92.8736977,51.8360233],[92.9576773,51.9157823],[93.0759638,51.9358576],[93.1465239,52.0156166],[93.2425166,52.0409406],[93.2586414,52.0788179],[93.3309333,52.1261106],[93.3947842,52.127193],[93.4721626,52.1710227],[93.5762731,52.1668567],[93.5934804,52.1896375],[93.6620937,52.2012174],[93.6768119,52.2123643],[93.6558165,52.2409348],[93.6813569,52.2673951],[93.6780018,52.3072748],[93.7654454,52.3811365],[93.7536488,52.4246417],[93.7675152,52.4513828],[93.8079766,52.4508856],[93.8337333,52.504239],[93.9603536,52.5810228],[93.9652235,52.6017473],[93.9415226,52.6133269],[94.0956317,52.6784228],[94.0935751,52.73854],[94.1395697,52.7544487],[94.1318857,52.7822076],[94.1593741,52.8131591],[94.1418419,52.831178],[94.3034184,52.9000075],[94.3542832,52.8956788],[94.3991956,52.9148883],[94.4932315,52.8916667],[94.5259247,52.9100186],[94.5147776,52.9388597],[94.5832824,52.9965421],[94.571053,53.0258161],[94.6004895,53.0465947],[94.5757063,53.07457],[94.5902079,53.1199691],[94.6209432,53.1263543],[94.6024368,53.1678032],[94.6570893,53.187175],[94.6534096,53.2142846],[94.6983221,53.2151505],[94.7160705,53.2371196],[94.6770017,53.2872803],[94.6063321,53.2915008],[94.6008126,53.305732],[94.6183446,53.33111],[94.7202904,53.3762929],[94.9256975,53.4004268],[94.9397666,53.388306],[94.9601124,53.4051886],[95.0358688,53.3661207],[95.0615174,53.394529],[95.1150878,53.398858],[95.2180017,53.4693659],[95.3045861,53.4449068],[95.3096727,53.4217473],[95.2841321,53.4100593],[95.3071837,53.3881444],[95.4051257,53.3656345],[95.4283936,53.3753745],[95.4305579,53.3973435],[95.4952753,53.3950169],[95.490838,53.4156872],[95.5269844,53.437494],[95.6520901,53.4556214],[95.6568518,53.4863564],[95.7322244,53.5252204],[95.8074982,53.4912808],[95.9537075,53.4942031],[96.0332516,53.457029],[96.1105229,53.4517263],[96.1128403,53.5125992],[96.232057,53.5171466],[96.2407147,53.5579463],[96.2222085,53.5688766],[96.2411328,53.6194641],[96.27935,53.6137888],[96.2767528,53.5893307],[96.3746946,53.5937679],[96.3519679,53.570392],[96.4338929,53.541064],[96.447962,53.5123852],[96.5133286,53.5518863],[96.658672,53.5641697],[96.686377,53.5907382],[96.6741478,53.6041577],[96.7059652,53.6234754],[96.6883296,53.6463366],[96.7170146,53.7168365],[96.8875276,53.7289017],[96.9167105,53.7022788],[96.9728116,53.6908178],[97.0099082,53.6530114],[97.0765202,53.6590559],[97.1263292,53.6148199],[97.1829365,53.6235783],[97.2200934,53.5925543],[97.3290677,53.5888358],[97.3424892,53.5594545],[97.3901451,53.543677],[97.382258,53.5240243],[97.4265961,53.5079209],[97.454332,53.4562991],[97.5411112,53.4515213],[97.6027589,53.4258947],[97.5998617,53.3704369],[97.6453828,53.3585508],[97.8128204,53.3735366],[97.8660659,53.3467041],[97.9819268,53.3483175],[97.9891525,53.3285963],[97.9584054,53.3032955],[98.0021634,53.2760751],[98.0046013,53.2483625],[98.1238747,53.2351044],[98.1888531,53.2474143],[98.2396738,53.2080209],[98.2970746,53.2272826],[98.3203778,53.210951],[98.2981112,53.1747548],[98.3179988,53.1594433],[98.290739,53.1464718],[98.3088765,53.0946578],[98.3564509,53.0859331],[98.4026303,53.1090536],[98.637103,53.1012221],[98.6792441,53.1575664],[98.8905831,53.1173291],[98.8909937,53.1472416],[98.9174094,53.1552266],[99.0097066,53.1030052],[99.0566356,53.1087935],[99.0638222,53.0921849],[99.0009623,53.0577453],[98.9968297,53.0294135],[99.2053267,52.9763937],[99.2737021,52.9315241],[99.2234214,52.9150816],[99.2307715,52.8679448],[99.1696168,52.864592],[99.0587328,52.8908013],[98.9741361,52.9341136],[98.9240841,52.9315671],[98.8929447,52.89524],[98.9011986,52.8723974],[98.8515292,52.8365664],[98.8691198,52.8142248],[98.8491206,52.7953355],[98.9435687,52.7920434],[98.9342438,52.7487369],[98.9602048,52.7156112],[98.9311657,52.7034814],[98.9313793,52.657532],[98.8699959,52.6578872],[98.863874,52.6267756],[98.7860707,52.6047451],[98.8003068,52.5730142],[98.7850862,52.560261],[98.8309412,52.5376874],[98.8054232,52.5327689],[98.8024005,52.5080016],[98.7417435,52.4993869],[98.6982031,52.4459365],[98.6328462,52.4231033],[98.6332832,52.394479],[98.6856718,52.3553099],[98.6541338,52.307621],[98.6568648,52.2630531],[98.7107504,52.29093],[98.832638,52.274371],[98.8403354,52.2361093],[98.8228202,52.1929909],[98.8946444,52.2066988],[98.9867879,52.1662448],[98.9667641,52.1492844],[99.0046093,52.0747323],[99.0716905,52.0694975],[99.128117,52.0245544],[99.1736053,52.0355885],[99.2365749,52.0126444],[99.2760937,52.0186026],[99.2826125,51.9868506],[99.265308,51.9735296],[99.3537852,51.9424004],[99.4010184,51.9658996],[99.4658896,51.948871],[99.5219871,51.9679932],[99.600979,51.9241882],[99.6138471,51.8791078],[99.6649718,51.9043927],[99.6826564,51.8876967],[99.8011826,51.9153845],[99.8279557,51.8831591],[99.8195189,51.8478483],[99.8475769,51.8349554],[99.8307582,51.8067594],[99.8643974,51.8055016],[99.8691817,51.7774565],[99.9109125,51.7381594],[99.9797976,51.7547204],[100.0614167,51.7327195],[100.1387018,51.7593486],[100.2806417,51.7375368],[100.4143559,51.7479314],[100.4103477,51.7299883],[100.4437626,51.7263707],[100.5038521,51.7500639],[100.5864554,51.74045],[100.5973981,51.7185898],[100.6562396,51.726826],[100.668545,51.7067142],[100.929841,51.6068022],[100.9901519,51.6127877],[101.0223281,51.587153],[101.0174269,51.57027],[101.0786775,51.5598484],[101.1043937,51.5912202],[101.1366423,51.521396],[101.2562778,51.5441134],[101.3700981,51.4558456],[101.4389364,51.455689],[101.4595599,51.4911656],[101.5422172,51.4995416],[101.5677164,51.4699442],[101.6222627,51.4692107],[101.6190378,51.440028],[101.7490569,51.4553417],[101.8285311,51.4151547],[101.888839,51.4007953],[101.951935,51.4137438],[102.0014324,51.3821904],[102.0220587,51.3958157],[102.1242911,51.361612],[102.1839684,51.2950252],[102.1141597,51.2840343],[102.1044872,51.2464692],[102.1663187,51.1786882],[102.1351134,51.1742184],[102.1233246,51.1391014],[102.1401692,51.0994232],[102.1708377,51.0950287],[102.151096,51.0573035],[102.2036241,51.0394919],[102.2430083,50.9748866],[102.2137847,50.9538411],[102.2454385,50.9019733],[102.2119739,50.8758462],[102.209737,50.8170343],[102.2923499,50.7824305],[102.3403132,50.7325372],[102.3023464,50.6818549],[102.3766623,50.6667466],[102.3999391,50.6415839],[102.4459039,50.6456787],[102.4695952,50.6010441],[102.5362347,50.5885042],[102.553936,50.5560254],[102.541005,50.5315628],[102.61063,50.5063847],[102.6161129,50.4536664],[102.6476976,50.4021897],[102.7318192,50.4085293],[102.8418288,50.3341911],[102.9418745,50.3054907],[103.074565,50.3189929],[103.1472354,50.3060183],[103.1821793,50.3331721],[103.2380575,50.3219456],[103.2764247,50.2848955],[103.2492528,50.2558068],[103.2760147,50.2262201],[103.2562904,50.1928927],[103.4114027,50.2117808],[103.5141931,50.1990718],[103.5572495,50.1626788],[103.6023371,50.1662016],[103.6084584,50.1440553],[103.6841803,50.1429367],[103.7102326,50.1244635],[103.7513378,50.1638311],[103.8005986,50.1518562],[103.8466306,50.1975606],[103.8903364,50.1761474],[103.9390206,50.1831392],[103.9985566,50.1502974],[104.1354261,50.1388069],[104.2783297,50.2011989],[104.2931704,50.2417883],[104.3401541,50.2449703],[104.391917,50.3116272],[104.517244,50.3171701],[104.5612071,50.3011443],[104.6501706,50.3241071],[104.6991602,50.3672149],[104.76332,50.3387935],[104.8116849,50.3409568],[104.8734075,50.3709276],[104.8983944,50.408974],[105.0081195,50.3869217],[105.1201674,50.3899317],[105.2585512,50.4406822],[105.2682329,50.4653576],[105.3547168,50.4794989],[105.4435295,50.4421094],[105.52513,50.4580234],[105.628757,50.427396],[105.8442265,50.4403964],[105.8990523,50.4126315],[106.0573709,50.4045045],[106.0841013,50.3333998],[106.1830005,50.3396936],[106.2612304,50.2981341],[106.4687108,50.3181379],[106.5124651,50.3429249],[106.5916145,50.3384644],[106.8157278,50.2981781],[107.0124738,50.1990659],[106.9999992,50.1571821],[107.0393639,50.1291483],[107.0569988,50.0878389],[107.0752502,50.0895128],[107.0718523,50.0683334],[107.1520027,50.0433209],[107.1479797,50.0267355],[107.2129866,49.9989292],[107.2571669,49.9882462],[107.3236137,50.0034207],[107.4282582,49.971669],[107.5448277,49.9856858],[107.6788362,49.9717817],[107.706604,49.9879545],[107.7942207,49.9331705],[107.8287424,49.9609702],[107.8531964,49.9364558],[107.9690548,49.9413946],[107.9704,49.9155],[107.9192,49.8754],[107.9444,49.8549],[107.9367,49.8192],[107.9816,49.8028],[107.9485,49.7848],[107.9698,49.7474],[107.9343,49.7114],[107.9471,49.6706],[107.9683,49.6548],[108.023,49.6734],[108.0275,49.6223],[108.1611,49.5618],[108.2978,49.5399],[108.3564,49.4279],[108.4258,49.4135],[108.431,49.3721],[108.5175,49.3227],[108.6525,49.3473],[108.8206,49.3432],[108.8488,49.3266],[108.9416,49.3462],[109.0581,49.3232],[109.1946,49.3523],[109.3455,49.3249],[109.4222,49.2944],[109.4325,49.2729],[109.4753,49.2674],[109.4996,49.2362],[109.5591,49.2208],[109.9026,49.2057],[110.1998,49.1542],[110.3281,49.1991],[110.3905,49.2515],[110.5244,49.1901],[110.6836,49.1709],[110.807,49.1802],[111.2768,49.3104],[111.3748,49.3577],[111.5231,49.3232],[111.689,49.3842],[111.9575,49.3823],[112.2783,49.4844],[112.4741,49.5225],[112.6889,49.5041],[112.7226,49.52],[112.8234,49.5193],[112.9068,49.5685],[113.0439,49.6082],[113.2061,49.8283],[113.4739242,49.9354483],[113.4888,49.9736],[113.6361,49.991],[113.7427,50.0749],[113.8787,50.1049],[114.1784,50.243],[114.3388,50.2827],[114.4677,50.2335],[114.6535,50.2472],[114.8567,50.217],[115.0075,50.1639],[115.0793,50.0833],[115.2239,49.9884],[115.5067,49.9071],[115.7453945,49.8871758],[116.0727,50.0137],[116.2355,50.0356],[116.6216,49.9311],[116.7137007,49.8456631],[117.0614,49.6856],[117.2732686,49.6308469],[117.4715657,49.62638],[117.7934272,49.5200369],[117.8366302,49.541897],[117.8681243,49.5083177],[117.8930641,49.595316],[117.9433804,49.5937065],[117.9809386,49.6214903],[118.0739634,49.6138386],[118.1112827,49.6460236],[118.1070427,49.6709917],[118.1655237,49.6589839],[118.2271034,49.7363084],[118.2840742,49.7442995],[118.3058462,49.7729565],[118.3807633,49.7779227],[118.3720076,49.7896789],[118.3958708,49.8042353],[118.3783271,49.8259909],[118.4765314,49.8285915],[118.4676914,49.838834],[118.4916844,49.8404411],[118.4800205,49.8710553],[118.5576691,49.9003309],[118.5430013,49.9071783],[118.5669371,49.9300495],[118.6081223,49.923964],[118.6124867,49.9472248],[118.6440339,49.9364799],[118.6538092,49.9535123],[118.8276878,49.9589304],[118.9336026,49.9923669],[118.9758112,49.9767002],[119.0840802,49.9842595],[119.1751384,50.0411624],[119.1818306,50.087457],[119.2280534,50.0737741],[119.2860746,50.1093519],[119.2996848,50.1584156],[119.3526888,50.194526],[119.3098197,50.2163738],[119.3400945,50.2547218],[119.3159735,50.2809158],[119.3791216,50.320407],[119.3501228,50.3260876],[119.3648152,50.3316235],[119.3473762,50.3585157],[119.2943654,50.344234],[119.2690279,50.3646974],[119.2467742,50.3417267],[119.2095629,50.3633892],[119.1753501,50.3467039],[119.1880531,50.3614899],[119.1478374,50.3603797],[119.1693112,50.3770923],[119.1426853,50.3923297],[119.1674711,50.3969899],[119.1556248,50.4045235],[119.1760325,50.4220078],[119.2059419,50.409197],[119.2154587,50.4403128],[119.2567873,50.4685667],[119.2551299,50.4879602],[119.2254567,50.5009018],[119.2555843,50.5098959],[119.2750189,50.5522081],[119.2577764,50.561566],[119.2885456,50.5737234],[119.2742485,50.6034177],[119.3265326,50.6236107],[119.3282168,50.6407366],[119.3516678,50.6298853],[119.386515,50.6622144],[119.3735552,50.6799841],[119.4256538,50.6831021],[119.4917345,50.7462291],[119.4869177,50.7738022],[119.5156066,50.7888221],[119.487871,50.8436267],[119.5117375,50.8422622],[119.5027705,50.8577377],[119.5225033,50.8641258],[119.5151493,50.9045977],[119.5629829,50.9336798],[119.6243999,51.00902],[119.6875231,51.0290793],[119.6964476,51.0153475],[119.6934959,51.036975],[119.7218236,51.0603699],[119.7088834,51.0720261],[119.7563281,51.0905866],[119.7436336,51.1146868],[119.7753119,51.1531897],[119.7519431,51.1635309],[119.7812735,51.1720298],[119.7524792,51.2126993],[119.8151855,51.2141929],[119.7903171,51.2439735],[119.8208728,51.2596601],[119.8038781,51.2802999],[119.8746028,51.2969212],[119.878295,51.3374814],[119.9395708,51.3608422],[119.9022725,51.3890206],[119.9645534,51.3996351],[119.9682591,51.4351882],[119.9953628,51.4535563],[119.9780937,51.504339],[120.044391,51.5512707],[120.0275939,51.5836327],[120.0516216,51.6322636],[120.0952844,51.6489856],[120.0803649,51.6783186],[120.1667457,51.6780703],[120.2875153,51.7498174],[120.3084534,51.7834757],[120.3558323,51.7874061],[120.3989234,51.8136324],[120.3939926,51.8319979],[120.4698332,51.8514698],[120.4697091,51.8825273],[120.5355198,51.8779863],[120.5505036,51.9122194],[120.64758,51.9227252],[120.6542487,51.9547716],[120.6969717,51.9810889],[120.7116684,52.0135584],[120.6791109,52.0361783],[120.7191265,52.0773708],[120.7457618,52.0782102],[120.7348049,52.0925448],[120.760918,52.1084649],[120.7536734,52.1391169],[120.7795519,52.1637389],[120.7390554,52.2044505],[120.7516307,52.255407],[120.7108234,52.2589152],[120.6927596,52.2869761],[120.6310188,52.3121651],[120.6142057,52.3534646],[120.6431434,52.3624144],[120.6426959,52.3895622],[120.6835667,52.4289413],[120.676556,52.4659338],[120.6997762,52.4912609],[120.682075,52.5144119],[120.7262737,52.5399354],[120.4589993,52.6434643],[120.3909082,52.6152463],[120.2820189,52.6221078],[120.1846108,52.5770372],[120.0619671,52.5860533],[120.0267672,52.6354566],[120.0618436,52.7072149],[120.0266437,52.776256],[120.1374306,52.812691],[120.1791764,52.8081212],[120.21697,52.842333],[120.2808237,52.8609827],[120.2889753,52.8922303],[120.3389961,52.8998878],[120.3528776,52.9375205],[120.4059376,52.9580602],[120.4369382,53.0023997],[120.5552591,53.0804569],[120.6360335,53.1039235],[120.6499929,53.13373],[120.687645,53.1453325],[120.684644,53.1751485],[120.832706,53.238667],[120.8125743,53.2663779],[120.875015,53.2926939],[121.0355041,53.2868564],[121.0874565,53.3053061],[121.1217855,53.2752272],[121.2265357,53.279163],[121.3271372,53.3231851],[121.4101865,53.3171715],[121.5580713,53.3450518],[121.5141104,53.3829189],[121.4102551,53.3673529],[121.4184948,53.4158758],[121.3848492,53.4573936],[121.2368771,53.5039761],[121.2039181,53.4992793],[121.195335,53.4404232],[121.1658093,53.430606],[121.045303,53.4743572],[120.894241,53.4941735],[120.7682415,53.4616862],[120.6274792,53.4755832],[120.4194256,53.419968],[120.1217648,53.4612774],[119.9689862,53.3872192],[119.8024746,53.3630507],[119.5721051,53.1792926],[119.4104,53.1447113],[119.271011,53.0624692],[119.1329942,53.1550069],[119.1206346,53.1953393],[119.0808092,53.2208361],[119.0739427,53.3046219],[119.0492235,53.332514],[119.0437303,53.3767758],[119.3472276,53.7080887],[119.3307481,54.0005055],[119.3760667,54.0392326],[119.4708238,54.0601947],[119.853972,54.0005055],[120.0695787,54.077118],[120.2618394,54.1093336],[120.4609666,54.1809237],[120.9086595,54.384557],[121.1682115,54.4333112],[121.4758287,54.3581576],[121.5829454,54.3613584],[122.1089159,54.4883896],[122.6733385,54.6809778],[122.9576097,54.701615],[123.1910692,54.7523695],[123.2926927,54.8046434],[123.3668504,54.9255644],[123.4094225,54.9563294],[123.5124193,54.9799788],[123.652495,55.0995884],[124.1015611,55.2337227],[124.2443834,55.3166438],[124.2979417,55.3705278],[124.4105516,55.6024031],[124.4819627,55.6682921],[124.6137987,55.7402556],[124.7373949,55.8421698],[124.8527513,55.8637537],[125.0147997,55.9353571],[125.1397691,55.9338187],[125.3276901,55.8749276],[125.4201224,55.8699336],[125.4539542,55.8430444],[125.4518434,55.8061658],[125.5098131,55.7851277],[125.5225189,55.7499078],[125.5537882,55.7396297],[125.6168436,55.7794462],[125.702279,55.800488],[125.8388892,55.8035916],[125.9909975,55.7688834],[125.9853805,55.7202597],[126.0438499,55.7310732],[126.0817262,55.7169266],[126.0910761,55.708604],[126.0671597,55.7058147],[126.0844468,55.6699394],[126.1313619,55.6671448],[126.1411161,55.6511943],[126.133551,55.6381266],[126.0670302,55.6452204],[126.0772092,55.5953702],[126.2965998,55.6091095],[126.3176506,55.5846931],[126.3859147,55.5946005],[126.3874461,55.5733856],[126.4163867,55.5597351],[126.5291737,55.5790459],[126.510596,55.613184],[126.5886521,55.6566011],[126.6900073,55.6682236],[126.6822762,55.6330061],[126.723236,55.5992915],[126.7873034,55.6274251],[126.8572288,55.6115023],[126.9262249,55.629892],[126.9069026,55.6765516],[126.9348721,55.6908853],[127.1348525,55.6928399],[127.1869557,55.7176958],[127.2606364,55.6805978],[127.3214542,55.6878049],[127.3154267,55.6493213],[127.3458008,55.6395101],[127.3401299,55.6195196],[127.4232886,55.5785304],[127.513818,55.6048753],[127.5899118,55.5940636],[127.5999093,55.6022028],[127.5427442,55.6657941],[127.6256226,55.6745368],[127.6774679,55.715407],[127.7337088,55.7312756],[127.7894763,55.7230406],[127.8032384,55.6897111],[127.7867898,55.6737981],[127.8305488,55.6631075],[128.2904262,55.6969129],[128.3423553,55.6753293],[128.3812394,55.6307162],[128.4756024,55.5978117],[128.5009955,55.5489416],[128.6147348,55.5470466],[128.6864525,55.5721548],[128.702718,55.5575145],[128.6961905,55.5200534],[128.7611936,55.5118761],[128.7859391,55.4876715],[128.8285068,55.5201315],[128.8522595,55.4997756],[128.9073036,55.5139754],[128.9568703,55.4943887],[129.0866848,55.5246903],[129.104043,55.5491423],[129.1035938,55.61883],[129.0493241,55.6667174],[129.0493592,55.6944722],[129.1794287,55.698478],[129.2624706,55.7306293],[129.3519932,55.7132977],[129.3851414,55.7331769],[129.4479155,55.7253074],[129.4963793,55.7691461],[129.525931,55.7435157],[129.6591952,55.786023],[129.7110569,55.7610086],[129.7883673,55.7736129],[129.8173745,55.7488761],[129.8709312,55.7404841],[129.9144006,55.7791589],[130.0010897,55.7132802],[130.0704662,55.7119158],[130.0973571,55.7322442],[130.1480709,55.7122846],[130.2779923,55.741256],[130.3531822,55.7309403],[130.3808479,55.7477513],[130.5045536,55.7274248],[130.6248239,55.76245],[130.6805417,55.7440457],[130.7390406,55.7538125],[130.878661,55.7068153],[131.0971056,55.6969386],[131.4239488,55.469514],[131.5434251,55.3080469],[131.6903673,55.1592593],[131.9100938,55.0327454],[131.9142137,54.9728854],[131.7123399,54.8426185],[131.6715376,54.7754465],[131.6345124,54.7723916],[131.6184095,54.7937909],[131.5593647,54.7730499],[131.5511957,54.7429551],[131.3948903,54.73728],[131.3195453,54.6979412],[131.2866467,54.6588115],[131.1712602,54.6364205],[131.1905215,54.5679935],[131.2330444,54.553191],[131.2150705,54.5072508],[131.1943728,54.5105548],[131.1670204,54.4706858],[131.17511,54.4391226],[131.1490687,54.421202],[131.1341566,54.3674654],[131.1068222,54.3544179],[131.1207982,54.335786],[131.0346862,54.2913014],[130.9737208,54.3044448],[130.972165,54.3271838],[130.9391629,54.339254],[130.8149519,54.2845829],[130.7359828,54.2988266],[130.7162155,54.2854939],[130.7222291,54.2664412],[130.6686074,54.2566122],[130.635677,54.1866071],[130.5728855,54.1695472],[130.511178,54.1224156],[130.4962743,53.9873168],[130.4307724,53.9659966],[130.3910223,53.9199677],[130.4415988,53.8881555],[130.5170427,53.9091658],[130.5877794,53.8784617],[130.6869692,53.9001788],[130.7454462,53.848979],[130.8518485,53.8491673],[130.8485043,53.7983783],[130.9004492,53.7743158],[131.0174445,53.8251967],[131.0841355,53.8100817],[131.1075582,53.8223384],[131.2522668,53.7864055],[131.3125028,53.7934054],[131.4441388,53.739173],[131.4426343,53.7045919],[131.4182646,53.6833799],[131.4423594,53.63774],[131.4917251,53.6009198],[131.4552219,53.5766373],[131.4804708,53.5675521],[131.4759465,53.5277399],[131.4512727,53.5101096],[131.4843286,53.4833776],[131.4864586,53.4499094],[131.5049894,53.4482136],[131.4955487,53.3993456],[131.5334407,53.3336604],[131.5138857,53.2719704],[131.4759193,53.2622382],[131.4415488,53.2213154],[131.5089498,53.2080195],[131.8064259,53.2575283],[131.8176309,53.2378735],[131.8546878,53.2315784],[131.8286407,53.1627868],[131.8764247,53.1580725],[131.8993543,53.1356269],[131.9582854,53.1612405],[131.9788486,53.1394923],[132.0131132,53.1392318],[132.0633749,53.2212848],[132.1056028,53.2405343],[132.141151,53.2209238],[132.2489833,53.22612],[132.2796759,53.2554383],[132.312386,53.2371627],[132.3492346,53.2468397],[132.3981917,53.2176118],[132.5095019,53.2149908],[132.6614685,53.2455138],[132.7029578,53.2240619],[132.7705466,53.2497242],[132.8618931,53.2352533],[132.8980124,53.2529367],[132.8772128,53.2883626],[132.8886453,53.2983424],[132.967227,53.2836126],[133.0314162,53.3070874],[133.1348728,53.303421],[133.1441671,53.3326709],[133.1224359,53.3402678],[133.1627185,53.3608236],[133.1579335,53.4025237],[133.1983652,53.4318699],[133.3611103,53.472979],[133.4125496,53.5168487],[133.4898172,53.5063489],[133.5670761,53.5498353],[133.6285113,53.5359228],[133.7068054,53.4673334],[133.7877036,53.4930375],[133.8115682,53.4641034],[133.8681071,53.474426],[133.9464775,53.438939],[134.0966164,53.4558982],[134.1132709,53.4989364],[134.1952848,53.4822346],[134.2140653,53.5051069],[134.2059767,53.5213546],[134.2801538,53.5474412],[134.3106471,53.5355501],[134.3213619,53.5540036],[134.4084309,53.5812825],[134.4455066,53.5584606],[134.4563066,53.6080365],[134.5412236,53.6182206],[134.6450039,53.748508],[135.010985,53.8573875],[135.1853929,53.9585104],[135.3941331,54.0988663],[135.5850206,54.268433],[135.7898495,54.6173217],[135.7748282,54.6702051],[135.7335689,54.6973131],[135.3160095,54.7817573],[135.2694631,54.8282686],[135.3061411,54.875311],[135.5724703,55.0451842],[135.7545245,55.0694745],[136.1189284,55.2360802],[136.2023836,55.2580149],[136.3815375,55.4060594],[136.424402,55.4897841],[136.4928613,55.5310279],[136.578775,55.5398292],[136.7252888,55.6009107],[136.8216395,55.6085028],[136.9756067,55.7387872],[137.1000174,55.7449141],[137.1607229,55.8165727],[137.2256145,55.8563581],[137.3323718,55.906213],[137.4440372,55.9129241],[137.5175725,56.0080007],[137.6112656,56.0668029],[137.7831665,56.1018406],[137.8587839,56.1804877],[137.9247671,56.2167063],[137.9913979,56.3266825],[138.0964333,56.3464696],[138.1539469,56.3847753],[138.2354249,56.3770924],[138.2981623,56.3950319],[138.3475353,56.4448677],[138.3482141,56.4826736],[138.3041448,56.513127],[138.2207897,56.5212034],[138.2059667,56.5608686],[138.3335118,56.5950426],[138.3515629,56.6479273],[138.4669021,56.664463],[138.503184,56.7448189],[138.5837829,56.7311452],[138.6580689,56.7593741],[138.6743296,56.7869981],[138.6626226,56.8612339],[138.6977906,56.9320305],[138.9463938,56.9801149],[139.0081303,57.0439641],[139.0233728,57.0927439],[139.0968416,57.1156679],[139.1600345,57.1878969],[139.2672671,57.2338732],[139.4766617,57.2660368],[139.5793664,57.3203983],[139.674308,57.4194258],[139.7639599,57.4328298],[139.8512151,57.3931717],[139.9294304,57.4086363],[139.9578951,57.4507894],[139.9083742,57.4923051],[140.0557604,57.6575069],[140.1683689,57.6965991],[140.3542561,57.7026611],[140.584752,57.8230298],[140.5970983,57.8891492],[140.7564295,58.1678808],[140.8528975,58.2701226],[141.0618919,58.3899092],[141.3654,58.4624706],[141.6361518,58.5794819],[141.797221,58.6790425],[142.0394302,58.9131106],[142.1600763,59.0022035],[142.431395,59.1342059],[142.6271001,59.1905125],[143.2653692,59.3121428],[143.348822,59.2822207],[143.4894664,59.2703592],[143.8880617,59.3532636],[144.4442991,59.3100735],[144.9601252,59.3125645],[145.2239702,59.3541435],[145.3555584,59.3392025],[145.5857706,59.3663614],[145.6620404,59.3602644],[145.7570996,59.3206711],[145.726788,59.2476704],[145.7573219,59.2045018],[145.8793494,59.1631623],[145.8881367,59.1349402],[145.9258702,59.1109868],[146.0613324,59.0899279],[146.2215706,59.1442129],[146.2956761,59.1305438],[146.3702606,59.1414507],[146.4503847,59.1838663],[146.4691286,59.2188109],[146.4213418,59.2673586],[146.4329702,59.3249479],[146.4203105,59.386895],[146.5081606,59.4081688],[146.5906453,59.3948773],[146.6134442,59.3596786],[146.6828852,59.3369477],[146.843651,59.3100735],[146.9874661,59.3148404],[147.1420748,59.2713884],[147.2468056,59.2773944],[147.4942474,59.1888734],[147.5942394,59.1941048],[147.6558694,59.231588],[147.7704725,59.2101315],[147.8558195,59.2209303],[147.9379176,59.2760501],[147.9426366,59.3073947],[147.9233385,59.3340727],[148.2971198,59.3492343],[148.3168287,59.333279],[148.3124152,59.2488897],[148.3482499,59.2176686],[148.5437443,59.1903342],[148.8385182,59.1978315],[148.8925684,59.1814509],[148.850806,59.1333794],[148.8843756,59.0902188],[149.0119167,59.0649504],[149.1750594,59.1311508],[149.2418472,59.1973113],[149.2281471,59.2376581],[149.1572437,59.2616774],[149.1961413,59.291849],[149.1940271,59.3279563],[149.1061013,59.372509],[149.0660841,59.4178856],[149.1074648,59.4310753],[149.244988,59.4125895],[149.3154461,59.44719],[149.3287973,59.5285382],[149.2851601,59.5644873],[149.2143006,59.5827729],[149.2039419,59.6073107],[149.3821407,59.665906],[149.6480418,59.7064021],[149.8296976,59.6821843],[150.1250494,59.6096445],[150.2687156,59.5977478],[150.2688708,59.56892],[150.2951159,59.5462717],[150.4182474,59.5206385],[150.4046677,59.4774407],[150.4405024,59.4464291],[150.5233201,59.4277071],[150.6308559,59.4376334],[150.660763,59.4048823],[150.7344746,59.384093],[150.990979,59.4102633],[151.0468845,59.4655179],[151.0374902,59.5206459],[151.1323676,59.5289494],[151.4035417,59.502652],[151.5855429,59.425299],[151.5900609,59.3910846],[151.6307482,59.3545747],[151.6276198,59.2930729],[151.6666906,59.2594787],[151.8560334,59.2465639],[151.9538729,59.2157857],[152.1036896,59.2240386],[152.0584639,59.199126],[151.9100722,59.1909829],[151.7939307,59.211879],[151.4270999,59.2180818],[151.3315069,59.1943201],[151.2939453,59.1621035],[151.1922635,59.1466102],[151.0868603,59.1575367],[151.0146561,59.1307794],[151.0083007,59.0753831],[151.1343557,58.9766419],[151.1474896,58.9382938],[151.2368569,58.8554231],[151.2444669,58.8148875],[151.3343126,58.7836298],[151.4986289,58.8106626],[151.7128446,58.7889969],[151.8565844,58.8223751],[152.0889603,58.8382973],[152.2095989,58.8734354],[152.253879,58.909504],[152.2638372,58.9494265],[152.3410761,58.9614884],[152.4186005,58.9562543],[152.5042038,58.9022233],[152.621155,58.8890282],[152.6889977,58.8604101],[152.9340359,58.8548703],[153.0092741,58.8927381],[153.041009,58.9813144],[153.0897883,59.0240858],[153.3267733,59.0354082],[153.4214263,59.0625017],[153.4550738,59.0998749],[153.4649747,59.1790518],[153.6180286,59.1369283],[153.77273,59.125439],[153.8610036,59.039153],[154.0350221,58.9931056],[154.2286128,59.0414852],[154.3737791,59.0542977],[154.4321362,59.0918885],[154.451026,59.148857],[154.4804253,59.1635716],[154.615936,59.1071837],[154.7961425,59.0817651],[154.8705941,59.0968277],[154.9026413,59.132096],[155.2014051,59.1250925],[155.4225801,59.1883671],[155.4831051,59.1491291],[155.5626185,59.1445301],[155.6251841,59.1701045],[155.640005,59.2238409],[155.605,59.2553015],[155.5313814,59.2680008],[155.6327545,59.2733983],[155.6859412,59.2972479],[155.6985527,59.338393],[155.659712,59.3741665],[155.5375918,59.3906382],[155.4091736,59.3509944],[155.3856105,59.3228426],[155.3969365,59.2920532],[155.4949833,59.2635924],[155.4267837,59.2289509],[155.369912,59.2603281],[155.2941325,59.2617591],[155.3222819,59.3119833],[155.2885135,59.3775099],[155.2139454,59.4271077],[155.1302455,59.4529522],[155.0830721,59.5106401],[154.9599264,59.5489032],[154.815572,59.5285128],[154.6503452,59.5947389],[154.5355367,59.5769273],[154.4613893,59.59901],[154.3331327,59.7299538],[154.3223185,59.7684121],[154.4301175,59.7843082],[154.5646971,59.8593922],[154.6286887,60.0358232],[154.7911416,60.1858082],[154.9646049,60.2946195],[155.2119384,60.3776536],[155.3773143,60.4742021],[155.4587942,60.4642677],[155.5458382,60.4916174],[155.6441745,60.585794],[155.7965992,60.6197729],[155.8527731,60.6595177],[155.9697448,60.6700903],[156.0186886,60.7276546],[156.0246257,60.8472787],[156.1627314,60.966356],[156.5203626,61.1446743],[156.5650831,61.157639],[156.6639785,61.1476297],[156.737109,61.1713261],[156.7671955,61.2116857],[156.7434311,61.286136],[156.7591669,61.3359047],[156.7345744,61.3882567],[156.764729,61.4660973],[156.9830191,61.5074827],[157.0634697,61.5555119],[157.1025219,61.6043142],[157.2815921,61.6379065],[157.4187284,61.6417297],[157.5337603,61.7360788],[157.7860321,61.7297158],[157.9192845,61.6940934],[158.0935591,61.6819375],[158.3244777,61.773834],[158.4611453,61.7324835],[158.6238617,61.7818692],[158.8542598,61.7672755],[158.9365081,61.7947497],[158.9631015,61.8439159],[159.099729,61.8672645],[159.2566874,61.8519727],[159.2106968,61.8191863],[159.2270969,61.7792026],[159.4067709,61.719531],[159.4137045,61.6639689],[159.4437805,61.6367928],[159.5992298,61.6021837],[159.7829022,61.6518633],[159.9571607,61.6682465],[160.0635736,61.7341768],[160.1175454,61.8020276],[160.2675835,61.8485137],[160.239065,61.8003015],[160.2615933,61.7678506],[160.0988547,61.6890107],[160.1090743,61.6538497],[160.1564929,61.6311928],[160.1314484,61.5874461],[160.1378858,61.5631697],[159.9491674,61.4943674],[159.9215604,61.4615675],[159.9299442,61.4348311],[159.8431187,61.4114868],[159.8260315,61.3705084],[159.7238139,61.3151325],[159.6303896,61.2329309],[159.6800827,61.1873911],[159.8250503,61.180122],[159.8557915,61.156604],[159.862198,61.1168776],[159.8393682,61.0667183],[159.7492214,61.0162566],[159.6823926,60.9473243],[159.6912953,60.9107361],[159.7266753,60.8844171],[159.8302967,60.8457952],[159.9136421,60.8450097],[160.1667514,60.9682611],[160.2378311,60.968417],[160.0732371,60.8456005],[160.0757219,60.8047593],[160.1314016,60.7441487],[160.0434109,60.6804993],[160.0258629,60.5966184],[160.0472125,60.5586929],[160.0935309,60.5354974],[160.2459402,60.5313541],[160.3659391,60.5710127],[160.4512624,60.6450627],[160.8688896,60.6810336],[161.0079586,60.852182],[161.2632582,60.9562624],[161.2982658,60.9979197],[161.5192188,61.0841539],[161.5589802,61.1311639],[161.6561984,61.1492515],[161.7173028,61.2178991],[162.0726604,61.3453306],[162.3933699,61.5447817],[162.6036728,61.5077553],[162.8351995,61.5445347],[162.8936103,61.5032875],[162.8707725,61.4482131],[162.9103457,61.4115983],[163.0153375,61.3959805],[163.1165946,61.4233989],[163.1376757,61.4526204],[163.1259249,61.4880388],[163.2030571,61.5199981],[163.2189082,61.5580266],[163.2976948,61.5690039],[163.4170659,61.6329956],[163.4514031,61.7007987],[163.428361,61.73523],[163.3280776,61.7770551],[163.1055043,61.8144336],[163.1751173,61.9344987],[163.2925038,62.0535059],[163.2059162,62.2010753],[163.3385488,62.2713348],[163.5595026,62.3048394],[163.6128592,62.3599816],[163.6020488,62.3902236],[163.548212,62.4142793],[163.4070031,62.4002712],[163.346537,62.4223486],[163.3778357,62.4513188],[163.3753467,62.4937909],[163.5290313,62.5024766],[163.8089163,62.5536624],[163.9543308,62.5396863],[164.0747394,62.6003565],[164.2967797,62.6114255],[164.414361,62.64195],[164.5663721,62.6128054],[164.591083,62.5565042],[164.7501654,62.5067552],[164.6211652,62.5089719],[164.4677093,62.4820234],[164.3667587,62.433052],[164.3306797,62.3951613],[164.1538971,62.3515648],[164.0257607,62.265433],[163.9922841,62.1649047],[164.0009094,62.1385273],[163.9690859,62.1039786],[163.9859397,62.0274331],[163.959607,61.9824623],[163.9761831,61.9034058],[163.9293176,61.8501878],[163.9563778,61.8002978],[163.9411295,61.7216593],[163.818161,61.6992295],[163.7591355,61.6661604],[163.7218557,61.5665473],[163.6490668,61.492806],[163.6288463,61.4362249],[163.640717,61.4058229],[163.6980822,61.3753003],[163.7914676,61.3659209],[163.8758077,61.3874788],[163.9077172,61.3572061],[163.8468035,61.2965893],[163.8398821,61.255399],[163.5761526,61.169416],[163.5209246,61.1258205],[163.5193909,61.0952798],[163.4219272,61.0632073],[163.3841552,61.022338],[163.3864299,60.9853002],[163.4267566,60.9519483],[163.5641028,60.9149742],[163.4087491,60.871499],[163.3457524,60.9222604],[163.2498211,60.9302117],[163.195469,60.9131961],[163.1567834,60.8644534],[163.0840285,60.8289846],[162.8927616,60.812084],[162.8822333,60.8472776],[162.850417,60.8696233],[162.7262514,60.8769931],[162.6787643,60.8545994],[162.6445818,60.8018608],[162.6760566,60.7576179],[162.7607441,60.7413167],[162.6957298,60.6854931],[162.6278464,60.6580356],[162.4754905,60.6595919],[162.3421698,60.5970032],[162.1455315,60.6052701],[162.0687015,60.5860969],[161.9611895,60.4838313],[161.8422591,60.4394499],[161.7845068,60.3236065],[161.7359816,60.2882917],[161.7462011,60.2515459],[161.7953048,60.2274662],[161.7350214,60.1833346],[161.4058971,60.0759439],[161.2385834,59.9481067],[161.1819176,59.8816649],[161.1021874,59.8491428],[161.0476007,59.7992965],[160.8694152,59.7410175],[160.8002793,59.6577879],[160.4134826,59.5884273],[160.3479214,59.5099754],[160.3482526,59.474636],[160.3000234,59.4138959],[160.2429871,59.3854247],[160.1266492,59.3689313],[159.9094465,59.2229846],[159.7705353,59.1576],[159.6196862,58.9956305],[159.6202518,58.9659033],[159.6532854,58.9381558],[159.6387487,58.9002493],[159.5452578,58.8636069],[159.4658786,58.7741444],[159.1346437,58.5920007],[158.9865727,58.4582711],[158.596803,58.3033956],[158.3322601,58.1705384],[158.267818,58.1186227],[158.090241,58.0524974],[157.9934538,58.037617],[157.8793846,58.0281433],[157.785819,58.0658676],[157.6313054,58.0610288],[157.4900303,57.9540846],[157.4939448,57.9081585],[157.4442937,57.8545871],[157.3368185,57.818482],[157.1317063,57.8357584],[157.0825525,57.8932688],[157.0185623,57.9101269],[156.7878866,57.8360425],[156.6820428,57.7214861],[156.7127312,57.6870276],[156.8082271,57.6653519],[156.8847213,57.5631842],[156.9093095,57.4409388],[156.8485516,57.3453337],[156.6711716,57.1571497],[156.6728335,57.1961053],[156.6336746,57.2229547],[156.5718682,57.2300394],[156.5103352,57.2104065],[156.48839,57.1720491],[156.5010768,57.144288],[156.4484413,57.1126587],[156.4527428,57.0545735],[156.409085,56.9897032],[156.0498247,56.8486976],[155.9121711,56.7198567],[155.8608304,56.6409068],[155.7884935,56.4448587],[155.5608672,55.9737898],[155.5332822,55.6950534],[155.4659748,55.4240079],[155.463247,55.2040603],[155.6493866,54.4207675],[155.8371788,53.9224371],[155.9432709,53.4257369],[155.9863739,53.3067924],[156.0503876,52.8697926],[156.3009056,52.3803089],[156.3608444,52.2166807],[156.391778,52.0677563],[156.4165641,51.7709418],[156.4030531,51.5015663],[156.4568817,51.2956747],[156.5011119,51.2400414],[156.5949924,51.2113019],[156.6377567,51.171158],[156.62099,51.086531],[156.668835,51.0405657],[156.6759423,50.9991163],[156.5787922,50.9032088],[156.5734183,50.8645025],[156.6139718,50.8227081],[156.6897223,50.813998],[156.7801338,50.854943],[156.9287113,50.9800373],[157.0087868,51.0128912],[157.147972,51.1087909],[157.3651563,51.2005378],[157.3875306,51.2267866],[157.3862975,51.263233],[157.4208884,51.2995081],[157.5441589,51.3328161],[157.5708644,51.3713633],[157.5697613,51.4101905],[157.6238948,51.4643691],[157.6778768,51.4478934],[157.7467646,51.4587107],[157.9075223,51.5719131],[157.9639107,51.5890167],[158.1006075,51.7543813],[158.1642588,51.7736695],[158.2351996,51.8589425],[158.3454742,51.9312003],[158.4153565,52.0839323],[158.4923988,52.1527511],[158.4938507,52.1977321],[158.5825783,52.2387338],[158.6399715,52.2975732],[158.6335795,52.3459147],[158.6544052,52.3900876],[158.5985063,52.4608866],[158.6090866,52.5356753],[158.5859642,52.5784851],[158.6825996,52.674181],[158.6633659,52.7302069],[158.7025124,52.7636036],[158.6944259,52.8046312],[158.7226594,52.8363737],[158.796125,52.8608397],[158.9738783,52.9950914],[159.1232675,53.0579754],[159.321897,53.1162616],[159.4231883,53.1059526],[159.5103074,53.1624906],[159.5804301,53.1640362],[159.6307578,53.1925714],[159.9268701,53.0633106],[160.0355935,53.0404809],[160.1053466,53.0631451],[160.1406811,53.1413741],[160.1110186,53.2771768],[160.0573705,53.3149059],[160.0463455,53.3575526],[159.97494,53.4277824],[160.0352352,53.4741636],[160.0345627,53.5727625],[159.9833243,53.6515227],[159.9811142,53.6947075],[159.9294517,53.7229573],[159.9293405,53.7914247],[159.959199,53.8996571],[160.0421235,54.0129252],[160.0712661,54.0865849],[160.1311515,54.144932],[160.3843417,54.2728582],[160.4649595,54.3382019],[160.6104891,54.4159515],[160.9065326,54.5189447],[161.1104957,54.5420653],[161.1502832,54.4781796],[161.2659648,54.4323441],[161.472248,54.4602854],[161.7177312,54.4542118],[161.788477,54.476963],[161.9011008,54.5634364],[162.2138991,54.727311],[162.2416376,54.8642762],[162.2146437,54.8971053],[162.1530691,54.9234747],[162.1371495,54.9607378],[162.0221849,55.0712854],[161.9518213,55.1039744],[161.8948213,55.1876699],[161.8380107,55.3450875],[161.8302628,55.4985072],[161.9085982,55.6774478],[161.9888621,55.7513367],[162.0128255,55.8167244],[162.1089265,55.9248856],[162.114168,55.9579682],[162.1562573,56.0013416],[162.1665927,56.0612219],[162.2734532,56.1119596],[162.57347,56.1763963],[162.767927,56.0189208],[162.8752463,55.9760247],[163.0482009,55.9565505],[163.1228305,55.9832272],[163.2277665,56.0875143],[163.3321496,56.1086486],[163.4430787,56.1680272],[163.4287013,56.2569693],[163.4449503,56.3250267],[163.4109949,56.3982458],[163.3635586,56.4467301],[163.3652994,56.486495],[163.3431107,56.5187102],[163.368046,56.5720795],[163.326838,56.6191922],[163.3652691,56.690847],[163.3257329,56.7565564],[163.2188318,56.7928501],[163.0540498,56.7919446],[162.9202782,56.7505131],[162.8802717,56.7752918],[162.876876,56.8600077],[162.9285815,56.9640557],[162.9429821,57.0466208],[162.864618,57.1892683],[162.8598637,57.2844684],[162.8670711,57.3274781],[162.9435855,57.3828275],[163.1545634,57.4459268],[163.1969087,57.4783917],[163.2206241,57.5266837],[163.296482,57.5522436],[163.3384232,57.6059402],[163.3322121,57.645289],[163.4150353,57.7094366],[163.4119295,57.7452494],[163.261213,57.8638569],[163.0842965,57.8715397],[162.7269957,58.0008299],[162.5024268,57.972578],[162.3484298,57.8422555],[162.3037275,57.8511928],[162.1363873,57.9353999],[162.0951517,58.0065411],[162.0908907,58.0801218],[162.1046269,58.1377072],[162.2106862,58.328433],[162.439831,58.5945068],[162.6081469,58.7127576],[162.810554,58.7759056],[162.9378444,58.8718198],[163.0804057,58.910548],[163.169582,58.9784121],[163.2761015,58.995132],[163.3232514,59.0269704],[163.342123,59.1003698],[163.308713,59.1676034],[163.4208884,59.2383108],[163.444868,59.3089491],[163.4251111,59.4190053],[163.321094,59.5025252],[163.5139122,59.6133996],[163.524132,59.6507576],[163.4746774,59.7364976],[163.5323235,59.8210654],[163.5893496,59.8477225],[163.6788095,59.8250118],[163.7588132,59.8325653],[163.8547213,59.9303245],[163.9586469,59.9678739],[164.0469337,59.9560386],[163.9678036,59.8980604],[164.0015157,59.8371176],[164.1738809,59.8053332],[164.2490343,59.8097862],[164.292118,59.8274985],[164.3182811,59.86406],[164.2963939,59.8952412],[164.2415447,59.9160319],[164.4066125,59.9570355],[164.4443169,59.9888283],[164.4631868,60.0381107],[164.54971,59.9851481],[164.6242345,59.9660033],[164.6721281,59.9209516],[164.7019772,59.8723645],[164.7032524,59.8117307],[164.7414626,59.7607234],[164.8786883,59.7396176],[165.155918,59.8306043],[165.220453,59.8836145],[165.2519162,59.9393991],[165.3126671,59.9767569],[165.308963,60.0107897],[165.2766096,60.0421379],[165.3877797,60.102554],[165.8388116,60.2280714],[165.9074298,60.2756897],[166.0625829,60.3192224],[166.147687,60.3810863],[166.1814277,60.3052475],[166.1743206,60.2391633],[166.1974207,60.2088302],[166.1005428,60.1362963],[166.0585905,60.0196488],[166.0629176,59.9761668],[166.0030391,59.8960892],[165.9806866,59.8027408],[166.0764039,59.7506028],[166.3023542,59.7604268],[166.387161,59.7896812],[166.4960163,59.8925784],[166.731857,60.0183077],[167.0508451,60.2495708],[167.5538984,60.3756011],[167.6700046,60.3851748],[168.1107796,60.5075597],[168.4473392,60.5440577],[168.5079154,60.5437184],[168.5819485,60.5097948],[168.6983564,60.490564],[168.8082436,60.5171703],[169.2303692,60.4941621],[169.6213437,60.3786229],[169.642328,60.3706059],[169.6322674,60.3269815],[169.6817232,60.250573],[169.768815,60.2047035],[169.8715795,60.0460715],[170.0289407,60.0001286],[170.0233156,59.9603787],[170.0636165,59.9311244],[170.2401043,59.8804375],[170.3481559,59.8840764],[170.4571893,59.9108251],[170.5132874,59.9500537],[170.5661958,60.0647422],[170.5967762,60.2109445],[170.7748258,60.2821467],[170.7941621,60.3050878],[170.7933396,60.3623161],[170.9298572,60.4415108],[171.1364882,60.4990894],[171.2474277,60.5077763],[171.4432123,60.5713039],[171.5585738,60.6658743],[171.6540693,60.6656639],[171.7141568,60.685382],[171.7704091,60.7686497],[171.9239553,60.7697081],[172.1718907,60.8080835],[172.2065166,60.8407214],[172.2123466,60.8827013],[172.3039275,60.9227703],[172.3306763,60.957507],[172.4807951,60.970438],[172.562394,61.0080069],[172.5940293,61.0443887],[172.6001282,61.1096992],[172.7203189,61.1299546],[172.7810673,61.1841332],[172.8525129,61.2092099],[173.0095982,61.2372009],[173.0620769,61.2753409],[173.0713244,61.3245641],[173.1988499,61.3421923],[173.401187,61.4148057],[173.4386033,61.4493322],[173.4397829,61.4899517],[173.5469075,61.5079607],[173.5995314,61.5427638],[173.6188347,61.6705022],[173.7895006,61.6033049],[173.9033481,61.6084442],[174.14151,61.7181347],[174.2644127,61.7498514],[174.6929905,61.7894448],[174.9596307,61.9001192],[175.2690144,61.9631685],[175.4139555,62.0388192],[175.6648041,62.1219083],[176.0212269,62.2044852],[176.3381931,62.2494716],[176.430667,62.2816707],[176.4939719,62.3331329],[176.6615927,62.3911765],[176.9648318,62.4671931],[177.2252588,62.4966454],[177.5627488,62.5190517],[178.031993,62.4865796],[178.1040365,62.4519802],[178.2856554,62.412806],[178.943876,62.3018728],[179.0309312,62.2355839],[179.1412565,62.2276325],[179.2417937,62.256749],[179.2844585,62.3003296],[179.2876431,62.3255129],[179.2620358,62.3539317],[179.2947633,62.3946037],[179.2639551,62.4297959],[179.4480716,62.4418558],[179.5197889,62.4867365],[179.5611902,62.5658451],[179.6924173,62.6002049],[179.7353556,62.6637778],[179.734624,62.7458245],[179.6652384,62.8702207],[179.5867369,62.9107987],[179.4338167,62.9345501],[179.4072237,62.9728309],[179.4170681,63.0027126],[179.4995325,63.0057461],[179.5601637,63.0356475],[179.5766956,63.0679271],[179.551298,63.1388938],[179.4312675,63.226253],[179.1698978,63.3141214],[178.9801409,63.4810263],[178.9352364,63.5730366],[178.8670509,63.8345432],[178.7836042,64.0070168],[178.3922403,64.4153732],[178.3037956,64.4757987],[178.2182748,64.4892178],[178.1304957,64.4688561],[178.107933,64.4415691],[178.1196232,64.4106424],[178.2071022,64.3277384],[178.0431083,64.2751346],[177.9483397,64.2663594],[177.6021458,64.425055],[177.5389615,64.4944404],[177.530054,64.5342258],[177.6018753,64.6202094],[177.5630944,64.6803182],[177.5946801,64.7337111],[177.4092858,64.7805629],[177.0838158,64.7354695],[176.7700188,64.7252105],[176.5193932,64.741916],[176.4109032,64.7671013],[176.3285058,64.8433922],[176.2323754,64.8830598],[176.0902398,64.9089871],[175.9989159,64.8952983],[175.9261315,64.8179859],[175.7503503,64.7486539],[175.5786889,64.7565615],[175.4145806,64.7275557],[175.1090234,64.7263831],[174.8741906,64.6891265],[174.7560876,64.6515246],[174.5466607,64.6518186],[174.1085788,64.7869996],[173.9959689,64.9316902],[173.8613864,64.9747134],[173.6993381,64.988652],[173.5784885,65.0257861],[173.5510226,65.0698159],[173.6389133,65.141498],[173.6746188,65.2475093],[173.5757419,65.3771392],[173.2873508,65.5049935],[173.345029,65.6435544],[173.3752414,65.8342797],[173.5098239,65.9710896],[173.5043307,66.0369901],[173.5757419,66.1460762],[173.5647556,66.2093091],[173.4329196,66.3496289],[173.3038303,66.4398143],[173.3862277,66.5329568],[173.3889743,66.608311],[173.2928439,66.6464468],[173.2818576,66.6921323],[173.2434055,66.7247131],[173.2928439,66.7539991],[173.4576389,66.7810847],[173.5427829,66.8146294],[173.5263034,66.8546067],[173.3724948,66.9203731],[173.3203098,66.9289851],[173.2818576,66.9052948],[173.0648776,66.9418973],[172.5100681,66.935442],[172.2985812,66.9063721],[171.6448947,67.0792037],[171.7135593,67.1358305],[171.8893405,67.2114814],[171.9168063,67.2773489],[171.721799,67.4801838],[171.4636203,67.5516087],[171.3647433,67.6572993],[171.5020724,67.7209034],[171.4800998,67.7739487],[171.4224216,67.8082082],[171.4224216,67.848632],[171.4828464,67.8879521],[171.4965793,67.92927],[171.4553806,67.9663934],[171.3427707,68.0013999],[171.3125583,68.0486775],[171.3482639,68.1613414],[171.3977023,68.2042132],[171.4169284,68.2897168],[171.4086887,68.3718644],[171.3729831,68.4264649],[171.2741061,68.5071133],[170.768735,68.7224351],[170.7220158,68.8249372],[170.6708905,68.8679734],[170.6667706,68.9075458],[170.6451413,68.9224906],[170.5230916,68.9654242],[170.4158339,68.9169755],[170.1336082,68.8542414],[169.686929,68.8211737],[169.600392,68.8428476],[169.5705191,68.8688132],[169.5948444,68.9355439],[169.5606621,69.0413899],[169.5285791,69.076133],[169.4243643,69.1220748],[169.1997405,69.1329888],[168.9984368,69.2059756],[168.7809011,69.2530734],[168.4249798,69.2600926],[168.402434,69.2750549],[168.3689953,69.3777876],[168.4398231,69.5316833],[168.416013,69.5718915],[168.8040449,69.5126613],[169.1651987,69.5046311],[169.300839,69.5234714],[169.3931455,69.5713863],[169.4652576,69.65664],[169.4525491,69.7105735],[169.5469541,69.7437258],[169.6140704,69.8139003],[169.5820553,69.8723756],[169.4956201,69.92909],[169.3379735,69.9716946],[169.1142274,69.9999223],[168.9678585,69.9908263],[168.5566712,70.0693214],[168.1497758,70.0486835],[167.8385684,69.9620357],[167.4874487,69.7466042],[167.0999948,69.5845739],[166.95059,69.5601206],[166.7190117,69.587321],[166.5522345,69.5571413],[166.4064508,69.5537716],[165.8284549,69.6211773],[165.2607168,69.6447661],[164.9511113,69.6193101],[164.6737576,69.6283797],[164.3759616,69.7026132],[164.2454766,69.7822587],[164.0645803,69.8027672],[163.8976925,69.7926182],[163.775744,69.7342928],[163.6929482,69.7248497],[163.2775444,69.7576313],[162.8043667,69.6948475],[162.6355533,69.7208899],[162.4728584,69.7110213],[162.3409599,69.7281516],[162.1409588,69.6808817],[161.9935173,69.7110154],[161.2825714,69.6546443],[161.1761711,69.7023761],[160.9807376,69.73564],[160.8754533,69.7318682],[160.7975403,69.7006553],[160.4469764,69.7268243],[159.936705,69.8302725],[159.9302037,69.913016],[160.0090693,69.9653776],[160.1570415,70.158768],[160.2274641,70.2126913],[160.2508469,70.2617905],[160.1792911,70.4189606],[160.0361368,70.5516515],[159.7731366,70.7007233],[159.305233,70.8523309],[158.5792899,71.002056],[158.1273583,71.0580887],[157.2956373,71.1141798],[156.022592,71.1315199],[154.5104404,71.0172285],[153.9212088,70.9414591],[153.1095171,70.8787065],[152.5644955,70.8760676],[152.4526424,70.8919742],[152.3155883,70.9456035],[152.2448694,70.9845763],[152.1703698,71.062953],[152.0797415,71.1074174],[151.9661794,71.2110578],[151.7093524,71.344659],[151.3792772,71.4595935],[151.1312298,71.5024072],[150.9107576,71.5146115],[150.3519794,71.6945135],[150.2327923,71.7119368],[150.2228589,71.796818],[150.2766706,71.8316003],[150.2921512,71.8854244],[150.2229633,71.9725525],[149.9661554,72.1010546],[149.4084056,72.244028],[148.4823892,72.3710592],[147.6747767,72.3900899],[147.0609618,72.3643715],[146.8808993,72.4072694],[146.0282468,72.5316115],[144.3995324,72.6929141],[143.3604223,72.7442308],[142.1143762,72.7651337],[141.7308488,72.8091062],[141.4902744,72.8818067],[140.8870559,72.9312727],[140.6186501,72.9129202],[140.5300416,72.8697753],[140.5982899,72.7733725],[140.8019507,72.6821976],[140.8087868,72.5988768],[140.7675844,72.5743487],[140.5191166,72.5368941],[140.2759841,72.5792574],[140.0440637,72.5300124],[139.862553,72.5493461],[139.494502,72.5338921],[139.1462262,72.4021807],[138.9939929,72.3046263],[138.9603304,72.2445927],[139.0043709,72.174051],[139.0986679,72.1383999],[139.2320919,72.1251145],[139.2501779,72.0457348],[139.1912632,71.9629288],[139.2085612,71.9013667],[139.3350178,71.8654128],[139.549243,71.8718337],[139.5977593,71.8129206],[139.6103061,71.6877541],[139.6634274,71.6248478],[139.6329575,71.5486022],[139.4146316,71.5550178],[139.2932151,71.6173578],[139.2189429,71.633773],[139.1522957,71.7236362],[139.0677179,71.7651666],[138.9769472,71.7831196],[138.8759565,71.887003],[138.6458141,71.9348766],[138.4649046,71.9491887],[138.3499567,71.9349028],[138.1791703,71.8675446],[138.1613247,71.8406098],[138.1971922,71.8090335],[138.2059585,71.7231522],[138.0207473,71.6459093],[137.4277708,71.6508409],[136.9288397,71.5982187],[136.6598307,71.6494315],[136.4991487,71.6463687],[136.0863222,71.7041349],[135.7764924,71.7105557],[135.5387495,71.6857844],[134.8850939,71.5562415],[134.7314005,71.5191413],[134.5736307,71.4389874],[134.3282998,71.4142544],[134.1484437,71.4243463],[133.7024766,71.503389],[133.4982863,71.5590743],[133.2988746,71.6415807],[133.1714276,71.7331925],[133.21864,71.8037826],[133.4173401,71.7940284],[133.4962094,71.8156854],[133.5236853,71.8472938],[133.4527218,71.9246856],[133.309528,71.9873576],[133.0887604,72.0259334],[132.7137188,72.0043453],[132.5669312,71.9756027],[132.4647632,71.9335107],[132.1532319,71.7188717],[132.0000299,71.5495475],[131.8417269,71.2748336],[131.6357609,71.1254902],[131.6357609,71.0212493],[131.6007751,70.975765],[131.3670673,70.8284844],[131.2531997,70.7822898],[131.1806176,70.7751775],[131.047361,70.8934505],[131.0031548,70.9811235],[130.9653893,71.0026002],[130.8066052,71.0160734],[130.6644714,70.975042],[130.5014646,70.9617411],[130.2791736,71.1032992],[129.9828271,71.1386146],[129.9147315,71.233511],[129.8688335,71.2620384],[129.6502136,71.3109134],[129.452994,71.5782822],[129.4746691,71.6607215],[129.6921981,71.6514767],[129.8008765,71.5733507],[129.8584192,71.478001],[129.9369925,71.4475681],[130.1358911,71.4501839],[130.2002093,71.4765799],[130.2282308,71.5203194],[130.2204333,71.5739122],[130.1352155,71.6324926],[130.0197241,71.6650772],[129.8602691,71.664116],[129.7747752,71.7318234],[129.577306,71.8200906],[129.4807954,71.8957896],[129.4828798,71.9814402],[129.5724538,72.0468356],[129.7509906,72.1242386],[129.796239,72.2310114],[129.7800924,72.2675581],[129.7919521,72.3517668],[129.8104436,72.3718955],[129.8109722,72.4594136],[129.7354204,72.6754611],[129.7198896,72.8169603],[129.7594808,72.8835331],[129.7357032,73.0024655],[129.6057151,73.0721393],[129.2175471,73.1843954],[129.0765958,73.2439608],[128.2727891,73.4773615],[127.9284846,73.5503055],[127.6679508,73.5738107],[127.0005926,73.5704856],[126.7095467,73.5117937],[126.6491774,73.5143132],[126.3686329,73.5975924],[126.2587691,73.6806093],[126.0339534,73.7308435],[125.9086182,73.7349019],[125.7269785,73.7029662],[125.4815959,73.6886257],[125.2313966,73.7487412],[125.007675,73.7542062],[125.0064736,73.8399939],[125.1186567,73.8758255],[125.1371481,73.8942642],[125.1288778,73.9139228],[125.0529369,73.9410064],[124.7759529,73.9808958],[124.3347009,73.9574969],[123.9885768,73.8574065],[123.6944846,73.8725824],[123.5912569,73.8535667],[123.5556099,73.8260703],[123.4698896,73.8424643],[123.4939718,73.9266875],[123.4118838,74.0141832],[123.309852,74.0405652],[123.1724676,74.0418679],[123.0001779,74.0021713],[122.9109696,73.8666938],[122.9424878,73.8282091],[123.0867934,73.7919514],[123.1226921,73.711901],[123.0548805,73.6524155],[122.9837679,73.4889658],[123.1666235,73.2057207],[123.2223965,73.1652058],[123.2377641,73.0808062],[123.2091918,73.0566816],[123.120246,73.0379003],[122.9970503,73.0974533],[122.8334813,73.1306304],[122.3230124,73.1267765],[122.0076789,73.0659589],[121.8835477,72.9970236],[121.7864145,73.0194971],[121.5952313,73.0254656],[121.1386782,72.9817472],[120.6945195,73.0405952],[120.6568292,73.0578062],[120.6128339,73.146684],[120.5733998,73.1695767],[120.1079842,73.2349125],[119.5585342,73.2097537],[119.175596,73.1499705],[118.8158889,73.1856751],[118.8141716,73.272928],[118.9645374,73.3106707],[119.0559702,73.4006339],[119.1970133,73.4533285],[119.2148525,73.4908919],[119.1746332,73.5247457],[119.0923455,73.5510971],[118.6928564,73.6112805],[117.4229224,73.6329541],[116.6402995,73.7196434],[116.30609,73.7133158],[115.4961547,73.7656288],[115.1818604,73.7415772],[114.7484385,73.648073],[114.2022972,73.6491464],[113.7203543,73.5858511],[113.33731,73.8939423],[113.1390735,73.954886],[113.043323,74.0097038],[113.055323,74.0845337],[113.0908344,74.1108049],[113.3963407,74.1796507],[113.6535348,74.3214775],[113.6909868,74.3768742],[113.6493427,74.4370963],[113.4978068,74.5060648],[113.2365045,74.556421],[113.2043161,74.6378877],[113.2186857,74.6598158],[113.2066752,74.6878824],[113.0766802,74.7319425],[112.9113877,74.7391874],[112.7594546,74.7114856],[112.7193245,74.686168],[112.7205858,74.6307662],[112.6559814,74.5733739],[112.1268621,74.6106423],[112.1067215,74.6947349],[112.3335824,74.8193602],[112.4040703,74.83959],[112.6299754,74.8457418],[113.0110424,74.9304008],[113.7136107,75.184198],[113.8953861,75.2973022],[113.965524,75.4293885],[113.932893,75.5087046],[113.932299,75.5926365],[114.0036957,75.6772665],[114.1350878,75.780126],[114.126001,75.8928836],[114.0698306,75.9457761],[113.8366234,76.0070706],[113.7659792,76.0443314],[113.6878542,76.1624543],[113.6257197,76.2053233],[113.6285604,76.2880645],[113.7086346,76.3248559],[113.7206248,76.366843],[113.5759065,76.448723],[113.3570392,76.50978],[112.9367019,76.5308544],[112.7751252,76.6326264],[112.6153749,76.670009],[112.3449706,76.6954261],[112.0018526,76.6806089],[111.3671505,76.8129412],[110.8481667,76.8457702],[110.6661894,76.8396845],[110.4637747,76.8032521],[109.9179026,76.7525017],[109.4614479,76.8077335],[108.6867449,76.7570292],[108.3571782,76.7984015],[107.9787416,76.7929255],[107.7895406,76.7677295],[107.7144126,76.7355827],[107.7232627,76.6480166],[107.6850718,76.5700521],[107.4440327,76.5878522],[107.1193666,76.5761949],[107.0828222,76.6533007],[107.1067956,76.6758972],[107.4548651,76.7703987],[107.6591002,76.8597974],[107.789759,76.8911762],[107.9928549,76.884693],[108.3631089,76.9359976],[108.4524394,76.9600759],[108.4720453,76.9874253],[108.3370799,77.039026],[108.173982,77.064475],[107.8415178,77.0496253],[107.6377267,76.9912163],[107.4814767,77.0478495],[107.1643806,77.07446],[107.1737172,77.1601178],[107.5063492,77.1613943],[107.8386921,77.2111838],[107.9517291,77.2426654],[108.0116404,77.303697],[107.9686622,77.3467609],[107.710525,77.4437285],[107.4577377,77.4518404],[107.3015569,77.4107977],[107.2215126,77.4457374],[107.1945145,77.4767824],[107.06265,77.5068089],[106.8527685,77.5217894],[106.662386,77.5089223],[106.4790113,77.5673932],[106.2238206,77.5702191],[106.0166667,77.6028439],[105.3831015,77.6063715],[105.1771768,77.6313275],[104.9165113,77.7208875],[104.2786981,77.7733128],[103.9441457,77.7587915],[103.5890138,77.6802282],[103.1751701,77.6771559],[102.7948674,77.6107327],[102.6645676,77.5612337],[102.3705066,77.5519291],[102.2498791,77.5191571],[102.1815115,77.4389241],[101.8878417,77.3971908],[101.6998092,77.304177],[101.1641935,77.1374855],[101.0045404,77.0365031],[100.8365268,76.9780154],[100.7747382,76.9292952],[100.4607231,76.9739582],[100.2997197,76.9609923],[100.2152643,76.9282363],[100.2311424,76.8962115],[100.3252703,76.8710259],[100.5949981,76.8716265],[100.6678647,76.8474865],[100.7638128,76.7720547],[100.88774,76.7173996],[100.9148382,76.6281333],[100.8297991,76.5802778],[100.7169782,76.5497514],[100.4354684,76.5182697],[100.0610347,76.5244196],[99.6792875,76.5057877],[99.0318941,76.5590784],[98.7966189,76.5468024],[98.6440564,76.5125182],[98.5910555,76.4728086],[98.6100486,76.445147],[98.717875,76.3973059],[98.6996223,76.3115065],[98.2762747,76.2299507],[97.9887354,76.2063924],[97.6680172,76.1428455],[97.3627264,76.1613416],[97.3244956,76.2241101],[97.4336601,76.3530041],[97.5652547,76.3657827],[97.6717028,76.4006282],[97.6927839,76.5237408],[97.8487462,76.5558263],[97.885379,76.5797343],[97.9078534,76.635746],[97.9558268,76.6518483],[98.1837766,76.6573934],[98.3055806,76.6975765],[98.3054381,76.7348158],[98.2398465,76.7637646],[98.1889475,76.8236608],[98.2112079,76.9240956],[98.1118035,76.9612062],[97.9411918,76.9743584],[97.2322406,76.9017954],[97.1173282,76.9017257],[96.8781299,76.9411848],[96.6019588,76.924355],[96.6114121,77.0097164],[96.7732653,77.0785935],[96.8175119,77.1393104],[96.6737954,77.2165935],[96.3750558,77.2319609],[95.8244724,77.1293644],[95.3334555,77.0706995],[95.0982467,77.0133541],[95.023939,76.9726918],[95.0531884,76.9412598],[95.1601425,76.9169242],[95.3967039,76.9125647],[95.4707766,76.8527378],[95.446333,76.7781636],[95.090517,76.7829331],[94.6391385,76.8275659],[94.3914343,76.8207944],[94.1941263,76.7585754],[94.1242649,76.6846061],[93.8513305,76.6722894],[93.7007047,76.5853601],[93.7290117,76.5363974],[93.8231397,76.5105328],[94.4206811,76.479329],[94.4377196,76.3932787],[94.3350916,76.3574345],[94.3262485,76.2502828],[94.1960244,76.2199815],[93.8737457,76.2330252],[93.5077115,76.1579801],[93.1888714,76.1646299],[92.6580048,76.0574947],[92.5243139,76.0522932],[92.1204111,76.1218833],[91.3843991,76.1009989],[91.241479,76.0733103],[91.2202307,76.0487879],[91.2508411,76.0240921],[91.4415233,75.9990209],[91.4483225,75.9143537],[91.4173188,75.885184],[91.5045796,75.8450227],[91.499814,75.7601287],[91.4079631,75.7262936],[91.2377111,75.7448548],[90.823251,75.7192495],[90.3730094,75.646148],[89.818348,75.6587788],[89.6480303,75.636288],[89.5081469,75.5944959],[89.3862281,75.5862286],[89.3557995,75.586862],[89.3288447,75.7081747],[89.1612672,75.7441048],[88.9466809,75.7311231],[88.6003082,75.7569638],[88.2824129,75.7402577],[87.7357434,75.6745594],[87.6770094,75.6533097],[87.6517397,75.6132893],[87.7538279,75.5753423],[87.9414968,75.5677561],[88.1656365,75.5877887],[88.3184306,75.6377426],[88.5310763,75.6521633],[88.7263565,75.6110058],[88.9434262,75.6213778],[88.9888558,75.5496315],[88.9288433,75.4880794],[88.5947144,75.4340353],[88.4722002,75.3655568],[88.3286492,75.3162996],[88.0362009,75.323009],[87.8943978,75.3016799],[87.8542678,75.2773176],[87.8716529,75.2461643],[87.8334219,75.1680703],[87.0910067,75.2094941],[86.7598097,75.1527276],[86.704184,75.1218665],[86.6222047,75.034338],[86.1902054,75.0150074],[86.0117176,74.9500243],[85.0723911,74.9249691],[84.9068246,74.8615013],[84.8834029,74.7589481],[84.902903,74.7320719],[84.8875266,74.647684],[84.7133223,74.6133714],[84.5986726,74.5594111],[84.2424767,74.5233707],[84.1078536,74.4975252],[84.0527763,74.4670655],[84.052663,74.4437413],[84.104568,74.3930527],[84.174775,74.3586648],[84.3268216,74.3434436],[84.5008272,74.3621205],[84.6785158,74.3565894],[84.7689444,74.2670056],[85.0171946,74.2370976],[85.0470681,74.1637178],[84.9801434,74.0849315],[84.6012684,74.1007534],[84.127866,74.06773],[83.8784102,74.0778806],[83.6449024,74.1568717],[83.3000532,74.189417],[82.9149427,74.1444931],[82.8336982,74.1489145],[82.7008322,74.1892766],[82.5184065,74.1887506],[82.3574659,74.1596034],[82.2594452,74.1056087],[82.2961811,74.0551169],[82.4718577,74.0100021],[82.7152816,74.0005944],[83.0438965,74.0269569],[83.3478609,73.9962867],[83.6243991,74.0169078],[83.8017289,73.95795],[84.3297501,73.9143326],[84.3917656,73.8411758],[84.3704445,73.7621537],[83.3787268,73.691927],[82.3942371,73.7014714],[81.5737227,73.673548],[80.8695558,73.6146209],[80.488932,73.6122387],[80.2047294,73.5873563],[79.9884744,73.5407152],[79.9707378,73.5211117],[79.9670497,73.4532616],[80.1508468,73.3841543],[80.1855816,73.3046786],[80.163627,73.2021175],[80.1376412,73.1777097],[80.1478369,73.1572497],[80.3009841,73.1140262],[80.4312034,73.0377253],[80.5457561,73.0195884],[80.6538738,72.9538829],[80.6614147,72.8664875],[80.6155899,72.7927048],[80.5051838,72.7258949],[80.5264994,72.6202022],[80.566871,72.5889243],[80.5886355,72.518546],[80.5459129,72.4331303],[80.6005135,72.3843455],[80.7241721,72.3447276],[80.8904909,72.2244896],[80.9054633,72.2093272],[80.884426,72.1263189],[80.1789933,72.224196],[79.8299625,72.3348014],[79.5549052,72.3986807],[78.5998479,72.4356922],[78.4448747,72.5628769],[78.248087,72.6089994],[77.9009531,72.6453111],[77.5911233,72.6545885],[77.3503637,72.6096418],[77.1451611,72.5353569],[77.0228781,72.4593535],[76.8513773,72.4271405],[76.7604915,72.3868278],[76.6770588,72.3093264],[76.7090278,72.1799868],[76.6802266,72.1041144],[76.1954633,72.0371127],[75.8997245,71.9498527],[75.8141136,71.9038525],[75.8225528,71.8765288],[76.1527152,71.5624872],[76.57716,71.4248021],[77.0103474,71.3587854],[77.1435662,71.3039505],[77.1312647,71.2182389],[75.9355523,71.2687419],[75.5385801,71.3333746],[75.5334622,71.4168688],[75.6617135,71.5184479],[75.6738985,71.6426172],[75.6430282,71.685013],[75.4755132,71.7375952],[75.4263993,71.7737761],[75.4222674,71.8576035],[75.5731907,71.9524576],[75.6832759,72.1178452],[75.8709415,72.1669756],[75.9143978,72.2051551],[75.847983,72.3320263],[75.7592046,72.3707848],[75.7679935,72.453852],[75.8253329,72.4740875],[75.8544778,72.5074286],[75.8337785,72.5447144],[75.662156,72.6288632],[75.6477645,72.7105766],[75.659694,72.7423988],[75.6359259,72.7676121],[75.0848973,72.9215756],[75.0658118,73.0063836],[75.0919832,73.0410288],[75.030076,73.0767916],[74.5086678,73.167742],[74.288648,73.1625019],[74.0901917,73.1203921],[73.9620329,73.0535767],[73.9409083,73.0254569],[73.946098,72.9753912],[74.1738958,72.8816697],[74.568072,72.784192],[74.7483341,72.6742595],[74.865988,72.4662686],[74.8889527,72.3121513],[74.8711238,72.2392064],[74.748144,72.1551942],[74.610662,72.1076277],[73.5534179,71.8941932],[73.3391263,71.8275479],[73.2786022,71.7743526],[73.3052549,71.6575327],[73.2520946,71.591843],[72.9901983,71.4982583],[72.8650474,71.4018916],[72.9278155,71.3511383],[73.2180057,71.2829543],[73.4271356,71.1949957],[73.5920033,71.0275335],[73.6930854,70.9788362],[73.7490818,70.8667489],[73.7882036,70.8297009],[74.1007036,70.6760594],[74.1529471,70.6015339],[74.1445521,70.5084626],[74.0848361,70.4484887],[73.5512273,70.1381823],[73.5474783,70.1072866],[73.6030038,70.0058692],[73.5974693,69.9848022],[73.5448344,69.8930532],[73.4925769,69.8298574],[73.425162,69.7936039],[73.39835,69.7392837],[73.5103272,69.5997972],[73.6630261,69.5207387],[73.7427908,69.4372675],[73.7367742,69.3351714],[73.6544953,69.228617],[73.6407722,69.1681864],[73.7307578,69.0740496],[73.8754316,69.0281773],[74.0682976,69.0292391],[74.3586508,69.0814903],[74.5357255,69.0748827],[74.6573519,69.0374365],[74.8036763,69.0248086],[75.2144256,69.0664273],[75.3351306,69.1362794],[75.5403595,69.1961105],[75.9952425,69.1899926],[76.2942928,69.1120074],[76.2694186,69.0283337],[75.6005626,68.9474743],[75.3804214,68.9388796],[74.7714945,68.8442731],[74.3594051,68.7249296],[74.303002,68.6484268],[74.2934313,68.4731247],[74.1975341,68.3850455],[74.1928974,68.3544955],[74.225725,68.322454],[74.4685064,68.2135392],[74.6385446,68.0287177],[74.6779025,67.960357],[74.676127,67.8886214],[74.6563401,67.8008096],[74.603268,67.7147047],[74.4042928,67.61394],[74.050067,67.4902072],[73.9714434,67.4435902],[73.7829389,67.2949324],[73.7823362,67.1508289],[73.7193035,67.0468412],[73.6492622,66.9984157],[73.5325272,66.9693722],[73.3791239,66.8691783],[72.9180928,66.7606911],[72.8143098,66.6994083],[72.3686039,66.6339561],[72.1707396,66.5247991],[72.1297405,66.4118008],[71.9833123,66.3035644],[71.9112865,66.3040872],[71.6652936,66.369189],[71.2952796,66.4046895],[71.2896493,66.490368],[71.7050697,66.614038],[71.7797373,66.6909444],[71.7565588,66.7455092],[71.7724431,66.828227],[72.1330782,67.0047285],[72.2376868,67.084766],[72.332733,67.1176817],[72.3656748,67.1516905],[72.366405,67.2000495],[72.4211513,67.2681862],[72.5215404,67.2986267],[72.6159987,67.4607456],[72.7507902,67.5529619],[72.9052983,67.5768237],[73.2362057,67.6755951],[73.2596725,67.7027089],[73.2755294,67.8034105],[73.3306952,67.8484419],[73.3349765,67.9204433],[73.216753,68.0323698],[73.2077975,68.1181972],[73.2898268,68.2260657],[73.3572984,68.2691659],[73.7303207,68.392406],[73.7558294,68.4195865],[73.7659517,68.4725946],[73.7428567,68.5230413],[73.6935914,68.5657799],[73.2256878,68.7617379],[72.8910346,68.8539531],[72.7754388,68.9231323],[72.6704135,69.0187186],[72.6366777,69.0803013],[72.6325942,69.1660433],[72.7632868,69.2685557],[72.7503141,69.3311778],[72.800563,69.4741511],[72.7189463,69.5828726],[72.7221377,69.6688834],[72.8073649,69.7360204],[72.8325232,69.8034244],[72.7893766,69.8873058],[72.699415,69.9561663],[72.6884019,70.0412754],[72.7485512,70.1364409],[72.7201294,70.191578],[72.6681594,70.2259287],[72.6656947,70.3120802],[72.8150673,70.3465405],[72.8641831,70.3737497],[72.8936028,70.4168831],[72.90125,70.5112752],[72.8663927,70.5593355],[72.8687693,70.6445023],[72.913134,70.7222503],[72.9332103,70.8641786],[72.8200118,70.9503201],[72.8248879,71.0711825],[72.7012648,71.1623873],[72.2374416,71.2933842],[72.0511908,71.4266504],[72.062313,71.5132128],[72.2647625,71.5601666],[72.4711612,71.6741138],[72.5307573,71.8175786],[72.6380646,71.8629814],[72.7287305,72.0112237],[72.8725515,72.096024],[72.9209255,72.2028465],[73.0128214,72.2417351],[73.0234463,72.2769532],[72.9648526,72.3772128],[72.9879634,72.4560111],[73.1743981,72.5286554],[73.1619406,72.6731207],[73.0876044,72.7138572],[72.9222552,72.7497067],[71.7848631,72.9210825],[71.7920128,73.0073469],[71.8794642,73.0255567],[71.9167962,73.0592825],[71.8805897,73.1435951],[71.7907902,73.2461788],[71.436326,73.4399171],[70.9788383,73.5239358],[70.7711659,73.5281745],[70.2171584,73.4841954],[69.9497438,73.4317596],[69.8446534,73.3901321],[69.8268078,73.365392],[69.8552169,73.2675223],[69.8499992,73.1833612],[69.7772009,73.0632571],[69.7164093,73.006582],[69.4579791,73.0063566],[69.2697529,72.9783377],[69.2075644,72.947504],[69.0579136,72.8217472],[68.8453485,72.7042404],[68.6585738,72.4323147],[68.5982045,72.2697417],[68.3902999,71.9190549],[68.1898239,71.7494746],[67.8763004,71.5750475],[67.2457425,71.3854788],[66.8079375,71.3016475],[66.6999043,71.1978638],[66.449852,71.0179707],[66.2930764,70.828602],[66.2601575,70.6736509],[66.2741673,70.6072103],[66.330987,70.5357332],[66.4742685,70.4518567],[66.7258549,70.3618423],[66.9550756,70.3349299],[66.9914003,70.2551038],[66.9739359,70.2178574],[66.9748946,70.1213114],[66.7854344,70.0337787],[66.6908037,69.9028192],[66.6496672,69.7943547],[66.6401291,69.7148526],[66.6630167,69.5511693],[66.8470013,69.3726373],[67.0335257,69.3171736],[67.1846933,69.3093848],[67.2750697,69.3279546],[67.4412582,69.4141382],[67.8409117,69.4381726],[67.8775054,69.3216639],[67.961168,69.2109494],[68.1857797,69.0721958],[68.3340344,68.9483656],[68.5525252,68.8746683],[68.921356,68.837566],[68.7700009,68.6191045],[68.4413756,68.3799262],[68.4144558,68.3346086],[68.3018863,68.4266707],[67.9823971,68.4971403],[67.7319705,68.6132336],[67.4580833,68.7079038],[67.5366893,68.7368897],[67.5459637,68.78568],[67.4041048,68.8580471],[66.6949694,68.934393],[66.5539427,69.0255695],[66.3329378,69.1062857],[65.4507084,69.2217706],[65.3452606,69.245791],[65.2283303,69.3050359],[65.1096332,69.3214519],[64.4469277,69.530493],[63.9394224,69.6360822],[62.7639244,69.7730823],[62.2236548,69.7811804],[61.8811313,69.8004778],[61.7655418,69.8238248],[61.5575982,69.8201344],[61.4837878,69.830248],[61.3007179,69.9022974],[61.1983727,69.9169291],[61.0021173,69.8979148],[60.8253236,69.9166333],[60.6272914,69.8753855],[60.6369366,69.9185584],[60.5705138,69.9620639],[60.3649569,70.0161972],[60.2104312,70.081846],[60.2013601,70.1107655],[60.1568973,70.1321562],[59.9659673,70.1503177],[59.915454,70.1871754],[59.7064044,70.2507756],[59.50484,70.3771403],[59.237756,70.4600003],[59.1832339,70.5021795],[59.070303,70.5208497],[58.8613006,70.4790233],[58.7031029,70.5123648],[58.5595661,70.5004511],[58.5058145,70.4650156],[58.5455946,70.4128175],[58.3588929,70.4207021],[58.2543028,70.3934964],[58.238627,70.3593938],[58.2970838,70.304422],[58.1916834,70.2850569],[58.1589761,70.2464553],[58.2072432,70.1858633],[58.390365,70.1329894],[58.4608355,70.0489939],[58.5560591,69.989423],[58.6796953,69.9323962],[58.8347295,69.8934006],[58.8925154,69.8489126],[58.9763262,69.8185247],[59.2015375,69.8030468],[59.3049619,69.7646299],[59.4127967,69.7642804],[59.3682855,69.7395136],[59.3701592,69.7079108],[59.5093466,69.6634779],[60.0369072,69.6088098],[60.0266519,69.5561089],[60.0785723,69.4843204],[60.4850566,69.2322626],[60.4825845,69.1390919],[60.5221453,69.0938543],[60.6189657,69.0525587],[60.7814019,69.0351595],[60.8074729,68.9754145],[60.785114,68.9256368],[60.6617224,68.8835883],[60.5916342,68.8227403],[60.4215434,68.7478731],[60.1243215,68.7310707],[59.9183408,68.762212],[59.692179,68.6738172],[59.656068,68.6394269],[59.6737965,68.5856083],[59.809607,68.4970697],[59.8304581,68.453719],[59.7423771,68.4065255],[59.64135,68.3841046],[59.2623173,68.4402263],[59.3268708,68.5143899],[59.3057373,68.5473332],[59.2627524,68.5664629],[59.3114439,68.5871588],[59.3313623,68.6179187],[59.5465515,68.6281172],[59.6070158,68.6503202],[59.6289948,68.6812655],[59.6147278,68.7069842],[59.5466686,68.7389324],[59.56857,68.7639905],[59.5474365,68.8055076],[59.4486214,68.8345005],[59.3068754,68.9086195],[59.455416,68.9458184],[59.6418251,68.9561894],[59.6874472,68.9901933],[59.6660199,69.039643],[59.6193689,69.0763371],[59.4917027,69.1254124],[59.4622214,69.1539085],[59.4531598,69.2274767],[59.3990966,69.2729007],[59.2220369,69.3294508],[58.9179451,69.3866076],[58.8347688,69.4334241],[58.7213783,69.4451359],[58.7244914,69.4881285],[58.6571327,69.5237685],[58.4366944,69.5360527],[58.3463133,69.5090212],[58.3084829,69.4729909],[58.3101406,69.4517288],[58.3777143,69.4157948],[58.4903335,69.3985155],[58.4886684,69.372048],[58.5134871,69.3525513],[58.7620928,69.2573399],[59.0558791,69.200452],[59.0980425,69.1158951],[59.238349,69.0628475],[59.2638331,69.0327733],[58.8093308,69.0232735],[57.7408793,68.8268798],[57.2781113,68.7840355],[57.1365989,68.7541011],[57.0207225,68.6804059],[57.0400754,68.6349456],[57.1395238,68.6085392],[57.2476624,68.6151016],[57.361776,68.6579594],[57.3469097,68.6161432],[57.2661982,68.5839711],[57.118582,68.5771879],[56.9620031,68.598593],[56.8752992,68.6422123],[56.6603082,68.6743889],[56.3267692,68.6412889],[56.1771335,68.6844509],[56.0438702,68.6972624],[55.8811579,68.6836069],[55.6067946,68.6047386],[55.3400988,68.6018976],[54.8851646,68.4527316],[54.8210849,68.3786196],[54.7062924,68.3250714],[54.7168014,68.2820697],[54.7737724,68.2521174],[54.7535154,68.241078],[54.4948527,68.3985967],[54.3688725,68.4039268],[54.221419,68.3746349],[54.1215997,68.3844867],[54.0932563,68.3994448],[54.0780706,68.4768752],[54.037011,68.535982],[53.8798679,68.6279665],[53.9884239,68.6762798],[54.0060555,68.7009776],[53.9901921,68.7389845],[54.1064879,68.7772988],[54.4107419,68.7334632],[54.5211033,68.7547507],[54.5581185,68.7871083],[54.5185559,68.8274217],[54.387736,68.8649264],[54.0920413,68.8774024],[54.4326467,68.9044823],[54.5617378,68.8835551],[54.7803973,68.9005336],[54.9159131,68.8623877],[55.1471526,68.8772382],[55.2715954,68.8472783],[55.3975979,68.850703],[55.5807858,68.8194686],[55.7137365,68.845944],[55.7466932,68.8875046],[55.743893,68.911151],[55.6695504,68.9464616],[55.5069464,68.9755823],[55.1379019,68.9645547],[54.9123113,69.0243046],[54.7797775,69.0188465],[54.5401241,69.0428304],[54.0417658,69.0317744],[53.6127976,68.9839085],[52.9203425,68.8427863],[52.060724,68.6027515],[51.6917355,68.5470521],[51.1798273,68.5438513],[50.9599702,68.5109639],[50.7466765,68.4398859],[50.580162,68.3402804],[50.0700799,68.1595179],[49.1794205,67.910129],[48.9452762,67.8803822],[48.8536968,67.8936546],[48.6826608,67.9586322],[48.5111603,67.9541365],[48.4660532,67.9306962],[48.4603253,67.9064503],[48.6413042,67.8213467],[48.6425916,67.7643371],[48.6234067,67.7444522],[48.4620808,67.6990635],[48.2956292,67.7154085],[48.1208681,67.6714105],[47.9461146,67.6914917],[47.7152999,67.6009668],[47.7026079,67.5679854],[47.7293669,67.5163345],[47.801721,67.4608058],[47.7462626,67.4001534],[47.6368644,67.3433292],[47.6472757,67.2526342],[47.5884391,67.227973],[47.5572022,67.1926101],[47.6243652,67.1221067],[47.6243723,67.0548362],[47.541764,66.9818547],[46.7083335,66.879746],[46.5685126,66.9196795],[46.1924621,66.8779297],[45.9698067,66.9091666],[45.9149144,66.9320383],[45.8319325,67.0043127],[45.8104734,67.051454],[45.7529838,67.0900633],[45.7503727,67.1388868],[45.6981491,67.1859283],[45.1896555,67.301601],[45.0455212,67.3570816],[45.0389699,67.3766256],[45.0642141,67.4343509],[45.1292443,67.4841398],[45.2492463,67.5293283],[45.3416072,67.5283176],[45.4226676,67.5550625],[45.4799036,67.6329701],[45.4679748,67.677416],[45.5503852,67.6994718],[45.8745751,67.7048152],[46.0027461,67.7351656],[46.3497442,67.7682843],[46.7035318,67.754352],[46.8185872,67.7893303],[46.8476125,67.8459765],[46.8342186,67.8995578],[46.6704832,68.0349685],[46.6606568,68.1333734],[46.4286043,68.2602537],[46.4907035,68.2799171],[46.513572,68.3139027],[46.4975467,68.349552],[46.4567227,68.375328],[46.2752003,68.4103565],[46.0572636,68.4815643],[45.5043614,68.5718239],[45.037959,68.5997207],[44.0896174,68.5821504],[43.8150585,68.6591198],[43.5223491,68.7096478],[43.2460862,68.7122682],[43.1734131,68.6929991],[43.1430963,68.6644564],[43.204619,68.5904865],[43.457743,68.4872532],[43.8982083,68.3581644],[44.0851796,68.2744594],[44.0883523,68.2075617],[44.0592801,68.0898559],[44.0089992,68.0094597],[44.0279433,67.9576319],[43.973249,67.8512083],[44.0023366,67.7610229],[43.9378403,67.6961689],[43.9122355,67.6335866],[43.8162984,67.5476929],[43.7076987,67.4107991],[43.6325053,67.2674135],[43.645226,67.1940438],[43.6894805,67.1590931],[43.8588546,67.1054923],[44.0531005,67.1041195],[44.3547059,66.9113779],[44.3363366,66.8792192],[44.3498095,66.8452913],[44.2637929,66.8175528],[44.2256557,66.783548],[44.239816,66.7361268],[44.3270606,66.6669742],[44.2506542,66.5764768],[44.2452656,66.531919],[44.1003233,66.4484571],[44.0026375,66.3417721],[43.9407285,66.2297801],[43.8099605,66.2483795],[43.7575859,66.2935096],[43.6446239,66.3452423],[43.4636962,66.3754025],[43.4045531,66.4261128],[43.3179029,66.4582891],[43.1297912,66.468405],[42.7458336,66.451377],[42.6621159,66.4906546],[42.3772269,66.5540433],[42.2300941,66.5676052],[42.1138315,66.5543104],[41.9746657,66.5033051],[41.846461,66.3885399],[41.7411725,66.3518491],[41.6169761,66.253372],[41.382198,66.1434973],[41.002565,66.0623617],[40.6330532,66.0184775],[40.3217699,65.8226398],[40.0428007,65.7245561],[39.7862214,65.6673543],[39.667545,65.6065843],[39.6064854,65.5420961],[39.5692766,65.4293971],[39.5902561,65.3388348],[39.7982974,65.2100523],[39.904087,65.128793],[39.9312487,65.0861365],[40.0256917,65.031512],[40.0888696,64.8971077],[40.1368435,64.8432836],[39.8673901,64.797846],[39.7327857,64.7187923],[39.6542197,64.6074721],[39.5801249,64.6048395],[39.3589114,64.6888036],[39.1671838,64.7143577],[38.9414913,64.787997],[38.6066532,64.8215268],[38.4063562,64.8967557],[38.1544228,64.899487],[37.9786022,64.9306114],[37.8324741,64.9853058],[37.8232775,65.0376368],[37.752919,65.0760188],[37.4461908,65.1512071],[37.077575,65.2199856],[36.9653389,65.2192034],[36.8669842,65.2625625],[36.7668696,65.2602003],[36.6878611,65.2333711],[36.6603509,65.1949699],[36.7067637,65.1538685],[36.6955424,65.119402],[36.7305822,65.0820246],[36.6816488,64.9934356],[36.6081224,64.975682],[36.3959618,64.9769987],[36.3160401,64.9300938],[36.3177873,64.8926045],[36.3894815,64.7964218],[36.4260581,64.6912085],[36.4889916,64.6670311],[36.6221433,64.6612632],[36.8047864,64.5035834],[37.0325768,64.3579275],[37.321564,64.288016],[37.2609808,64.2704256],[37.2333251,64.240913],[37.2437601,64.2081984],[37.2908368,64.1837085],[37.3910569,64.1717928],[37.4823237,64.1956733],[37.5034233,64.225504],[37.4885081,64.2516401],[37.3723993,64.2899642],[37.4952401,64.3250783],[37.6238983,64.3023824],[37.7180477,64.3213979],[37.7947866,64.3026087],[37.8256448,64.274858],[37.7816296,64.2473559],[37.7729304,64.1949259],[37.8208728,64.1373519],[37.882376,64.1110624],[37.9122487,64.0566163],[37.8140464,64.0947704],[37.6973366,64.078861],[37.6665588,64.0561765],[37.6640041,64.0290809],[37.7647007,63.9549723],[37.570867,63.9308268],[37.5151792,63.8914686],[37.5173103,63.8566227],[37.4599997,63.842715],[37.3859046,63.8491635],[37.4183382,63.8764384],[37.4115926,63.9078682],[37.3059157,63.9419279],[37.2515224,63.9902591],[37.2799849,64.0246336],[37.257937,64.0585201],[37.3290515,64.1022857],[37.3323447,64.1416174],[37.3066824,64.1654143],[37.1887356,64.2028829],[37.0725992,64.1925042],[37.0210585,64.1516767],[37.0303764,64.1256829],[37.0966609,64.0799214],[37.0574695,64.0670548],[36.9698961,64.1078385],[36.9641571,64.1590492],[36.8730539,64.1996088],[36.8271766,64.2507106],[36.641396,64.3062904],[36.6059725,64.3505112],[36.5363253,64.3794533],[36.4308919,64.3943699],[36.3339978,64.3782568],[36.2866857,64.4236913],[36.2142269,64.4425327],[36.0272219,64.4333214],[35.7155478,64.4616258],[35.688821,64.4790828],[35.7374505,64.5078278],[35.738176,64.5505038],[35.8115625,64.5726493],[35.8320295,64.6078697],[35.7736641,64.6589922],[35.6246963,64.7360484],[35.4552179,64.7358269],[35.3619578,64.6808916],[35.3889868,64.6368129],[35.4892362,64.6165886],[35.5478909,64.5787568],[35.4960209,64.5443825],[35.4955337,64.5121242],[35.5288467,64.4855427],[35.4955549,64.4708574],[35.4321194,64.4614417],[35.3502116,64.496285],[35.3520485,64.5384455],[35.2894514,64.5674368],[35.2041433,64.5727038],[35.1317409,64.5532258],[35.0658755,64.5655468],[35.197169,64.6397861],[35.2058431,64.6724666],[35.1760985,64.7019248],[35.223423,64.7274495],[35.2325599,64.753866],[35.3151051,64.7624953],[35.3682902,64.7963665],[35.3637942,64.8274763],[35.3330808,64.8495472],[35.2217446,64.8653258],[35.3580797,64.8998432],[35.4759302,64.8943035],[35.5438999,64.9226309],[35.6189957,64.9033915],[35.8021513,64.9042495],[36.0747959,64.9689095],[36.1413873,65.0119618],[36.1403004,65.0544696],[36.1184947,65.0757263],[36.3396012,65.1128318],[36.3864203,65.1373532],[36.3933445,65.1738817],[36.3194413,65.2119742],[36.1261708,65.2131193],[36.0042168,65.2453265],[35.5200829,65.1993497],[35.3964529,65.153664],[35.3754341,65.1211283],[35.3810214,65.0895541],[35.4432103,65.0342603],[35.3328507,64.9951219],[35.1656475,65.0249729],[35.1442507,65.0870961],[35.0878854,65.1150471],[34.9161564,65.1198359],[34.9288535,65.1423977],[34.9174606,65.1679173],[34.8030542,65.2492286],[34.6893567,65.2948232],[34.7015048,65.3167587],[34.6885288,65.3401382],[34.8089446,65.4032806],[34.8131884,65.4537338],[34.9044646,65.5171918],[34.9185704,65.5628583],[35.0341263,65.5796975],[35.0662106,65.6037733],[35.0680301,65.6275728],[35.1467387,65.6688033],[35.1841244,65.7482441],[35.1614658,65.7837722],[35.1680992,65.8293029],[34.9815278,65.8975399],[34.9388993,65.9356886],[34.8484633,65.9501511],[34.821477,66.004399],[34.6266017,66.1095115],[34.1212425,66.2835583],[34.004755,66.3529119],[33.9891402,66.384574],[34.0110848,66.4222417],[33.9646652,66.4568555],[33.882125,66.4850237],[33.7597094,66.4869398],[33.6512806,66.5449097],[33.7996287,66.5575288],[33.8356732,66.5906643],[33.816397,66.6219027],[34.0060016,66.6322183],[34.1773834,66.6110028],[34.3585687,66.5066008],[34.4413648,66.4880699],[34.5903067,66.4904035],[34.8383505,66.5421958],[35.1049373,66.4330051],[35.4837845,66.3367835],[36.503702,66.2239455],[36.7527874,66.2309465],[36.9275832,66.2113423],[37.2908908,66.154069],[37.58634,66.0692462],[37.8482424,66.0381468],[38.3899196,66.0034263],[38.749122,66.012547],[38.9588953,66.0553692],[39.1523613,66.0525422],[39.5184411,66.1322487],[40.0630422,66.2090091],[40.3487405,66.3255084],[40.4669424,66.3417058],[40.6824855,66.4278844],[40.7640011,66.4410747],[40.8286885,66.482593],[40.8361088,66.5476834],[41.2070409,66.7150032],[41.3577507,66.8169711],[41.4246768,66.9451068],[41.5012383,67.0057273],[41.5074452,67.0348555],[41.4829278,67.0605526],[41.5259068,67.0852878],[41.5376094,67.1188379],[41.4736785,67.1599715],[41.4940389,67.1990662],[41.4517008,67.2417441],[41.3567002,67.2670162],[41.2231144,67.2717135],[41.2493614,67.328889],[41.2549597,67.4072737],[41.2274963,67.4500079],[41.142787,67.494071],[41.1279679,67.5509977],[41.176919,67.6315624],[41.1057224,67.7209349],[40.9863273,67.7698657],[40.8560346,67.7797119],[40.761147,67.8337437],[40.522783,67.885528],[40.3913563,67.9489525],[40.2308892,67.9844182],[40.0778387,68.057385],[40.0376864,68.1111284],[39.9714208,68.1527433],[39.8484041,68.1952316],[39.7379951,68.2086907],[39.6443379,68.194283],[39.6016752,68.1595717],[39.6275348,68.1155854],[39.4622227,68.1484576],[39.2875702,68.2257888],[39.1259376,68.2624263],[39.0674833,68.3097621],[38.8496643,68.3606213],[38.7358065,68.4170749],[38.4565003,68.4509751],[38.2140723,68.5297824],[38.0863869,68.609564],[37.959763,68.6509198],[37.8931126,68.7245804],[37.6921943,68.7558047],[37.6275517,68.8093878],[37.1846301,68.9004299],[36.5580458,69.0751277],[36.5092421,69.1046283],[36.1022705,69.1875694],[35.958792,69.240687],[35.2499308,69.3072554],[35.0843489,69.3006162],[35.0077079,69.2658438],[34.8697511,69.3003638],[34.5497677,69.3127538],[34.5440722,69.3482097],[34.4971786,69.3743029],[34.1226837,69.4379219],[33.9588003,69.4264855],[33.8679999,69.3977305],[33.819983,69.3619245],[33.6221654,69.3568799],[33.6375653,69.3878131],[33.6280866,69.4190353],[33.5207433,69.4625734],[32.9047246,69.5213939],[33.0654097,69.550108],[33.2122126,69.6182199],[33.2724131,69.725355],[33.1576557,69.789283],[32.6552852,69.8521634],[32.1342604,70.0026787],[31.8563593,70.0050167],[31.7711409,69.9737737],[31.7160438,69.8923547],[31.5855417,69.9068879],[31.437654,69.8898559],[31.3840227,69.8567359],[31.401387,69.792854],[30.8953155,69.8450293],[30.8176414,69.7948444],[30.8905984,69.7372657],[30.8736595,69.7149353],[30.9444154,69.6832279],[30.9233763,69.6697388],[30.9542528,69.6324096],[30.9465507,69.576363],[30.81799,69.5288883],[30.5159812,69.5404206],[30.2240291,69.6531205],[30.1516722,69.6693762],[30.0852915,69.6580972],[30.0912854,69.6428379],[30.137826,69.6435197],[30.1855994,69.5505719],[30.1223803,69.5166756],[30.1168881,69.4692538],[30.0345285,69.4246791],[29.9481468,69.4050014],[29.8504972,69.4228126],[29.7226467,69.3890938],[29.5704517,69.3178794],[29.3965182,69.3236938],[29.2923407,69.2979319],[29.276971,69.250761],[29.3139861,69.2312317],[29.2864934,69.1692013],[29.2487203,69.1615253],[29.2310095,69.1216852],[29.242137,69.1130186],[29.0566538,69.0152255],[28.9292868,69.0519146],[28.4157884,68.9154506],[28.4680152,68.8854349],[28.8007884,68.8692833],[28.7064097,68.7322371],[28.4339319,68.539671],[28.6461512,68.1963033],[29.3270886,68.0745422],[29.6594055,67.8029589],[30.017043,67.6735527],[29.9302245,67.5225238],[29.6160519,67.345731],[29.6440601,67.3357821],[29.5225573,67.3098971],[29.5044673,67.2855845],[29.5164949,67.2806526],[29.0728518,66.995901],[29.0331725,66.9255118],[29.0605147,66.8531003],[29.1189692,66.8014769],[29.1058565,66.7904471],[29.1494135,66.7804339],[29.3611293,66.6388082],[29.3825949,66.5984441],[29.4190358,66.5919864],[29.4106071,66.5831721],[29.4720555,66.5439006],[29.6313606,66.366276],[29.6963998,66.2687473],[29.9233057,66.1271457],[29.9926245,66.0223595],[29.9971176,65.978834],[30.0242232,65.9667021],[30.068452,65.8949649],[30.1193759,65.7522112],[30.1384654,65.668677],[30.0171088,65.6964778],[29.7218687,65.6370846],[29.8639021,65.5604438],[29.7330481,65.4725004],[29.7273933,65.4003301],[29.7465796,65.347402],[29.6017879,65.2599327],[29.6340018,65.2315851],[29.8856591,65.2062953],[29.8935882,65.1929709],[29.8193328,65.1442782],[29.8968589,65.1051397],[29.7326676,65.0912944],[29.6269757,65.0605969],[29.5993331,64.9950558],[29.6191848,64.959659],[29.6109949,64.9273109],[29.6449074,64.866493],[29.699703,64.8372234],[29.6875026,64.8188089],[29.7396283,64.7897836],[30.0429299,64.7928807],[30.0865096,64.7739882],[30.0413965,64.7411934],[30.1358375,64.6489996],[30.130109,64.6347287],[29.9894001,64.5876222],[29.9869571,64.5338969],[30.0583381,64.4508873],[30.0448663,64.4020287],[30.1099241,64.3650286],[30.3669331,64.2996872],[30.3608053,64.2813189],[30.3882735,64.2690683],[30.4824363,64.2623259],[30.5095961,64.2216872],[30.4663645,64.2044309],[30.5534022,64.1322472],[30.5535576,64.1016869],[30.4918692,64.0169518],[30.3209136,63.9095321],[30.2604128,63.8220093],[29.9723741,63.756915],[30.2441514,63.6072718],[30.2582144,63.583947],[30.3845366,63.5455091],[30.4840079,63.4667034],[30.7876915,63.4052755],[30.8501493,63.3684509],[30.9344216,63.3554973],[30.9791661,63.3077728],[31.2398348,63.2188742],[31.272127,63.1076281],[31.4629834,63.0242467],[31.4487659,63.0060555],[31.5021396,62.9962512],[31.5867034,62.9087069],[31.8960544,62.8814502],[32.102048,62.8263112],[32.3052951,62.605982],[32.2970554,62.5553901],[32.3712131,62.4501368],[32.6815768,62.2743137],[32.6650974,62.1962659],[32.6513644,61.4006647],[32.591768,61.1891566],[31.2456326,60.7111903],[31.3467393,60.1038801],[31.5493005,59.9360968],[31.7394992,59.7287171],[31.8081638,59.599707],[31.832883,59.4520571],[31.7889397,59.3993169],[31.8006127,59.3429945],[31.4758273,59.4101519],[31.2203952,59.4115496],[31.2176486,59.3835851],[31.313779,59.2876317],[31.2794467,59.087151],[31.2135287,59.0744496],[31.1036655,59.1047841],[30.9320041,59.088562],[30.8935519,59.1139498],[30.9402438,59.2630746],[30.8496066,59.3926761],[30.7534763,59.4304125],[30.6408664,59.4241261],[30.5145236,59.4031626],[30.2920505,59.2644783],[30.1821872,59.222341],[29.9157687,59.1477709],[29.6987888,59.0631554],[29.5422336,59.0462073],[29.4241306,59.0589192],[29.2874902,59.116416],[29.2174523,59.0878555],[29.0972894,59.1040779],[28.7470995,59.3002535],[28.5479723,59.3156746],[28.3241258,59.2932416],[28.1590877,59.3181031],[28.1297495,59.2910006],[28.0262542,59.2874186],[27.9032361,59.2408426],[27.8896943,59.1852104],[27.8060331,59.1257035],[27.7920599,59.0703805],[27.7449051,59.0269727],[27.7469601,58.9894706],[27.7289897,58.9712985],[27.3422214,58.8932972],[27.5550829,58.3685975],[27.4864183,58.3066037],[27.4905382,58.2191956],[27.6354214,58.10038],[27.6055523,58.0542688],[27.6206585,58.0055514],[27.6537893,57.9958181],[27.6493262,58.0201917],[27.6987646,57.9986382],[27.6845167,57.9600461],[27.6560209,57.955037],[27.6790236,57.923965],[27.7181624,57.9204096],[27.6955029,57.9073702],[27.8197859,57.890585],[27.8158378,57.8623794],[27.7761837,57.8330551],[27.7408218,57.8277539],[27.7081203,57.848451],[27.5555133,57.8338774],[27.530708,57.790808],[27.4946591,57.7876969],[27.5265881,57.7578538],[27.5113105,57.7507096],[27.5456428,57.7333016],[27.5262448,57.7307356],[27.5256442,57.7093748],[27.500925,57.706486],[27.4927711,57.7230361],[27.4113177,57.7003408],[27.3761272,57.6681763],[27.4009322,57.6329508],[27.3887014,57.6160607],[27.4051379,57.6124059],[27.3174916,57.5800341],[27.3515884,57.5182161],[27.3747745,57.5354148],[27.4150519,57.5226559],[27.5565377,57.5378439],[27.5463272,57.5192773],[27.5673392,57.5092177],[27.5161921,57.4249263],[27.6694264,57.3952715],[27.6841181,57.3721178],[27.7790722,57.3434011],[27.781842,57.3203282],[27.82394,57.3230627],[27.8665879,57.2963924],[27.8702622,57.2482655],[27.8256765,57.2004927],[27.8182775,57.1433435],[27.737531,57.1189964],[27.7518744,57.0982907],[27.7152118,57.0976375],[27.7687745,57.085618],[27.7146504,57.007379],[27.7695654,57.0052405],[27.7371561,56.920078],[27.6863346,56.9158951],[27.6720469,56.895622],[27.6593808,56.8343402],[27.848567,56.8794211],[27.8740298,56.8774814],[27.9016674,56.8205634],[27.9690721,56.8356388],[27.9765795,56.8116912],[27.9441191,56.8027669],[27.9444646,56.7764996],[27.898509,56.7522768],[28.0125413,56.6725205],[28.0114081,56.6366601],[28.0431072,56.5904029],[28.1435272,56.571831],[28.1410981,56.5517151],[28.0924414,56.529698],[28.0947478,56.5111392],[28.1259158,56.515965],[28.1293973,56.4906769],[28.1926229,56.4487827],[28.1946065,56.405337],[28.1632085,56.3794625],[28.2414937,56.2786583],[28.1854063,56.2302791],[28.2040058,56.2145896],[28.1750324,56.2050663],[28.186127,56.1949245],[28.1489067,56.142414],[28.3109123,56.0426785],[28.3897705,56.0885672],[28.6114624,56.0884638],[28.6806055,56.0273823],[28.7063921,55.9598412],[28.8089698,55.9345714],[28.859716,55.9764552],[29.030765,56.0241784],[29.3774105,55.9540276],[29.4444349,55.9069245],[29.3841285,55.8799494],[29.3481617,55.8028482],[29.3507455,55.7660546],[29.4808667,55.6810985],[29.6841618,55.7706021],[29.8057048,55.7714548],[29.9078174,55.8432075],[29.988226,55.846799],[30.1062549,55.8219168],[30.2002544,55.857987],[30.4688168,55.7935206],[30.4807024,55.7539623],[30.5874659,55.7183056],[30.5963542,55.6652855],[30.6937126,55.6521597],[30.7421851,55.5943855],[30.8476567,55.6110253],[30.8861556,55.6004833],[30.9197453,55.5344925],[30.8993848,55.4991458],[30.9194353,55.4923245],[30.8812981,55.4514485],[30.9182984,55.3877831],[30.8112248,55.3230842],[30.7942749,55.2855154],[30.9597946,55.1625772],[30.9840308,55.1308996],[30.9702849,55.101444],[31.0056316,55.0229992],[30.9132341,55.0246011],[30.9360751,54.9732348],[30.9173682,54.9539595],[30.8148422,54.9280179],[30.8261076,54.8774783],[30.7681267,54.829936],[30.7706071,54.786011],[30.9806202,54.7056542],[30.999017,54.671341],[31.1051604,54.6682921],[31.1679472,54.6215766],[31.064646,54.4922822],[31.20903,54.4480472],[31.2847876,54.3473815],[31.3246818,54.2292492],[31.5063762,54.1439314],[31.7367497,54.094167],[31.7712696,54.0485367],[31.8226359,54.0534459],[31.8465105,53.9923127],[31.8379322,53.9621337],[31.8101302,53.8826037],[31.7446562,53.7948571],[31.8731755,53.7771321],[32.0836019,53.8096365],[32.290411,53.760854],[32.3718014,53.7143969],[32.442133,53.7139318],[32.4901921,53.6771382],[32.3990865,53.6353836],[32.4294206,53.5615897],[32.5768018,53.4860387],[32.6502857,53.4876407],[32.6467717,53.4579784],[32.7012386,53.4621125],[32.7195321,53.4394783],[32.7044426,53.3664078],[32.717465,53.3349368],[32.5799541,53.324369],[32.5959221,53.3082718],[32.5691537,53.2988408],[32.4548454,53.3004428],[32.4559823,53.2777827],[32.4791333,53.2749147],[32.4236329,53.2044022],[32.2679834,53.1247688],[32.2156869,53.1255181],[32.2011141,53.0975611],[32.117295,53.0811022],[31.796281,53.1123923],[31.7385584,53.1925424],[31.593606,53.2106808],[31.5359351,53.1948679],[31.4163558,53.1999838],[31.3785287,53.1820263],[31.3636976,53.0887761],[31.3192041,53.0763738],[31.2470638,53.0143879],[31.3226148,52.9771292],[31.3906833,52.8877792],[31.2873738,52.8977263],[31.0050924,52.8798877],[31.1192968,52.6023951],[31.2519522,52.3988118],[31.2301339,52.271531],[31.311958,52.1375227],[31.3872809,52.072647],[31.618794,52.037136],[31.7249381,51.9076531],[31.8408064,51.8150946],[31.8524814,51.7031175],[31.8330653,51.6555802],[31.5936845,51.6544816],[31.441809,51.7047837],[31.2101811,51.6867592],[30.9205002,51.7273899],[30.662658,51.6765523],[30.528066,51.5886164],[30.5552099,51.576963],[30.5289458,51.5710951],[30.5466269,51.5404634],[30.584564,51.5460149],[30.5691145,51.5111998],[30.6232738,51.4670554],[30.5792426,51.4473744],[30.5934905,51.4229217],[30.6219005,51.4287552],[30.6556317,51.3782099],[30.635719,51.3584906],[30.6566616,51.3443389],[30.5934047,51.3119449],[30.6223296,51.3043795],[30.607395,51.2799578],[30.5392136,51.2629556],[30.4540988,50.7607865],[29.8608289,50.3664958],[29.9614331,50.1038455],[31.1187741,49.9786096],[31.2525397,49.9391155],[31.3438222,49.9952145],[31.4370415,49.9924101],[31.4263153,49.9164051],[31.4689752,49.8287415],[31.4509828,49.7695846],[31.5830255,49.6977324],[31.6297341,49.6416782],[31.7775179,49.6300656],[31.7871462,49.5903449],[31.8252397,49.5638635],[31.8698688,49.5480654],[31.9335876,49.5551514],[32.0651778,49.458352],[32.1540642,49.4456958],[32.1600204,49.4166107],[32.1937631,49.3962425],[32.3508543,49.3797162],[32.3708725,49.3420134],[32.4739221,49.3159813],[32.4985886,49.2728449],[32.7546674,49.2578811],[33.0348587,49.2009995],[33.2250719,49.0609115],[33.142318,49.0941037],[32.9143517,49.0968014],[31.9262682,48.9008388],[31.8095384,48.9441521],[31.5980516,48.8936163],[31.5609727,48.8312785],[31.3824449,48.7326447],[31.2629686,48.759811],[31.1022935,48.7380792],[31.0253893,48.759811],[30.8399853,48.748047],[30.7466112,48.5447972],[30.7459193,48.4863996],[30.8417107,48.4380783],[30.8253711,48.4164088],[30.8417487,48.3837553],[30.8979962,48.3453757],[30.8957604,48.3182018],[30.857102,48.3010236],[30.8526134,48.2455254],[30.8776681,48.2274868],[30.8651061,48.1984528],[30.8134248,48.1757817],[30.8106117,48.0781916],[30.8263927,48.0554319],[30.8742941,48.0326831],[30.9579681,48.0312382],[31.0242319,47.9837462],[31.0515675,47.9264819],[31.1262013,47.8600246],[31.1110763,47.8307854],[31.176495,47.8131285],[31.1874701,47.7430505],[31.2741006,47.7499816],[31.3296775,47.7218788],[31.3899886,47.7253405],[31.8442745,47.5507227],[32.0056531,47.5262655],[32.2230201,47.5240415],[32.3218234,47.5017968],[32.7746731,47.2240597],[33.2900966,46.9437366],[33.4490059,46.8891825],[33.5994657,46.8629366],[33.6004469,46.9362163],[33.6617422,46.9769963],[33.6612997,47.0338852],[33.7615407,47.0946305],[33.7900862,47.1330317],[33.9018339,47.1613253],[33.9775126,47.2253818],[33.9646782,47.3018175],[33.9819383,47.4052574],[34.0129178,47.3970196],[34.190825,47.4503807],[34.256743,47.4893699],[34.4284044,47.5274029],[34.5053087,47.5672615],[34.7579942,47.5403835],[34.8266588,47.4819456],[34.9296556,47.4540952],[35.2606187,47.4791612],[35.3855882,47.446666],[36.1463873,47.5830141],[36.6064398,47.580235],[36.9250433,47.6875829],[37.4908392,47.7762557],[38.2928412,47.8426613],[39.0618842,47.7836383],[39.2266791,47.7097652],[39.4024603,47.5913502],[39.5919786,47.2149052],[39.6290575,47.1953126],[39.7869859,47.215838],[39.8597704,47.2522044],[40.0630174,47.2447467],[40.1715074,47.2605931],[40.2264391,47.229828],[40.2676378,47.2494079],[40.4173265,47.2344906],[40.5505357,47.1897134],[40.6919847,47.198112],[40.7482896,47.1150008],[40.8608995,47.1392939],[40.9281908,47.1215423],[41.4335619,46.9286974],[41.4610277,46.9014934],[41.5118381,46.7586818],[41.6738864,46.6173764],[41.827695,46.5456406],[41.8963596,46.4813754],[41.860654,46.405672],[41.7727634,46.3089976],[41.7398044,46.2311549],[41.6574069,46.1665186],[41.5475436,46.1113276],[41.3195773,46.0656104],[41.3058444,46.0065029],[41.4514133,45.7349444],[41.4514133,45.6447701],[41.3675975,45.6174202],[41.3846703,45.5155875],[41.318748,45.2925621],[41.3236883,45.2191687],[41.0424143,44.9927012],[41.0930272,44.7562075],[41.240216,44.6328401],[41.5746342,44.4208426],[41.6609344,44.2225882],[41.629389,44.0891749],[41.6403681,43.9170771],[41.7093115,43.7426706],[41.7196086,43.6310671],[41.9791418,43.4562152],[42.4028292,43.3928325],[42.4217123,43.4368165],[42.4562965,43.4433805],[42.4514525,43.4823792],[42.4762116,43.5219595],[42.4560743,43.621092],[42.5966124,43.6540973],[42.6755276,43.6978596],[42.6685997,43.8031977],[42.7321525,43.8192637],[42.8547037,43.8018957],[42.8661055,43.8676908],[42.9185035,43.8652723],[42.9814408,43.8988742],[43.1477107,43.8950757],[43.1461088,43.9594901],[43.2250081,43.9590461],[43.316639,43.7997601],[43.413516,43.859499],[43.4738702,43.8656198],[43.7327038,43.8183973],[43.7705477,43.8744573],[43.7705002,43.9275269],[43.819676,43.9597661],[43.8579248,43.96022],[43.8629678,43.9875624],[43.9221636,44.0203143],[43.9444726,44.0098399],[43.9446801,43.9864498],[43.9871647,43.9862639],[43.9873376,43.9706842],[44.1440452,43.970237],[44.1439037,43.9284712],[44.2685698,43.9181546],[44.2690297,43.9640218],[44.3688476,43.9726069],[44.3692043,44.0045631],[44.4131201,44.0172452],[44.4189116,43.9454969],[44.3437927,43.9457964],[44.3435766,43.9043784],[44.29324,43.89123],[44.292523,43.809673],[44.2680325,43.8108975],[44.2674355,43.7453232],[44.3189973,43.6791371],[44.4302108,43.6838109],[44.4350358,43.6068788],[44.4753684,43.5829428],[44.4138794,43.4527146],[44.4422421,43.427733],[44.3552536,43.3923997],[44.3203719,43.4496436],[44.1749304,43.3485999],[44.1463461,43.437676],[44.1056827,43.4310647],[44.037769,43.3522063],[44.0902637,43.287498],[44.0982319,43.2671901],[44.0829734,43.2549963],[44.0030517,43.2123939],[43.9734032,43.2422613],[44.0020679,43.2726922],[43.9402362,43.2865376],[43.9195935,43.2420039],[43.8617982,43.2641816],[43.8596724,43.2988168],[43.8298745,43.3232655],[43.7510221,43.2123823],[43.8875594,43.2208202],[43.9402226,43.192827],[44.5836599,43.2981397],[44.9408717,43.3030813],[45.3374236,43.1775064],[45.628746,43.1252305],[45.6755548,43.1678744],[46.0061867,43.158061],[46.3624662,42.9902556],[46.7066842,42.9238938],[47.0469859,42.8905141],[47.77211,42.8601481],[47.7534478,42.8960891],[47.5268548,43.0458095],[47.5337212,43.1120122],[47.6257317,43.2882028],[47.6051324,43.3486508],[47.5591271,43.4025536],[47.5618737,43.4534179],[47.5873903,43.537511],[47.6237577,43.5858004],[47.6257317,43.6499887],[47.6820367,43.7596891],[47.7733605,43.8592875],[47.9128149,43.9482951],[47.9256587,44.004412],[47.8667443,44.0387384],[47.6580041,44.0505838],[47.6003259,44.0259032],[47.5495141,43.93944],[47.499389,43.9216376],[47.3355134,44.1375224],[47.2882455,44.2512248],[47.2302906,44.2839563],[47.1445777,44.2770638],[47.0904916,44.3804352],[46.9839167,44.4555816],[46.9328649,44.6114385],[46.9985556,44.654514],[47.0338984,44.7763804],[47.0866483,44.7487731],[47.1523085,44.7587094],[47.2663473,44.8500518],[47.3692651,45.1468978],[47.4270421,45.2200627],[47.4847006,45.248812],[47.534581,45.40638],[47.6096701,45.4798976],[47.631552,45.5295747],[47.7073326,45.5841403],[47.7369202,45.6480406],[47.8453586,45.7014942],[48.137558,45.7034214],[48.2631104,45.7332656],[48.4323755,45.928566],[48.5107457,45.9768828],[48.5822626,45.9045318],[48.6463623,45.8977734],[48.7359605,45.9252337],[48.7714743,45.9588115],[48.7991021,46.027899],[48.9749131,46.1107199],[49.083898,46.2235765],[49.1204342,46.2966166],[49.1253004,46.4099079],[49.1493021,46.4338544],[49.3249088,46.4065085],[49.6049405,46.4467317],[49.7165006,46.4071771],[49.8274794,46.4083027],[49.9512901,46.4727533],[49.9896259,46.5494586],[50.0680528,46.5615644],[50.1812523,46.6661072],[50.2285343,46.6521561],[50.2777283,46.663811],[50.352013,46.7354625],[50.4021149,46.7282122],[50.4518196,46.7535345],[50.5007501,46.7249851],[50.5786695,46.7198862],[50.6413689,46.7576309],[50.665088,46.8186324],[50.7618134,46.8129845],[50.8225104,46.8734281],[50.9111567,46.9116974],[51.046875,46.8861249]]],[[[101.2560657,77.7311108],[100.9384001,77.6936667],[100.9091287,77.6579603],[100.96273,77.6311375],[101.3338071,77.5594995],[101.7307026,77.5510043],[101.8348989,77.5690442],[101.8904217,77.6044557],[101.8574711,77.6349535],[101.6042751,77.7181265],[101.2560657,77.7311108]]],[[[98.299212,76.8725161],[98.3785299,76.8332736],[98.5411909,76.8182685],[98.7034535,76.8334959],[98.7725919,76.8701719],[98.6963001,76.915038],[98.5323501,76.9309501],[98.3646472,76.9153315],[98.3152747,76.8984169],[98.299212,76.8725161]]],[[[86.6703899,75.2731484],[86.6927684,75.2979203],[86.66671,75.321768],[86.4980019,75.3506359],[86.1151576,75.3345413],[86.02631,75.3145713],[85.9972047,75.2860596],[86.0540551,75.2479185],[86.2088673,75.2278573],[86.5099369,75.2434455],[86.6703899,75.2731484]]],[[[84.4838967,74.6342918],[84.4955384,74.6596689],[84.4672652,74.6865461],[84.2993872,74.715146],[84.10849,74.704281],[84.0457703,74.6844393],[84.0188302,74.6557351],[84.0634114,74.6015974],[84.1738448,74.5808806],[84.326008,74.5946908],[84.4838967,74.6342918]]],[[[78.4583492,72.7880707],[78.8119826,72.6918969],[79.3752588,72.6538022],[79.6518703,72.6814759],[79.7479463,72.7485791],[79.7058166,72.8565241],[79.6988323,72.941374],[79.5020731,73.047105],[79.2963184,73.1204297],[79.3036104,73.210133],[79.3458178,73.2314273],[79.348025,73.255267],[79.2911761,73.2824818],[79.1870204,73.2956557],[78.8086381,73.2882898],[78.6448908,73.2309294],[78.6150642,73.189841],[78.6246149,73.1707074],[78.7125508,73.1425154],[78.8469956,73.139097],[78.8811018,73.0545914],[78.8069083,73.0075929],[78.4902904,72.8831381],[78.4445078,72.8291952],[78.4583492,72.7880707]]],[[[56.6922044,68.8032523],[56.6500616,68.8498594],[56.5169931,68.8690476],[56.389491,68.8442335],[56.3320401,68.8013925],[56.3766902,68.7580506],[56.4929286,68.7404834],[56.6053204,68.7556751],[56.6922044,68.8032523]]],[[[48.0575383,68.9211032],[48.0756005,68.8016681],[48.1092766,68.7558902],[48.3260701,68.6710937],[49.1325232,68.6087663],[49.522443,68.6100947],[49.6792447,68.6400539],[49.7606529,68.689139],[49.7180005,68.7325953],[49.5976649,68.7481069],[49.9697029,68.8696522],[50.2264399,68.9226732],[50.4219574,69.0508923],[50.4597077,69.1173327],[50.4388854,69.1688668],[50.3853127,69.2163397],[50.1756533,69.3167463],[49.3816559,69.5419907],[48.9624816,69.5496608],[48.6289583,69.4989818],[48.4088812,69.4147366],[48.208567,69.3006972],[48.0890114,69.1352091],[48.0575383,68.9211032]]],[[[42.3365605,66.7042877],[42.6322366,66.6122278],[42.733132,66.6193574],[42.7905685,66.6463718],[42.8123259,66.6942349],[42.7873508,66.7441713],[42.7331205,66.7849714],[42.5666196,66.8278738],[42.3920124,66.8187085],[42.3011535,66.7645081],[42.3031635,66.7294309],[42.3365605,66.7042877]]],[[[35.6624571,64.7753732],[35.7282046,64.8218365],[35.6727356,64.8663778],[35.5306962,64.8742581],[35.4547548,64.8300238],[35.4657484,64.802289],[35.5128251,64.7783258],[35.6624571,64.7753732]]],[[[164.7331231,59.6661548],[164.673613,59.6804233],[164.5971252,59.6709086],[164.5535807,59.6459361],[164.5437464,59.6112143],[164.6156301,59.5484372],[164.7381607,59.5485623],[164.7900069,59.5925156],[164.7331231,59.6661548]]],[[[163.6857542,58.9002719],[163.6464546,58.7781259],[163.5769666,58.7236988],[163.5048188,58.6223508],[163.3573004,58.5981061],[163.3079811,58.5581643],[163.3090671,58.528454],[163.4061941,58.4174258],[163.4725139,58.3994564],[163.5596842,58.4112966],[163.597683,58.4428526],[163.5975742,58.475859],[163.6695246,58.5387753],[163.8234747,58.5961013],[163.8918703,58.6450166],[164.0060056,58.6603327],[164.2162544,58.7597859],[164.2938595,58.7579464],[164.4873872,58.8139567],[164.6397328,58.8179739],[164.7180552,58.8402724],[164.7938194,58.9186218],[164.7910548,58.9685344],[164.8328304,59.03684],[164.7434739,59.1255892],[164.6809609,59.260434],[164.5670115,59.2892801],[164.3248626,59.2149981],[164.2653922,59.1600014],[163.9679189,59.0834175],[163.7553965,59.0686973],[163.6526366,59.0420057],[163.6058057,59.0151428],[163.5906821,58.9789055],[163.6357866,58.9420615],[163.7203343,58.9368702],[163.6857542,58.9002719]]],[[[167.6487332,54.6339623],[167.8000882,54.5837299],[167.8999706,54.5153436],[168.0586208,54.4473606],[168.1439839,54.4491677],[168.1924773,54.4894592],[168.1601008,54.553752],[168.0263174,54.6329806],[168.0076655,54.6869352],[167.8414725,54.7456874],[167.7881272,54.8007718],[167.6479874,54.842815],[167.4500064,54.9382652],[167.3862986,54.9386753],[167.3339368,54.9113773],[167.3281413,54.8755674],[167.3863259,54.7833444],[167.6487332,54.6339623]]],[[[165.8567277,55.1773591],[165.9846819,55.1110089],[165.9910465,55.0470803],[166.0810527,54.9723319],[166.1077919,54.9228796],[166.302871,54.789082],[166.4012431,54.7738699],[166.5033715,54.6915704],[166.6331447,54.6270269],[166.709565,54.6262302],[166.7620112,54.6604823],[166.7696398,54.7452699],[166.7360966,54.873617],[166.6599686,54.9524723],[166.5331281,54.989155],[166.4345049,55.1177734],[166.3363548,55.190002],[166.3498419,55.2505296],[166.3899248,55.2994815],[166.3214524,55.3713931],[166.2541554,55.3856979],[166.1912516,55.3693188],[165.9659721,55.4164389],[165.6737165,55.3065884],[165.6712657,55.2757397],[165.7110498,55.2404219],[165.6979549,55.2107468],[165.7212823,55.1783536],[165.7925575,55.1608726],[165.8567277,55.1773591]]],[[[143.3998747,56.4001414],[143.3902296,56.4178375],[143.3717127,56.408143],[143.3768865,56.3991278],[143.3998747,56.4001414]]],[[[150.6497676,58.9625028],[150.8651439,59.0623694],[150.8766507,59.1264801],[150.8416457,59.1580304],[150.7069881,59.1986347],[150.620478,59.1785818],[150.5888206,59.1345887],[150.4580909,59.0998179],[150.3816779,59.0490648],[150.358686,59.0107439],[150.3974201,58.9594644],[150.5000252,58.9465635],[150.6497676,58.9625028]]]]}},{"type":"Feature","properties":{"polity_id":"russian-tsardom","name":"Русское царство","start_date":"1721-09-10","end_date":"1721-11-01","status":"provisional-source-capture","confidence":"unreviewed","legal_basis":[],"source_ids":["capture:ohm:2890610"],"provenance":{"capture_source":"OpenHistoricalMap","capture_id":2890610,"capture_date":"2026-08-22"},"notes":"One-time geometry capture. Review against project historical sources before marking verified."},"geometry":{"type":"MultiPolygon","coordinates":[[[[51.215237,46.9465925],[51.4633928,46.9315108],[51.3839198,47.106752],[51.343452,47.2999811],[51.4157257,47.5548845],[51.2204764,47.8902037],[51.3834127,48.0433866],[51.5621424,48.3487626],[51.6372758,48.6841125],[51.6066757,49.0293072],[51.3144605,49.3230029],[51.12631,49.6466709],[50.9983602,49.929659],[50.9304763,50.2734935],[51.0524983,50.5373527],[51.255917,50.7506941],[51.509233,50.953518],[51.8762835,51.0038956],[52.4607961,51.0017609],[52.8315556,51.1296997],[52.9361473,51.209015],[53.1640214,51.2961296],[53.3634107,51.2791756],[53.6083888,51.291714],[55.0168299,51.4298296],[55.6448535,51.4659399],[56.1203069,51.2719108],[57.0059857,51.1707401],[57.4146391,50.9940377],[57.9036854,50.8311868],[58.4374531,50.8391238],[58.7066723,50.9124508],[58.5987502,51.1487523],[58.5853915,51.2647171],[58.6493055,51.4568885],[58.7314165,51.5598339],[59.0378677,51.823686],[59.0422335,51.9722621],[58.9326276,52.223086],[58.9245527,52.3656007],[59.1354396,52.8585162],[59.09354,52.935627],[59.0908868,53.043887],[59.32529,53.0617386],[59.2643114,53.3092537],[59.1774108,53.4501037],[59.290526,53.7463756],[59.3916532,53.911803],[59.4468299,54.0446954],[59.6077555,54.1603334],[63.042296,54.556138],[63.1961046,54.5449872],[63.5289323,54.6530718],[63.6781297,54.677802],[63.8429247,54.6793899],[64.1148363,54.7650481],[64.4677721,54.7214485],[65.5343322,54.7250732],[66.4849597,54.9644115],[67.7745565,55.1101535],[69.4972876,55.053156],[70.2361494,54.924839],[73.8286846,54.4590837],[74.6626798,54.4961949],[75.4829209,54.7713718],[76.363736,54.9494458],[76.755199,54.9711808],[77.7622593,54.9234324],[79.1736362,54.7952299],[80.3016611,54.8314281],[81.7082052,54.8006185],[82.8568945,54.8538945],[83.6477462,54.8419307],[84.1716151,54.9445475],[85.9495258,54.5110537],[86.5039965,54.3002835],[86.9115978,53.9725534],[87.1159248,53.710347],[87.2953322,53.2808079],[87.5205227,53.2992869],[87.912254,53.2925154],[88.4086987,53.1819674],[88.5868832,53.1708557],[88.6586377,53.1362677],[88.6905663,53.0754655],[88.8787072,52.9904043],[89.2179104,52.8732746],[89.5488736,52.8143834],[89.7768399,52.7242334],[90.2403258,52.6844998],[90.2952574,52.6391053],[90.329418,52.5331406],[90.3167151,52.4149851],[90.377998,52.3355491],[90.3924176,52.2229626],[90.4871027,52.1958067],[90.5313618,52.1459154],[90.6330286,52.0937252],[90.7144126,52.0902885],[90.7517526,52.0703035],[90.7600697,52.0136153],[90.8182015,51.9680443],[90.8373812,51.9039731],[91.0723638,51.9518904],[91.164869,51.8992643],[91.2597464,51.8765638],[91.2753611,51.8958277],[91.4632486,51.8914578],[91.5333456,51.9093216],[91.7392245,51.8657029],[91.8043994,51.8865792],[91.8393127,51.8591797],[91.8971032,51.8593963],[91.9388598,51.8073556],[92.0784584,51.7722574],[92.2552097,51.8226563],[92.5295524,51.7910566],[92.6447003,51.81216],[92.6963755,51.8513392],[92.8736977,51.8360233],[92.9576773,51.9157823],[93.0759638,51.9358576],[93.1465239,52.0156166],[93.2425166,52.0409406],[93.2586414,52.0788179],[93.3309333,52.1261106],[93.3947842,52.127193],[93.4721626,52.1710227],[93.5762731,52.1668567],[93.5934804,52.1896375],[93.6620937,52.2012174],[93.6768119,52.2123643],[93.6558165,52.2409348],[93.6813569,52.2673951],[93.6780018,52.3072748],[93.7654454,52.3811365],[93.7536488,52.4246417],[93.7675152,52.4513828],[93.8079766,52.4508856],[93.8337333,52.504239],[93.9603536,52.5810228],[93.9652235,52.6017473],[93.9415226,52.6133269],[94.0956317,52.6784228],[94.0935751,52.73854],[94.1395697,52.7544487],[94.1318857,52.7822076],[94.1593741,52.8131591],[94.1418419,52.831178],[94.3034184,52.9000075],[94.3542832,52.8956788],[94.3991956,52.9148883],[94.4932315,52.8916667],[94.5259247,52.9100186],[94.5147776,52.9388597],[94.5832824,52.9965421],[94.571053,53.0258161],[94.6004895,53.0465947],[94.5757063,53.07457],[94.5902079,53.1199691],[94.6209432,53.1263543],[94.6024368,53.1678032],[94.6570893,53.187175],[94.6534096,53.2142846],[94.6983221,53.2151505],[94.7160705,53.2371196],[94.6770017,53.2872803],[94.6063321,53.2915008],[94.6008126,53.305732],[94.6183446,53.33111],[94.7202904,53.3762929],[94.9256975,53.4004268],[94.9397666,53.388306],[94.9601124,53.4051886],[95.0358688,53.3661207],[95.0615174,53.394529],[95.1150878,53.398858],[95.2180017,53.4693659],[95.3045861,53.4449068],[95.3096727,53.4217473],[95.2841321,53.4100593],[95.3071837,53.3881444],[95.4051257,53.3656345],[95.4283936,53.3753745],[95.4305579,53.3973435],[95.4952753,53.3950169],[95.490838,53.4156872],[95.5269844,53.437494],[95.6520901,53.4556214],[95.6568518,53.4863564],[95.7322244,53.5252204],[95.8074982,53.4912808],[95.9537075,53.4942031],[96.0332516,53.457029],[96.1105229,53.4517263],[96.1128403,53.5125992],[96.232057,53.5171466],[96.2407147,53.5579463],[96.2222085,53.5688766],[96.2411328,53.6194641],[96.27935,53.6137888],[96.2767528,53.5893307],[96.3746946,53.5937679],[96.3519679,53.570392],[96.4338929,53.541064],[96.447962,53.5123852],[96.5133286,53.5518863],[96.658672,53.5641697],[96.686377,53.5907382],[96.6741478,53.6041577],[96.7059652,53.6234754],[96.6883296,53.6463366],[96.7170146,53.7168365],[96.8875276,53.7289017],[96.9167105,53.7022788],[96.9728116,53.6908178],[97.0099082,53.6530114],[97.0765202,53.6590559],[97.1263292,53.6148199],[97.1829365,53.6235783],[97.2200934,53.5925543],[97.3290677,53.5888358],[97.3424892,53.5594545],[97.3901451,53.543677],[97.382258,53.5240243],[97.4265961,53.5079209],[97.454332,53.4562991],[97.5411112,53.4515213],[97.6027589,53.4258947],[97.5998617,53.3704369],[97.6453828,53.3585508],[97.8128204,53.3735366],[97.8660659,53.3467041],[97.9819268,53.3483175],[97.9891525,53.3285963],[97.9584054,53.3032955],[98.0021634,53.2760751],[98.0046013,53.2483625],[98.1238747,53.2351044],[98.1888531,53.2474143],[98.2396738,53.2080209],[98.2970746,53.2272826],[98.3203778,53.210951],[98.2981112,53.1747548],[98.3179988,53.1594433],[98.290739,53.1464718],[98.3088765,53.0946578],[98.3564509,53.0859331],[98.4026303,53.1090536],[98.637103,53.1012221],[98.6792441,53.1575664],[98.8905831,53.1173291],[98.8909937,53.1472416],[98.9174094,53.1552266],[99.0097066,53.1030052],[99.0566356,53.1087935],[99.0638222,53.0921849],[99.0009623,53.0577453],[98.9968297,53.0294135],[99.2053267,52.9763937],[99.2737021,52.9315241],[99.2234214,52.9150816],[99.2307715,52.8679448],[99.1696168,52.864592],[99.0587328,52.8908013],[98.9741361,52.9341136],[98.9240841,52.9315671],[98.8929447,52.89524],[98.9011986,52.8723974],[98.8515292,52.8365664],[98.8691198,52.8142248],[98.8491206,52.7953355],[98.9435687,52.7920434],[98.9342438,52.7487369],[98.9602048,52.7156112],[98.9311657,52.7034814],[98.9313793,52.657532],[98.8699959,52.6578872],[98.863874,52.6267756],[98.7860707,52.6047451],[98.8003068,52.5730142],[98.7850862,52.560261],[98.8309412,52.5376874],[98.8054232,52.5327689],[98.8024005,52.5080016],[98.7417435,52.4993869],[98.6982031,52.4459365],[98.6328462,52.4231033],[98.6332832,52.394479],[98.6856718,52.3553099],[98.6541338,52.307621],[98.6568648,52.2630531],[98.7107504,52.29093],[98.832638,52.274371],[98.8403354,52.2361093],[98.8228202,52.1929909],[98.8946444,52.2066988],[98.9867879,52.1662448],[98.9667641,52.1492844],[99.0046093,52.0747323],[99.0716905,52.0694975],[99.128117,52.0245544],[99.1736053,52.0355885],[99.2365749,52.0126444],[99.2760937,52.0186026],[99.2826125,51.9868506],[99.265308,51.9735296],[99.3537852,51.9424004],[99.4010184,51.9658996],[99.4658896,51.948871],[99.5219871,51.9679932],[99.600979,51.9241882],[99.6138471,51.8791078],[99.6649718,51.9043927],[99.6826564,51.8876967],[99.8011826,51.9153845],[99.8279557,51.8831591],[99.8195189,51.8478483],[99.8475769,51.8349554],[99.8307582,51.8067594],[99.8643974,51.8055016],[99.8691817,51.7774565],[99.9109125,51.7381594],[99.9797976,51.7547204],[100.0614167,51.7327195],[100.1387018,51.7593486],[100.2806417,51.7375368],[100.4143559,51.7479314],[100.4103477,51.7299883],[100.4437626,51.7263707],[100.5038521,51.7500639],[100.5864554,51.74045],[100.5973981,51.7185898],[100.6562396,51.726826],[100.668545,51.7067142],[100.929841,51.6068022],[100.9901519,51.6127877],[101.0223281,51.587153],[101.0174269,51.57027],[101.0786775,51.5598484],[101.1043937,51.5912202],[101.1366423,51.521396],[101.2562778,51.5441134],[101.3700981,51.4558456],[101.4389364,51.455689],[101.4595599,51.4911656],[101.5422172,51.4995416],[101.5677164,51.4699442],[101.6222627,51.4692107],[101.6190378,51.440028],[101.7490569,51.4553417],[101.8285311,51.4151547],[101.888839,51.4007953],[101.951935,51.4137438],[102.0014324,51.3821904],[102.0220587,51.3958157],[102.1242911,51.361612],[102.1839684,51.2950252],[102.1141597,51.2840343],[102.1044872,51.2464692],[102.1663187,51.1786882],[102.1351134,51.1742184],[102.1233246,51.1391014],[102.1401692,51.0994232],[102.1708377,51.0950287],[102.151096,51.0573035],[102.2036241,51.0394919],[102.2430083,50.9748866],[102.2137847,50.9538411],[102.2454385,50.9019733],[102.2119739,50.8758462],[102.209737,50.8170343],[102.2923499,50.7824305],[102.3403132,50.7325372],[102.3023464,50.6818549],[102.3766623,50.6667466],[102.3999391,50.6415839],[102.4459039,50.6456787],[102.4695952,50.6010441],[102.5362347,50.5885042],[102.553936,50.5560254],[102.541005,50.5315628],[102.61063,50.5063847],[102.6161129,50.4536664],[102.6476976,50.4021897],[102.7318192,50.4085293],[102.8418288,50.3341911],[102.9418745,50.3054907],[103.074565,50.3189929],[103.1472354,50.3060183],[103.1821793,50.3331721],[103.2380575,50.3219456],[103.2764247,50.2848955],[103.2492528,50.2558068],[103.2760147,50.2262201],[103.2562904,50.1928927],[103.4114027,50.2117808],[103.5141931,50.1990718],[103.5572495,50.1626788],[103.6023371,50.1662016],[103.6084584,50.1440553],[103.6841803,50.1429367],[103.7102326,50.1244635],[103.7513378,50.1638311],[103.8005986,50.1518562],[103.8466306,50.1975606],[103.8903364,50.1761474],[103.9390206,50.1831392],[103.9985566,50.1502974],[104.1354261,50.1388069],[104.2783297,50.2011989],[104.2931704,50.2417883],[104.3401541,50.2449703],[104.391917,50.3116272],[104.517244,50.3171701],[104.5612071,50.3011443],[104.6501706,50.3241071],[104.6991602,50.3672149],[104.76332,50.3387935],[104.8116849,50.3409568],[104.8734075,50.3709276],[104.8983944,50.408974],[105.0081195,50.3869217],[105.1201674,50.3899317],[105.2585512,50.4406822],[105.2682329,50.4653576],[105.3547168,50.4794989],[105.4435295,50.4421094],[105.52513,50.4580234],[105.628757,50.427396],[105.8442265,50.4403964],[105.8990523,50.4126315],[106.0573709,50.4045045],[106.0841013,50.3333998],[106.1830005,50.3396936],[106.2612304,50.2981341],[106.4687108,50.3181379],[106.5124651,50.3429249],[106.5916145,50.3384644],[106.8157278,50.2981781],[107.0124738,50.1990659],[106.9999992,50.1571821],[107.0393639,50.1291483],[107.0569988,50.0878389],[107.0752502,50.0895128],[107.0718523,50.0683334],[107.1520027,50.0433209],[107.1479797,50.0267355],[107.2129866,49.9989292],[107.2571669,49.9882462],[107.3236137,50.0034207],[107.4282582,49.971669],[107.5448277,49.9856858],[107.6788362,49.9717817],[107.706604,49.9879545],[107.7942207,49.9331705],[107.8287424,49.9609702],[107.8531964,49.9364558],[107.9690548,49.9413946],[107.9704,49.9155],[107.9192,49.8754],[107.9444,49.8549],[107.9367,49.8192],[107.9816,49.8028],[107.9485,49.7848],[107.9698,49.7474],[107.9343,49.7114],[107.9471,49.6706],[107.9683,49.6548],[108.023,49.6734],[108.0275,49.6223],[108.1611,49.5618],[108.2978,49.5399],[108.3564,49.4279],[108.4258,49.4135],[108.431,49.3721],[108.5175,49.3227],[108.6525,49.3473],[108.8206,49.3432],[108.8488,49.3266],[108.9416,49.3462],[109.0581,49.3232],[109.1946,49.3523],[109.3455,49.3249],[109.4222,49.2944],[109.4325,49.2729],[109.4753,49.2674],[109.4996,49.2362],[109.5591,49.2208],[109.9026,49.2057],[110.1998,49.1542],[110.3281,49.1991],[110.3905,49.2515],[110.5244,49.1901],[110.6836,49.1709],[110.807,49.1802],[111.2768,49.3104],[111.3748,49.3577],[111.5231,49.3232],[111.689,49.3842],[111.9575,49.3823],[112.2783,49.4844],[112.4741,49.5225],[112.6889,49.5041],[112.7226,49.52],[112.8234,49.5193],[112.9068,49.5685],[113.0439,49.6082],[113.2061,49.8283],[113.4739242,49.9354483],[113.4888,49.9736],[113.6361,49.991],[113.7427,50.0749],[113.8787,50.1049],[114.1784,50.243],[114.3388,50.2827],[114.4677,50.2335],[114.6535,50.2472],[114.8567,50.217],[115.0075,50.1639],[115.0793,50.0833],[115.2239,49.9884],[115.5067,49.9071],[115.7453945,49.8871758],[116.0727,50.0137],[116.2355,50.0356],[116.6216,49.9311],[116.7137007,49.8456631],[117.0614,49.6856],[117.2732686,49.6308469],[117.4715657,49.62638],[117.7934272,49.5200369],[117.8366302,49.541897],[117.8681243,49.5083177],[117.8930641,49.595316],[117.9433804,49.5937065],[117.9809386,49.6214903],[118.0739634,49.6138386],[118.1112827,49.6460236],[118.1070427,49.6709917],[118.1655237,49.6589839],[118.2271034,49.7363084],[118.2840742,49.7442995],[118.3058462,49.7729565],[118.3807633,49.7779227],[118.3720076,49.7896789],[118.3958708,49.8042353],[118.3783271,49.8259909],[118.4765314,49.8285915],[118.4676914,49.838834],[118.4916844,49.8404411],[118.4800205,49.8710553],[118.5576691,49.9003309],[118.5430013,49.9071783],[118.5669371,49.9300495],[118.6081223,49.923964],[118.6124867,49.9472248],[118.6440339,49.9364799],[118.6538092,49.9535123],[118.8276878,49.9589304],[118.9336026,49.9923669],[118.9758112,49.9767002],[119.0840802,49.9842595],[119.1751384,50.0411624],[119.1818306,50.087457],[119.2280534,50.0737741],[119.2860746,50.1093519],[119.2996848,50.1584156],[119.3526888,50.194526],[119.3098197,50.2163738],[119.3400945,50.2547218],[119.3159735,50.2809158],[119.3791216,50.320407],[119.3501228,50.3260876],[119.3648152,50.3316235],[119.3473762,50.3585157],[119.2943654,50.344234],[119.2690279,50.3646974],[119.2467742,50.3417267],[119.2095629,50.3633892],[119.1753501,50.3467039],[119.1880531,50.3614899],[119.1478374,50.3603797],[119.1693112,50.3770923],[119.1426853,50.3923297],[119.1674711,50.3969899],[119.1556248,50.4045235],[119.1760325,50.4220078],[119.2059419,50.409197],[119.2154587,50.4403128],[119.2567873,50.4685667],[119.2551299,50.4879602],[119.2254567,50.5009018],[119.2555843,50.5098959],[119.2750189,50.5522081],[119.2577764,50.561566],[119.2885456,50.5737234],[119.2742485,50.6034177],[119.3265326,50.6236107],[119.3282168,50.6407366],[119.3516678,50.6298853],[119.386515,50.6622144],[119.3735552,50.6799841],[119.4256538,50.6831021],[119.4917345,50.7462291],[119.4869177,50.7738022],[119.5156066,50.7888221],[119.487871,50.8436267],[119.5117375,50.8422622],[119.5027705,50.8577377],[119.5225033,50.8641258],[119.5151493,50.9045977],[119.5629829,50.9336798],[119.6243999,51.00902],[119.6875231,51.0290793],[119.6964476,51.0153475],[119.6934959,51.036975],[119.7218236,51.0603699],[119.7088834,51.0720261],[119.7563281,51.0905866],[119.7436336,51.1146868],[119.7753119,51.1531897],[119.7519431,51.1635309],[119.7812735,51.1720298],[119.7524792,51.2126993],[119.8151855,51.2141929],[119.7903171,51.2439735],[119.8208728,51.2596601],[119.8038781,51.2802999],[119.8746028,51.2969212],[119.878295,51.3374814],[119.9395708,51.3608422],[119.9022725,51.3890206],[119.9645534,51.3996351],[119.9682591,51.4351882],[119.9953628,51.4535563],[119.9780937,51.504339],[120.044391,51.5512707],[120.0275939,51.5836327],[120.0516216,51.6322636],[120.0952844,51.6489856],[120.0803649,51.6783186],[120.1667457,51.6780703],[120.2875153,51.7498174],[120.3084534,51.7834757],[120.3558323,51.7874061],[120.3989234,51.8136324],[120.3939926,51.8319979],[120.4698332,51.8514698],[120.4697091,51.8825273],[120.5355198,51.8779863],[120.5505036,51.9122194],[120.64758,51.9227252],[120.6542487,51.9547716],[120.6969717,51.9810889],[120.7116684,52.0135584],[120.6791109,52.0361783],[120.7191265,52.0773708],[120.7457618,52.0782102],[120.7348049,52.0925448],[120.760918,52.1084649],[120.7536734,52.1391169],[120.7795519,52.1637389],[120.7390554,52.2044505],[120.7516307,52.255407],[120.7108234,52.2589152],[120.6927596,52.2869761],[120.6310188,52.3121651],[120.6142057,52.3534646],[120.6431434,52.3624144],[120.6426959,52.3895622],[120.6835667,52.4289413],[120.676556,52.4659338],[120.6997762,52.4912609],[120.682075,52.5144119],[120.7262737,52.5399354],[120.4589993,52.6434643],[120.3909082,52.6152463],[120.2820189,52.6221078],[120.1846108,52.5770372],[120.0619671,52.5860533],[120.0267672,52.6354566],[120.0618436,52.7072149],[120.0266437,52.776256],[120.1374306,52.812691],[120.1791764,52.8081212],[120.21697,52.842333],[120.2808237,52.8609827],[120.2889753,52.8922303],[120.3389961,52.8998878],[120.3528776,52.9375205],[120.4059376,52.9580602],[120.4369382,53.0023997],[120.5552591,53.0804569],[120.6360335,53.1039235],[120.6499929,53.13373],[120.687645,53.1453325],[120.684644,53.1751485],[120.832706,53.238667],[120.8125743,53.2663779],[120.875015,53.2926939],[121.0355041,53.2868564],[121.0874565,53.3053061],[121.1217855,53.2752272],[121.2265357,53.279163],[121.3271372,53.3231851],[121.4101865,53.3171715],[121.5580713,53.3450518],[121.5141104,53.3829189],[121.4102551,53.3673529],[121.4184948,53.4158758],[121.3848492,53.4573936],[121.2368771,53.5039761],[121.2039181,53.4992793],[121.195335,53.4404232],[121.1658093,53.430606],[121.045303,53.4743572],[120.894241,53.4941735],[120.7682415,53.4616862],[120.6274792,53.4755832],[120.4194256,53.419968],[120.1217648,53.4612774],[119.9689862,53.3872192],[119.8024746,53.3630507],[119.5721051,53.1792926],[119.4104,53.1447113],[119.271011,53.0624692],[119.1329942,53.1550069],[119.1206346,53.1953393],[119.0808092,53.2208361],[119.0739427,53.3046219],[119.0492235,53.332514],[119.0437303,53.3767758],[119.3472276,53.7080887],[119.3307481,54.0005055],[119.3760667,54.0392326],[119.4708238,54.0601947],[119.853972,54.0005055],[120.0695787,54.077118],[120.2618394,54.1093336],[120.4609666,54.1809237],[120.9086595,54.384557],[121.1682115,54.4333112],[121.4758287,54.3581576],[121.5829454,54.3613584],[122.1089159,54.4883896],[122.6733385,54.6809778],[122.9576097,54.701615],[123.1910692,54.7523695],[123.2926927,54.8046434],[123.3668504,54.9255644],[123.4094225,54.9563294],[123.5124193,54.9799788],[123.652495,55.0995884],[124.1015611,55.2337227],[124.2443834,55.3166438],[124.2979417,55.3705278],[124.4105516,55.6024031],[124.4819627,55.6682921],[124.6137987,55.7402556],[124.7373949,55.8421698],[124.8527513,55.8637537],[125.0147997,55.9353571],[125.1397691,55.9338187],[125.3276901,55.8749276],[125.4201224,55.8699336],[125.4539542,55.8430444],[125.4518434,55.8061658],[125.5098131,55.7851277],[125.5225189,55.7499078],[125.5537882,55.7396297],[125.6168436,55.7794462],[125.702279,55.800488],[125.8388892,55.8035916],[125.9909975,55.7688834],[125.9853805,55.7202597],[126.0438499,55.7310732],[126.0817262,55.7169266],[126.0910761,55.708604],[126.0671597,55.7058147],[126.0844468,55.6699394],[126.1313619,55.6671448],[126.1411161,55.6511943],[126.133551,55.6381266],[126.0670302,55.6452204],[126.0772092,55.5953702],[126.2965998,55.6091095],[126.3176506,55.5846931],[126.3859147,55.5946005],[126.3874461,55.5733856],[126.4163867,55.5597351],[126.5291737,55.5790459],[126.510596,55.613184],[126.5886521,55.6566011],[126.6900073,55.6682236],[126.6822762,55.6330061],[126.723236,55.5992915],[126.7873034,55.6274251],[126.8572288,55.6115023],[126.9262249,55.629892],[126.9069026,55.6765516],[126.9348721,55.6908853],[127.1348525,55.6928399],[127.1869557,55.7176958],[127.2606364,55.6805978],[127.3214542,55.6878049],[127.3154267,55.6493213],[127.3458008,55.6395101],[127.3401299,55.6195196],[127.4232886,55.5785304],[127.513818,55.6048753],[127.5899118,55.5940636],[127.5999093,55.6022028],[127.5427442,55.6657941],[127.6256226,55.6745368],[127.6774679,55.715407],[127.7337088,55.7312756],[127.7894763,55.7230406],[127.8032384,55.6897111],[127.7867898,55.6737981],[127.8305488,55.6631075],[128.2904262,55.6969129],[128.3423553,55.6753293],[128.3812394,55.6307162],[128.4756024,55.5978117],[128.5009955,55.5489416],[128.6147348,55.5470466],[128.6864525,55.5721548],[128.702718,55.5575145],[128.6961905,55.5200534],[128.7611936,55.5118761],[128.7859391,55.4876715],[128.8285068,55.5201315],[128.8522595,55.4997756],[128.9073036,55.5139754],[128.9568703,55.4943887],[129.0866848,55.5246903],[129.104043,55.5491423],[129.1035938,55.61883],[129.0493241,55.6667174],[129.0493592,55.6944722],[129.1794287,55.698478],[129.2624706,55.7306293],[129.3519932,55.7132977],[129.3851414,55.7331769],[129.4479155,55.7253074],[129.4963793,55.7691461],[129.525931,55.7435157],[129.6591952,55.786023],[129.7110569,55.7610086],[129.7883673,55.7736129],[129.8173745,55.7488761],[129.8709312,55.7404841],[129.9144006,55.7791589],[130.0010897,55.7132802],[130.0704662,55.7119158],[130.0973571,55.7322442],[130.1480709,55.7122846],[130.2779923,55.741256],[130.3531822,55.7309403],[130.3808479,55.7477513],[130.5045536,55.7274248],[130.6248239,55.76245],[130.6805417,55.7440457],[130.7390406,55.7538125],[130.878661,55.7068153],[131.0971056,55.6969386],[131.4239488,55.469514],[131.5434251,55.3080469],[131.6903673,55.1592593],[131.9100938,55.0327454],[131.9142137,54.9728854],[131.7123399,54.8426185],[131.6715376,54.7754465],[131.6345124,54.7723916],[131.6184095,54.7937909],[131.5593647,54.7730499],[131.5511957,54.7429551],[131.3948903,54.73728],[131.3195453,54.6979412],[131.2866467,54.6588115],[131.1712602,54.6364205],[131.1905215,54.5679935],[131.2330444,54.553191],[131.2150705,54.5072508],[131.1943728,54.5105548],[131.1670204,54.4706858],[131.17511,54.4391226],[131.1490687,54.421202],[131.1341566,54.3674654],[131.1068222,54.3544179],[131.1207982,54.335786],[131.0346862,54.2913014],[130.9737208,54.3044448],[130.972165,54.3271838],[130.9391629,54.339254],[130.8149519,54.2845829],[130.7359828,54.2988266],[130.7162155,54.2854939],[130.7222291,54.2664412],[130.6686074,54.2566122],[130.635677,54.1866071],[130.5728855,54.1695472],[130.511178,54.1224156],[130.4962743,53.9873168],[130.4307724,53.9659966],[130.3910223,53.9199677],[130.4415988,53.8881555],[130.5170427,53.9091658],[130.5877794,53.8784617],[130.6869692,53.9001788],[130.7454462,53.848979],[130.8518485,53.8491673],[130.8485043,53.7983783],[130.9004492,53.7743158],[131.0174445,53.8251967],[131.0841355,53.8100817],[131.1075582,53.8223384],[131.2522668,53.7864055],[131.3125028,53.7934054],[131.4441388,53.739173],[131.4426343,53.7045919],[131.4182646,53.6833799],[131.4423594,53.63774],[131.4917251,53.6009198],[131.4552219,53.5766373],[131.4804708,53.5675521],[131.4759465,53.5277399],[131.4512727,53.5101096],[131.4843286,53.4833776],[131.4864586,53.4499094],[131.5049894,53.4482136],[131.4955487,53.3993456],[131.5334407,53.3336604],[131.5138857,53.2719704],[131.4759193,53.2622382],[131.4415488,53.2213154],[131.5089498,53.2080195],[131.8064259,53.2575283],[131.8176309,53.2378735],[131.8546878,53.2315784],[131.8286407,53.1627868],[131.8764247,53.1580725],[131.8993543,53.1356269],[131.9582854,53.1612405],[131.9788486,53.1394923],[132.0131132,53.1392318],[132.0633749,53.2212848],[132.1056028,53.2405343],[132.141151,53.2209238],[132.2489833,53.22612],[132.2796759,53.2554383],[132.312386,53.2371627],[132.3492346,53.2468397],[132.3981917,53.2176118],[132.5095019,53.2149908],[132.6614685,53.2455138],[132.7029578,53.2240619],[132.7705466,53.2497242],[132.8618931,53.2352533],[132.8980124,53.2529367],[132.8772128,53.2883626],[132.8886453,53.2983424],[132.967227,53.2836126],[133.0314162,53.3070874],[133.1348728,53.303421],[133.1441671,53.3326709],[133.1224359,53.3402678],[133.1627185,53.3608236],[133.1579335,53.4025237],[133.1983652,53.4318699],[133.3611103,53.472979],[133.4125496,53.5168487],[133.4898172,53.5063489],[133.5670761,53.5498353],[133.6285113,53.5359228],[133.7068054,53.4673334],[133.7877036,53.4930375],[133.8115682,53.4641034],[133.8681071,53.474426],[133.9464775,53.438939],[134.0966164,53.4558982],[134.1132709,53.4989364],[134.1952848,53.4822346],[134.2140653,53.5051069],[134.2059767,53.5213546],[134.2801538,53.5474412],[134.3106471,53.5355501],[134.3213619,53.5540036],[134.4084309,53.5812825],[134.4455066,53.5584606],[134.4563066,53.6080365],[134.5412236,53.6182206],[134.6450039,53.748508],[135.010985,53.8573875],[135.1853929,53.9585104],[135.3941331,54.0988663],[135.5850206,54.268433],[135.7898495,54.6173217],[135.7748282,54.6702051],[135.7335689,54.6973131],[135.3160095,54.7817573],[135.2694631,54.8282686],[135.3061411,54.875311],[135.5724703,55.0451842],[135.7545245,55.0694745],[136.1189284,55.2360802],[136.2023836,55.2580149],[136.3815375,55.4060594],[136.424402,55.4897841],[136.4928613,55.5310279],[136.578775,55.5398292],[136.7252888,55.6009107],[136.8216395,55.6085028],[136.9756067,55.7387872],[137.1000174,55.7449141],[137.1607229,55.8165727],[137.2256145,55.8563581],[137.3323718,55.906213],[137.4440372,55.9129241],[137.5175725,56.0080007],[137.6112656,56.0668029],[137.7831665,56.1018406],[137.8587839,56.1804877],[137.9247671,56.2167063],[137.9913979,56.3266825],[138.0964333,56.3464696],[138.1539469,56.3847753],[138.2354249,56.3770924],[138.2981623,56.3950319],[138.3475353,56.4448677],[138.3482141,56.4826736],[138.3041448,56.513127],[138.2207897,56.5212034],[138.2059667,56.5608686],[138.3335118,56.5950426],[138.3515629,56.6479273],[138.4669021,56.664463],[138.503184,56.7448189],[138.5837829,56.7311452],[138.6580689,56.7593741],[138.6743296,56.7869981],[138.6626226,56.8612339],[138.6977906,56.9320305],[138.9463938,56.9801149],[139.0081303,57.0439641],[139.0233728,57.0927439],[139.0968416,57.1156679],[139.1600345,57.1878969],[139.2672671,57.2338732],[139.4766617,57.2660368],[139.5793664,57.3203983],[139.674308,57.4194258],[139.7639599,57.4328298],[139.8512151,57.3931717],[139.9294304,57.4086363],[139.9578951,57.4507894],[139.9083742,57.4923051],[140.0557604,57.6575069],[140.1683689,57.6965991],[140.3542561,57.7026611],[140.584752,57.8230298],[140.5970983,57.8891492],[140.7564295,58.1678808],[140.8528975,58.2701226],[141.0618919,58.3899092],[141.3654,58.4624706],[141.6361518,58.5794819],[141.797221,58.6790425],[142.0394302,58.9131106],[142.1600763,59.0022035],[142.431395,59.1342059],[142.6271001,59.1905125],[143.2653692,59.3121428],[143.348822,59.2822207],[143.4894664,59.2703592],[143.8880617,59.3532636],[144.4442991,59.3100735],[144.9601252,59.3125645],[145.2239702,59.3541435],[145.3555584,59.3392025],[145.5857706,59.3663614],[145.6620404,59.3602644],[145.7570996,59.3206711],[145.726788,59.2476704],[145.7573219,59.2045018],[145.8793494,59.1631623],[145.8881367,59.1349402],[145.9258702,59.1109868],[146.0613324,59.0899279],[146.2215706,59.1442129],[146.2956761,59.1305438],[146.3702606,59.1414507],[146.4503847,59.1838663],[146.4691286,59.2188109],[146.4213418,59.2673586],[146.4329702,59.3249479],[146.4203105,59.386895],[146.5081606,59.4081688],[146.5906453,59.3948773],[146.6134442,59.3596786],[146.6828852,59.3369477],[146.843651,59.3100735],[146.9874661,59.3148404],[147.1420748,59.2713884],[147.2468056,59.2773944],[147.4942474,59.1888734],[147.5942394,59.1941048],[147.6558694,59.231588],[147.7704725,59.2101315],[147.8558195,59.2209303],[147.9379176,59.2760501],[147.9426366,59.3073947],[147.9233385,59.3340727],[148.2971198,59.3492343],[148.3168287,59.333279],[148.3124152,59.2488897],[148.3482499,59.2176686],[148.5437443,59.1903342],[148.8385182,59.1978315],[148.8925684,59.1814509],[148.850806,59.1333794],[148.8843756,59.0902188],[149.0119167,59.0649504],[149.1750594,59.1311508],[149.2418472,59.1973113],[149.2281471,59.2376581],[149.1572437,59.2616774],[149.1961413,59.291849],[149.1940271,59.3279563],[149.1061013,59.372509],[149.0660841,59.4178856],[149.1074648,59.4310753],[149.244988,59.4125895],[149.3154461,59.44719],[149.3287973,59.5285382],[149.2851601,59.5644873],[149.2143006,59.5827729],[149.2039419,59.6073107],[149.3821407,59.665906],[149.6480418,59.7064021],[149.8296976,59.6821843],[150.1250494,59.6096445],[150.2687156,59.5977478],[150.2688708,59.56892],[150.2951159,59.5462717],[150.4182474,59.5206385],[150.4046677,59.4774407],[150.4405024,59.4464291],[150.5233201,59.4277071],[150.6308559,59.4376334],[150.660763,59.4048823],[150.7344746,59.384093],[150.990979,59.4102633],[151.0468845,59.4655179],[151.0374902,59.5206459],[151.1323676,59.5289494],[151.4035417,59.502652],[151.5855429,59.425299],[151.5900609,59.3910846],[151.6307482,59.3545747],[151.6276198,59.2930729],[151.6666906,59.2594787],[151.8560334,59.2465639],[151.9538729,59.2157857],[152.1036896,59.2240386],[152.0584639,59.199126],[151.9100722,59.1909829],[151.7939307,59.211879],[151.4270999,59.2180818],[151.3315069,59.1943201],[151.2939453,59.1621035],[151.1922635,59.1466102],[151.0868603,59.1575367],[151.0146561,59.1307794],[151.0083007,59.0753831],[151.1343557,58.9766419],[151.1474896,58.9382938],[151.2368569,58.8554231],[151.2444669,58.8148875],[151.3343126,58.7836298],[151.4986289,58.8106626],[151.7128446,58.7889969],[151.8565844,58.8223751],[152.0889603,58.8382973],[152.2095989,58.8734354],[152.253879,58.909504],[152.2638372,58.9494265],[152.3410761,58.9614884],[152.4186005,58.9562543],[152.5042038,58.9022233],[152.621155,58.8890282],[152.6889977,58.8604101],[152.9340359,58.8548703],[153.0092741,58.8927381],[153.041009,58.9813144],[153.0897883,59.0240858],[153.3267733,59.0354082],[153.4214263,59.0625017],[153.4550738,59.0998749],[153.4649747,59.1790518],[153.6180286,59.1369283],[153.77273,59.125439],[153.8610036,59.039153],[154.0350221,58.9931056],[154.2286128,59.0414852],[154.3737791,59.0542977],[154.4321362,59.0918885],[154.451026,59.148857],[154.4804253,59.1635716],[154.615936,59.1071837],[154.7961425,59.0817651],[154.8705941,59.0968277],[154.9026413,59.132096],[155.2014051,59.1250925],[155.4225801,59.1883671],[155.4831051,59.1491291],[155.5626185,59.1445301],[155.6251841,59.1701045],[155.640005,59.2238409],[155.605,59.2553015],[155.5313814,59.2680008],[155.6327545,59.2733983],[155.6859412,59.2972479],[155.6985527,59.338393],[155.659712,59.3741665],[155.5375918,59.3906382],[155.4091736,59.3509944],[155.3856105,59.3228426],[155.3969365,59.2920532],[155.4949833,59.2635924],[155.4267837,59.2289509],[155.369912,59.2603281],[155.2941325,59.2617591],[155.3222819,59.3119833],[155.2885135,59.3775099],[155.2139454,59.4271077],[155.1302455,59.4529522],[155.0830721,59.5106401],[154.9599264,59.5489032],[154.815572,59.5285128],[154.6503452,59.5947389],[154.5355367,59.5769273],[154.4613893,59.59901],[154.3331327,59.7299538],[154.3223185,59.7684121],[154.4301175,59.7843082],[154.5646971,59.8593922],[154.6286887,60.0358232],[154.7911416,60.1858082],[154.9646049,60.2946195],[155.2119384,60.3776536],[155.3773143,60.4742021],[155.4587942,60.4642677],[155.5458382,60.4916174],[155.6441745,60.585794],[155.7965992,60.6197729],[155.8527731,60.6595177],[155.9697448,60.6700903],[156.0186886,60.7276546],[156.0246257,60.8472787],[156.1627314,60.966356],[156.5203626,61.1446743],[156.5650831,61.157639],[156.6639785,61.1476297],[156.737109,61.1713261],[156.7671955,61.2116857],[156.7434311,61.286136],[156.7591669,61.3359047],[156.7345744,61.3882567],[156.764729,61.4660973],[156.9830191,61.5074827],[157.0634697,61.5555119],[157.1025219,61.6043142],[157.2815921,61.6379065],[157.4187284,61.6417297],[157.5337603,61.7360788],[157.7860321,61.7297158],[157.9192845,61.6940934],[158.0935591,61.6819375],[158.3244777,61.773834],[158.4611453,61.7324835],[158.6238617,61.7818692],[158.8542598,61.7672755],[158.9365081,61.7947497],[158.9631015,61.8439159],[159.099729,61.8672645],[159.2566874,61.8519727],[159.2106968,61.8191863],[159.2270969,61.7792026],[159.4067709,61.719531],[159.4137045,61.6639689],[159.4437805,61.6367928],[159.5992298,61.6021837],[159.7829022,61.6518633],[159.9571607,61.6682465],[160.0635736,61.7341768],[160.1175454,61.8020276],[160.2675835,61.8485137],[160.239065,61.8003015],[160.2615933,61.7678506],[160.0988547,61.6890107],[160.1090743,61.6538497],[160.1564929,61.6311928],[160.1314484,61.5874461],[160.1378858,61.5631697],[159.9491674,61.4943674],[159.9215604,61.4615675],[159.9299442,61.4348311],[159.8431187,61.4114868],[159.8260315,61.3705084],[159.7238139,61.3151325],[159.6303896,61.2329309],[159.6800827,61.1873911],[159.8250503,61.180122],[159.8557915,61.156604],[159.862198,61.1168776],[159.8393682,61.0667183],[159.7492214,61.0162566],[159.6823926,60.9473243],[159.6912953,60.9107361],[159.7266753,60.8844171],[159.8302967,60.8457952],[159.9136421,60.8450097],[160.1667514,60.9682611],[160.2378311,60.968417],[160.0732371,60.8456005],[160.0757219,60.8047593],[160.1314016,60.7441487],[160.0434109,60.6804993],[160.0258629,60.5966184],[160.0472125,60.5586929],[160.0935309,60.5354974],[160.2459402,60.5313541],[160.3659391,60.5710127],[160.4512624,60.6450627],[160.8688896,60.6810336],[161.0079586,60.852182],[161.2632582,60.9562624],[161.2982658,60.9979197],[161.5192188,61.0841539],[161.5589802,61.1311639],[161.6561984,61.1492515],[161.7173028,61.2178991],[162.0726604,61.3453306],[162.3933699,61.5447817],[162.6036728,61.5077553],[162.8351995,61.5445347],[162.8936103,61.5032875],[162.8707725,61.4482131],[162.9103457,61.4115983],[163.0153375,61.3959805],[163.1165946,61.4233989],[163.1376757,61.4526204],[163.1259249,61.4880388],[163.2030571,61.5199981],[163.2189082,61.5580266],[163.2976948,61.5690039],[163.4170659,61.6329956],[163.4514031,61.7007987],[163.428361,61.73523],[163.3280776,61.7770551],[163.1055043,61.8144336],[163.1751173,61.9344987],[163.2925038,62.0535059],[163.2059162,62.2010753],[163.3385488,62.2713348],[163.5595026,62.3048394],[163.6128592,62.3599816],[163.6020488,62.3902236],[163.548212,62.4142793],[163.4070031,62.4002712],[163.346537,62.4223486],[163.3778357,62.4513188],[163.3753467,62.4937909],[163.5290313,62.5024766],[163.8089163,62.5536624],[163.9543308,62.5396863],[164.0747394,62.6003565],[164.2967797,62.6114255],[164.414361,62.64195],[164.5663721,62.6128054],[164.591083,62.5565042],[164.7501654,62.5067552],[164.6211652,62.5089719],[164.4677093,62.4820234],[164.3667587,62.433052],[164.3306797,62.3951613],[164.1538971,62.3515648],[164.0257607,62.265433],[163.9922841,62.1649047],[164.0009094,62.1385273],[163.9690859,62.1039786],[163.9859397,62.0274331],[163.959607,61.9824623],[163.9761831,61.9034058],[163.9293176,61.8501878],[163.9563778,61.8002978],[163.9411295,61.7216593],[163.818161,61.6992295],[163.7591355,61.6661604],[163.7218557,61.5665473],[163.6490668,61.492806],[163.6288463,61.4362249],[163.640717,61.4058229],[163.6980822,61.3753003],[163.7914676,61.3659209],[163.8758077,61.3874788],[163.9077172,61.3572061],[163.8468035,61.2965893],[163.8398821,61.255399],[163.5761526,61.169416],[163.5209246,61.1258205],[163.5193909,61.0952798],[163.4219272,61.0632073],[163.3841552,61.022338],[163.3864299,60.9853002],[163.4267566,60.9519483],[163.5641028,60.9149742],[163.4087491,60.871499],[163.3457524,60.9222604],[163.2498211,60.9302117],[163.195469,60.9131961],[163.1567834,60.8644534],[163.0840285,60.8289846],[162.8927616,60.812084],[162.8822333,60.8472776],[162.850417,60.8696233],[162.7262514,60.8769931],[162.6787643,60.8545994],[162.6445818,60.8018608],[162.6760566,60.7576179],[162.7607441,60.7413167],[162.6957298,60.6854931],[162.6278464,60.6580356],[162.4754905,60.6595919],[162.3421698,60.5970032],[162.1455315,60.6052701],[162.0687015,60.5860969],[161.9611895,60.4838313],[161.8422591,60.4394499],[161.7845068,60.3236065],[161.7359816,60.2882917],[161.7462011,60.2515459],[161.7953048,60.2274662],[161.7350214,60.1833346],[161.4058971,60.0759439],[161.2385834,59.9481067],[161.1819176,59.8816649],[161.1021874,59.8491428],[161.0476007,59.7992965],[160.8694152,59.7410175],[160.8002793,59.6577879],[160.4134826,59.5884273],[160.3479214,59.5099754],[160.3482526,59.474636],[160.3000234,59.4138959],[160.2429871,59.3854247],[160.1266492,59.3689313],[159.9094465,59.2229846],[159.7705353,59.1576],[159.6196862,58.9956305],[159.6202518,58.9659033],[159.6532854,58.9381558],[159.6387487,58.9002493],[159.5452578,58.8636069],[159.4658786,58.7741444],[159.1346437,58.5920007],[158.9865727,58.4582711],[158.596803,58.3033956],[158.3322601,58.1705384],[158.267818,58.1186227],[158.090241,58.0524974],[157.9934538,58.037617],[157.8793846,58.0281433],[157.785819,58.0658676],[157.6313054,58.0610288],[157.4900303,57.9540846],[157.4939448,57.9081585],[157.4442937,57.8545871],[157.3368185,57.818482],[157.1317063,57.8357584],[157.0825525,57.8932688],[157.0185623,57.9101269],[156.7878866,57.8360425],[156.6820428,57.7214861],[156.7127312,57.6870276],[156.8082271,57.6653519],[156.8847213,57.5631842],[156.9093095,57.4409388],[156.8485516,57.3453337],[156.6711716,57.1571497],[156.6728335,57.1961053],[156.6336746,57.2229547],[156.5718682,57.2300394],[156.5103352,57.2104065],[156.48839,57.1720491],[156.5010768,57.144288],[156.4484413,57.1126587],[156.4527428,57.0545735],[156.409085,56.9897032],[156.0498247,56.8486976],[155.9121711,56.7198567],[155.8608304,56.6409068],[155.7884935,56.4448587],[155.5608672,55.9737898],[155.5332822,55.6950534],[155.4659748,55.4240079],[155.463247,55.2040603],[155.6493866,54.4207675],[155.8371788,53.9224371],[155.9432709,53.4257369],[155.9863739,53.3067924],[156.0503876,52.8697926],[156.3009056,52.3803089],[156.3608444,52.2166807],[156.391778,52.0677563],[156.4165641,51.7709418],[156.4030531,51.5015663],[156.4568817,51.2956747],[156.5011119,51.2400414],[156.5949924,51.2113019],[156.6377567,51.171158],[156.62099,51.086531],[156.668835,51.0405657],[156.6759423,50.9991163],[156.5787922,50.9032088],[156.5734183,50.8645025],[156.6139718,50.8227081],[156.6897223,50.813998],[156.7801338,50.854943],[156.9287113,50.9800373],[157.0087868,51.0128912],[157.147972,51.1087909],[157.3651563,51.2005378],[157.3875306,51.2267866],[157.3862975,51.263233],[157.4208884,51.2995081],[157.5441589,51.3328161],[157.5708644,51.3713633],[157.5697613,51.4101905],[157.6238948,51.4643691],[157.6778768,51.4478934],[157.7467646,51.4587107],[157.9075223,51.5719131],[157.9639107,51.5890167],[158.1006075,51.7543813],[158.1642588,51.7736695],[158.2351996,51.8589425],[158.3454742,51.9312003],[158.4153565,52.0839323],[158.4923988,52.1527511],[158.4938507,52.1977321],[158.5825783,52.2387338],[158.6399715,52.2975732],[158.6335795,52.3459147],[158.6544052,52.3900876],[158.5985063,52.4608866],[158.6090866,52.5356753],[158.5859642,52.5784851],[158.6825996,52.674181],[158.6633659,52.7302069],[158.7025124,52.7636036],[158.6944259,52.8046312],[158.7226594,52.8363737],[158.796125,52.8608397],[158.9738783,52.9950914],[159.1232675,53.0579754],[159.321897,53.1162616],[159.4231883,53.1059526],[159.5103074,53.1624906],[159.5804301,53.1640362],[159.6307578,53.1925714],[159.9268701,53.0633106],[160.0355935,53.0404809],[160.1053466,53.0631451],[160.1406811,53.1413741],[160.1110186,53.2771768],[160.0573705,53.3149059],[160.0463455,53.3575526],[159.97494,53.4277824],[160.0352352,53.4741636],[160.0345627,53.5727625],[159.9833243,53.6515227],[159.9811142,53.6947075],[159.9294517,53.7229573],[159.9293405,53.7914247],[159.959199,53.8996571],[160.0421235,54.0129252],[160.0712661,54.0865849],[160.1311515,54.144932],[160.3843417,54.2728582],[160.4649595,54.3382019],[160.6104891,54.4159515],[160.9065326,54.5189447],[161.1104957,54.5420653],[161.1502832,54.4781796],[161.2659648,54.4323441],[161.472248,54.4602854],[161.7177312,54.4542118],[161.788477,54.476963],[161.9011008,54.5634364],[162.2138991,54.727311],[162.2416376,54.8642762],[162.2146437,54.8971053],[162.1530691,54.9234747],[162.1371495,54.9607378],[162.0221849,55.0712854],[161.9518213,55.1039744],[161.8948213,55.1876699],[161.8380107,55.3450875],[161.8302628,55.4985072],[161.9085982,55.6774478],[161.9888621,55.7513367],[162.0128255,55.8167244],[162.1089265,55.9248856],[162.114168,55.9579682],[162.1562573,56.0013416],[162.1665927,56.0612219],[162.2734532,56.1119596],[162.57347,56.1763963],[162.767927,56.0189208],[162.8752463,55.9760247],[163.0482009,55.9565505],[163.1228305,55.9832272],[163.2277665,56.0875143],[163.3321496,56.1086486],[163.4430787,56.1680272],[163.4287013,56.2569693],[163.4449503,56.3250267],[163.4109949,56.3982458],[163.3635586,56.4467301],[163.3652994,56.486495],[163.3431107,56.5187102],[163.368046,56.5720795],[163.326838,56.6191922],[163.3652691,56.690847],[163.3257329,56.7565564],[163.2188318,56.7928501],[163.0540498,56.7919446],[162.9202782,56.7505131],[162.8802717,56.7752918],[162.876876,56.8600077],[162.9285815,56.9640557],[162.9429821,57.0466208],[162.864618,57.1892683],[162.8598637,57.2844684],[162.8670711,57.3274781],[162.9435855,57.3828275],[163.1545634,57.4459268],[163.1969087,57.4783917],[163.2206241,57.5266837],[163.296482,57.5522436],[163.3384232,57.6059402],[163.3322121,57.645289],[163.4150353,57.7094366],[163.4119295,57.7452494],[163.261213,57.8638569],[163.0842965,57.8715397],[162.7269957,58.0008299],[162.5024268,57.972578],[162.3484298,57.8422555],[162.3037275,57.8511928],[162.1363873,57.9353999],[162.0951517,58.0065411],[162.0908907,58.0801218],[162.1046269,58.1377072],[162.2106862,58.328433],[162.439831,58.5945068],[162.6081469,58.7127576],[162.810554,58.7759056],[162.9378444,58.8718198],[163.0804057,58.910548],[163.169582,58.9784121],[163.2761015,58.995132],[163.3232514,59.0269704],[163.342123,59.1003698],[163.308713,59.1676034],[163.4208884,59.2383108],[163.444868,59.3089491],[163.4251111,59.4190053],[163.321094,59.5025252],[163.5139122,59.6133996],[163.524132,59.6507576],[163.4746774,59.7364976],[163.5323235,59.8210654],[163.5893496,59.8477225],[163.6788095,59.8250118],[163.7588132,59.8325653],[163.8547213,59.9303245],[163.9586469,59.9678739],[164.0469337,59.9560386],[163.9678036,59.8980604],[164.0015157,59.8371176],[164.1738809,59.8053332],[164.2490343,59.8097862],[164.292118,59.8274985],[164.3182811,59.86406],[164.2963939,59.8952412],[164.2415447,59.9160319],[164.4066125,59.9570355],[164.4443169,59.9888283],[164.4631868,60.0381107],[164.54971,59.9851481],[164.6242345,59.9660033],[164.6721281,59.9209516],[164.7019772,59.8723645],[164.7032524,59.8117307],[164.7414626,59.7607234],[164.8786883,59.7396176],[165.155918,59.8306043],[165.220453,59.8836145],[165.2519162,59.9393991],[165.3126671,59.9767569],[165.308963,60.0107897],[165.2766096,60.0421379],[165.3877797,60.102554],[165.8388116,60.2280714],[165.9074298,60.2756897],[166.0625829,60.3192224],[166.147687,60.3810863],[166.1814277,60.3052475],[166.1743206,60.2391633],[166.1974207,60.2088302],[166.1005428,60.1362963],[166.0585905,60.0196488],[166.0629176,59.9761668],[166.0030391,59.8960892],[165.9806866,59.8027408],[166.0764039,59.7506028],[166.3023542,59.7604268],[166.387161,59.7896812],[166.4960163,59.8925784],[166.731857,60.0183077],[167.0508451,60.2495708],[167.5538984,60.3756011],[167.6700046,60.3851748],[168.1107796,60.5075597],[168.4473392,60.5440577],[168.5079154,60.5437184],[168.5819485,60.5097948],[168.6983564,60.490564],[168.8082436,60.5171703],[169.2303692,60.4941621],[169.6213437,60.3786229],[169.642328,60.3706059],[169.6322674,60.3269815],[169.6817232,60.250573],[169.768815,60.2047035],[169.8715795,60.0460715],[170.0289407,60.0001286],[170.0233156,59.9603787],[170.0636165,59.9311244],[170.2401043,59.8804375],[170.3481559,59.8840764],[170.4571893,59.9108251],[170.5132874,59.9500537],[170.5661958,60.0647422],[170.5967762,60.2109445],[170.7748258,60.2821467],[170.7941621,60.3050878],[170.7933396,60.3623161],[170.9298572,60.4415108],[171.1364882,60.4990894],[171.2474277,60.5077763],[171.4432123,60.5713039],[171.5585738,60.6658743],[171.6540693,60.6656639],[171.7141568,60.685382],[171.7704091,60.7686497],[171.9239553,60.7697081],[172.1718907,60.8080835],[172.2065166,60.8407214],[172.2123466,60.8827013],[172.3039275,60.9227703],[172.3306763,60.957507],[172.4807951,60.970438],[172.562394,61.0080069],[172.5940293,61.0443887],[172.6001282,61.1096992],[172.7203189,61.1299546],[172.7810673,61.1841332],[172.8525129,61.2092099],[173.0095982,61.2372009],[173.0620769,61.2753409],[173.0713244,61.3245641],[173.1988499,61.3421923],[173.401187,61.4148057],[173.4386033,61.4493322],[173.4397829,61.4899517],[173.5469075,61.5079607],[173.5995314,61.5427638],[173.6188347,61.6705022],[173.7895006,61.6033049],[173.9033481,61.6084442],[174.14151,61.7181347],[174.2644127,61.7498514],[174.6929905,61.7894448],[174.9596307,61.9001192],[175.2690144,61.9631685],[175.4139555,62.0388192],[175.6648041,62.1219083],[176.0212269,62.2044852],[176.3381931,62.2494716],[176.430667,62.2816707],[176.4939719,62.3331329],[176.6615927,62.3911765],[176.9648318,62.4671931],[177.2252588,62.4966454],[177.5627488,62.5190517],[178.031993,62.4865796],[178.1040365,62.4519802],[178.2856554,62.412806],[178.943876,62.3018728],[179.0309312,62.2355839],[179.1412565,62.2276325],[179.2417937,62.256749],[179.2844585,62.3003296],[179.2876431,62.3255129],[179.2620358,62.3539317],[179.2947633,62.3946037],[179.2639551,62.4297959],[179.4480716,62.4418558],[179.5197889,62.4867365],[179.5611902,62.5658451],[179.6924173,62.6002049],[179.7353556,62.6637778],[179.734624,62.7458245],[179.6652384,62.8702207],[179.5867369,62.9107987],[179.4338167,62.9345501],[179.4072237,62.9728309],[179.4170681,63.0027126],[179.4995325,63.0057461],[179.5601637,63.0356475],[179.5766956,63.0679271],[179.551298,63.1388938],[179.4312675,63.226253],[179.1698978,63.3141214],[178.9801409,63.4810263],[178.9352364,63.5730366],[178.8670509,63.8345432],[178.7836042,64.0070168],[178.3922403,64.4153732],[178.3037956,64.4757987],[178.2182748,64.4892178],[178.1304957,64.4688561],[178.107933,64.4415691],[178.1196232,64.4106424],[178.2071022,64.3277384],[178.0431083,64.2751346],[177.9483397,64.2663594],[177.6021458,64.425055],[177.5389615,64.4944404],[177.530054,64.5342258],[177.6018753,64.6202094],[177.5630944,64.6803182],[177.5946801,64.7337111],[177.4092858,64.7805629],[177.0838158,64.7354695],[176.7700188,64.7252105],[176.5193932,64.741916],[176.4109032,64.7671013],[176.3285058,64.8433922],[176.2323754,64.8830598],[176.0902398,64.9089871],[175.9989159,64.8952983],[175.9261315,64.8179859],[175.7503503,64.7486539],[175.5786889,64.7565615],[175.4145806,64.7275557],[175.1090234,64.7263831],[174.8741906,64.6891265],[174.7560876,64.6515246],[174.5466607,64.6518186],[174.1085788,64.7869996],[173.9959689,64.9316902],[173.8613864,64.9747134],[173.6993381,64.988652],[173.5784885,65.0257861],[173.5510226,65.0698159],[173.6389133,65.141498],[173.6746188,65.2475093],[173.5757419,65.3771392],[173.2873508,65.5049935],[173.345029,65.6435544],[173.3752414,65.8342797],[173.5098239,65.9710896],[173.5043307,66.0369901],[173.5757419,66.1460762],[173.5647556,66.2093091],[173.4329196,66.3496289],[173.3038303,66.4398143],[173.3862277,66.5329568],[173.3889743,66.608311],[173.2928439,66.6464468],[173.2818576,66.6921323],[173.2434055,66.7247131],[173.2928439,66.7539991],[173.4576389,66.7810847],[173.5427829,66.8146294],[173.5263034,66.8546067],[173.3724948,66.9203731],[173.3203098,66.9289851],[173.2818576,66.9052948],[173.0648776,66.9418973],[172.5100681,66.935442],[172.2985812,66.9063721],[171.6448947,67.0792037],[171.7135593,67.1358305],[171.8893405,67.2114814],[171.9168063,67.2773489],[171.721799,67.4801838],[171.4636203,67.5516087],[171.3647433,67.6572993],[171.5020724,67.7209034],[171.4800998,67.7739487],[171.4224216,67.8082082],[171.4224216,67.848632],[171.4828464,67.8879521],[171.4965793,67.92927],[171.4553806,67.9663934],[171.3427707,68.0013999],[171.3125583,68.0486775],[171.3482639,68.1613414],[171.3977023,68.2042132],[171.4169284,68.2897168],[171.4086887,68.3718644],[171.3729831,68.4264649],[171.2741061,68.5071133],[170.768735,68.7224351],[170.7220158,68.8249372],[170.6708905,68.8679734],[170.6667706,68.9075458],[170.6451413,68.9224906],[170.5230916,68.9654242],[170.4158339,68.9169755],[170.1336082,68.8542414],[169.686929,68.8211737],[169.600392,68.8428476],[169.5705191,68.8688132],[169.5948444,68.9355439],[169.5606621,69.0413899],[169.5285791,69.076133],[169.4243643,69.1220748],[169.1997405,69.1329888],[168.9984368,69.2059756],[168.7809011,69.2530734],[168.4249798,69.2600926],[168.402434,69.2750549],[168.3689953,69.3777876],[168.4398231,69.5316833],[168.416013,69.5718915],[168.8040449,69.5126613],[169.1651987,69.5046311],[169.300839,69.5234714],[169.3931455,69.5713863],[169.4652576,69.65664],[169.4525491,69.7105735],[169.5469541,69.7437258],[169.6140704,69.8139003],[169.5820553,69.8723756],[169.4956201,69.92909],[169.3379735,69.9716946],[169.1142274,69.9999223],[168.9678585,69.9908263],[168.5566712,70.0693214],[168.1497758,70.0486835],[167.8385684,69.9620357],[167.4874487,69.7466042],[167.0999948,69.5845739],[166.95059,69.5601206],[166.7190117,69.587321],[166.5522345,69.5571413],[166.4064508,69.5537716],[165.8284549,69.6211773],[165.2607168,69.6447661],[164.9511113,69.6193101],[164.6737576,69.6283797],[164.3759616,69.7026132],[164.2454766,69.7822587],[164.0645803,69.8027672],[163.8976925,69.7926182],[163.775744,69.7342928],[163.6929482,69.7248497],[163.2775444,69.7576313],[162.8043667,69.6948475],[162.6355533,69.7208899],[162.4728584,69.7110213],[162.3409599,69.7281516],[162.1409588,69.6808817],[161.9935173,69.7110154],[161.2825714,69.6546443],[161.1761711,69.7023761],[160.9807376,69.73564],[160.8754533,69.7318682],[160.7975403,69.7006553],[160.4469764,69.7268243],[159.936705,69.8302725],[159.9302037,69.913016],[160.0090693,69.9653776],[160.1570415,70.158768],[160.2274641,70.2126913],[160.2508469,70.2617905],[160.1792911,70.4189606],[160.0361368,70.5516515],[159.7731366,70.7007233],[159.305233,70.8523309],[158.5792899,71.002056],[158.1273583,71.0580887],[157.2956373,71.1141798],[156.022592,71.1315199],[154.5104404,71.0172285],[153.9212088,70.9414591],[153.1095171,70.8787065],[152.5644955,70.8760676],[152.4526424,70.8919742],[152.3155883,70.9456035],[152.2448694,70.9845763],[152.1703698,71.062953],[152.0797415,71.1074174],[151.9661794,71.2110578],[151.7093524,71.344659],[151.3792772,71.4595935],[151.1312298,71.5024072],[150.9107576,71.5146115],[150.3519794,71.6945135],[150.2327923,71.7119368],[150.2228589,71.796818],[150.2766706,71.8316003],[150.2921512,71.8854244],[150.2229633,71.9725525],[149.9661554,72.1010546],[149.4084056,72.244028],[148.4823892,72.3710592],[147.6747767,72.3900899],[147.0609618,72.3643715],[146.8808993,72.4072694],[146.0282468,72.5316115],[144.3995324,72.6929141],[143.3604223,72.7442308],[142.1143762,72.7651337],[141.7308488,72.8091062],[141.4902744,72.8818067],[140.8870559,72.9312727],[140.6186501,72.9129202],[140.5300416,72.8697753],[140.5982899,72.7733725],[140.8019507,72.6821976],[140.8087868,72.5988768],[140.7675844,72.5743487],[140.5191166,72.5368941],[140.2759841,72.5792574],[140.0440637,72.5300124],[139.862553,72.5493461],[139.494502,72.5338921],[139.1462262,72.4021807],[138.9939929,72.3046263],[138.9603304,72.2445927],[139.0043709,72.174051],[139.0986679,72.1383999],[139.2320919,72.1251145],[139.2501779,72.0457348],[139.1912632,71.9629288],[139.2085612,71.9013667],[139.3350178,71.8654128],[139.549243,71.8718337],[139.5977593,71.8129206],[139.6103061,71.6877541],[139.6634274,71.6248478],[139.6329575,71.5486022],[139.4146316,71.5550178],[139.2932151,71.6173578],[139.2189429,71.633773],[139.1522957,71.7236362],[139.0677179,71.7651666],[138.9769472,71.7831196],[138.8759565,71.887003],[138.6458141,71.9348766],[138.4649046,71.9491887],[138.3499567,71.9349028],[138.1791703,71.8675446],[138.1613247,71.8406098],[138.1971922,71.8090335],[138.2059585,71.7231522],[138.0207473,71.6459093],[137.4277708,71.6508409],[136.9288397,71.5982187],[136.6598307,71.6494315],[136.4991487,71.6463687],[136.0863222,71.7041349],[135.7764924,71.7105557],[135.5387495,71.6857844],[134.8850939,71.5562415],[134.7314005,71.5191413],[134.5736307,71.4389874],[134.3282998,71.4142544],[134.1484437,71.4243463],[133.7024766,71.503389],[133.4982863,71.5590743],[133.2988746,71.6415807],[133.1714276,71.7331925],[133.21864,71.8037826],[133.4173401,71.7940284],[133.4962094,71.8156854],[133.5236853,71.8472938],[133.4527218,71.9246856],[133.309528,71.9873576],[133.0887604,72.0259334],[132.7137188,72.0043453],[132.5669312,71.9756027],[132.4647632,71.9335107],[132.1532319,71.7188717],[132.0000299,71.5495475],[131.8417269,71.2748336],[131.6357609,71.1254902],[131.6357609,71.0212493],[131.6007751,70.975765],[131.3670673,70.8284844],[131.2531997,70.7822898],[131.1806176,70.7751775],[131.047361,70.8934505],[131.0031548,70.9811235],[130.9653893,71.0026002],[130.8066052,71.0160734],[130.6644714,70.975042],[130.5014646,70.9617411],[130.2791736,71.1032992],[129.9828271,71.1386146],[129.9147315,71.233511],[129.8688335,71.2620384],[129.6502136,71.3109134],[129.452994,71.5782822],[129.4746691,71.6607215],[129.6921981,71.6514767],[129.8008765,71.5733507],[129.8584192,71.478001],[129.9369925,71.4475681],[130.1358911,71.4501839],[130.2002093,71.4765799],[130.2282308,71.5203194],[130.2204333,71.5739122],[130.1352155,71.6324926],[130.0197241,71.6650772],[129.8602691,71.664116],[129.7747752,71.7318234],[129.577306,71.8200906],[129.4807954,71.8957896],[129.4828798,71.9814402],[129.5724538,72.0468356],[129.7509906,72.1242386],[129.796239,72.2310114],[129.7800924,72.2675581],[129.7919521,72.3517668],[129.8104436,72.3718955],[129.8109722,72.4594136],[129.7354204,72.6754611],[129.7198896,72.8169603],[129.7594808,72.8835331],[129.7357032,73.0024655],[129.6057151,73.0721393],[129.2175471,73.1843954],[129.0765958,73.2439608],[128.2727891,73.4773615],[127.9284846,73.5503055],[127.6679508,73.5738107],[127.0005926,73.5704856],[126.7095467,73.5117937],[126.6491774,73.5143132],[126.3686329,73.5975924],[126.2587691,73.6806093],[126.0339534,73.7308435],[125.9086182,73.7349019],[125.7269785,73.7029662],[125.4815959,73.6886257],[125.2313966,73.7487412],[125.007675,73.7542062],[125.0064736,73.8399939],[125.1186567,73.8758255],[125.1371481,73.8942642],[125.1288778,73.9139228],[125.0529369,73.9410064],[124.7759529,73.9808958],[124.3347009,73.9574969],[123.9885768,73.8574065],[123.6944846,73.8725824],[123.5912569,73.8535667],[123.5556099,73.8260703],[123.4698896,73.8424643],[123.4939718,73.9266875],[123.4118838,74.0141832],[123.309852,74.0405652],[123.1724676,74.0418679],[123.0001779,74.0021713],[122.9109696,73.8666938],[122.9424878,73.8282091],[123.0867934,73.7919514],[123.1226921,73.711901],[123.0548805,73.6524155],[122.9837679,73.4889658],[123.1666235,73.2057207],[123.2223965,73.1652058],[123.2377641,73.0808062],[123.2091918,73.0566816],[123.120246,73.0379003],[122.9970503,73.0974533],[122.8334813,73.1306304],[122.3230124,73.1267765],[122.0076789,73.0659589],[121.8835477,72.9970236],[121.7864145,73.0194971],[121.5952313,73.0254656],[121.1386782,72.9817472],[120.6945195,73.0405952],[120.6568292,73.0578062],[120.6128339,73.146684],[120.5733998,73.1695767],[120.1079842,73.2349125],[119.5585342,73.2097537],[119.175596,73.1499705],[118.8158889,73.1856751],[118.8141716,73.272928],[118.9645374,73.3106707],[119.0559702,73.4006339],[119.1970133,73.4533285],[119.2148525,73.4908919],[119.1746332,73.5247457],[119.0923455,73.5510971],[118.6928564,73.6112805],[117.4229224,73.6329541],[116.6402995,73.7196434],[116.30609,73.7133158],[115.4961547,73.7656288],[115.1818604,73.7415772],[114.7484385,73.648073],[114.2022972,73.6491464],[113.7203543,73.5858511],[113.33731,73.8939423],[113.1390735,73.954886],[113.043323,74.0097038],[113.055323,74.0845337],[113.0908344,74.1108049],[113.3963407,74.1796507],[113.6535348,74.3214775],[113.6909868,74.3768742],[113.6493427,74.4370963],[113.4978068,74.5060648],[113.2365045,74.556421],[113.2043161,74.6378877],[113.2186857,74.6598158],[113.2066752,74.6878824],[113.0766802,74.7319425],[112.9113877,74.7391874],[112.7594546,74.7114856],[112.7193245,74.686168],[112.7205858,74.6307662],[112.6559814,74.5733739],[112.1268621,74.6106423],[112.1067215,74.6947349],[112.3335824,74.8193602],[112.4040703,74.83959],[112.6299754,74.8457418],[113.0110424,74.9304008],[113.7136107,75.184198],[113.8953861,75.2973022],[113.965524,75.4293885],[113.932893,75.5087046],[113.932299,75.5926365],[114.0036957,75.6772665],[114.1350878,75.780126],[114.126001,75.8928836],[114.0698306,75.9457761],[113.8366234,76.0070706],[113.7659792,76.0443314],[113.6878542,76.1624543],[113.6257197,76.2053233],[113.6285604,76.2880645],[113.7086346,76.3248559],[113.7206248,76.366843],[113.5759065,76.448723],[113.3570392,76.50978],[112.9367019,76.5308544],[112.7751252,76.6326264],[112.6153749,76.670009],[112.3449706,76.6954261],[112.0018526,76.6806089],[111.3671505,76.8129412],[110.8481667,76.8457702],[110.6661894,76.8396845],[110.4637747,76.8032521],[109.9179026,76.7525017],[109.4614479,76.8077335],[108.6867449,76.7570292],[108.3571782,76.7984015],[107.9787416,76.7929255],[107.7895406,76.7677295],[107.7144126,76.7355827],[107.7232627,76.6480166],[107.6850718,76.5700521],[107.4440327,76.5878522],[107.1193666,76.5761949],[107.0828222,76.6533007],[107.1067956,76.6758972],[107.4548651,76.7703987],[107.6591002,76.8597974],[107.789759,76.8911762],[107.9928549,76.884693],[108.3631089,76.9359976],[108.4524394,76.9600759],[108.4720453,76.9874253],[108.3370799,77.039026],[108.173982,77.064475],[107.8415178,77.0496253],[107.6377267,76.9912163],[107.4814767,77.0478495],[107.1643806,77.07446],[107.1737172,77.1601178],[107.5063492,77.1613943],[107.8386921,77.2111838],[107.9517291,77.2426654],[108.0116404,77.303697],[107.9686622,77.3467609],[107.710525,77.4437285],[107.4577377,77.4518404],[107.3015569,77.4107977],[107.2215126,77.4457374],[107.1945145,77.4767824],[107.06265,77.5068089],[106.8527685,77.5217894],[106.662386,77.5089223],[106.4790113,77.5673932],[106.2238206,77.5702191],[106.0166667,77.6028439],[105.3831015,77.6063715],[105.1771768,77.6313275],[104.9165113,77.7208875],[104.2052108,77.7741134],[103.9441457,77.7587915],[103.5890138,77.6802282],[103.1751701,77.6771559],[102.7948674,77.6107327],[102.6645676,77.5612337],[102.3705066,77.5519291],[102.2498791,77.5191571],[102.1815115,77.4389241],[101.8878417,77.3971908],[101.6998092,77.304177],[101.1641935,77.1374855],[101.0045404,77.0365031],[100.8365268,76.9780154],[100.7747382,76.9292952],[100.4607231,76.9739582],[100.2997197,76.9609923],[100.2152643,76.9282363],[100.2311424,76.8962115],[100.3252703,76.8710259],[100.5949981,76.8716265],[100.6678647,76.8474865],[100.7638128,76.7720547],[100.88774,76.7173996],[100.9148382,76.6281333],[100.8297991,76.5802778],[100.7169782,76.5497514],[100.4354684,76.5182697],[100.0610347,76.5244196],[99.6792875,76.5057877],[99.0318941,76.5590784],[98.7966189,76.5468024],[98.6440564,76.5125182],[98.5910555,76.4728086],[98.6100486,76.445147],[98.717875,76.3973059],[98.6996223,76.3115065],[98.2762747,76.2299507],[97.9887354,76.2063924],[97.6680172,76.1428455],[97.3627264,76.1613416],[97.3244956,76.2241101],[97.4336601,76.3530041],[97.5652547,76.3657827],[97.6717028,76.4006282],[97.6927839,76.5237408],[97.8487462,76.5558263],[97.885379,76.5797343],[97.9078534,76.635746],[97.9558268,76.6518483],[98.1837766,76.6573934],[98.3055806,76.6975765],[98.3054381,76.7348158],[98.2398465,76.7637646],[98.1889475,76.8236608],[98.2112079,76.9240956],[98.1118035,76.9612062],[97.9411918,76.9743584],[97.2322406,76.9017954],[97.1173282,76.9017257],[96.8781299,76.9411848],[96.6019588,76.924355],[96.6114121,77.0097164],[96.7732653,77.0785935],[96.8175119,77.1393104],[96.6737954,77.2165935],[96.3750558,77.2319609],[95.8244724,77.1293644],[95.3334555,77.0706995],[95.0982467,77.0133541],[95.023939,76.9726918],[95.0531884,76.9412598],[95.1601425,76.9169242],[95.3967039,76.9125647],[95.4707766,76.8527378],[95.446333,76.7781636],[95.090517,76.7829331],[94.6391385,76.8275659],[94.3914343,76.8207944],[94.1941263,76.7585754],[94.1242649,76.6846061],[93.8513305,76.6722894],[93.7007047,76.5853601],[93.7290117,76.5363974],[93.8231397,76.5105328],[94.4206811,76.479329],[94.4377196,76.3932787],[94.3350916,76.3574345],[94.3262485,76.2502828],[94.1960244,76.2199815],[93.8737457,76.2330252],[93.5077115,76.1579801],[93.1888714,76.1646299],[92.6580048,76.0574947],[92.5243139,76.0522932],[92.1204111,76.1218833],[91.3843991,76.1009989],[91.241479,76.0733103],[91.2202307,76.0487879],[91.2508411,76.0240921],[91.4415233,75.9990209],[91.4483225,75.9143537],[91.4173188,75.885184],[91.5045796,75.8450227],[91.499814,75.7601287],[91.4079631,75.7262936],[91.2377111,75.7448548],[90.823251,75.7192495],[90.3730094,75.646148],[89.818348,75.6587788],[89.6480303,75.636288],[89.5081469,75.5944959],[89.3862281,75.5862286],[89.3557995,75.586862],[89.3288447,75.7081747],[89.1612672,75.7441048],[88.9466809,75.7311231],[88.6003082,75.7569638],[88.2824129,75.7402577],[87.7211348,75.6710299],[87.6700931,75.6477874],[87.6517397,75.6132893],[87.7906644,75.5709793],[88.1302777,75.5827275],[88.3184306,75.6377426],[88.5310763,75.6521633],[88.7263565,75.6110058],[88.9434262,75.6213778],[88.9888558,75.5496315],[88.9288433,75.4880794],[88.5947144,75.4340353],[88.4722002,75.3655568],[88.3286492,75.3162996],[88.0362009,75.323009],[87.8943978,75.3016799],[87.8542678,75.2773176],[87.8716529,75.2461643],[87.8334219,75.1680703],[87.0910067,75.2094941],[86.7598097,75.1527276],[86.704184,75.1218665],[86.6222047,75.034338],[86.1902054,75.0150074],[86.0117176,74.9500243],[85.0723911,74.9249691],[84.9068246,74.8615013],[84.8834029,74.7589481],[84.902903,74.7320719],[84.8875266,74.647684],[84.7133223,74.6133714],[84.5986726,74.5594111],[84.2424767,74.5233707],[84.1078536,74.4975252],[84.0527763,74.4670655],[84.052663,74.4437413],[84.104568,74.3930527],[84.174775,74.3586648],[84.3268216,74.3434436],[84.5008272,74.3621205],[84.6785158,74.3565894],[84.7689444,74.2670056],[85.0171946,74.2370976],[85.0470681,74.1637178],[84.9801434,74.0849315],[84.6012684,74.1007534],[84.127866,74.06773],[83.8784102,74.0778806],[83.6449024,74.1568717],[83.3000532,74.189417],[82.9149427,74.1444931],[82.8336982,74.1489145],[82.7008322,74.1892766],[82.5184065,74.1887506],[82.3574659,74.1596034],[82.2594452,74.1056087],[82.2961811,74.0551169],[82.4718577,74.0100021],[82.7152816,74.0005944],[83.0438965,74.0269569],[83.3478609,73.9962867],[83.6243991,74.0169078],[83.8017289,73.95795],[84.3297501,73.9143326],[84.3917656,73.8411758],[84.3704445,73.7621537],[83.3787268,73.691927],[82.3942371,73.7014714],[81.5737227,73.673548],[80.8695558,73.6146209],[80.488932,73.6122387],[80.2047294,73.5873563],[79.9884744,73.5407152],[79.9707378,73.5211117],[79.9670497,73.4532616],[80.1508468,73.3841543],[80.1855816,73.3046786],[80.163627,73.2021175],[80.1376412,73.1777097],[80.1478369,73.1572497],[80.3009841,73.1140262],[80.4312034,73.0377253],[80.5457561,73.0195884],[80.6538738,72.9538829],[80.6614147,72.8664875],[80.6155899,72.7927048],[80.5051838,72.7258949],[80.5264994,72.6202022],[80.566871,72.5889243],[80.5886355,72.518546],[80.5459129,72.4331303],[80.6005135,72.3843455],[80.7241721,72.3447276],[80.8904909,72.2244896],[80.9054633,72.2093272],[80.884426,72.1263189],[80.1789933,72.224196],[79.8299625,72.3348014],[79.5549052,72.3986807],[78.5998479,72.4356922],[78.4448747,72.5628769],[78.248087,72.6089994],[77.9009531,72.6453111],[77.5911233,72.6545885],[77.3503637,72.6096418],[77.1451611,72.5353569],[77.0228781,72.4593535],[76.8513773,72.4271405],[76.7604915,72.3868278],[76.6770588,72.3093264],[76.7090278,72.1799868],[76.6802266,72.1041144],[76.1954633,72.0371127],[75.8997245,71.9498527],[75.8141136,71.9038525],[75.8225528,71.8765288],[76.1527152,71.5624872],[76.57716,71.4248021],[77.0103474,71.3587854],[77.1435662,71.3039505],[77.1312647,71.2182389],[75.9355523,71.2687419],[75.5385801,71.3333746],[75.5334622,71.4168688],[75.6617135,71.5184479],[75.6738985,71.6426172],[75.6430282,71.685013],[75.4755132,71.7375952],[75.4263993,71.7737761],[75.4222674,71.8576035],[75.5731907,71.9524576],[75.6832759,72.1178452],[75.8709415,72.1669756],[75.9143978,72.2051551],[75.847983,72.3320263],[75.7592046,72.3707848],[75.7679935,72.453852],[75.8253329,72.4740875],[75.8544778,72.5074286],[75.8337785,72.5447144],[75.662156,72.6288632],[75.6477645,72.7105766],[75.659694,72.7423988],[75.6359259,72.7676121],[75.0848973,72.9215756],[75.0658118,73.0063836],[75.0919832,73.0410288],[75.030076,73.0767916],[74.5086678,73.167742],[74.288648,73.1625019],[74.0901917,73.1203921],[73.9620329,73.0535767],[73.9409083,73.0254569],[73.946098,72.9753912],[74.1738958,72.8816697],[74.568072,72.784192],[74.7483341,72.6742595],[74.865988,72.4662686],[74.8889527,72.3121513],[74.8711238,72.2392064],[74.748144,72.1551942],[74.610662,72.1076277],[73.5534179,71.8941932],[73.3391263,71.8275479],[73.2786022,71.7743526],[73.3052549,71.6575327],[73.2520946,71.591843],[72.9901983,71.4982583],[72.8650474,71.4018916],[72.9278155,71.3511383],[73.2180057,71.2829543],[73.4271356,71.1949957],[73.5920033,71.0275335],[73.6930854,70.9788362],[73.7490818,70.8667489],[73.7882036,70.8297009],[74.1007036,70.6760594],[74.1529471,70.6015339],[74.1445521,70.5084626],[74.0848361,70.4484887],[73.5512273,70.1381823],[73.5474783,70.1072866],[73.6030038,70.0058692],[73.5974693,69.9848022],[73.5448344,69.8930532],[73.4925769,69.8298574],[73.425162,69.7936039],[73.39835,69.7392837],[73.5103272,69.5997972],[73.6630261,69.5207387],[73.7427908,69.4372675],[73.7367742,69.3351714],[73.6544953,69.228617],[73.6407722,69.1681864],[73.7307578,69.0740496],[73.8754316,69.0281773],[74.0682976,69.0292391],[74.3586508,69.0814903],[74.5357255,69.0748827],[74.6573519,69.0374365],[74.8036763,69.0248086],[75.2144256,69.0664273],[75.3351306,69.1362794],[75.5403595,69.1961105],[75.9952425,69.1899926],[76.2942928,69.1120074],[76.2694186,69.0283337],[75.6005626,68.9474743],[75.3804214,68.9388796],[74.7714945,68.8442731],[74.3594051,68.7249296],[74.303002,68.6484268],[74.2934313,68.4731247],[74.1975341,68.3850455],[74.1928974,68.3544955],[74.225725,68.322454],[74.4685064,68.2135392],[74.6385446,68.0287177],[74.6779025,67.960357],[74.676127,67.8886214],[74.6563401,67.8008096],[74.603268,67.7147047],[74.4042928,67.61394],[74.050067,67.4902072],[73.9714434,67.4435902],[73.7829389,67.2949324],[73.7823362,67.1508289],[73.7193035,67.0468412],[73.6492622,66.9984157],[73.5325272,66.9693722],[73.3791239,66.8691783],[72.9180928,66.7606911],[72.8143098,66.6994083],[72.3686039,66.6339561],[72.1707396,66.5247991],[72.1297405,66.4118008],[71.9833123,66.3035644],[71.9112865,66.3040872],[71.6652936,66.369189],[71.2952796,66.4046895],[71.2896493,66.490368],[71.7050697,66.614038],[71.7797373,66.6909444],[71.7565588,66.7455092],[71.7724431,66.828227],[72.1330782,67.0047285],[72.2376868,67.084766],[72.332733,67.1176817],[72.3656748,67.1516905],[72.366405,67.2000495],[72.4211513,67.2681862],[72.5215404,67.2986267],[72.6159987,67.4607456],[72.7507902,67.5529619],[72.9052983,67.5768237],[73.2362057,67.6755951],[73.2596725,67.7027089],[73.2755294,67.8034105],[73.3306952,67.8484419],[73.3349765,67.9204433],[73.216753,68.0323698],[73.2077975,68.1181972],[73.2898268,68.2260657],[73.3572984,68.2691659],[73.7303207,68.392406],[73.7558294,68.4195865],[73.7659517,68.4725946],[73.7428567,68.5230413],[73.6935914,68.5657799],[73.2256878,68.7617379],[72.8910346,68.8539531],[72.7754388,68.9231323],[72.6704135,69.0187186],[72.6366777,69.0803013],[72.6325942,69.1660433],[72.7632868,69.2685557],[72.7503141,69.3311778],[72.800563,69.4741511],[72.7189463,69.5828726],[72.7221377,69.6688834],[72.8073649,69.7360204],[72.8325232,69.8034244],[72.7893766,69.8873058],[72.699415,69.9561663],[72.6884019,70.0412754],[72.7485512,70.1364409],[72.7201294,70.191578],[72.6681594,70.2259287],[72.6656947,70.3120802],[72.8150673,70.3465405],[72.8641831,70.3737497],[72.8936028,70.4168831],[72.90125,70.5112752],[72.8663927,70.5593355],[72.8687693,70.6445023],[72.913134,70.7222503],[72.9332103,70.8641786],[72.8200118,70.9503201],[72.8248879,71.0711825],[72.7012648,71.1623873],[72.2374416,71.2933842],[72.0511908,71.4266504],[72.062313,71.5132128],[72.2647625,71.5601666],[72.4711612,71.6741138],[72.5307573,71.8175786],[72.6380646,71.8629814],[72.7287305,72.0112237],[72.8725515,72.096024],[72.9209255,72.2028465],[73.0128214,72.2417351],[73.0234463,72.2769532],[72.9648526,72.3772128],[72.9879634,72.4560111],[73.1743981,72.5286554],[73.1619406,72.6731207],[73.0876044,72.7138572],[72.9222552,72.7497067],[71.7848631,72.9210825],[71.7920128,73.0073469],[71.8794642,73.0255567],[71.9167962,73.0592825],[71.8805897,73.1435951],[71.7907902,73.2461788],[71.436326,73.4399171],[70.9957684,73.5228767],[70.7711659,73.5281745],[70.2171584,73.4841954],[69.9497438,73.4317596],[69.8446534,73.3901321],[69.8268078,73.365392],[69.8552169,73.2675223],[69.8499992,73.1833612],[69.7772009,73.0632571],[69.7164093,73.006582],[69.4579791,73.0063566],[69.2697529,72.9783377],[69.2075644,72.947504],[69.0579136,72.8217472],[68.8453485,72.7042404],[68.6585738,72.4323147],[68.5982045,72.2697417],[68.3902999,71.9190549],[68.1898239,71.7494746],[67.8763004,71.5750475],[67.2457425,71.3854788],[66.8079375,71.3016475],[66.6999043,71.1978638],[66.449852,71.0179707],[66.2930764,70.828602],[66.2601575,70.6736509],[66.2741673,70.6072103],[66.330987,70.5357332],[66.4742685,70.4518567],[66.7258549,70.3618423],[66.9550756,70.3349299],[66.9914003,70.2551038],[66.9739359,70.2178574],[66.9748946,70.1213114],[66.7854344,70.0337787],[66.6908037,69.9028192],[66.6496672,69.7943547],[66.6401291,69.7148526],[66.6630167,69.5511693],[66.8470013,69.3726373],[67.0335257,69.3171736],[67.1846933,69.3093848],[67.2750697,69.3279546],[67.4412582,69.4141382],[67.8409117,69.4381726],[67.8775054,69.3216639],[67.961168,69.2109494],[68.1857797,69.0721958],[68.3340344,68.9483656],[68.5525252,68.8746683],[68.921356,68.837566],[68.7700009,68.6191045],[68.4413756,68.3799262],[68.4144558,68.3346086],[68.3018863,68.4266707],[67.9823971,68.4971403],[67.7319705,68.6132336],[67.4580833,68.7079038],[67.5366893,68.7368897],[67.5459637,68.78568],[67.4041048,68.8580471],[66.6949694,68.934393],[66.5539427,69.0255695],[66.3329378,69.1062857],[65.4507084,69.2217706],[65.3452606,69.245791],[65.2283303,69.3050359],[65.1096332,69.3214519],[64.4469277,69.530493],[63.9394224,69.6360822],[62.7639244,69.7730823],[62.2236548,69.7811804],[61.8811313,69.8004778],[61.7655418,69.8238248],[61.5575982,69.8201344],[61.4837878,69.830248],[61.3007179,69.9022974],[61.1983727,69.9169291],[61.0021173,69.8979148],[60.8253236,69.9166333],[60.6272914,69.8753855],[60.6369366,69.9185584],[60.5705138,69.9620639],[60.3649569,70.0161972],[60.2104312,70.081846],[60.2013601,70.1107655],[60.1568973,70.1321562],[59.9659673,70.1503177],[59.915454,70.1871754],[59.7064044,70.2507756],[59.50484,70.3771403],[59.237756,70.4600003],[59.1832339,70.5021795],[59.070303,70.5208497],[58.8613006,70.4790233],[58.7031029,70.5123648],[58.5595661,70.5004511],[58.5058145,70.4650156],[58.5455946,70.4128175],[58.3588929,70.4207021],[58.2543028,70.3934964],[58.238627,70.3593938],[58.2970838,70.304422],[58.1916834,70.2850569],[58.1589761,70.2464553],[58.2072432,70.1858633],[58.390365,70.1329894],[58.4608355,70.0489939],[58.5560591,69.989423],[58.6796953,69.9323962],[58.8347295,69.8934006],[58.8925154,69.8489126],[58.9763262,69.8185247],[59.2015375,69.8030468],[59.3049619,69.7646299],[59.4127967,69.7642804],[59.3682855,69.7395136],[59.3701592,69.7079108],[59.5093466,69.6634779],[60.0369072,69.6088098],[60.0266519,69.5561089],[60.0785723,69.4843204],[60.4850566,69.2322626],[60.4825845,69.1390919],[60.5221453,69.0938543],[60.6189657,69.0525587],[60.7814019,69.0351595],[60.8074729,68.9754145],[60.785114,68.9256368],[60.6617224,68.8835883],[60.5916342,68.8227403],[60.4215434,68.7478731],[60.1243215,68.7310707],[59.9183408,68.762212],[59.692179,68.6738172],[59.656068,68.6394269],[59.6737965,68.5856083],[59.809607,68.4970697],[59.8304581,68.453719],[59.7423771,68.4065255],[59.64135,68.3841046],[59.2623173,68.4402263],[59.3268708,68.5143899],[59.3057373,68.5473332],[59.2627524,68.5664629],[59.3114439,68.5871588],[59.3313623,68.6179187],[59.5465515,68.6281172],[59.6070158,68.6503202],[59.6289948,68.6812655],[59.6147278,68.7069842],[59.5466686,68.7389324],[59.56857,68.7639905],[59.5474365,68.8055076],[59.4486214,68.8345005],[59.3068754,68.9086195],[59.455416,68.9458184],[59.6418251,68.9561894],[59.6874472,68.9901933],[59.6660199,69.039643],[59.6193689,69.0763371],[59.4917027,69.1254124],[59.4622214,69.1539085],[59.4531598,69.2274767],[59.3990966,69.2729007],[59.2220369,69.3294508],[58.9179451,69.3866076],[58.8347688,69.4334241],[58.7213783,69.4451359],[58.7244914,69.4881285],[58.6571327,69.5237685],[58.4366944,69.5360527],[58.3463133,69.5090212],[58.3084829,69.4729909],[58.3101406,69.4517288],[58.3777143,69.4157948],[58.4903335,69.3985155],[58.4886684,69.372048],[58.5134871,69.3525513],[58.7620928,69.2573399],[59.0558791,69.200452],[59.0980425,69.1158951],[59.238349,69.0628475],[59.2638331,69.0327733],[58.8093308,69.0232735],[57.7408793,68.8268798],[57.2781113,68.7840355],[57.1365989,68.7541011],[57.0207225,68.6804059],[57.0400754,68.6349456],[57.1395238,68.6085392],[57.2476624,68.6151016],[57.361776,68.6579594],[57.3469097,68.6161432],[57.2661982,68.5839711],[57.118582,68.5771879],[56.9620031,68.598593],[56.8752992,68.6422123],[56.6603082,68.6743889],[56.3267692,68.6412889],[56.1771335,68.6844509],[56.0438702,68.6972624],[55.8811579,68.6836069],[55.6067946,68.6047386],[55.3400988,68.6018976],[54.8851646,68.4527316],[54.8210849,68.3786196],[54.7062924,68.3250714],[54.7168014,68.2820697],[54.7737724,68.2521174],[54.7535154,68.241078],[54.4948527,68.3985967],[54.3688725,68.4039268],[54.221419,68.3746349],[54.1215997,68.3844867],[54.0932563,68.3994448],[54.0780706,68.4768752],[54.037011,68.535982],[53.8798679,68.6279665],[53.9884239,68.6762798],[54.0060555,68.7009776],[53.9901921,68.7389845],[54.1064879,68.7772988],[54.4107419,68.7334632],[54.5211033,68.7547507],[54.5581185,68.7871083],[54.5185559,68.8274217],[54.387736,68.8649264],[54.0920413,68.8774024],[54.4326467,68.9044823],[54.5617378,68.8835551],[54.7803973,68.9005336],[54.9159131,68.8623877],[55.1471526,68.8772382],[55.2715954,68.8472783],[55.3975979,68.850703],[55.5807858,68.8194686],[55.7137365,68.845944],[55.7466932,68.8875046],[55.743893,68.911151],[55.6695504,68.9464616],[55.5069464,68.9755823],[55.1379019,68.9645547],[54.9123113,69.0243046],[54.7797775,69.0188465],[54.5401241,69.0428304],[54.0417658,69.0317744],[53.6127976,68.9839085],[52.9203425,68.8427863],[52.060724,68.6027515],[51.6917355,68.5470521],[51.1798273,68.5438513],[50.9599702,68.5109639],[50.7466765,68.4398859],[50.580162,68.3402804],[50.0700799,68.1595179],[49.1794205,67.910129],[48.9452762,67.8803822],[48.8536968,67.8936546],[48.6826608,67.9586322],[48.5111603,67.9541365],[48.4660532,67.9306962],[48.4603253,67.9064503],[48.6413042,67.8213467],[48.6425916,67.7643371],[48.6234067,67.7444522],[48.4620808,67.6990635],[48.2956292,67.7154085],[48.1208681,67.6714105],[47.9461146,67.6914917],[47.7152999,67.6009668],[47.7026079,67.5679854],[47.7293669,67.5163345],[47.801721,67.4608058],[47.7462626,67.4001534],[47.6368644,67.3433292],[47.6472757,67.2526342],[47.5884391,67.227973],[47.5572022,67.1926101],[47.6243652,67.1221067],[47.6243723,67.0548362],[47.541764,66.9818547],[46.7083335,66.879746],[46.5685126,66.9196795],[46.1924621,66.8779297],[45.9698067,66.9091666],[45.9149144,66.9320383],[45.8319325,67.0043127],[45.8104734,67.051454],[45.7529838,67.0900633],[45.7503727,67.1388868],[45.6981491,67.1859283],[45.1896555,67.301601],[45.0455212,67.3570816],[45.0389699,67.3766256],[45.0642141,67.4343509],[45.1292443,67.4841398],[45.2492463,67.5293283],[45.3416072,67.5283176],[45.4226676,67.5550625],[45.4799036,67.6329701],[45.4679748,67.677416],[45.5503852,67.6994718],[45.8745751,67.7048152],[46.0027461,67.7351656],[46.3497442,67.7682843],[46.7035318,67.754352],[46.8185872,67.7893303],[46.8476125,67.8459765],[46.8342186,67.8995578],[46.6704832,68.0349685],[46.6606568,68.1333734],[46.4286043,68.2602537],[46.4907035,68.2799171],[46.513572,68.3139027],[46.4975467,68.349552],[46.4567227,68.375328],[46.2752003,68.4103565],[46.0572636,68.4815643],[45.5043614,68.5718239],[45.037959,68.5997207],[44.0896174,68.5821504],[43.8150585,68.6591198],[43.5223491,68.7096478],[43.2460862,68.7122682],[43.1734131,68.6929991],[43.1430963,68.6644564],[43.204619,68.5904865],[43.457743,68.4872532],[43.8982083,68.3581644],[44.0851796,68.2744594],[44.0883523,68.2075617],[44.0592801,68.0898559],[44.0089992,68.0094597],[44.0279433,67.9576319],[43.973249,67.8512083],[44.0023366,67.7610229],[43.9378403,67.6961689],[43.9122355,67.6335866],[43.8162984,67.5476929],[43.7076987,67.4107991],[43.6325053,67.2674135],[43.645226,67.1940438],[43.6894805,67.1590931],[43.8588546,67.1054923],[44.0531005,67.1041195],[44.3547059,66.9113779],[44.3363366,66.8792192],[44.3498095,66.8452913],[44.2637929,66.8175528],[44.2256557,66.783548],[44.239816,66.7361268],[44.3270606,66.6669742],[44.2506542,66.5764768],[44.2452656,66.531919],[44.1003233,66.4484571],[44.0026375,66.3417721],[43.9407285,66.2297801],[43.8099605,66.2483795],[43.7575859,66.2935096],[43.6446239,66.3452423],[43.4636962,66.3754025],[43.4045531,66.4261128],[43.3179029,66.4582891],[43.1297912,66.468405],[42.7458336,66.451377],[42.6621159,66.4906546],[42.3772269,66.5540433],[42.2300941,66.5676052],[42.1138315,66.5543104],[41.9746657,66.5033051],[41.846461,66.3885399],[41.7411725,66.3518491],[41.6169761,66.253372],[41.382198,66.1434973],[41.002565,66.0623617],[40.6330532,66.0184775],[40.3217699,65.8226398],[40.0428007,65.7245561],[39.7862214,65.6673543],[39.667545,65.6065843],[39.6064854,65.5420961],[39.5692766,65.4293971],[39.5902561,65.3388348],[39.7982974,65.2100523],[39.904087,65.128793],[39.9312487,65.0861365],[40.0256917,65.031512],[40.0888696,64.8971077],[40.1368435,64.8432836],[39.8673901,64.797846],[39.7327857,64.7187923],[39.6542197,64.6074721],[39.5801249,64.6048395],[39.3589114,64.6888036],[39.1671838,64.7143577],[38.9414913,64.787997],[38.6066532,64.8215268],[38.4063562,64.8967557],[38.1544228,64.899487],[37.9786022,64.9306114],[37.8324741,64.9853058],[37.8232775,65.0376368],[37.752919,65.0760188],[37.4461908,65.1512071],[37.077575,65.2199856],[36.9653389,65.2192034],[36.8669842,65.2625625],[36.7668696,65.2602003],[36.6878611,65.2333711],[36.6603509,65.1949699],[36.7067637,65.1538685],[36.6955424,65.119402],[36.7305822,65.0820246],[36.6816488,64.9934356],[36.6081224,64.975682],[36.3959618,64.9769987],[36.3160401,64.9300938],[36.3177873,64.8926045],[36.3894815,64.7964218],[36.4260581,64.6912085],[36.4889916,64.6670311],[36.6221433,64.6612632],[36.8047864,64.5035834],[37.0325768,64.3579275],[37.321564,64.288016],[37.2609808,64.2704256],[37.2333251,64.240913],[37.2437601,64.2081984],[37.2908368,64.1837085],[37.3910569,64.1717928],[37.4823237,64.1956733],[37.5034233,64.225504],[37.4885081,64.2516401],[37.3723993,64.2899642],[37.4952401,64.3250783],[37.6238983,64.3023824],[37.7180477,64.3213979],[37.7947866,64.3026087],[37.8256448,64.274858],[37.7816296,64.2473559],[37.7729304,64.1949259],[37.8208728,64.1373519],[37.882376,64.1110624],[37.9122487,64.0566163],[37.8140464,64.0947704],[37.6973366,64.078861],[37.6665588,64.0561765],[37.6640041,64.0290809],[37.7647007,63.9549723],[37.570867,63.9308268],[37.5151792,63.8914686],[37.5173103,63.8566227],[37.4599997,63.842715],[37.3859046,63.8491635],[37.4183382,63.8764384],[37.4115926,63.9078682],[37.3059157,63.9419279],[37.2515224,63.9902591],[37.2799849,64.0246336],[37.257937,64.0585201],[37.3290515,64.1022857],[37.3323447,64.1416174],[37.3066824,64.1654143],[37.1887356,64.2028829],[37.0725992,64.1925042],[37.0210585,64.1516767],[37.0303764,64.1256829],[37.0966609,64.0799214],[37.0574695,64.0670548],[36.9698961,64.1078385],[36.9641571,64.1590492],[36.8730539,64.1996088],[36.8271766,64.2507106],[36.641396,64.3062904],[36.6059725,64.3505112],[36.5363253,64.3794533],[36.4308919,64.3943699],[36.3339978,64.3782568],[36.2866857,64.4236913],[36.2142269,64.4425327],[36.0272219,64.4333214],[35.7155478,64.4616258],[35.688821,64.4790828],[35.7374505,64.5078278],[35.738176,64.5505038],[35.8115625,64.5726493],[35.8320295,64.6078697],[35.7736641,64.6589922],[35.6246963,64.7360484],[35.4552179,64.7358269],[35.3619578,64.6808916],[35.3889868,64.6368129],[35.4892362,64.6165886],[35.5478909,64.5787568],[35.4960209,64.5443825],[35.4955337,64.5121242],[35.5288467,64.4855427],[35.4955549,64.4708574],[35.4321194,64.4614417],[35.3502116,64.496285],[35.3520485,64.5384455],[35.2894514,64.5674368],[35.2041433,64.5727038],[35.1317409,64.5532258],[35.0658755,64.5655468],[35.197169,64.6397861],[35.2058431,64.6724666],[35.1760985,64.7019248],[35.223423,64.7274495],[35.2325599,64.753866],[35.3151051,64.7624953],[35.3682902,64.7963665],[35.3637942,64.8274763],[35.3330808,64.8495472],[35.2217446,64.8653258],[35.3580797,64.8998432],[35.4759302,64.8943035],[35.5438999,64.9226309],[35.6189957,64.9033915],[35.8021513,64.9042495],[36.0747959,64.9689095],[36.1413873,65.0119618],[36.1403004,65.0544696],[36.1184947,65.0757263],[36.3396012,65.1128318],[36.3864203,65.1373532],[36.3933445,65.1738817],[36.3194413,65.2119742],[36.1261708,65.2131193],[36.0042168,65.2453265],[35.5200829,65.1993497],[35.3964529,65.153664],[35.3754341,65.1211283],[35.3810214,65.0895541],[35.4432103,65.0342603],[35.3328507,64.9951219],[35.1656475,65.0249729],[35.1442507,65.0870961],[35.0878854,65.1150471],[34.9161564,65.1198359],[34.9288535,65.1423977],[34.9174606,65.1679173],[34.8030542,65.2492286],[34.6893567,65.2948232],[34.7015048,65.3167587],[34.6885288,65.3401382],[34.8089446,65.4032806],[34.8131884,65.4537338],[34.9044646,65.5171918],[34.9185704,65.5628583],[35.0341263,65.5796975],[35.0662106,65.6037733],[35.0680301,65.6275728],[35.1467387,65.6688033],[35.1841244,65.7482441],[35.1614658,65.7837722],[35.1680992,65.8293029],[34.9815278,65.8975399],[34.9388993,65.9356886],[34.8484633,65.9501511],[34.821477,66.004399],[34.6266017,66.1095115],[34.1212425,66.2835583],[34.004755,66.3529119],[33.9891402,66.384574],[34.0110848,66.4222417],[33.9646652,66.4568555],[33.882125,66.4850237],[33.7597094,66.4869398],[33.6512806,66.5449097],[33.7996287,66.5575288],[33.8356732,66.5906643],[33.816397,66.6219027],[34.0060016,66.6322183],[34.1773834,66.6110028],[34.3585687,66.5066008],[34.4413648,66.4880699],[34.5903067,66.4904035],[34.8383505,66.5421958],[35.1049373,66.4330051],[35.4837845,66.3367835],[36.503702,66.2239455],[36.7527874,66.2309465],[36.9275832,66.2113423],[37.2908908,66.154069],[37.58634,66.0692462],[37.8482424,66.0381468],[38.3899196,66.0034263],[38.749122,66.012547],[38.9588953,66.0553692],[39.1523613,66.0525422],[39.5184411,66.1322487],[40.0630422,66.2090091],[40.3487405,66.3255084],[40.4669424,66.3417058],[40.6824855,66.4278844],[40.7640011,66.4410747],[40.8286885,66.482593],[40.8361088,66.5476834],[41.2070409,66.7150032],[41.3577507,66.8169711],[41.4246768,66.9451068],[41.5012383,67.0057273],[41.5074452,67.0348555],[41.4829278,67.0605526],[41.5259068,67.0852878],[41.5376094,67.1188379],[41.4736785,67.1599715],[41.4940389,67.1990662],[41.4517008,67.2417441],[41.3567002,67.2670162],[41.2231144,67.2717135],[41.2493614,67.328889],[41.2549597,67.4072737],[41.2274963,67.4500079],[41.142787,67.494071],[41.1279679,67.5509977],[41.176919,67.6315624],[41.1057224,67.7209349],[40.9863273,67.7698657],[40.8560346,67.7797119],[40.761147,67.8337437],[40.522783,67.885528],[40.3913563,67.9489525],[40.2308892,67.9844182],[40.0778387,68.057385],[40.0376864,68.1111284],[39.9714208,68.1527433],[39.8484041,68.1952316],[39.7379951,68.2086907],[39.6443379,68.194283],[39.6016752,68.1595717],[39.6275348,68.1155854],[39.4622227,68.1484576],[39.2875702,68.2257888],[39.1259376,68.2624263],[39.0674833,68.3097621],[38.8496643,68.3606213],[38.7358065,68.4170749],[38.4565003,68.4509751],[38.2140723,68.5297824],[38.0863869,68.609564],[37.959763,68.6509198],[37.8931126,68.7245804],[37.6921943,68.7558047],[37.6275517,68.8093878],[37.1846301,68.9004299],[36.5580458,69.0751277],[36.5092421,69.1046283],[36.1022705,69.1875694],[35.958792,69.240687],[35.2499308,69.3072554],[35.0843489,69.3006162],[35.0077079,69.2658438],[34.8697511,69.3003638],[34.5497677,69.3127538],[34.5440722,69.3482097],[34.4971786,69.3743029],[34.1226837,69.4379219],[33.9588003,69.4264855],[33.8679999,69.3977305],[33.819983,69.3619245],[33.6221654,69.3568799],[33.6375653,69.3878131],[33.6280866,69.4190353],[33.5207433,69.4625734],[32.9047246,69.5213939],[33.0654097,69.550108],[33.2122126,69.6182199],[33.2724131,69.725355],[33.1576557,69.789283],[32.6552852,69.8521634],[32.1388124,70.002122],[31.8563593,70.0050167],[31.7711409,69.9737737],[31.7160438,69.8923547],[31.5855417,69.9068879],[31.437654,69.8898559],[31.3840227,69.8567359],[31.401387,69.792854],[30.8953155,69.8450293],[30.8176414,69.7948444],[30.8905984,69.7372657],[30.8736595,69.7149353],[30.9444154,69.6832279],[30.9233763,69.6697388],[30.9542528,69.6324096],[30.9465507,69.576363],[30.81799,69.5288883],[30.5159812,69.5404206],[30.2240291,69.6531205],[30.1516722,69.6693762],[30.0852915,69.6580972],[30.0912854,69.6428379],[30.137826,69.6435197],[30.1855994,69.5505719],[30.1223803,69.5166756],[30.1168881,69.4692538],[30.0345285,69.4246791],[29.9481468,69.4050014],[29.8504972,69.4228126],[29.7226467,69.3890938],[29.5704517,69.3178794],[29.3965182,69.3236938],[29.2923407,69.2979319],[29.276971,69.250761],[29.3139861,69.2312317],[29.2864934,69.1692013],[29.2487203,69.1615253],[29.2310095,69.1216852],[29.242137,69.1130186],[29.0566538,69.0152255],[28.9292868,69.0519146],[28.4157884,68.9154506],[28.4680152,68.8854349],[28.8007884,68.8692833],[28.7064097,68.7322371],[28.4339319,68.539671],[28.6461512,68.1963033],[29.3270886,68.0745422],[29.6594055,67.8029589],[30.017043,67.6735527],[29.9302245,67.5225238],[29.6160519,67.345731],[29.6440601,67.3357821],[29.5225573,67.3098971],[29.5044673,67.2855845],[29.5164949,67.2806526],[29.0728518,66.995901],[29.0331725,66.9255118],[29.0605147,66.8531003],[29.1189692,66.8014769],[29.1058565,66.7904471],[29.1494135,66.7804339],[29.3611293,66.6388082],[29.3825949,66.5984441],[29.4190358,66.5919864],[29.4106071,66.5831721],[29.4720555,66.5439006],[29.6313606,66.366276],[29.6963998,66.2687473],[29.9233057,66.1271457],[29.9926245,66.0223595],[29.9971176,65.978834],[30.0242232,65.9667021],[30.068452,65.8949649],[30.1193759,65.7522112],[30.1384654,65.668677],[30.0171088,65.6964778],[29.7218687,65.6370846],[29.8639021,65.5604438],[29.7330481,65.4725004],[29.7273933,65.4003301],[29.7465796,65.347402],[29.6017879,65.2599327],[29.6340018,65.2315851],[29.8856591,65.2062953],[29.8935882,65.1929709],[29.8193328,65.1442782],[29.8968589,65.1051397],[29.7326676,65.0912944],[29.6269757,65.0605969],[29.5993331,64.9950558],[29.6191848,64.959659],[29.6109949,64.9273109],[29.6449074,64.866493],[29.699703,64.8372234],[29.6875026,64.8188089],[29.7396283,64.7897836],[30.0429299,64.7928807],[30.0865096,64.7739882],[30.0413965,64.7411934],[30.1358375,64.6489996],[30.130109,64.6347287],[29.9894001,64.5876222],[29.9869571,64.5338969],[30.0583381,64.4508873],[30.0448663,64.4020287],[30.1099241,64.3650286],[30.3669331,64.2996872],[30.3608053,64.2813189],[30.3882735,64.2690683],[30.4824363,64.2623259],[30.5095961,64.2216872],[30.4663645,64.2044309],[30.5534022,64.1322472],[30.5535576,64.1016869],[30.4918692,64.0169518],[30.3209136,63.9095321],[30.2604128,63.8220093],[29.9723741,63.756915],[30.2441514,63.6072718],[30.2582144,63.583947],[30.3845366,63.5455091],[30.4840079,63.4667034],[30.7876915,63.4052755],[30.8501493,63.3684509],[30.9344216,63.3554973],[30.9791661,63.3077728],[31.2397255,63.2189305],[31.2553452,63.1461864],[31.1503594,63.1124643],[30.9635918,63.0991085],[30.8702081,63.0667807],[30.8406823,63.0400209],[30.8029168,62.9221105],[30.5907433,62.8379106],[30.3902428,62.7999575],[30.2220147,62.8626635],[30.2014153,62.8134505],[30.1300042,62.7917958],[30.1464837,62.7669832],[30.0517266,62.7396337],[30.0709527,62.7154067],[30.0537865,62.6993493],[29.94255,62.680132],[29.8498528,62.7043879],[29.8402398,62.664686],[29.899978,62.6252466],[29.7784417,62.6031375],[29.7200768,62.5639326],[29.7859948,62.4723587],[29.7921746,62.4396537],[29.7750085,62.412955],[29.6129601,62.3734992],[29.5127099,62.3196411],[29.4941705,62.2768682],[29.369201,62.164861],[29.3980401,62.0897441],[29.6040337,61.9331361],[29.2579644,61.7152618],[29.2222588,61.6612031],[29.1790002,61.6429451],[29.0401266,61.6407434],[29.1796848,61.5711137],[29.2401096,61.5069771],[29.4009166,61.3973084],[29.2448283,61.2706905],[28.9568572,61.1515503],[28.8191018,61.1215767],[28.8043007,61.0933933],[28.7138466,61.0444634],[28.655001,60.9494998],[28.5246058,60.9571051],[28.324276,60.8578752],[28.2205001,60.7827933],[28.1742818,60.778618],[28.1354668,60.7408677],[27.8734253,60.6045523],[27.8385156,60.578471],[27.8474973,60.5613803],[27.774414,60.5335769],[27.7482548,60.4692184],[27.7479524,60.4511705],[27.8204491,60.3896013],[27.9124756,60.3526098],[28.0425434,60.3810397],[28.1015016,60.3576115],[28.1771293,60.3585496],[28.2262734,60.3815927],[28.2444554,60.4302909],[28.331904,60.3969858],[28.3260205,60.3429649],[28.4521177,60.2611062],[28.6492569,60.2107686],[28.7919464,60.2411287],[28.8740955,60.2171742],[28.9526822,60.1474866],[29.1084666,60.1154926],[29.4630622,60.1122746],[29.5931575,60.1462527],[29.7734741,60.1340618],[29.5595381,60.0658642],[29.5327796,60.0118248],[29.2245533,60.0411954],[29.0660248,60.0276454],[28.9049811,59.9302687],[28.9067435,59.8920871],[28.9527176,59.8547782],[28.7459131,59.838074],[28.5948037,59.887851],[28.5059778,59.8940007],[28.3867342,59.8467101],[28.32653,59.7561551],[28.1613851,59.8517546],[28.0939928,59.8661418],[28.0264335,59.8554359],[27.9004154,59.7003852],[27.9014945,59.6386501],[27.9991179,59.5932686],[27.9965559,59.5471292],[27.9257306,59.464268],[27.8600528,59.4464684],[27.4053393,59.4939296],[26.9762093,59.4833803],[26.7902597,59.5640683],[26.5963412,59.6098422],[26.6250544,59.6432762],[26.6236909,59.6702212],[26.5772776,59.7093083],[26.5221483,59.7247692],[26.419916,59.6945957],[26.4196158,59.6627954],[26.476362,59.6021123],[26.4216627,59.5985375],[26.291231,59.6317815],[26.1740246,59.6306264],[26.0811174,59.6741055],[25.9172114,59.6771495],[25.8562328,59.7212435],[25.7985888,59.7339278],[25.5732121,59.680942],[25.465238,59.6954169],[25.3948481,59.6548501],[25.281217,59.6697677],[25.2161593,59.6315167],[25.1706604,59.6297288],[24.9753008,59.6937583],[24.8896234,59.6712505],[24.8774632,59.6109017],[24.7438638,59.6369413],[24.6233533,59.5992745],[24.5624849,59.6455228],[24.4643467,59.6430023],[24.3827043,59.5847401],[24.4046979,59.5267359],[24.2859908,59.5037731],[24.2463932,59.461041],[23.8112319,59.3891317],[23.7708377,59.3645112],[23.7681584,59.3311267],[23.5634016,59.2687958],[23.522662,59.2756972],[23.4843087,59.3210796],[23.4123536,59.3475278],[23.2992812,59.3385486],[23.2717119,59.3153023],[23.2740927,59.2875392],[23.4006295,59.2239581],[23.3899065,59.1812735],[23.4336518,59.1305593],[23.3512296,59.102135],[23.1587897,59.0971909],[23.0703521,59.0736545],[23.0182385,59.0372896],[22.9265181,59.033452],[22.7813014,59.0494897],[22.7853878,59.0863115],[22.7583719,59.1107238],[22.5754264,59.1402405],[22.5137315,59.1214802],[22.4867029,59.075864],[22.413747,59.0593638],[22.2942821,58.9974278],[22.2034377,58.9832144],[22.0542624,58.9951771],[21.9895721,58.9785953],[21.9500865,58.9316685],[21.9910631,58.8861707],[22.1771833,58.8333376],[22.3519389,58.8401629],[22.3414745,58.8067117],[22.3774132,58.7605646],[22.3750206,58.7101792],[22.434641,58.6475208],[22.4233985,58.6281511],[22.2671042,58.6192206],[22.1602191,58.5885336],[22.076332,58.5359346],[21.9204541,58.5671682],[21.7839665,58.5404967],[21.7452692,58.503279],[21.7472178,58.4700358],[21.774897,58.4431324],[21.6755722,58.3456733],[21.6730601,58.3124077],[21.7107015,58.2805797],[21.8566362,58.1976088],[21.9578084,58.178693],[22.0330051,58.1273683],[21.8866996,57.9679928],[21.9043189,57.9247928],[21.9677789,57.8676226],[22.0383468,57.8472782],[22.1052446,57.8596643],[22.2851227,57.9620661],[22.2852297,58.0085098],[22.3354995,58.0783248],[22.3406845,58.1370894],[22.4512712,58.0732751],[22.5588241,58.0455173],[22.6476716,58.0729909],[22.6573525,58.0962009],[22.6411129,58.1236921],[22.6674286,58.1688559],[22.745847,58.1127619],[22.8607098,58.1107992],[22.8973536,58.1315418],[22.9063629,58.1594893],[22.8329696,58.2114268],[22.9137824,58.2503519],[23.0342759,58.2632211],[23.066245,58.3091062],[23.1755813,58.3668097],[23.3693589,58.3850924],[23.4144976,58.4437352],[23.5068231,58.4991715],[23.5493256,58.4921912],[23.5480576,58.4342139],[23.6915943,58.3032781],[23.9013554,58.2573573],[23.8330397,58.2303649],[23.8143594,58.1980851],[23.8617396,58.0912958],[23.9208922,58.0560157],[24.0559517,58.0654465],[24.0968968,58.0968122],[24.1165067,58.1547402],[24.197794,58.1750776],[24.2458625,58.2255845],[24.3760027,58.2486088],[24.3576672,58.1772728],[24.3806242,58.0712076],[24.2381791,57.8415945],[24.2459576,57.6949213],[24.2800141,57.6188619],[24.2656567,57.5494194],[24.3140716,57.3587784],[24.314099,57.2688075],[24.1409788,57.1584406],[23.971742,57.1092698],[23.9111281,57.0637126],[23.8347465,57.0420258],[23.603426,57.0209196],[23.5453326,57.0793534],[23.40487,57.0908004],[23.3821665,57.0492282],[23.548507,56.8891283],[23.6384576,56.8898785],[23.7689202,56.8053901],[23.9124291,56.7783135],[24.1369622,56.7692837],[24.3296511,56.8403291],[24.4471695,56.8423675],[24.5119144,56.8077822],[24.5683004,56.8160223],[24.7282934,56.7281982],[24.8610735,56.7000528],[24.908264,56.6381347],[24.9980863,56.6063837],[25.1255606,56.6199766],[25.2544692,56.5804541],[25.4178999,56.6360291],[25.4911993,56.6101529],[25.4851912,56.5821792],[25.5638119,56.5717784],[25.7485196,56.6156319],[25.7595059,56.5963578],[25.7358166,56.5700761],[25.7615658,56.5339327],[25.8273336,56.5210704],[26.2683092,56.5556991],[26.4317308,56.7052602],[26.5374742,56.7685314],[26.6226183,56.7707892],[26.8217455,56.7112907],[26.9577013,56.7308828],[26.9906602,56.7640156],[26.9961534,56.8068941],[26.9673143,56.9135014],[26.9947801,57.0070946],[27.2117601,57.2225832],[27.2227464,57.2656791],[27.2070614,57.3182732],[27.2570787,57.3302286],[27.3532091,57.3146581],[27.4603258,57.2612233],[27.6814256,57.216635],[27.7542101,57.1593343],[27.7693163,57.1369853],[27.7336107,57.1108943],[27.7459703,57.0765755],[27.7157579,57.0235426],[27.7542101,57.0018596],[27.7500902,56.9621992],[27.7253709,56.9172496],[27.6863346,56.9158951],[27.6593808,56.8343402],[27.848567,56.8794211],[27.8740298,56.8774814],[27.9016674,56.8205634],[27.9690721,56.8356388],[27.9765795,56.8116912],[27.9441191,56.8027669],[27.9444646,56.7764996],[27.898509,56.7522768],[28.0125413,56.6725205],[28.0114081,56.6366601],[28.0431072,56.5904029],[28.1435272,56.571831],[28.1410981,56.5517151],[28.0924414,56.529698],[28.0947478,56.5111392],[28.1259158,56.515965],[28.1293973,56.4906769],[28.1926229,56.4487827],[28.1946065,56.405337],[28.1632085,56.3794625],[28.2414937,56.2786583],[28.1854063,56.2302791],[28.2040058,56.2145896],[28.1750324,56.2050663],[28.186127,56.1949245],[28.1489067,56.142414],[28.2898283,56.0466059],[28.3334432,56.0502491],[28.3897705,56.0885672],[28.5378235,56.0977139],[28.6207125,56.0829861],[28.7319202,55.9467929],[28.8308806,55.937672],[28.833051,55.9609781],[28.859716,55.9764552],[29.030765,56.0241784],[29.3774105,55.9540276],[29.4444349,55.9069245],[29.3841285,55.8799494],[29.3481617,55.8028482],[29.3507455,55.7660546],[29.4808667,55.6810985],[29.6841618,55.7706021],[29.8057048,55.7714548],[29.9078174,55.8432075],[29.988226,55.846799],[30.1062549,55.8219168],[30.2002544,55.857987],[30.4688168,55.7935206],[30.4807024,55.7539623],[30.5874659,55.7183056],[30.5963542,55.6652855],[30.6937126,55.6521597],[30.7421851,55.5943855],[30.8476567,55.6110253],[30.8861556,55.6004833],[30.9197453,55.5344925],[30.8993848,55.4991458],[30.9194353,55.4923245],[30.8812981,55.4514485],[30.9182984,55.3877831],[30.8112248,55.3230842],[30.7942749,55.2855154],[30.9597946,55.1625772],[30.9840308,55.1308996],[30.9702849,55.101444],[31.0056316,55.0229992],[30.9132341,55.0246011],[30.9360751,54.9732348],[30.9173682,54.9539595],[30.8148422,54.9280179],[30.8261076,54.8774783],[30.7681267,54.829936],[30.7706071,54.786011],[30.9806202,54.7056542],[30.999017,54.671341],[31.1051604,54.6682921],[31.1679472,54.6215766],[31.064646,54.4922822],[31.20903,54.4480472],[31.2847876,54.3473815],[31.3246818,54.2292492],[31.5063762,54.1439314],[31.7367497,54.094167],[31.7712696,54.0485367],[31.8226359,54.0534459],[31.8465105,53.9923127],[31.8379322,53.9621337],[31.8101302,53.8826037],[31.7446562,53.7948571],[31.8731755,53.7771321],[32.1060295,53.8069494],[32.290411,53.760854],[32.3718014,53.7143969],[32.4615634,53.7068004],[32.487815,53.6696451],[32.3990865,53.6353836],[32.4114889,53.5823636],[32.5768018,53.4860387],[32.6357129,53.4926533],[32.6502857,53.4876407],[32.6467717,53.4579784],[32.7012386,53.4621125],[32.7195321,53.4394783],[32.7044426,53.3664078],[32.717465,53.3349368],[32.5799541,53.324369],[32.5959221,53.3082718],[32.5691537,53.2988408],[32.4548454,53.3004428],[32.4559823,53.2777827],[32.4791333,53.2749147],[32.4236329,53.2044022],[32.2679834,53.1247688],[32.2156869,53.1255181],[32.2011141,53.0975611],[32.117295,53.0811022],[31.796281,53.1123923],[31.7562834,53.1865738],[31.6140182,53.2097507],[31.4163558,53.1999838],[31.3785287,53.1820263],[31.3636976,53.0887761],[31.3192041,53.0763738],[31.2470638,53.0143879],[31.3226148,52.9771292],[31.3906833,52.8877792],[31.5966769,52.4995054],[31.7889377,52.1874064],[31.7817173,52.1120049],[31.7206189,52.0961717],[31.6591641,52.1166259],[31.4885327,52.1166259],[31.4538571,52.1404421],[31.4040753,52.1425491],[31.3728329,52.1145176],[31.326141,52.1069271],[31.2962719,52.0505905],[31.25164,52.0436227],[31.218681,52.0516462],[31.2149044,52.0719097],[31.1585995,52.0778182],[31.1400601,52.1031314],[30.9922598,52.0777126],[30.9491728,52.0895272],[30.9326933,52.0721207],[30.9495161,52.0548129],[30.9338949,52.0415109],[30.941448,52.0147893],[30.8928679,52.0005242],[30.9103773,51.9863603],[30.8051383,51.9468515],[30.8254049,51.9209792],[30.8042906,51.899694],[30.749359,51.9030833],[30.705242,51.8680121],[30.6906508,51.8252752],[30.6630133,51.8193334],[30.6645582,51.7862145],[30.6113432,51.7635905],[30.6516836,51.7595531],[30.6252478,51.7129907],[30.5608748,51.7041618],[30.5797575,51.6459333],[30.5507467,51.6436963],[30.5596731,51.6260098],[30.5061148,51.599787],[30.5552099,51.576963],[30.5289458,51.5710951],[30.5466269,51.5404634],[30.584564,51.5460149],[30.5691145,51.5111998],[30.6232738,51.4670554],[30.5792426,51.4473744],[30.5934905,51.4229217],[30.6219005,51.4287552],[30.6556317,51.3782099],[30.635719,51.3584906],[30.6566616,51.3443389],[30.5934047,51.3119449],[30.6223296,51.3043795],[30.607395,51.2799578],[30.5392136,51.2629556],[30.4540988,50.7607865],[29.8608289,50.3664958],[29.9614331,50.1038455],[31.1187741,49.9786096],[31.2525397,49.9391155],[31.3438222,49.9952145],[31.4370415,49.9924101],[31.4263153,49.9164051],[31.4689752,49.8287415],[31.4509828,49.7695846],[31.5830255,49.6977324],[31.6297341,49.6416782],[31.7775179,49.6300656],[31.7871462,49.5903449],[31.8252397,49.5638635],[31.8698688,49.5480654],[31.9335876,49.5551514],[32.0651778,49.458352],[32.1540642,49.4456958],[32.1600204,49.4166107],[32.1937631,49.3962425],[32.3508543,49.3797162],[32.3708725,49.3420134],[32.4739221,49.3159813],[32.4985886,49.2728449],[32.7546674,49.2578811],[33.0348587,49.2009995],[33.2250719,49.0609115],[33.142318,49.0941037],[32.9143517,49.0968014],[31.9262682,48.9008388],[31.8095384,48.9441521],[31.5980516,48.8936163],[31.5609727,48.8312785],[31.3824449,48.7326447],[31.2629686,48.759811],[31.1022935,48.7380792],[31.0253893,48.759811],[30.8399853,48.748047],[30.7466112,48.5447972],[30.7459193,48.4863996],[30.8417107,48.4380783],[30.8253711,48.4164088],[30.8417487,48.3837553],[30.8979962,48.3453757],[30.8957604,48.3182018],[30.857102,48.3010236],[30.8526134,48.2455254],[30.8776681,48.2274868],[30.8651061,48.1984528],[30.8134248,48.1757817],[30.8106117,48.0781916],[30.8263927,48.0554319],[30.8742941,48.0326831],[30.9579681,48.0312382],[31.0242319,47.9837462],[31.0515675,47.9264819],[31.1262013,47.8600246],[31.1110763,47.8307854],[31.176495,47.8131285],[31.1874701,47.7430505],[31.2741006,47.7499816],[31.3296775,47.7218788],[31.3899886,47.7253405],[31.8442745,47.5507227],[32.0056531,47.5262655],[32.2230201,47.5240415],[32.3218234,47.5017968],[32.7746731,47.2240597],[33.2900966,46.9437366],[33.4490059,46.8891825],[33.5994657,46.8629366],[33.6004469,46.9362163],[33.6617422,46.9769963],[33.6612997,47.0338852],[33.7615407,47.0946305],[33.7900862,47.1330317],[33.9018339,47.1613253],[33.9775126,47.2253818],[33.9646782,47.3018175],[33.9819383,47.4052574],[34.0129178,47.3970196],[34.190825,47.4503807],[34.256743,47.4893699],[34.4284044,47.5274029],[34.5053087,47.5672615],[34.7579942,47.5403835],[34.8266588,47.4819456],[34.9296556,47.4540952],[35.2606187,47.4791612],[35.3855882,47.446666],[36.1463873,47.5830141],[36.6064398,47.580235],[36.9250433,47.6875829],[37.4908392,47.7762557],[38.2928412,47.8426613],[39.0618842,47.7836383],[39.2266791,47.7097652],[39.4024603,47.5913502],[39.5919786,47.2149052],[39.6290575,47.1953126],[39.7869859,47.215838],[39.8597704,47.2522044],[40.0630174,47.2447467],[40.1715074,47.2605931],[40.2264391,47.229828],[40.2676378,47.2494079],[40.4173265,47.2344906],[40.5505357,47.1897134],[40.6919847,47.198112],[40.7482896,47.1150008],[40.8608995,47.1392939],[40.9281908,47.1215423],[41.4335619,46.9286974],[41.4610277,46.9014934],[41.5118381,46.7586818],[41.6738864,46.6173764],[41.827695,46.5456406],[41.8963596,46.4813754],[41.860654,46.405672],[41.7727634,46.3089976],[41.7398044,46.2311549],[41.6574069,46.1665186],[41.5475436,46.1113276],[41.3195773,46.0656104],[41.3058444,46.0065029],[41.4514133,45.7349444],[41.4514133,45.6447701],[41.3675975,45.6174202],[41.3846703,45.5155875],[41.318748,45.2925621],[41.3236883,45.2191687],[41.0424143,44.9927012],[41.0930272,44.7562075],[41.240216,44.6328401],[41.5746342,44.4208426],[41.6609344,44.2225882],[41.629389,44.0891749],[41.6403681,43.9170771],[41.7093115,43.7426706],[41.7196086,43.6310671],[41.9791418,43.4562152],[42.4028292,43.3928325],[42.4217123,43.4368165],[42.4562965,43.4433805],[42.4514525,43.4823792],[42.4762116,43.5219595],[42.4560743,43.621092],[42.5966124,43.6540973],[42.6755276,43.6978596],[42.6685997,43.8031977],[42.7321525,43.8192637],[42.8547037,43.8018957],[42.8661055,43.8676908],[42.9185035,43.8652723],[42.9814408,43.8988742],[43.1477107,43.8950757],[43.1461088,43.9594901],[43.2250081,43.9590461],[43.316639,43.7997601],[43.413516,43.859499],[43.4738702,43.8656198],[43.7448876,43.8194677],[43.7705477,43.8744573],[43.7705002,43.9275269],[43.819676,43.9597661],[43.8579248,43.96022],[43.8629678,43.9875624],[43.9221636,44.0203143],[43.9444726,44.0098399],[43.9446801,43.9864498],[43.9871647,43.9862639],[43.9873376,43.9706842],[44.1440452,43.970237],[44.1439037,43.9284712],[44.2253374,43.918464],[44.2685698,43.9181546],[44.2690297,43.9640218],[44.3688476,43.9726069],[44.3692043,44.0045631],[44.419364,44.0164506],[44.4189116,43.9454969],[44.3437927,43.9457964],[44.3435766,43.9043784],[44.29324,43.89123],[44.292523,43.809673],[44.2680325,43.8108975],[44.2674355,43.7453232],[44.3189973,43.6791371],[44.4302108,43.6838109],[44.4350358,43.6068788],[44.4753684,43.5829428],[44.4138794,43.4527146],[44.4422421,43.427733],[44.3552536,43.3923997],[44.3203719,43.4496436],[44.1749304,43.3485999],[44.1463461,43.437676],[44.1056827,43.4310647],[44.037769,43.3522063],[44.0982319,43.2671901],[44.0030517,43.2123939],[43.9734032,43.2422613],[44.0020679,43.2726922],[43.9402362,43.2865376],[43.9195935,43.2420039],[43.8617982,43.2641816],[43.8596724,43.2988168],[43.8298745,43.3232655],[43.7264861,43.1694764],[43.75068,43.1568097],[43.7449711,43.135717],[43.6498807,43.099158],[43.6351458,43.0493786],[43.609987,43.0376715],[43.6226185,43.0106897],[43.5715292,42.9429373],[43.4429628,42.9693803],[43.4006559,42.9035037],[43.507558,42.867664],[43.560212,42.868377],[43.61052,42.834136],[43.607313,42.814292],[43.685277,42.801757],[43.705951,42.778002],[43.804558,42.743139],[43.778272,42.677445],[43.71445,42.63389],[43.769971,42.588722],[43.838932,42.598367],[43.964197,42.547144],[44.022132,42.597322],[44.116165,42.618014],[44.163241,42.6063],[44.193912,42.635059],[44.232382,42.626937],[44.249478,42.681066],[44.317242,42.722853],[44.520099,42.6976],[44.500896,42.735888],[44.55288,42.766488],[44.580033,42.745145],[44.678169,42.756595],[44.712315,42.742975],[44.75184,42.713938],[44.767507,42.64158],[44.827428,42.615649],[44.835358,42.673057],[44.868548,42.691414],[44.886203,42.74667],[44.943068,42.751042],[44.979056,42.745537],[45.034593,42.692943],[45.086748,42.711965],[45.15835,42.707687],[45.25599,42.605704],[45.284111,42.606562],[45.295723,42.574773],[45.325373,42.565447],[45.340592,42.522375],[45.418463,42.551473],[45.493372,42.535215],[45.571416,42.548285],[45.613767,42.505469],[45.682322,42.506437],[45.720676,42.475653],[45.7755971,42.4884386],[46.124724,43.3471534],[46.3867222,43.4798687],[46.3812704,43.4949401],[46.433226,43.5362458],[46.4138905,43.5966605],[46.4538462,43.631252],[46.4551285,43.663141],[46.5494365,43.7537848],[46.6305133,43.7704273],[46.6551329,43.7935387],[46.658722,43.8343043],[46.7028781,43.8741402],[47.2851508,43.9730555],[47.417141,44.040232],[47.3355134,44.1375224],[47.2882455,44.2512248],[47.2302906,44.2839563],[47.1445777,44.2770638],[47.0904916,44.3804352],[46.9839167,44.4555816],[46.9341656,44.6190013],[46.9985556,44.654514],[47.0338984,44.7763804],[47.0866483,44.7487731],[47.1523085,44.7587094],[47.2663473,44.8500518],[47.3692651,45.1468978],[47.4270421,45.2200627],[47.4847006,45.248812],[47.534581,45.40638],[47.6096701,45.4798976],[47.631552,45.5295747],[47.7073326,45.5841403],[47.7369202,45.6480406],[47.8453586,45.7014942],[48.137558,45.7034214],[48.2631104,45.7332656],[48.4323755,45.928566],[48.5107457,45.9768828],[48.5822626,45.9045318],[48.6463623,45.8977734],[48.7359605,45.9252337],[48.7714743,45.9588115],[48.7991021,46.027899],[48.9749131,46.1107199],[49.083898,46.2235765],[49.1204342,46.2966166],[49.1253004,46.4099079],[49.1493021,46.4338544],[49.3249088,46.4065085],[49.6049405,46.4467317],[49.7165006,46.4071771],[49.8274794,46.4083027],[49.9512901,46.4727533],[49.9896259,46.5494586],[50.0680528,46.5615644],[50.1812523,46.6661072],[50.2285343,46.6521561],[50.2777283,46.663811],[50.352013,46.7354625],[50.4021149,46.7282122],[50.4518196,46.7535345],[50.5007501,46.7249851],[50.5786695,46.7198862],[50.6413689,46.7576309],[50.665088,46.8186324],[50.7618134,46.8129845],[50.8225104,46.8734281],[50.9111567,46.9116974],[51.046875,46.8861249],[51.215237,46.9465925]]],[[[162.0958846,70.6471221],[162.1551914,70.6078866],[162.3627916,70.575088],[162.5794832,70.5988247],[162.639564,70.6420722],[162.6230598,70.6656644],[162.564102,70.6857114],[162.2895936,70.7017776],[162.149174,70.6848153],[162.0958846,70.6471221]]],[[[161.8625869,70.6573835],[161.8488691,70.7932233],[161.7844524,70.8251165],[161.7267547,70.9054428],[161.6914425,70.9256065],[161.5532366,70.9719152],[161.4409409,70.979356],[161.3020719,70.9542642],[161.2105289,70.891646],[161.2273236,70.8644332],[161.2927683,70.8437651],[161.3633713,70.7588497],[161.4455373,70.7294766],[161.551833,70.6339408],[161.7443257,70.6154711],[161.8192827,70.6284046],[161.8625869,70.6573835]]],[[[160.8958589,70.8026101],[160.7995838,70.9027791],[160.6038188,70.9488102],[160.3994086,70.9625897],[160.3291116,70.9472964],[160.2890413,70.9148022],[160.3624915,70.8041619],[160.465057,70.7657154],[160.7617167,70.7522304],[160.8610773,70.7726295],[160.8958589,70.8026101]]],[[[116.0018389,74.2227488],[116.2611168,74.2458892],[116.3533136,74.283756],[116.3822201,74.312872],[116.3779042,74.3379242],[116.2502377,74.4092452],[116.0297235,74.4259006],[115.8551583,74.3912354],[115.7586319,74.3065926],[115.7642517,74.2773547],[115.8247402,74.2463232],[116.0018389,74.2227488]]],[[[105.8865946,78.2489683],[105.8930516,78.2038171],[105.9198978,78.1861851],[106.3755298,78.0843318],[106.7379698,78.0474355],[107.2190319,78.0277886],[107.4339925,77.9932595],[107.8215418,78.0232148],[107.9523634,78.0670227],[108.0109164,78.1187431],[108.0069356,78.1469275],[107.9393962,78.1870308],[107.6921786,78.2235567],[107.5058322,78.233434],[107.2337413,78.204521],[107.1244501,78.2123949],[107.048396,78.3195193],[106.8172371,78.4113582],[106.6918467,78.4302094],[106.4070408,78.4084249],[106.2518291,78.3245378],[105.8865946,78.2489683]]],[[[101.2560657,77.7311108],[100.9384001,77.6936667],[100.9091287,77.6579603],[100.96273,77.6311375],[101.3338071,77.5594995],[101.7307026,77.5510043],[101.8348989,77.5690442],[101.8904217,77.6044557],[101.8574711,77.6349535],[101.6042751,77.7181265],[101.2560657,77.7311108]]],[[[98.299212,76.8725161],[98.3785299,76.8332736],[98.5411909,76.8182685],[98.7034535,76.8334959],[98.7725919,76.8701719],[98.6963001,76.915038],[98.5323501,76.9309501],[98.3646472,76.9153315],[98.3152747,76.8984169],[98.299212,76.8725161]]],[[[86.6703899,75.2731484],[86.6927684,75.2979203],[86.66671,75.321768],[86.4980019,75.3506359],[86.1151576,75.3345413],[86.02631,75.3145713],[85.9972047,75.2860596],[86.0540551,75.2479185],[86.2088673,75.2278573],[86.5099369,75.2434455],[86.6703899,75.2731484]]],[[[84.4838967,74.6342918],[84.4955384,74.6596689],[84.4672652,74.6865461],[84.2993872,74.715146],[84.10849,74.704281],[84.0457703,74.6844393],[84.0188302,74.6557351],[84.0634114,74.6015974],[84.1738448,74.5808806],[84.326008,74.5946908],[84.4838967,74.6342918]]],[[[78.4583492,72.7880707],[78.8119826,72.6918969],[79.3752588,72.6538022],[79.6518703,72.6814759],[79.7479463,72.7485791],[79.7058166,72.8565241],[79.6988323,72.941374],[79.5020731,73.047105],[79.2963184,73.1204297],[79.3036104,73.210133],[79.3458178,73.2314273],[79.348025,73.255267],[79.2911761,73.2824818],[79.1870204,73.2956557],[78.8086381,73.2882898],[78.6448908,73.2309294],[78.6150642,73.189841],[78.6246149,73.1707074],[78.7125508,73.1425154],[78.8469956,73.139097],[78.8811018,73.0545914],[78.8069083,73.0075929],[78.4902904,72.8831381],[78.4445078,72.8291952],[78.4583492,72.7880707]]],[[[75.2359127,73.3480416],[75.3177395,73.3243915],[75.4441855,73.322183],[75.6364841,73.3761302],[75.8898532,73.37916],[76.1072718,73.428336],[76.2306702,73.4341986],[76.431942,73.4123179],[76.7049448,73.3472741],[76.8570104,73.3591368],[76.9157446,73.3973438],[76.8884589,73.4346379],[76.8103353,73.4714837],[76.6497957,73.5076228],[76.1452485,73.5724879],[75.7708728,73.5716484],[75.5675618,73.5532423],[75.3247105,73.498276],[75.2095607,73.4184086],[75.2024961,73.3846344],[75.2359127,73.3480416]]],[[[76.660212,73.210678],[76.1971124,73.2465308],[75.9415297,73.2432855],[75.8280237,73.2167616],[75.7900417,73.1610324],[75.8201171,73.1235891],[75.9018309,73.0997287],[76.3654952,73.0738764],[76.7101658,73.072171],[76.8074032,73.0864465],[76.8636176,73.1152251],[76.8550848,73.1490829],[76.8066474,73.1771966],[76.660212,73.210678]]],[[[56.6922044,68.8032523],[56.6500616,68.8498594],[56.5169931,68.8690476],[56.389491,68.8442335],[56.3320401,68.8013925],[56.3766902,68.7580506],[56.4929286,68.7404834],[56.6053204,68.7556751],[56.6922044,68.8032523]]],[[[48.0575383,68.9211032],[48.0756005,68.8016681],[48.1092766,68.7558902],[48.3260701,68.6710937],[49.1325232,68.6087663],[49.522443,68.6100947],[49.6792447,68.6400539],[49.7606529,68.689139],[49.7180005,68.7325953],[49.5976649,68.7481069],[49.9697029,68.8696522],[50.2264399,68.9226732],[50.4219574,69.0508923],[50.4597077,69.1173327],[50.4388854,69.1688668],[50.3853127,69.2163397],[50.1756533,69.3167463],[49.3816559,69.5419907],[48.9624816,69.5496608],[48.6289583,69.4989818],[48.4088812,69.4147366],[48.208567,69.3006972],[48.0890114,69.1352091],[48.0575383,68.9211032]]],[[[42.3365605,66.7042877],[42.6322366,66.6122278],[42.733132,66.6193574],[42.7905685,66.6463718],[42.8123259,66.6942349],[42.7873508,66.7441713],[42.7331205,66.7849714],[42.5666196,66.8278738],[42.3920124,66.8187085],[42.3011535,66.7645081],[42.3031635,66.7294309],[42.3365605,66.7042877]]],[[[35.6624571,64.7753732],[35.7282046,64.8218365],[35.6727356,64.8663778],[35.5306962,64.8742581],[35.4547548,64.8300238],[35.4657484,64.802289],[35.5128251,64.7783258],[35.6624571,64.7753732]]],[[[164.7331231,59.6661548],[164.673613,59.6804233],[164.5971252,59.6709086],[164.5535807,59.6459361],[164.5437464,59.6112143],[164.6156301,59.5484372],[164.7381607,59.5485623],[164.7900069,59.5925156],[164.7331231,59.6661548]]],[[[163.6857542,58.9002719],[163.6464546,58.7781259],[163.5769666,58.7236988],[163.5048188,58.6223508],[163.3573004,58.5981061],[163.3079811,58.5581643],[163.3090671,58.528454],[163.4061941,58.4174258],[163.4725139,58.3994564],[163.5596842,58.4112966],[163.597683,58.4428526],[163.5975742,58.475859],[163.6695246,58.5387753],[163.8234747,58.5961013],[163.8918703,58.6450166],[164.0060056,58.6603327],[164.2162544,58.7597859],[164.2938595,58.7579464],[164.4873872,58.8139567],[164.6397328,58.8179739],[164.7180552,58.8402724],[164.7938194,58.9186218],[164.7910548,58.9685344],[164.8328304,59.03684],[164.7434739,59.1255892],[164.6809609,59.260434],[164.5670115,59.2892801],[164.3248626,59.2149981],[164.2653922,59.1600014],[163.9679189,59.0834175],[163.7553965,59.0686973],[163.6526366,59.0420057],[163.6058057,59.0151428],[163.5906821,58.9789055],[163.6357866,58.9420615],[163.7203343,58.9368702],[163.6857542,58.9002719]]],[[[167.6487332,54.6339623],[167.8000882,54.5837299],[167.8999706,54.5153436],[168.0586208,54.4473606],[168.1439839,54.4491677],[168.1924773,54.4894592],[168.1601008,54.553752],[168.0263174,54.6329806],[168.0076655,54.6869352],[167.8414725,54.7456874],[167.7881272,54.8007718],[167.6479874,54.842815],[167.4500064,54.9382652],[167.3862986,54.9386753],[167.3339368,54.9113773],[167.3281413,54.8755674],[167.3863259,54.7833444],[167.6487332,54.6339623]]],[[[165.8567277,55.1773591],[165.9846819,55.1110089],[165.9910465,55.0470803],[166.0810527,54.9723319],[166.1077919,54.9228796],[166.302871,54.789082],[166.4012431,54.7738699],[166.5033715,54.6915704],[166.6331447,54.6270269],[166.709565,54.6262302],[166.7620112,54.6604823],[166.7696398,54.7452699],[166.7360966,54.873617],[166.6599686,54.9524723],[166.5331281,54.989155],[166.4345049,55.1177734],[166.3363548,55.190002],[166.3498419,55.2505296],[166.3899248,55.2994815],[166.3214524,55.3713931],[166.2541554,55.3856979],[166.1912516,55.3693188],[165.9659721,55.4164389],[165.6737165,55.3065884],[165.6712657,55.2757397],[165.7110498,55.2404219],[165.6979549,55.2107468],[165.7212823,55.1783536],[165.7925575,55.1608726],[165.8567277,55.1773591]]],[[[143.3998747,56.4001414],[143.3902296,56.4178375],[143.3717127,56.408143],[143.3768865,56.3991278],[143.3998747,56.4001414]]],[[[150.6497676,58.9625028],[150.8651439,59.0623694],[150.8766507,59.1264801],[150.8416457,59.1580304],[150.7069881,59.1986347],[150.620478,59.1785818],[150.5888206,59.1345887],[150.4580909,59.0998179],[150.3816779,59.0490648],[150.358686,59.0107439],[150.3974201,58.9594644],[150.5000252,58.9465635],[150.6497676,58.9625028]]],[[[23.369822,57.789407],[23.3353992,57.8427798],[23.2457767,57.8747483],[23.1567179,57.8582527],[23.1163628,57.8063713],[23.1512547,57.7545132],[23.24605,57.7316042],[23.3330488,57.7433328],[23.369822,57.789407]]],[[[27.0514296,59.8090953],[26.9906764,59.8544321],[26.9171992,59.8744],[26.9833092,59.9129396],[26.9804426,59.9612282],[27.0597367,59.9692468],[27.1141286,59.9956687],[27.1247946,60.0467093],[27.0579343,60.1224811],[27.0115833,60.1477139],[26.9346631,60.1542241],[26.8627466,60.1279832],[26.8419459,60.0961642],[26.8835628,59.9989544],[26.7955375,59.9840738],[26.7603979,59.9477349],[26.8027384,59.8998847],[26.8784203,59.8734289],[26.8077349,59.8391663],[26.804,59.7915512],[26.8581751,59.7608954],[26.9631682,59.7482502],[27.0300273,59.7673919],[27.0514296,59.8090953]]],[[[27.0778654,59.8264422],[27.1396524,59.7914395],[27.2142544,59.7850368],[27.2958566,59.8094685],[27.3281999,59.8493914],[27.2713889,59.9029372],[27.1738652,59.9159404],[27.0885728,59.8842433],[27.0778654,59.8264422]]],[[[27.7872818,59.7595898],[27.803481,59.8058062],[27.7448573,59.8372593],[27.6582557,59.8340509],[27.6083339,59.7937592],[27.6217676,59.7650469],[27.6726462,59.7433419],[27.7872818,59.7595898]]],[[[28.2095778,60.0418012],[28.2024191,60.0114297],[28.2183506,59.9885554],[28.3563017,59.9490403],[28.4392737,59.9561989],[28.5016202,60.0035181],[28.4775203,60.0555991],[28.4029377,60.0848424],[28.2665529,60.0771896],[28.2095778,60.0418012]]],[[[28.1505066,60.0401737],[28.034209,60.0850136],[27.917182,60.0684827],[27.7975371,60.0872981],[27.7112353,60.0496934],[27.6952123,59.9970932],[27.7617831,59.9307825],[27.8513617,59.9185498],[27.9950979,59.9718504],[28.1259191,59.9799367],[28.1576155,60.0070536],[28.1505066,60.0401737]]],[[[28.0571224,60.2438364],[28.0277095,60.2827809],[27.9520988,60.2975507],[27.8825312,60.2821639],[27.8540679,60.2420258],[27.8855435,60.2075217],[27.9558078,60.1942556],[28.0283468,60.2095613],[28.0571224,60.2438364]]]]}}]}
