{"type":"FeatureCollection","metadata":{"dataset":"Rulers of Russia Territory Archive","polity_id":"russian-federation","polity_label":"Российская Федерация","project_owned_runtime_data":true,"external_runtime_dependencies":[],"review_status":"unreviewed-source-capture"},"features":[{"type":"Feature","properties":{"polity_id":"russian-federation","name":"Россия","start_date":"1991-12-26","end_date":"2004-10-14","status":"provisional-source-capture","confidence":"unreviewed","legal_basis":[],"source_ids":["capture:ohm:2800968"],"provenance":{"capture_source":"OpenHistoricalMap","capture_id":2800968,"capture_date":"2026-08-22"},"notes":"One-time geometry capture. Review against project historical sources before marking verified."},"geometry":{"type":"MultiPolygon","coordinates":[[[[147.146187,43.9564108],[146.9668572,44.0673608],[146.8597405,44.0890651],[146.7148583,44.0757475],[146.4388268,43.9774993],[146.3598626,43.9226268],[146.3159173,43.8518605],[146.1861413,43.8305647],[146.0357659,43.7348875],[145.829433,43.6572999],[145.8421319,43.7333991],[145.9760278,43.792907],[146.2300866,44.0229408],[146.6290276,44.1787575],[146.7539837,44.2570784],[146.9476311,44.2240446],[147.0897668,44.2511018],[147.4553366,44.4569933],[147.5598661,44.5738107],[147.9044664,44.7590582],[148.0834394,44.8063665],[148.4088002,45.0112514],[148.9947217,45.1676326],[149.0732089,45.2202148],[149.145856,45.3262703],[149.4081081,45.3736382],[149.603748,45.3786175],[149.8414144,45.466026],[150.0181679,45.5937788],[150.176542,45.6567699],[150.324058,45.7443605],[150.5514135,45.9569012],[150.8392873,46.1168643],[151.0714826,46.3216452],[151.1775571,46.4444477],[151.207867,46.5230421],[151.1788507,46.622881],[150.990169,46.8400062],[150.920294,46.8927238],[150.7417722,46.9385073],[150.5948517,46.9193116],[150.4989811,46.8692011],[150.431752,46.7881942],[150.4209804,46.6953542],[150.4569003,46.6230689],[150.4766863,46.5221423],[150.3649049,46.4274737],[150.1720003,46.3975971],[149.7976931,46.2167768],[149.6447247,46.0809215],[149.4498357,45.9814123],[149.200869,45.7576543],[148.9636397,45.7294529],[148.8199027,45.7538183],[148.6788474,45.7498455],[148.5213886,45.7154052],[148.3479337,45.6108634],[147.9257042,45.6383401],[147.7577536,45.6019444],[147.6368603,45.5144941],[147.5201362,45.3422846],[147.2840411,45.2440772],[147.2309606,45.1805271],[147.1909045,45.0749297],[146.9139847,44.9673933],[146.7248315,44.75165],[146.5196833,44.6657907],[146.337917,44.6767153],[146.2193231,44.7136728],[146.0932986,44.7101375],[145.9933728,44.6834431],[145.8831179,44.6163435],[145.7572729,44.4749122],[145.7319256,44.4173525],[145.63372,44.3349552],[145.5818061,44.2136254],[145.5231526,44.1332802],[145.2753064,43.9043244],[145.2523037,43.8674559],[145.2426907,43.7824971],[145.2921213,43.7086747],[145.4295055,43.6357251],[145.5312745,43.5082255],[145.6922959,43.5444944],[145.8218764,43.4273674],[145.8974732,43.27966],[145.9166411,43.1530499],[146.0601422,43.1420804],[146.1456534,43.1632111],[146.3154812,43.2449073],[146.4068552,43.3146546],[146.4419171,43.3656252],[146.609583,43.4127132],[146.6997525,43.503492],[146.9341216,43.5721976],[147.1035044,43.6699481],[147.1726809,43.7472361],[147.1953591,43.821702],[147.1880338,43.8855032],[147.146187,43.9564108]]],[[[48.2610523,79.8634063],[48.8499128,79.7973455],[49.3558652,79.7913189],[50.0531441,79.738057],[51.5773788,79.7187244],[52.3001679,79.7894349],[52.5488924,79.860787],[53.1951509,79.8112686],[53.8435353,79.8251728],[54.2261884,79.8705125],[54.457906,79.9323888],[54.515304,79.9657797],[54.5323108,79.9968457],[54.7363924,80.0119742],[54.9489775,79.9550324],[55.9268686,79.8172835],[56.6262734,79.8056264],[57.2172598,79.8619096],[57.5042496,79.7901886],[57.4957462,79.7513036],[57.5531441,79.7145499],[57.7763584,79.6433265],[58.3397088,79.5766164],[59.0136033,79.5819995],[59.4494026,79.6295591],[59.6896237,79.6944129],[60.4825659,79.7149295],[60.8290795,79.7690654],[60.9566305,79.7977221],[61.0905591,79.867895],[61.1011884,79.9427889],[61.0076509,79.9850223],[61.0161543,79.9986918],[61.3350319,80.079956],[61.3924298,80.1073855],[61.4094366,80.1409298],[62.0812054,80.2022561],[62.4489775,80.2574504],[62.6551849,80.3337772],[62.6870727,80.3679841],[62.6658142,80.3992351],[62.9761884,80.4406292],[63.365219,80.4423942],[64.8894537,80.5284864],[65.9268686,80.6632589],[66.4838414,80.811419],[66.5433652,80.8432738],[66.61777,80.9187426],[66.5943856,80.9622583],[66.6220217,80.9759395],[66.6432802,81.0370857],[66.5646237,81.0991367],[66.575253,81.1083419],[66.5412394,81.141795],[66.4774639,81.1803399],[66.2563754,81.2501428],[65.6994026,81.3389472],[65.2168346,81.3763221],[64.3558652,81.3931998],[63.8647938,81.3673922],[63.0761033,81.2672656],[62.8762734,81.2112509],[62.8316305,81.177732],[62.4851169,81.2498194],[61.8983822,81.3007685],[61.8664945,81.3248501],[62.4468516,81.3306198],[63.0718516,81.3811021],[63.7988924,81.3858796],[64.2431952,81.415441],[64.600338,81.456279],[64.9340965,81.5204668],[65.0318856,81.5570641],[65.1232972,81.6183312],[65.1084162,81.6843853],[65.0255081,81.7285417],[64.8107972,81.7897876],[64.4557802,81.8445539],[63.5437904,81.9055452],[62.185372,81.8938629],[61.3647938,81.8379166],[60.8630931,81.7657697],[60.6143686,81.7055727],[60.7142836,81.7970704],[60.7270387,81.8252306],[60.7015285,81.8611235],[60.5420897,81.9333355],[60.3465115,81.9818148],[59.5365625,82.0511992],[58.7840115,82.0559015],[57.6764435,82.0176152],[56.9642836,81.9577602],[56.6411543,81.8998559],[56.5561203,81.8662383],[56.4965965,81.8297635],[56.5008482,81.7925194],[56.5539945,81.7349617],[55.9226169,81.6926824],[55.6058652,81.6412311],[55.452804,81.5770167],[54.5748278,81.590707],[53.1972768,81.4862301],[52.9506781,81.4284415],[52.8465115,81.3638816],[52.8698958,81.3052688],[53.1249979,81.2154725],[52.9676849,81.1623948],[52.9124128,81.1224599],[52.9124128,81.0879464],[52.9846918,81.0238281],[53.1420047,80.9746057],[52.8783992,80.9066554],[52.7742326,80.8395518],[52.1449809,80.9545744],[52.0790795,81.013208],[52.2789094,81.0895929],[52.3022938,81.1283632],[52.2895387,81.1666396],[52.1534843,81.2346065],[52.0323108,81.2701699],[51.6836713,81.3242088],[51.1925999,81.3661158],[50.3507632,81.3795091],[49.9170897,81.3594114],[49.4196407,81.2888639],[49.2283142,81.2439963],[49.1071407,81.186205],[49.0858822,81.1620682],[49.1347768,81.092885],[49.1241475,81.07905],[48.6819707,81.0058995],[47.5914094,81.0566052],[46.6135183,81.0251547],[46.2159843,80.9799399],[45.9332462,80.8995972],[45.5080761,80.8419205],[44.5705761,80.8012294],[44.1283992,80.757628],[43.8414094,80.6952792],[43.6968516,80.6307833],[43.6755931,80.5954172],[43.7542496,80.5277868],[43.9859673,80.462845],[45.5484673,80.2696739],[45.9268686,80.0872779],[46.0756781,80.0480434],[46.9621577,79.8977694],[47.5680251,79.8491791],[48.2610523,79.8634063]]],[[[35.5994877,80.0509821],[35.8290795,80.0023831],[36.2712564,79.949098],[36.9770387,79.9357329],[37.4192156,79.9683722],[37.7189605,80.0152921],[37.9294196,80.0880098],[37.9783142,80.1238071],[37.9846918,80.1609296],[37.8826509,80.2304329],[37.5850319,80.3055376],[37.385202,80.3319923],[36.8749979,80.3662055],[36.3626679,80.363359],[35.7461713,80.3048216],[35.5250829,80.2455719],[35.4166645,80.1700072],[35.4357972,80.1256301],[35.5994877,80.0509821]]],[[[167.2735959,54.6320931],[167.8645823,54.3468545],[167.9995738,54.3047032],[168.166453,54.3003616],[168.3173884,54.3412781],[168.4109258,54.4069074],[168.4523799,54.4891052],[168.4162404,54.5840755],[168.2929411,54.6825121],[168.2164105,54.7758063],[167.9634343,54.9104572],[167.6764445,55.0330867],[167.4904326,55.0848324],[167.4096503,55.0878742],[167.2193867,55.0452682],[167.1449819,55.0099317],[167.0822693,54.9336696],[167.0812064,54.8523676],[167.1322268,54.7383917],[167.2735959,54.6320931]]],[[[167.0216826,54.7236617],[166.9866061,54.9067909],[166.9621588,54.9471022],[166.8473629,55.0501397],[166.6836724,55.1541275],[166.6390295,55.3486026],[166.5624989,55.4355349],[166.4934088,55.4801341],[166.3531027,55.5210727],[166.0087149,55.563772],[165.8758493,55.5577608],[165.5484683,55.4487994],[165.4687489,55.4035612],[165.4262319,55.3540415],[165.4070993,55.2414864],[165.5229581,55.084224],[165.8120738,54.9306161],[165.9428136,54.8088986],[166.1383918,54.678825],[166.5072268,54.5020687],[166.7134343,54.4804605],[166.8898799,54.5205809],[166.9504666,54.5588128],[167.0142421,54.6419359],[167.0216826,54.7236617]]],[[[143.0452795,56.3268154],[143.1866486,56.2329946],[143.2653051,56.2140846],[143.436436,56.2004873],[143.536351,56.219404],[143.7223629,56.3191531],[143.7574394,56.4286358],[143.6979156,56.5149401],[143.5682387,56.5881738],[143.3195142,56.6121636],[143.1568867,56.5688539],[143.0569717,56.4996897],[143.0208323,56.4039414],[143.0452795,56.3268154]]],[[[140.9473931,46.3624623],[140.9221645,46.2577032],[140.9414913,46.159277],[141.0153009,46.0832307],[141.1239187,46.0356665],[141.268787,46.0233336],[141.4110878,46.0619442],[141.5061297,46.1220124],[141.5532582,46.2006318],[141.5576114,46.2927779],[141.527146,46.3602383],[141.4302257,46.4406527],[141.3415607,46.4790257],[141.2302339,46.4930365],[141.1192843,46.4763214],[141.0165691,46.4312004],[140.9473931,46.3624623]]],[[[49.6772273,68.4786986],[50.0294257,68.5552789],[50.6116796,68.8648267],[50.8453482,69.0432902],[50.8715722,69.1092129],[50.8493273,69.1862649],[50.7699502,69.2705762],[50.6426911,69.3506571],[50.4244828,69.4365],[49.6173499,69.6646847],[49.3794735,69.6940207],[49.0955344,69.701996],[48.8218583,69.6887657],[48.4659423,69.6342054],[48.1244977,69.5207462],[47.9798452,69.454085],[47.8347854,69.3591239],[47.7710874,69.2902997],[47.6815984,69.127119],[47.6555859,68.9295263],[47.6862415,68.77177],[47.7912,68.6683758],[47.9440072,68.598017],[48.3043041,68.5221124],[49.0839655,68.4599695],[49.6772273,68.4786986]]],[[[79.0338344,74.349522],[79.5376551,74.3135468],[79.9909541,74.3501819],[80.2505115,74.4360057],[80.3505692,74.5295259],[80.3709887,74.5875684],[80.3037766,74.6615967],[80.1346511,74.7292172],[79.7091256,74.8164513],[79.4129264,74.8415682],[79.0969375,74.8339019],[78.8086939,74.7949698],[78.5791392,74.7183778],[78.4756208,74.6345737],[78.4618825,74.5878206],[78.4724463,74.5470284],[78.5696648,74.4695995],[78.7548037,74.4031435],[79.0338344,74.349522]]],[[[83.0403118,75.5717731],[82.9135407,75.6304805],[82.7349632,75.6734906],[83.0807051,75.7177066],[83.5075335,75.7257453],[83.8021635,75.767636],[84.0313294,75.8497692],[84.0822622,75.9016865],[84.0842432,75.958459],[83.9806594,76.0415323],[83.7380696,76.1082401],[82.8525977,76.1821433],[82.4556315,76.1843535],[82.0121679,76.1500119],[81.6418763,76.1543354],[81.2910374,76.1190755],[81.1241545,76.0804264],[80.9294135,76.0057302],[80.8690795,75.9623823],[80.8529504,75.9068218],[80.8891429,75.8606557],[80.8965794,75.8010891],[80.9826659,75.7413914],[81.1714916,75.6815301],[81.4461321,75.6378101],[81.2831738,75.6026993],[81.0384066,75.5185569],[80.7444464,75.503215],[80.4879977,75.4595561],[80.3192355,75.3944542],[80.2805644,75.3624187],[80.2631342,75.3180237],[80.3104584,75.2523704],[80.4681149,75.1858581],[80.7354219,75.1353598],[81.0005095,75.1167897],[81.4660534,74.9549435],[81.6533932,74.9082342],[82.0025038,74.8680448],[82.3823982,74.8763065],[82.7115664,74.9325296],[82.8915109,75.0204421],[82.9425236,75.1848255],[83.0569229,75.2395704],[83.1131901,75.3065019],[83.1088068,75.3633044],[83.0364658,75.4383162],[83.0840551,75.5036857],[83.0403118,75.5717731]]],[[[92.8983994,78.329295],[92.6974796,78.2512103],[92.6561128,78.201212],[92.6597047,78.1566141],[92.7314561,78.1029174],[92.9063879,78.0395835],[93.1746929,77.9869733],[93.4641002,77.9584401],[94.0003728,77.9552106],[94.4262629,78.0002392],[94.7134011,78.0854555],[94.8406084,78.2221762],[94.7909672,78.2881363],[94.6357985,78.3470016],[94.3915174,78.3920155],[94.0932787,78.4183084],[93.4370091,78.413592],[93.1121639,78.3755334],[92.8983994,78.329295]]],[[[89.4357038,76.793493],[89.7408765,76.8363686],[89.9351241,76.8909995],[90.4014225,76.8980769],[90.8311594,76.9567119],[91.0201182,77.019627],[91.0904508,77.08417],[91.4087624,77.1290951],[91.6252779,77.2035599],[91.6777932,77.2571149],[91.6739861,77.332691],[91.5580242,77.4134378],[92.0743141,77.3962368],[92.5016822,77.4312237],[92.8844622,77.5210236],[92.9868127,77.5779078],[93.0126449,77.6333223],[92.9657673,77.6881045],[92.8775893,77.7285648],[92.4432061,77.8236928],[91.9475247,77.8560764],[91.4643898,77.8356797],[91.136801,77.7813203],[90.9398891,77.7031542],[90.9080961,77.6590678],[90.9155072,77.618063],[90.969486,77.5571772],[91.0725353,77.5073376],[90.637435,77.5254661],[90.3094279,77.5093627],[90.049578,77.4733121],[89.5036488,77.5033188],[88.9484155,77.4733571],[88.6312584,77.4195357],[88.4606007,77.3652625],[88.3446853,77.2983426],[88.0130674,77.2292273],[87.8744872,77.1702275],[87.7976655,77.0861639],[87.8322882,77.0106615],[87.9271981,76.9524075],[88.1075468,76.8812944],[88.3129404,76.8325888],[88.8441962,76.7776921],[89.4357038,76.793493]]],[[[83.5105091,77.5410286],[83.1949877,77.6470942],[82.9188161,77.6960751],[82.4800974,77.7273683],[82.1230574,77.7287832],[81.8220506,77.7100302],[81.5330147,77.6627139],[81.3428718,77.5918155],[81.3063075,77.5592682],[81.2956229,77.5171156],[81.3149381,77.4719461],[81.3881645,77.4174288],[81.6896725,77.3295458],[82.0988602,77.2866281],[82.7588787,77.2681693],[83.2229031,77.3097976],[83.5003672,77.3885848],[83.5678788,77.442298],[83.5710702,77.4868989],[83.5105091,77.5410286]]],[[[76.0649049,79.3376517],[76.6829729,79.2867075],[77.8669621,79.2912204],[78.1831511,79.3229826],[78.4587646,79.3792071],[78.6155085,79.4407481],[78.6575095,79.4773225],[78.6660828,79.5107667],[78.6294359,79.5548666],[78.5665391,79.5863508],[78.2717864,79.6610385],[77.2775538,79.7989466],[76.4458744,79.8703106],[75.916855,79.8711154],[75.4512484,79.8307156],[75.1322293,79.76306],[75.040499,79.7215612],[74.98486,79.6642444],[75.0039641,79.6146641],[75.0643643,79.5751396],[75.295819,79.4900284],[75.5420739,79.4258107],[76.0649049,79.3376517]]],[[[79.3191859,80.5446088],[80.1817193,80.5646289],[80.7431169,80.6160017],[81.235574,80.7212587],[81.3664934,80.7800272],[81.4209019,80.8530749],[81.379691,80.8971896],[81.2415949,80.9497077],[80.8853572,81.0161096],[79.9816546,81.0918681],[79.4128158,81.1020046],[78.5683975,81.0573998],[78.1391611,81.0098726],[77.7257329,80.9161498],[77.619971,80.8598872],[77.5628288,80.7936951],[77.584306,80.7492318],[77.6945577,80.6867293],[78.0941049,80.6026135],[78.5706309,80.560509],[79.3191859,80.5446088]]],[[[115.3756021,74.1654213],[115.5497199,74.1186248],[115.7990537,74.0847429],[116.0773679,74.0763057],[116.3309955,74.0917962],[116.620984,74.1431067],[116.7951093,74.1947915],[116.903233,74.264072],[116.9274703,74.3300035],[116.8902579,74.3915046],[116.8106589,74.4462156],[116.5441923,74.527502],[116.1523157,74.5672538],[115.769321,74.5523757],[115.4614643,74.4882672],[115.2469295,74.3722551],[115.2149055,74.3135473],[115.2264692,74.2620711],[115.2797633,74.2119104],[115.3756021,74.1654213]]],[[[157.3035718,76.9217205],[157.1190375,76.8435878],[157.0885825,76.7985189],[157.1023678,76.754022],[157.1792176,76.7011974],[157.3305767,76.6484177],[157.7386015,76.5839366],[158.1436206,76.5739786],[158.5451754,76.6089994],[158.8273951,76.6801377],[158.9148351,76.7266091],[158.952282,76.7816387],[158.9060262,76.8487888],[158.7963676,76.8986012],[158.3716319,76.9721797],[157.7630345,76.9839459],[157.3035718,76.9217205]]],[[[155.6733655,77.1937304],[155.5933998,77.138679],[155.5628379,77.0945955],[155.5801653,77.0458098],[155.6378882,77.0031278],[155.8691193,76.9314423],[156.2263983,76.88739],[156.749733,76.8850661],[157.131122,76.9204668],[157.4029027,76.9876607],[157.4841488,77.0305428],[157.5225457,77.0855681],[157.4822667,77.1633522],[157.3553724,77.2238662],[157.1269143,77.2769212],[156.8173534,77.3085825],[156.4825651,77.3149026],[156.1570957,77.2954461],[155.8812737,77.25639],[155.6733655,77.1937304]]],[[[153.1827677,75.7109152],[153.1860441,75.7578098],[153.1323047,75.811922],[152.8911425,75.8924383],[153.2958473,75.9285154],[153.5566815,76.0000326],[153.6584709,76.073779],[153.6961929,76.1851035],[153.6667503,76.2403568],[153.5737252,76.2914843],[153.4238663,76.3344242],[153.0441118,76.3810921],[152.4438131,76.3742257],[152.0257971,76.3187295],[151.7572659,76.2107128],[151.7181967,76.1670888],[151.7220627,76.1162603],[151.7658106,76.0729068],[151.8481693,76.0329593],[152.2297678,75.9344714],[151.9359588,75.9065969],[151.7293807,75.8607081],[151.5854151,75.7960249],[151.543238,75.7284407],[151.6086075,75.6524055],[151.7880879,75.5870944],[152.0516892,75.5438047],[152.3232538,75.5289522],[152.6313387,75.5396766],[152.9114163,75.5806515],[153.1020862,75.6422623],[153.1827677,75.7109152]]],[[[147.6646225,76.7057479],[147.6169769,76.6476694],[147.6533377,76.5814645],[147.75715,76.5297496],[147.9499101,76.4804628],[148.3510614,76.4391547],[149.2473063,76.4319685],[149.6110395,76.4561804],[149.8970988,76.5140442],[150.2873893,76.6761263],[150.3436504,76.7188142],[150.3580401,76.7521382],[150.3390477,76.7965345],[150.2770398,76.8388405],[150.0685309,76.9043185],[149.7740279,76.9443073],[149.3938271,76.9547508],[148.3805211,76.8947191],[147.8853517,76.7939515],[147.6646225,76.7057479]]],[[[134.7973923,74.3368847],[134.7359971,74.2954718],[134.7097527,74.2402218],[134.7257961,74.1359772],[134.7967094,74.0692979],[134.929162,74.009429],[135.0718711,73.9725441],[135.1745273,73.9163411],[135.3777455,73.8562679],[135.4845685,73.7958095],[135.7540759,73.7182205],[136.1401675,73.6792968],[136.5324465,73.7035318],[136.721514,73.7441397],[136.8985426,73.8074357],[136.974186,73.8494233],[137.0155955,73.903931],[136.9818416,74.0131945],[136.9042738,74.076447],[136.6213277,74.201895],[136.0339002,74.3836092],[135.6490116,74.4329068],[135.360453,74.4395208],[135.0487702,74.4098081],[134.7973923,74.3368847]]],[[[-175.1797492,71.208999],[-175.0691993,71.2476671],[-174.9771888,71.306736],[-174.9469764,71.3493828],[-174.9401099,71.3941266],[-174.9971015,71.4728339],[-175.1419837,71.5396998],[-175.4770667,71.603516],[-175.8025367,71.6277708],[-176.0332496,71.6061162],[-176.2158973,71.5570859],[-176.332627,71.4863566],[-176.3635261,71.406829],[-176.2976081,71.3247734],[-176.204911,71.2767832],[-176.0881812,71.2299998],[-175.8032233,71.1671511],[-175.466767,71.1633826],[-175.1797492,71.208999]]],[[[-179.9999999,62.5525715],[-179.9547766,62.6156991],[-179.9333044,62.6861562],[-179.9447993,62.7659165],[-179.9999999,62.8766166],[-179.9999999,62.5525715]]],[[[19.4041608,54.6039051],[19.646937,54.453393],[20.63107,54.366311],[21.446112,54.318215],[22.650006,54.354166],[22.7920004,54.3633232],[22.7360342,54.4428947],[22.7014445,54.4537241],[22.6804159,54.5331354],[22.7123451,54.563727],[22.6842784,54.5872836],[22.7494239,54.6316733],[22.7568912,54.6533038],[22.7242755,54.6867824],[22.7487372,54.7064744],[22.7430296,54.7311379],[22.8434944,54.7665577],[22.8870105,54.8138925],[22.8586004,54.8387626],[22.8696727,54.8524518],[22.8397178,54.8645064],[22.8550815,54.8878148],[22.8361987,54.9040043],[22.7532863,54.918806],[22.7650451,54.9368074],[22.6780128,54.9877103],[22.6593875,54.9821452],[22.6641082,54.9647553],[22.6421356,54.9715052],[22.596302,55.0256853],[22.5891351,55.0704927],[22.4765371,55.0446709],[22.2918992,55.0648976],[22.1621232,55.0556562],[22.078216,55.0246237],[22.0356752,55.0439057],[22.0326208,55.0842008],[21.9128322,55.0818065],[21.723308,55.1330951],[21.648169,55.1811176],[21.5689969,55.1982531],[21.5018439,55.1868428],[21.3835652,55.2945815],[21.2712049,55.245173],[21.104049,55.2564255],[20.9539866,55.2808008],[20.6563554,55.3841824],[20.4019533,55.1802408],[19.8886868,55.1545511],[19.7321316,55.1027306],[19.6051011,54.9785996],[19.5831285,54.9089889],[19.6181474,54.8248221],[19.6092211,54.7848507],[19.5779787,54.737903],[19.4041608,54.6039051]]],[[[179.9999992,70.7166019],[179.9999983,71.7490753],[179.6614831,71.7048772],[179.1464989,71.5816168],[178.7248986,71.417335],[178.4426873,71.3531154],[178.0670922,71.1560652],[178.0286401,71.1174373],[178.0142205,71.0678198],[178.0279534,70.9789526],[178.094558,70.8919316],[178.1591027,70.8471511],[178.181762,70.8144585],[178.1845086,70.7609074],[178.226394,70.7106152],[178.3712762,70.6410861],[178.6548608,70.5907209],[178.9521783,70.5932307],[179.3023675,70.657695],[179.6374505,70.6590595],[179.9999992,70.7166019]]],[[[179.997872,64.7464787],[179.999999,69.2895101],[179.7706597,69.3827309],[179.1931908,69.5441189],[178.669967,69.639654],[178.224334,69.6549381],[177.6537316,69.7817998],[177.1572869,69.82305],[176.7761987,69.9027134],[176.5248864,70.0194144],[176.2708276,70.0679258],[175.7421105,70.077287],[175.1200097,70.0402859],[174.6833031,70.0402859],[174.1875451,70.1034758],[172.8286736,70.1813785],[172.4688714,70.155055],[172.1186822,70.1753247],[171.5933984,70.2439076],[170.9019463,70.2863376],[170.6382745,70.3224384],[170.3533166,70.3152696],[170.1164239,70.2823997],[169.9049371,70.2013898],[169.8445123,70.1261304],[169.5382684,70.1046441],[168.9594262,70.1650758],[168.7953179,70.2076684],[168.5295861,70.2320672],[167.9294579,70.1818441],[167.6939385,70.1249633],[167.526397,70.0601997],[167.3464959,69.9639686],[167.2345727,69.8694192],[166.8383782,69.7078697],[166.3268273,69.7035828],[165.9251397,69.7654196],[165.289306,69.7901038],[164.8114007,69.7656571],[164.4701379,69.9086111],[164.0684502,69.9531442],[163.7752526,69.9364259],[163.5678857,69.8857187],[163.1936639,69.9012977],[162.8153222,69.854053],[162.395089,69.8769756],[161.193159,69.8887299],[160.6532276,69.9228594],[160.5368764,70.0980926],[160.6592209,70.1879142],[160.6844744,70.2354182],[160.6827971,70.2764269],[160.5704523,70.4625251],[160.4259973,70.6032156],[160.8093965,70.5989544],[161.0737058,70.6311581],[161.1804735,70.5439421],[161.4095283,70.4801678],[161.6347769,70.4609227],[161.9263666,70.4743794],[162.1487619,70.4326822],[162.4072287,70.4209265],[162.7053457,70.4435427],[162.8992788,70.4864056],[163.0695485,70.5734839],[163.100671,70.6169026],[163.1019936,70.661535],[163.0451133,70.7284076],[162.9047765,70.7909108],[162.6693398,70.8341847],[162.2733624,70.8503298],[162.1250875,70.9799464],[161.9457404,71.0614696],[161.7550542,71.108604],[161.5345952,71.1282748],[161.1947653,71.1105972],[160.9667762,71.057077],[160.6299222,71.1068879],[160.2139617,71.0978348],[160.0565824,71.0671406],[159.9208638,71.0170221],[159.8524591,70.9659517],[159.8234195,70.8935338],[159.3074641,71.0298126],[158.6723606,71.1433351],[157.905671,71.2231905],[156.9120461,71.2757183],[155.7229078,71.2627241],[154.4024789,71.1704418],[153.5764968,71.0649466],[152.7948516,71.0279131],[152.3645447,71.3168821],[151.6831935,71.6765523],[151.4423244,71.7412847],[150.8306339,71.8162479],[150.6923769,71.9921112],[150.4995309,72.1184459],[150.2616463,72.2138921],[149.8230917,72.3384748],[149.2895406,72.4277366],[148.5291154,72.5141789],[147.2666285,72.5158947],[146.1637484,72.6812502],[144.3801907,72.8383479],[144.3190387,73.2177896],[144.3028069,73.4463855],[144.2560469,73.5004835],[144.0293375,73.6425162],[143.7624766,73.7498663],[143.13109,73.9487433],[141.8354399,74.1951393],[141.8013296,74.2605177],[142.954528,74.6225195],[144.1642446,74.7086729],[144.4192849,74.7477452],[145.32772,75.0240885],[145.5140326,75.1032334],[145.8042895,75.0179537],[146.3234827,74.9309773],[146.6804235,74.8448319],[147.1877062,74.7846833],[147.5799427,74.6534157],[147.9342045,74.5925122],[148.9322699,74.5297941],[149.6004438,74.5287535],[150.0417262,74.5522015],[150.4181768,74.6330773],[151.0611551,74.6974655],[151.3273047,74.7763979],[151.386979,74.8194453],[151.4653941,74.9448159],[151.6943161,75.0575523],[151.7423236,75.1266842],[151.7136847,75.1831521],[151.644248,75.2274031],[151.3838399,75.3016214],[149.6049171,75.4540824],[148.6511577,75.5891073],[147.9890437,75.6179452],[147.1399832,75.7160317],[146.7395152,75.7813256],[146.2499293,75.779093],[145.8223744,75.7110993],[145.1427239,75.8573092],[144.8128106,75.8939173],[144.5194389,75.9631193],[144.1007327,76.0205188],[143.5557549,76.0516785],[143.1024937,76.0262959],[142.3237481,76.2627699],[141.8065383,76.3470235],[140.5000848,76.5001062],[140.1657198,76.4979023],[138.9480992,76.3992445],[138.5816226,76.3912568],[138.1338919,76.3391866],[137.7473488,76.2752503],[136.9474278,76.0969265],[136.7103511,76.0041315],[136.6406574,75.9490401],[136.6203543,75.8971398],[136.568054,75.8719818],[136.510809,75.9360582],[136.4331399,75.9764895],[136.0957048,76.0507208],[135.638295,76.0699407],[135.2081991,76.0262452],[135.0036053,75.9663346],[134.873875,75.8728125],[134.864231,75.8394059],[134.8791082,75.803618],[134.8003585,75.6828006],[134.8365548,75.580506],[134.8205844,75.5474],[134.7330049,75.4966772],[134.705528,75.4525998],[134.732802,75.3598578],[134.7878843,75.3058054],[134.9846426,75.2284134],[135.3311676,75.1770361],[135.8209896,75.1666287],[136.2164692,75.1965442],[136.7074844,74.9489528],[137.202134,74.8283837],[137.3170841,74.7476816],[137.5885907,74.6317832],[137.8517477,74.5769024],[138.3517082,74.5345272],[138.663945,74.4672429],[139.4504782,74.1362043],[139.4516992,74.0591372],[139.5129386,73.9825407],[139.1596775,73.5014775],[139.0970089,73.4521356],[139.0871034,73.3787125],[139.2169784,73.2707016],[139.326027,73.2205637],[139.4818733,73.1797819],[139.9242524,72.9007607],[139.5154748,72.7505955],[139.186795,72.6593304],[138.7171971,72.4654022],[138.5835121,72.3810513],[138.2950251,72.1246964],[138.0592917,72.0641489],[137.834129,71.9663227],[137.2651401,71.8121008],[136.1445291,71.8538127],[135.5360567,71.8352115],[134.7330309,71.7347142],[134.5730322,71.6900761],[134.2954474,71.5754795],[133.9713498,71.6174431],[133.7429625,71.6829584],[133.9399231,71.7717009],[133.9802774,71.821209],[133.9824661,71.88057],[133.9406714,71.944437],[133.88685,71.9858335],[133.5986061,72.1095603],[133.3553684,72.1541162],[133.0946912,72.168498],[132.5896543,72.1401169],[132.3761677,72.1097604],[132.0681347,72.0070902],[131.73042,71.7734875],[131.5678886,71.5999966],[131.426831,71.3549773],[131.3641462,71.2974379],[130.8137767,71.1920534],[130.7463147,71.2023159],[130.6643253,71.4934657],[130.6876624,71.5491593],[130.6594595,71.6074363],[130.506866,71.7138598],[130.2427634,71.7913974],[130.285091,72.2267763],[130.3290825,72.3691491],[130.2596654,72.8858732],[130.2751599,72.937786],[130.2279269,73.0467149],[130.0783366,73.1416965],[128.5955174,73.623282],[128.0026882,73.7082731],[126.3166668,73.8626691],[125.3546641,74.067619],[124.965169,74.1231415],[124.686127,74.1366338],[124.322687,74.1191482],[123.3556016,74.1882897],[123.0705529,74.186083],[122.8384094,74.1608806],[122.6344672,74.1150953],[122.5109468,74.0626618],[122.4311671,73.9924217],[122.3885073,73.8835303],[122.3922732,73.8338325],[122.4532414,73.7701849],[122.5713561,73.7165645],[122.4971491,73.6223931],[122.4599805,73.5089403],[122.4952258,73.4103849],[122.5758225,73.3121143],[121.7787285,73.2491654],[121.414047,73.161096],[121.1148847,73.1379475],[121.0182609,73.2257574],[120.8580153,73.2883023],[120.6122827,73.3358285],[120.0374913,73.3875413],[119.5189638,73.6294988],[119.2249224,73.699401],[118.9026295,73.7494876],[117.5580702,73.7787393],[116.8128367,73.8613377],[116.3620326,73.8664636],[115.5931989,73.91304],[114.9752141,73.879473],[114.5432494,73.7894744],[114.0294759,73.7873136],[113.9364203,73.8458147],[113.8287826,73.9512772],[113.6043475,74.0310066],[113.8104295,74.0908095],[114.1585109,74.2817222],[114.2150688,74.3373065],[114.2254143,74.4211847],[114.1098328,74.5287868],[113.7139761,74.7337745],[113.5673675,74.89104],[114.180338,75.108791],[114.423866,75.2435923],[114.5448124,75.4144788],[114.5393803,75.4844245],[114.4879863,75.5510399],[114.5706809,75.6446499],[114.6823046,75.724617],[114.7392382,75.8425314],[114.7324672,75.9138908],[114.6892344,75.9653675],[114.3635772,76.1392462],[114.3259455,76.309338],[114.3466887,76.3623531],[114.3035404,76.4260448],[114.2395753,76.470939],[114.090631,76.5302486],[113.8085224,76.5981368],[113.4104931,76.6554635],[113.2546129,76.7244196],[112.9365528,76.7952502],[111.9426479,76.8826613],[111.5492341,76.9527127],[110.797733,76.98786],[109.6947272,76.9564575],[108.9908917,77.095564],[108.610696,77.3879199],[108.4789783,77.4478206],[108.4325911,77.9447139],[108.6307419,78.0170683],[108.721854,78.0853875],[108.746689,78.127123],[108.7107068,78.1980034],[108.5814138,78.2604789],[107.2877756,78.5267903],[106.4333635,78.6478512],[106.3934408,78.7616227],[106.2787433,78.8495431],[105.8707876,78.9940626],[104.9202412,79.2553356],[103.71219,79.5118233],[101.2872239,79.8065399],[100.8265036,80.0133059],[100.1317695,80.1877525],[98.7196276,80.2958648],[98.7109941,80.3069946],[99.3530507,80.6130609],[99.4045178,80.6568641],[99.4030781,80.6903416],[99.3072686,80.7857488],[99.1894308,80.8381519],[97.8877308,81.0976606],[97.3090373,81.2897234],[97.0401341,81.3569226],[96.4881692,81.4420305],[95.8048666,81.4767476],[94.6908462,81.4418316],[94.1993402,81.3883075],[92.6189851,81.2892631],[92.1231261,81.3672207],[91.5220013,81.4128581],[90.9819815,81.4243063],[90.2933106,81.4071611],[89.5740042,81.3660248],[89.1658311,81.318469],[88.9007695,81.2477087],[88.8130122,81.1924651],[88.79951,81.1590518],[88.8445136,81.0797699],[88.9596176,81.01802],[89.1651886,80.9601296],[89.4120697,80.9202747],[90.5004082,80.8344895],[91.527647,80.8432922],[90.3508728,80.4550322],[90.3112852,80.410923],[90.3071162,80.3022094],[89.9144652,80.1400942],[89.8324528,80.0822741],[89.8375433,80.0376844],[90.0429399,79.7856802],[89.4911996,79.6077713],[89.4516952,79.5705863],[89.4499833,79.5371071],[89.5379021,79.4723339],[89.8702954,79.3937064],[90.5617264,79.3193208],[91.4234242,79.0118754],[91.7642942,78.9461585],[92.1300048,78.9038002],[92.7428051,78.8633389],[94.6504616,78.8418552],[96.5721064,78.7113556],[96.8691146,78.6499913],[96.9673833,78.3138341],[97.0031182,78.2709184],[97.0786698,78.2290538],[98.3956671,77.9375859],[95.9824389,77.3469822],[95.5500688,77.2588497],[94.9970655,77.1918949],[94.6177775,77.1054103],[93.347792,76.7511697],[93.1909128,76.6808993],[91.6760285,76.259337],[91.0226159,76.2245028],[88.961203,75.8951518],[87.9606621,75.9024352],[87.6117006,75.8775727],[87.3706113,75.8269055],[87.2204619,75.7547247],[85.5956253,75.426959],[85.4547779,75.3840406],[84.6229568,75.0105298],[83.5787798,74.7647174],[83.5069899,74.7243014],[83.4661114,74.6741643],[83.4923258,74.5615744],[82.0537309,74.2860291],[81.8637689,74.2280381],[81.7550058,74.1741466],[80.2063298,73.7596707],[77.0589373,73.6068917],[76.3094975,73.7125353],[75.7467021,73.7205365],[75.452675,73.7045642],[75.1656328,73.6625927],[74.9628565,73.604418],[74.7569273,73.5089102],[74.6853708,73.4364144],[74.3864555,73.3089212],[73.895875,73.2628132],[72.2099744,73.338064],[71.7638291,73.5505418],[71.3887945,73.6310545],[71.0244988,73.6709971],[70.6961398,73.6739031],[70.0933359,73.6286914],[69.5483718,73.5316209],[69.3702147,73.4588203],[68.7447662,73.0050559],[68.6152583,72.8633907],[68.4566454,72.7990373],[68.3649135,72.7369439],[68.3222058,72.684518],[68.2899216,72.5790981],[68.1947331,72.4560977],[68.1007592,72.214544],[68.0249387,72.0881262],[67.9062646,71.9030541],[67.8058693,71.8227394],[67.6131276,71.7100583],[67.3245682,71.6108166],[67.0634278,71.5356959],[66.8190371,71.5022965],[66.4100228,71.3922577],[66.3211596,71.3318365],[66.269926,71.2440632],[66.1466468,71.1645563],[65.9588914,70.9898602],[65.8529631,70.8506314],[65.815625,70.7038698],[65.8426856,70.5891772],[65.9375461,70.4783615],[66.0801357,70.3794979],[66.3218236,70.2865309],[66.3876011,70.1105958],[64.9657034,69.5640078],[64.4596038,69.6963483],[63.3035266,69.8717104],[62.8056541,69.9157734],[62.0128372,69.9460323],[61.3779947,70.0531733],[60.6789233,70.1217127],[60.465656,70.2305022],[60.0754424,70.3340147],[59.8788324,70.452475],[59.4439912,70.6204305],[58.0659302,70.8527612],[57.806072,70.9553216],[57.448371,71.0162464],[56.7550124,71.2927397],[56.6950218,71.3315537],[56.62147,71.4151151],[56.3113094,71.6559601],[56.1860008,71.8301635],[56.1850947,71.8670857],[56.1495258,71.927386],[56.1059844,71.9677827],[56.107318,72.0267732],[56.223918,72.1518655],[56.2122195,72.2347575],[56.2554588,72.3829674],[56.8394829,72.7626909],[57.3306276,73.1332021],[57.710668,73.2799692],[58.1980216,73.4980954],[58.8871626,73.8892776],[59.3074282,74.0839443],[60.100467,74.2657606],[60.4948799,74.4907265],[60.8947544,74.6238053],[61.6194425,74.9188873],[62.102228,75.087227],[62.6451474,75.2385679],[62.9645898,75.3043227],[63.3329138,75.3637391],[64.080911,75.4110034],[64.6309321,75.5353714],[65.5526743,75.6235418],[66.0250756,75.7231209],[66.5033317,75.7899741],[66.8326167,75.8138281],[67.7065114,75.9333074],[68.3589887,76.0496476],[68.6653937,76.0687681],[68.8974433,76.1077205],[69.0391591,76.1518477],[69.7771584,76.4792977],[69.9562975,76.7007946],[69.9373659,76.7451908],[69.8315946,76.8476732],[69.6066244,76.9629457],[69.3560769,77.0584154],[69.0410962,77.1290183],[68.0060027,77.2348112],[67.5070066,77.2348112],[67.1914352,77.205083],[66.5362451,77.1019636],[65.4414666,76.8852443],[65.2170759,76.81957],[65.0798199,76.7556602],[64.8611295,76.7017396],[63.7510721,76.5925351],[63.3058868,76.5068013],[62.7001324,76.4637788],[61.6653062,76.498136],[60.7877394,76.4758086],[59.7544369,76.3375161],[58.7602515,76.2498923],[58.4289796,76.18635],[58.2795778,76.1336797],[58.059531,75.9881598],[57.9103659,75.9235081],[56.0462688,75.4107652],[55.4598504,75.3323643],[55.1419994,75.2302848],[55.0483283,75.170215],[54.9760384,75.062932],[54.9879506,75.0184231],[55.0676687,74.9414964],[55.044567,74.8176701],[54.8716526,74.6594125],[54.8325932,74.5923589],[54.6367555,74.4439268],[54.4383108,74.3370769],[54.3641343,74.2572476],[53.7856621,74.0509476],[53.2349893,73.9449288],[53.0524508,73.8721183],[52.9680505,73.7776382],[52.9822381,73.6953572],[53.0835327,73.6230263],[53.2967356,73.5584229],[53.3044799,73.4866827],[52.7217328,73.2886496],[51.9093221,72.8843057],[51.7700613,72.7825242],[51.2380064,72.2459233],[51.049895,72.1823076],[50.9523199,72.1256111],[50.7992001,71.8617657],[50.8011987,71.7867108],[50.8252467,71.7313208],[50.9490195,71.5815883],[50.9793326,71.5151112],[51.0898651,71.4297313],[52.5709826,70.8163419],[53.060644,70.6590946],[53.5891537,70.5272437],[54.4093028,70.459048],[55.1480473,70.2970133],[56.4967968,70.2445765],[56.9971207,70.2557643],[57.898134,70.0713411],[58.141479,69.9292862],[58.6604071,69.7163476],[59.2015431,69.5540487],[59.6609352,69.4704484],[59.7262093,69.4053141],[60.0809994,69.1920915],[60.0841733,69.1235024],[60.1233369,69.0638036],[60.1998308,69.006674],[60.3113948,68.9578939],[60.2303563,68.8988219],[60.0731949,68.9610708],[60.0816595,69.0214594],[60.0304338,69.0939096],[59.8632496,69.1966383],[59.8161071,69.2905036],[59.6708893,69.3809785],[59.4663604,69.44543],[59.2361889,69.4907314],[59.1017054,69.5423644],[59.0045288,69.6031268],[58.8651155,69.6473293],[58.6460539,69.6772613],[58.3913938,69.6775617],[58.1827319,69.6495852],[58.0198086,69.5953438],[57.9383123,69.5349352],[57.905525,69.4485291],[57.9378302,69.393965],[58.0115122,69.3446567],[58.3424992,69.1963261],[58.5186242,69.1376191],[57.6148834,68.9657615],[57.2190206,68.9291709],[56.6820908,69.0067888],[55.9339551,69.054943],[55.5529351,69.1267841],[54.6839056,69.1890425],[54.1840788,69.184157],[53.792288,69.1588568],[53.1269458,69.0628515],[51.7481371,68.7071685],[51.5823378,68.6863836],[51.0840122,68.6850335],[50.7633572,68.6396083],[50.5094149,68.5609457],[50.2584263,68.4356577],[49.9397091,68.3214151],[49.4939379,68.1757304],[49.0189212,68.0514391],[48.8367318,68.0984131],[48.5920373,68.1135864],[47.1118376,68.0331377],[47.0790147,68.0583622],[47.0939251,68.1034117],[47.081538,68.1478196],[46.8474135,68.4288111],[46.7009715,68.5006503],[46.3534864,68.5926987],[45.735965,68.7029297],[45.3716537,68.7356273],[44.7753008,68.7520521],[44.1878386,68.7357077],[43.8207099,68.8254263],[43.4915959,68.8676448],[43.1060785,68.8536626],[39.7596078,68.3746663],[39.7389611,68.378121],[39.7975089,68.4561294],[39.7785545,68.5228708],[39.7006617,68.5832745],[39.5721012,68.6307945],[39.3474693,68.6650209],[39.1329296,68.6628201],[38.9384064,68.6307945],[38.7647324,68.5698726],[38.12673,68.8502088],[36.7431749,69.2275656],[36.0800915,69.3795454],[34.6555971,69.5162175],[34.271609,69.5812936],[33.4381369,69.902372],[32.3421199,70.1203006],[31.9090754,70.1530681],[31.4452031,70.0999042],[31.1043542,69.9783141],[30.8176414,69.7948444],[30.8905984,69.7372657],[30.8736595,69.7149353],[30.9444402,69.6831845],[30.9233762,69.6697835],[30.9542528,69.6324096],[30.9388793,69.5609987],[30.8167646,69.5287393],[30.5159812,69.5404206],[30.2240291,69.6531205],[30.1516722,69.6693762],[30.0852915,69.6580972],[30.0912854,69.6428379],[30.137826,69.6435197],[30.1855994,69.5505719],[30.1223803,69.5166756],[30.1168881,69.4692538],[30.0345285,69.4246791],[29.9481468,69.4050014],[29.8504972,69.4228126],[29.7226467,69.3890938],[29.5704517,69.3178794],[29.3965182,69.3236938],[29.2923407,69.2979319],[29.276971,69.250761],[29.3139861,69.2312317],[29.2864934,69.1692013],[29.2487203,69.1615253],[29.2310095,69.1216852],[29.242137,69.1130186],[29.0566538,69.0152255],[28.9292868,69.0519146],[28.4157884,68.9154506],[28.4680152,68.8854349],[28.8007884,68.8692833],[28.7064097,68.7322371],[28.4339319,68.539671],[28.6461512,68.1963033],[29.3270886,68.0745422],[29.6594055,67.8029589],[30.017043,67.6735527],[29.9302245,67.5225238],[29.6160519,67.345731],[29.6440601,67.3357821],[29.5225573,67.3098971],[29.5044673,67.2855845],[29.5164949,67.2806526],[29.0728518,66.995901],[29.0331725,66.9255118],[29.0605147,66.8531003],[29.1189692,66.8014769],[29.1058565,66.7904471],[29.1494135,66.7804339],[29.3611293,66.6388082],[29.3825949,66.5984441],[29.4190358,66.5919864],[29.4106071,66.5831721],[29.4720555,66.5439006],[29.6313606,66.366276],[29.6963998,66.2687473],[29.9233057,66.1271457],[29.9926245,66.0223595],[29.9971176,65.978834],[30.0242232,65.9667021],[30.068452,65.8949649],[30.1193759,65.7522112],[30.1384654,65.668677],[30.0171088,65.6964778],[29.7218687,65.6370846],[29.8639021,65.5604438],[29.7330481,65.4725004],[29.7273933,65.4003301],[29.7465796,65.347402],[29.6017879,65.2599327],[29.6340018,65.2315851],[29.8856591,65.2062953],[29.8935882,65.1929709],[29.8193328,65.1442782],[29.8968589,65.1051397],[29.7326676,65.0912944],[29.6269757,65.0605969],[29.5993331,64.9950558],[29.6191848,64.959659],[29.6109949,64.9273109],[29.6449074,64.866493],[29.699703,64.8372234],[29.6875026,64.8188089],[29.7396283,64.7897836],[30.0429299,64.7928807],[30.0865096,64.7739882],[30.0413965,64.7411934],[30.1358375,64.6489996],[30.130109,64.6347287],[29.9894001,64.5876222],[29.9869571,64.5338969],[30.0583381,64.4508873],[30.0448663,64.4020287],[30.1099241,64.3650286],[30.3669331,64.2996872],[30.3608053,64.2813189],[30.3882735,64.2690683],[30.4824363,64.2623259],[30.5095961,64.2216872],[30.4663645,64.2044309],[30.5534022,64.1322472],[30.5535576,64.1016869],[30.4918692,64.0169518],[30.3209136,63.9095321],[30.2604128,63.8220093],[29.9723741,63.756915],[30.2441514,63.6072718],[30.2582144,63.583947],[30.3845366,63.5455091],[30.4840079,63.4667034],[30.7876915,63.4052755],[30.8501493,63.3684509],[30.9344216,63.3554973],[30.9791661,63.3077728],[31.2398348,63.2188742],[31.272127,63.1076281],[31.4629834,63.0242467],[31.4487659,63.0060555],[31.5021396,62.9962512],[31.5867034,62.9087069],[31.4556435,62.7967738],[31.4666672,62.7839435],[31.4392079,62.7848827],[31.3732932,62.6498138],[31.3458464,62.643417],[31.2216185,62.4985739],[31.1848934,62.4937774],[31.1627521,62.4460646],[30.9427308,62.3332136],[30.9620759,62.3277186],[30.9432093,62.3058478],[30.9041949,62.3105395],[30.8108128,62.270669],[30.7203022,62.2088761],[30.6570498,62.2089034],[30.6028595,62.1417717],[30.4437591,62.0325522],[30.3059066,61.9644579],[30.3007408,61.9349718],[30.0712964,61.818917],[30.0381026,61.7653976],[29.818678,61.6551729],[29.7405369,61.5757553],[29.6072893,61.5003937],[29.4962467,61.4918994],[29.5031004,61.4612774],[29.3222493,61.3475232],[29.2448283,61.2706905],[28.9568572,61.1515503],[28.8191018,61.1215767],[28.8043007,61.0933933],[28.7138466,61.0444634],[28.655001,60.9494998],[28.5246058,60.9571051],[27.8734253,60.6045523],[27.8385156,60.578471],[27.8474973,60.5613803],[27.774414,60.5335769],[27.7479524,60.4511705],[27.6869201,60.4335706],[27.7257745,60.3916766],[27.4564042,60.223385],[27.0685955,60.1421886],[26.9079194,60.1368901],[26.6665643,60.0007031],[26.6603844,59.9811283],[26.4376813,59.9392297],[26.6267388,59.8230774],[26.8169396,59.662539],[27.0531457,59.6191586],[27.3868554,59.6517859],[28.0408,59.4746891],[28.2086889,59.3828498],[28.1297495,59.2910006],[28.0262542,59.2874186],[27.9032361,59.2408426],[27.8896943,59.1852104],[27.8060331,59.1257035],[27.7920599,59.0703805],[27.7449051,59.0269727],[27.7469601,58.9894706],[27.7289897,58.9712985],[27.3422214,58.8932972],[27.5550829,58.3685975],[27.4864183,58.3066037],[27.4905382,58.2191956],[27.6354214,58.10038],[27.6055523,58.0542688],[27.6206585,58.0055514],[27.6537893,57.9958181],[27.6493262,58.0201917],[27.6987646,57.9986382],[27.6845167,57.9600461],[27.6560209,57.955037],[27.6790236,57.923965],[27.7181624,57.9204096],[27.6955029,57.9073702],[27.8197859,57.890585],[27.8158378,57.8623794],[27.7761837,57.8330551],[27.7408218,57.8277539],[27.7081203,57.848451],[27.5555133,57.8338774],[27.530708,57.790808],[27.4946591,57.7876969],[27.5265881,57.7578538],[27.5113105,57.7507096],[27.5456428,57.7333016],[27.5262448,57.7307356],[27.5256442,57.7093748],[27.500925,57.706486],[27.4927711,57.7230361],[27.4113177,57.7003408],[27.3761272,57.6681763],[27.4009322,57.6329508],[27.3887014,57.6160607],[27.4051379,57.6124059],[27.3174916,57.5800341],[27.3515884,57.5182161],[27.3747745,57.5354148],[27.4150519,57.5226559],[27.5565377,57.5378439],[27.5463272,57.5192773],[27.5673392,57.5092177],[27.5161921,57.4249263],[27.6694264,57.3952715],[27.6841181,57.3721178],[27.7790722,57.3434011],[27.781842,57.3203282],[27.82394,57.3230627],[27.8665879,57.2963924],[27.8702622,57.2482655],[27.8256765,57.2004927],[27.8182775,57.1433435],[27.737531,57.1189964],[27.7518744,57.0982907],[27.7152118,57.0976375],[27.7687745,57.085618],[27.7146504,57.007379],[27.7695654,57.0052405],[27.7371561,56.920078],[27.6863346,56.9158951],[27.6720469,56.895622],[27.6593808,56.8343402],[27.848567,56.8794211],[27.8740298,56.8774814],[27.9016674,56.8205634],[27.9690721,56.8356388],[27.9765795,56.8116912],[27.9441191,56.8027669],[27.9444646,56.7764996],[27.898509,56.7522768],[28.0125413,56.6725205],[28.0114081,56.6366601],[28.0431072,56.5904029],[28.1435272,56.571831],[28.1410981,56.5517151],[28.0924414,56.529698],[28.0947478,56.5111392],[28.1259158,56.515965],[28.1293973,56.4906769],[28.1926229,56.4487827],[28.1946065,56.405337],[28.1632085,56.3794625],[28.2414937,56.2786583],[28.1854063,56.2302791],[28.2040058,56.2145896],[28.1503699,56.1700195],[28.1575291,56.1436676],[28.251636,56.119365],[28.2438772,56.0857702],[28.2743517,56.0947208],[28.3222184,56.0587298],[28.3754291,56.0598964],[28.3928005,56.078526],[28.3705145,56.0977027],[28.3796677,56.1110346],[28.422805,56.0979704],[28.4260163,56.0938294],[28.4192576,56.0905437],[28.4188411,56.0862286],[28.5490386,56.1159841],[28.6830666,56.1041336],[28.6361922,56.0746217],[28.6998824,56.0265037],[28.7340969,55.9668229],[28.8090622,55.9721337],[28.847449,55.9539268],[28.8580373,55.9885428],[29.0873272,56.0338828],[29.1126608,56.0154735],[29.1552145,56.0267057],[29.2165471,55.9878943],[29.2581456,55.9968544],[29.4218476,55.9703198],[29.4495134,55.9574097],[29.4221978,55.9454551],[29.4800664,55.9172528],[29.3949793,55.9019479],[29.4265535,55.8724199],[29.4040506,55.8726338],[29.3895156,55.8205639],[29.3594916,55.7976843],[29.3613684,55.757811],[29.4891034,55.7054306],[29.5785519,55.7342911],[29.5844041,55.7590881],[29.6227671,55.7803018],[29.7451495,55.8024399],[29.7676093,55.779515],[29.8066388,55.783324],[29.8949512,55.8625924],[29.9418337,55.8514874],[29.9964211,55.8704573],[30.1301578,55.8322907],[30.1655625,55.8501384],[30.1666632,55.8787089],[30.1797749,55.8619069],[30.2758235,55.8635264],[30.2879556,55.8310271],[30.3397934,55.8352241],[30.3669992,55.8090182],[30.4843456,55.8132817],[30.5191639,55.7942395],[30.4935474,55.7826474],[30.5273367,55.7521394],[30.6292129,55.7301498],[30.6512828,55.6969726],[30.6414025,55.6755755],[30.6724045,55.6732668],[30.65752,55.6586554],[30.6761845,55.6583381],[30.6746156,55.6359036],[30.7316239,55.6623008],[30.7654865,55.5908351],[30.8318348,55.5988909],[30.8556611,55.6210041],[30.8384005,55.6286308],[30.9132136,55.6122789],[30.9325862,55.6237656],[30.9572413,55.5414126],[30.9128351,55.527725],[30.960873,55.498213],[30.8914872,55.4756843],[30.9368149,55.3992683],[30.8075816,55.3079483],[30.8246048,55.3033672],[30.8210496,55.2792462],[30.8855551,55.2739238],[30.8783087,55.2597652],[30.9067945,55.2534416],[30.9231558,55.2009684],[30.9924206,55.1630691],[30.9725952,55.144684],[31.0267635,55.1364071],[30.9966571,55.136368],[30.9892841,55.1202741],[31.0037865,55.11547],[30.9836729,55.0914652],[31.0278862,55.0622783],[31.0162722,55.0295657],[30.9375128,55.0365901],[30.9086647,55.0184981],[30.9649216,54.9845752],[30.9356197,54.9754573],[30.9435975,54.9587047],[30.8176205,54.9370504],[30.8371691,54.9057321],[30.8124549,54.8922916],[30.8240019,54.8798541],[30.7829637,54.8693733],[30.748205,54.8051672],[30.8436792,54.7872631],[30.9775223,54.712604],[31.0109241,54.7177095],[31.0221421,54.7026583],[30.9833067,54.6900958],[30.9884514,54.6723368],[31.197739,54.659126],[31.2039053,54.6197373],[31.0856102,54.508534],[31.2354147,54.4651646],[31.2362624,54.4355049],[31.2707233,54.4000261],[31.2527534,54.3799759],[31.2993607,54.368179],[31.3241876,54.3393084],[31.2854678,54.3195816],[31.3230924,54.3116123],[31.316063,54.245383],[31.37773,54.249898],[31.387969,54.222111],[31.412729,54.226733],[31.38135,54.210428],[31.435688,54.207578],[31.495297,54.183424],[31.492944,54.160992],[31.563878,54.136884],[31.65545,54.141801],[31.676606,54.103738],[31.774843,54.11282],[31.754338,54.078406],[31.822917,54.094368],[31.898225,54.082686],[31.88223,54.069932],[31.8911053,54.0354268],[31.8541274,54.0047559],[31.8900377,53.9923488],[31.8913051,53.9657196],[31.8557757,53.9579519],[31.8573112,53.9169649],[31.8311455,53.9053778],[31.830544,53.8825189],[31.7987258,53.8754456],[31.8311184,53.8574779],[31.7567036,53.8325585],[31.774268,53.8107755],[31.7617419,53.7957399],[31.8117975,53.8063169],[31.8983113,53.7743662],[31.9898634,53.8047656],[32.1264706,53.8182942],[32.1779492,53.7926233],[32.2077802,53.7995436],[32.2295319,53.7661417],[32.2877011,53.7759099],[32.2712345,53.7634366],[32.3442599,53.7502768],[32.369026,53.7175538],[32.4619482,53.7360372],[32.4601272,53.7215554],[32.5004448,53.7079711],[32.5012499,53.6871364],[32.4134187,53.6543286],[32.4186782,53.6346093],[32.4322416,53.6306443],[32.430619,53.6520174],[32.4509651,53.6365718],[32.4277017,53.6077298],[32.4805789,53.567483],[32.4778901,53.5489013],[32.551962,53.5266287],[32.5409497,53.5172194],[32.6039254,53.5122691],[32.6048507,53.4787866],[32.6312929,53.4785302],[32.6469117,53.5044974],[32.6866705,53.4828678],[32.6551255,53.470053],[32.7704528,53.4646521],[32.74909,53.4465138],[32.7648665,53.4234758],[32.7406774,53.4096545],[32.7765212,53.3904598],[32.7419349,53.3941811],[32.7234717,53.3718314],[32.7518937,53.335191],[32.6868356,53.3408014],[32.652501,53.3148753],[32.6109333,53.336402],[32.6198724,53.3145393],[32.5936645,53.312323],[32.5852869,53.290733],[32.4859764,53.3036349],[32.5126689,53.283499],[32.4481181,53.2079494],[32.4131681,53.1865572],[32.3570905,53.1851259],[32.3028097,53.1288657],[32.2447971,53.1286991],[32.2359807,53.0992521],[32.1879329,53.1083197],[32.1723568,53.0887441],[32.1003754,53.0767563],[32.0184139,53.0991467],[31.9362417,53.0824746],[31.913232,53.0878748],[31.9196048,53.1062995],[31.8286905,53.1113929],[31.7902504,53.1773188],[31.7459153,53.1995315],[31.6299859,53.2304303],[31.5838363,53.193351],[31.4047361,53.2112882],[31.4155203,53.1762943],[31.3647221,53.1419789],[31.3996436,53.1101278],[31.3903066,53.0966936],[31.3345454,53.0913779],[31.3290785,53.0411987],[31.2429216,53.0320741],[31.3565235,52.9844857],[31.3961699,52.907266],[31.4885488,52.8580245],[31.5382202,52.8576095],[31.5196601,52.832254],[31.5877134,52.7940673],[31.6033433,52.7443644],[31.567263,52.7082382],[31.4974452,52.6948814],[31.5696726,52.6350842],[31.5640942,52.5943011],[31.674278,52.5608509],[31.6450805,52.5421617],[31.6117523,52.5482725],[31.5963219,52.5136209],[31.5586902,52.5175088],[31.5731912,52.4974909],[31.6252852,52.4916425],[31.5810639,52.4569874],[31.6081325,52.45392],[31.5933076,52.4151192],[31.6218627,52.4185809],[31.6324735,52.3988531],[31.6254491,52.3310748],[31.5834652,52.320972],[31.6274856,52.2884908],[31.7136164,52.2648748],[31.6960358,52.2566429],[31.7100746,52.2151562],[31.686633,52.1945118],[31.7813863,52.186354],[31.7994096,52.1204017],[31.7817173,52.1120049],[31.8932246,52.1050291],[31.9604301,52.0750222],[31.9132229,52.0421445],[32.028236,52.0476346],[32.0635959,52.0322198],[32.1535485,52.0676891],[32.2050469,52.0647343],[32.3650353,52.14276],[32.3313897,52.1549787],[32.3547336,52.3269486],[32.8655978,52.2479847],[33.1979343,52.3621849],[33.3369505,52.3515747],[33.3802412,52.3714072],[33.4463309,52.3428907],[33.4552572,52.3651184],[33.5091589,52.3583045],[33.5196303,52.3438346],[33.4792898,52.3164546],[33.5589407,52.302181],[33.5438345,52.3237996],[33.5816,52.3115223],[33.6845968,52.3578852],[33.8174627,52.3633364],[34.0823337,52.1419185],[34.1097995,52.0068664],[34.4036838,51.8357792],[34.4352694,51.7312828],[34.1262804,51.6861804],[34.0811321,51.6652107],[34.1015622,51.6659546],[34.2965671,51.5189998],[34.2471312,51.4312168],[34.221382,51.4170876],[34.2279051,51.3998483],[34.2914198,51.3882805],[34.284725,51.3753167],[34.3386267,51.3566681],[34.3142508,51.3293246],[34.286785,51.3392989],[34.2824934,51.3111939],[34.2380331,51.2926265],[34.2517661,51.2752866],[34.230821,51.2650583],[34.306011,51.2388141],[34.6591159,51.2498841],[34.6810886,51.1879528],[35.1342746,51.2206492],[35.1617404,51.0966247],[35.197446,51.0586618],[35.3375217,51.0707443],[35.3951999,51.0396687],[35.3512546,50.9861007],[35.4089328,50.8094077],[35.4885837,50.7746834],[35.5023166,50.673837],[35.4034396,50.6494622],[35.4556247,50.5081883],[35.5864332,50.448323],[35.5836867,50.3925423],[35.6259154,50.3515948],[35.7373236,50.3546616],[35.8317373,50.4340013],[35.8722494,50.4229564],[35.8887289,50.4384841],[36.0859678,50.4490882],[36.1608122,50.431377],[36.1772917,50.4018437],[36.2838934,50.3354907],[36.2758253,50.3166409],[36.296768,50.2925199],[36.3673208,50.2883523],[36.4340971,50.3302311],[36.4401053,50.3112696],[36.5861891,50.2853909],[36.5940855,50.2758473],[36.5597532,50.2499493],[36.6471289,50.2173373],[36.7080661,50.2753004],[36.9305392,50.3524726],[37.1365329,50.3612343],[37.4661227,50.4557571],[37.4716159,50.3699943],[37.6116916,50.3086401],[37.608945,50.205035],[37.9261773,50.0337689],[37.9611967,49.9836825],[38.0437659,49.9332127],[38.0209349,49.92603],[38.0329271,49.9004069],[38.124275,49.9426039],[38.1318281,49.9251459],[38.2219504,49.9795983],[38.1859015,50.0225203],[38.1783484,50.0801674],[38.276367,50.0737778],[38.3129309,50.0882082],[38.329582,50.0855648],[38.3506964,50.0070772],[38.4160994,49.9823579],[38.4332655,50.0016709],[38.4689711,49.9952709],[38.4887552,49.9633407],[38.5829541,49.9772802],[38.6473273,49.9558589],[38.6801146,49.9739681],[38.6845778,50.0080701],[38.7177084,49.9834617],[38.6859511,49.9622641],[38.6936758,49.9349806],[38.7913511,49.8782654],[38.9168356,49.8603415],[38.9070509,49.8281281],[38.9302252,49.7968905],[39.0200041,49.8219265],[39.0658377,49.8158349],[39.179649,49.8886627],[39.2277142,49.8399755],[39.2527768,49.7743915],[39.2847058,49.7566509],[39.3791195,49.7382381],[39.4371411,49.7601995],[39.6084588,49.7338005],[39.5899194,49.7200405],[39.6599575,49.6147144],[39.7512814,49.5971379],[39.8055264,49.5584027],[39.8917004,49.5590709],[39.9517819,49.5966928],[40.1347729,49.6173837],[40.1701352,49.569314],[40.0372692,49.5209741],[40.0293728,49.4538428],[40.1927945,49.3474937],[40.185928,49.2805726],[40.2226635,49.2503276],[40.1364895,49.2402418],[40.078468,49.1868649],[40.0307461,49.1801327],[39.938049,49.0828615],[39.9377057,49.0563204],[39.6939441,49.050472],[39.6733471,49.0414691],[39.6781536,49.0128793],[39.6623608,49.0020694],[39.6771237,48.9894549],[39.7001263,49.0020694],[39.7262188,48.9759358],[39.7526547,48.9858501],[39.7766875,48.951592],[39.7725676,48.9237401],[39.825096,48.9024178],[39.8266409,48.8863919],[39.845867,48.9021921],[39.9244879,48.8954212],[39.9931524,48.8684413],[40.0044821,48.9012894],[40.0317763,48.9155056],[40.061302,48.9088493],[40.0789831,48.8739739],[39.9765013,48.7936343],[39.7986601,48.8422376],[39.7669028,48.763997],[39.7375487,48.7663732],[39.725704,48.7501905],[39.7382353,48.743399],[39.7057913,48.7207541],[39.7233008,48.683821],[39.7025297,48.670786],[39.7116278,48.654686],[39.6611593,48.6095331],[39.6909749,48.5862177],[39.791632,48.5930085],[39.8479741,48.5700346],[39.8672002,48.5094554],[39.8478025,48.5016078],[39.8464439,48.4737524],[39.8975876,48.4473144],[39.9180218,48.3966251],[39.9057201,48.3903787],[39.9235214,48.3744401],[39.9415565,48.3857476],[39.9315258,48.3637772],[39.9462887,48.3521426],[39.8453092,48.3328311],[39.841318,48.3102017],[39.8879778,48.3076256],[39.9236294,48.2710831],[39.9916073,48.3174512],[40.0163266,48.2710831],[40.0077435,48.2239867],[39.9428555,48.2292472],[39.9394223,48.1830279],[39.9074932,48.180052],[39.8680111,48.0776204],[39.8341941,48.0671823],[39.8835467,48.0417668],[39.7756573,48.0397585],[39.822521,47.9824536],[39.8244093,47.9555593],[39.7933386,47.9194484],[39.7949695,47.8704168],[39.7638129,47.8709925],[39.763641,47.846575],[39.7378918,47.8276779],[39.6252822,47.8389131],[39.5420264,47.8253151],[39.4778251,47.8605127],[39.4124221,47.8298098],[39.3869304,47.8711653],[39.1093969,47.8427153],[39.0829181,47.8517588],[39.0830897,47.869438],[38.8778683,47.8769802],[38.8390728,47.8666168],[38.8291165,47.8161519],[38.7879177,47.816613],[38.7973593,47.7752139],[38.7726401,47.6859615],[38.6663811,47.6977477],[38.6656948,47.6695493],[38.628616,47.6700117],[38.615913,47.6441116],[38.4566113,47.6445742],[38.4566113,47.6168101],[38.3488079,47.6168101],[38.3498379,47.5762943],[38.3110424,47.5762943],[38.3034893,47.5447861],[38.2832333,47.5443226],[38.303146,47.391842],[38.2471844,47.364409],[38.2186862,47.3053114],[38.3343884,47.306241],[38.3237454,47.2573303],[38.2331082,47.2293611],[38.2269284,47.1264472],[38.3422838,46.9811902],[38.1459032,46.8658258],[37.6192447,46.8306053],[37.424924,46.7078545],[37.8818866,46.2057372],[37.7960583,46.1688946],[37.7349469,46.1115639],[37.6738354,46.0179463],[37.63195,45.8859458],[37.4784848,45.8292779],[37.3844143,45.7636912],[37.3473355,45.6903534],[37.340468,45.5400233],[37.2924014,45.514529],[37.1310421,45.5712746],[37.0404046,45.5794456],[36.920242,45.6294052],[36.667554,45.6265257],[36.6818019,45.4571224],[36.6634367,45.3599861],[36.6033552,45.3093039],[36.5940855,45.2526552],[36.5303992,45.1991554],[36.6097226,44.9406674],[36.8055711,44.9200851],[37.0335374,44.8490549],[37.1475206,44.6676772],[37.2656236,44.5846],[37.4345384,44.5160942],[37.7517686,44.4720122],[38.1967149,44.2304416],[38.6239801,44.118896],[39.2033372,43.7224834],[39.5126721,43.4414534],[39.6424471,43.3678722],[39.7248455,43.274456],[39.7990033,43.240201],[39.8846619,43.2244426],[40.0084945,43.3851837],[40.012999,43.429918],[40.095102,43.529644],[40.106515,43.569602],[40.260294,43.58639],[40.564495,43.518718],[40.661828,43.563131],[40.693326,43.534944],[40.8278328,43.4879599],[40.8909577,43.489544],[40.892918,43.458422],[40.9499382,43.4197253],[41.0042948,43.4322223],[41.04538,43.396079],[41.096373,43.385163],[41.1061964,43.4039626],[41.1526422,43.4033335],[41.167984,43.383377],[41.274832,43.360557],[41.291003,43.337043],[41.393641,43.366229],[41.4229808,43.3155525],[41.5445428,43.2695993],[41.6142394,43.2209902],[41.6581188,43.2377628],[41.692713,43.218475],[41.7281118,43.2415066],[41.803944,43.2020382],[41.8483786,43.2115127],[41.8850927,43.2498475],[41.9588359,43.2025263],[42.0191394,43.2170935],[42.0454397,43.1870335],[42.0954182,43.2139761],[42.2161937,43.2309824],[42.2952318,43.2109231],[42.4137784,43.256985],[42.4421403,43.2508457],[42.4571956,43.212929],[42.6665346,43.136019],[42.6816277,43.1699464],[42.7499367,43.1876888],[42.815983,43.1662528],[42.8602669,43.1785579],[42.8811096,43.1535365],[42.932116,43.148414],[42.9274672,43.1240966],[43.0412311,43.0907638],[43.0156191,43.0711493],[43.0350352,43.0298707],[43.1128329,43.0002885],[43.1862957,42.9376125],[43.317549,42.914819],[43.334799,42.890121],[43.389892,42.899134],[43.560212,42.868377],[43.61052,42.834136],[43.607313,42.814292],[43.685277,42.801757],[43.705951,42.778002],[43.803868,42.743609],[43.778272,42.677445],[43.714761,42.632023],[43.754275,42.616568],[43.769971,42.588722],[43.838932,42.598367],[43.945294,42.549601],[43.973191,42.551803],[44.022132,42.597322],[44.116165,42.618014],[44.163241,42.6063],[44.193912,42.635059],[44.232382,42.626937],[44.249478,42.681066],[44.317242,42.722853],[44.518441,42.696991],[44.501499,42.737147],[44.55288,42.766488],[44.580033,42.745145],[44.678169,42.756595],[44.739091,42.728203],[44.766268,42.643526],[44.803015,42.614893],[44.829461,42.617929],[44.835358,42.673057],[44.868548,42.691414],[44.886645,42.746867],[44.979056,42.745537],[45.034593,42.692943],[45.086748,42.711965],[45.15835,42.707687],[45.25599,42.605704],[45.284111,42.606562],[45.295723,42.574773],[45.325373,42.565447],[45.340592,42.522375],[45.418463,42.551473],[45.493372,42.535215],[45.571416,42.548285],[45.613767,42.505469],[45.682322,42.506437],[45.720676,42.475653],[45.7755971,42.4884386],[45.781189,42.446653],[45.735537,42.379492],[45.752867,42.308699],[45.721915,42.289026],[45.652013,42.291996],[45.608785,42.233961],[45.608164,42.212453],[45.648205,42.186707],[45.746536,42.149291],[45.740027,42.133105],[45.784745,42.102476],[45.803894,42.1168],[45.89706,42.106466],[45.923415,42.083212],[45.912171,42.063217],[45.935022,42.050966],[45.929398,42.032543],[45.951945,42.024272],[46.021713,42.043352],[46.039669,42.019314],[46.072778,42.041008],[46.106783,41.985324],[46.133056,42.007595],[46.159085,41.98954],[46.236748,42.01558],[46.256585,42.00563],[46.244273,41.979793],[46.2702,41.983004],[46.284421,41.944363],[46.319925,41.928895],[46.338926,41.946306],[46.399062,41.940193],[46.4428567,41.8639041],[46.5071302,41.8895433],[46.5370363,41.8804546],[46.5547358,41.8226605],[46.5822084,41.8032353],[46.6242826,41.8345914],[46.7219038,41.8283146],[46.7163812,41.8473684],[46.7599045,41.8616889],[46.7837287,41.8166147],[46.7659419,41.8010103],[46.7922708,41.7736364],[46.8312102,41.7600582],[46.8641532,41.7200805],[46.9149746,41.7265824],[46.9274149,41.6766517],[46.9995119,41.6413436],[47.008862,41.6228299],[46.9910625,41.5998102],[47.0226854,41.5761664],[47.0186463,41.5558646],[47.065459,41.5556562],[47.1128643,41.5948055],[47.1241203,41.5831323],[47.1293941,41.5517429],[47.1730687,41.5300025],[47.1580894,41.4991219],[47.1919386,41.4883052],[47.2172786,41.4459491],[47.2421251,41.446348],[47.218765,41.4000376],[47.2601204,41.3956476],[47.2709735,41.3280566],[47.3745106,41.2727729],[47.4535501,41.2742356],[47.470721,41.2571121],[47.4983599,41.2684394],[47.5038818,41.2274391],[47.5568364,41.1985139],[47.6204916,41.2371353],[47.701103,41.2257384],[47.7482548,41.1874479],[47.7820921,41.1858712],[47.8115528,41.2193639],[47.8856098,41.2194185],[47.9105994,41.2553761],[47.898404,41.2988282],[47.9706298,41.3229379],[47.9501437,41.3511243],[48.0014055,41.3731815],[48.0022293,41.4299592],[48.0637345,41.4575128],[48.0647892,41.4922878],[48.2242759,41.5169332],[48.2844658,41.5608482],[48.3773442,41.5910142],[48.412773,41.6231551],[48.4201743,41.6582816],[48.5543808,41.7802639],[48.5858775,41.838479],[48.6361044,41.8666447],[48.5180279,41.9413614],[48.4054181,41.9839945],[48.3463665,42.1183443],[48.2818219,42.1590773],[48.147926,42.3423055],[48.0037304,42.4639931],[47.929916,42.6140019],[47.8039166,42.6710773],[47.7644341,42.8830089],[47.5268548,43.0458095],[47.5337212,43.1120122],[47.6257317,43.2882028],[47.5584405,43.4180169],[47.5873903,43.537511],[47.6237577,43.5858004],[47.6257317,43.6499887],[47.7067559,43.792907],[47.7733605,43.8592875],[47.9128149,43.9482951],[47.9256587,44.004412],[47.8667443,44.0387384],[47.6580041,44.0505838],[47.6003259,44.0259032],[47.5495141,43.93944],[47.499389,43.9216376],[47.3355134,44.1375224],[47.2882455,44.2512248],[47.2302906,44.2839563],[47.1445777,44.2770638],[47.0904916,44.3804352],[46.9839167,44.4555816],[46.9341656,44.6190013],[46.9985556,44.654514],[47.0338984,44.7763804],[47.0866483,44.7487731],[47.1523085,44.7587094],[47.2663473,44.8500518],[47.3692651,45.1468978],[47.4270421,45.2200627],[47.4847006,45.248812],[47.534581,45.40638],[47.6096701,45.4798976],[47.631552,45.5295747],[47.7073326,45.5841403],[47.7369202,45.6480406],[47.8453586,45.7014942],[48.137558,45.7034214],[48.2631104,45.7332656],[48.4323755,45.928566],[48.5107457,45.9768828],[48.5822626,45.9045318],[48.6463623,45.8977734],[48.7252229,45.9193936],[48.7714743,45.9588115],[48.7991021,46.027899],[48.9749131,46.1107199],[49.0771904,46.2153669],[49.1163143,46.2804839],[49.126897,46.3723306],[49.1260744,46.3893472],[49.052793,46.392935],[48.881428,46.479466],[48.828806,46.478802],[48.786163,46.542105],[48.703198,46.562959],[48.545836,46.560169],[48.55728,46.585743],[48.621694,46.60263],[48.564813,46.610631],[48.559687,46.642998],[48.489211,46.659623],[48.506561,46.680553],[48.499301,46.717624],[48.553949,46.753536],[48.661775,46.772261],[48.750293,46.685362],[48.919936,46.692624],[49.020459,46.759354],[48.979153,46.82405],[48.710213,47.095023],[48.519886,47.411304],[48.444466,47.40713],[48.199549,47.689642],[48.027191,47.766624],[47.65357,47.757662],[47.414791,47.837152],[47.385302,47.680886],[47.194407,47.760469],[47.12318,47.831238],[47.180744,47.853693],[47.050191,47.997947],[47.147387,48.03571],[47.158745,48.060486],[47.200645,48.054179],[47.211097,48.082669],[47.090625,48.103469],[47.124418,48.157937],[47.098173,48.224669],[47.123111,48.268897],[46.737267,48.355817],[46.674366,48.389216],[46.493672,48.43291],[46.778814,48.947884],[46.969829,49.026614],[47.034848,49.11133],[47.049099,49.165813],[46.993236,49.233796],[46.779962,49.337982],[46.902785,49.863805],[47.18163,49.934544],[47.352643,50.096652],[47.316225,50.153173],[47.257261,50.191878],[47.335049,50.238009],[47.300884,50.263106],[47.297427,50.30375],[47.340497,50.33219],[47.4072,50.336849],[47.473149,50.420568],[47.540956,50.459978],[47.636432,50.455959],[47.625058,50.448129],[47.649294,50.44783],[47.652049,50.422784],[47.674856,50.420764],[47.663687,50.40881],[47.742494,50.379321],[47.763948,50.339836],[47.826892,50.330538],[47.819676,50.312708],[47.93749,50.244853],[48.00849,50.142993],[48.108678,50.085909],[48.132012,49.998205],[48.233175,49.900624],[48.226804,49.868103],[48.264864,49.857761],[48.315318,49.872246],[48.357089,49.825476],[48.394445,49.836037],[48.442341,49.801007],[48.451024,49.835173],[48.744797,49.921864],[48.903576,50.018321],[48.849835,50.090271],[48.76459,50.098614],[48.809025,50.171995],[48.732212,50.256557],[48.658618,50.527224],[48.663686,50.577571],[48.65093,50.602691],[48.570971,50.633014],[48.607524,50.661137],[48.69018,50.612134],[48.814264,50.595537],[49.009368,50.682319],[49.129035,50.784594],[49.422924,50.848516],[49.44456,50.8818],[49.408022,50.961174],[49.338757,50.987049],[49.396048,51.0476],[49.393586,51.090049],[49.429305,51.089192],[49.456067,51.125019],[49.489937,51.098329],[49.776046,51.107213],[49.910119,51.200019],[50.005702,51.242322],[50.239707,51.279765],[50.37312,51.331843],[50.338267,51.381637],[50.404955,51.403559],[50.372815,51.427546],[50.49607,51.427306],[50.498708,51.466573],[50.555697,51.472954],[50.535603,51.510415],[50.536338,51.589852],[50.584466,51.590639],[50.583775,51.645502],[50.731619,51.628929],[50.733345,51.606128],[50.678153,51.574614],[50.811027,51.585109],[50.812578,51.648834],[50.833092,51.649051],[50.767108,51.714639],[50.767081,51.772609],[50.870754,51.753333],[50.892845,51.680983],[50.998221,51.671],[51.037582,51.686593],[51.070377,51.667978],[51.201864,51.666782],[51.252928,51.686646],[51.303415,51.640846],[51.379527,51.640974],[51.379813,51.563427],[51.240456,51.563182],[51.248592,51.524333],[51.284897,51.532087],[51.286551,51.487954],[51.380355,51.476155],[51.56724,51.505118],[51.558061,51.522867],[51.604945,51.550728],[51.61317,51.533131],[51.640696,51.538362],[51.657869,51.505685],[51.629953,51.474521],[51.655949,51.448766],[51.738919,51.464653],[51.731067,51.480668],[51.813766,51.497036],[51.770619,51.582523],[51.86035,51.65055],[51.857867,51.67389],[51.998844,51.683258],[51.99952,51.667414],[52.074085,51.674503],[52.090392,51.658245],[52.174126,51.686881],[52.17947,51.733406],[52.240694,51.724015],[52.326365,51.741681],[52.319642,51.765789],[52.358897,51.776105],[52.38479,51.681906],[52.450105,51.623022],[52.508399,51.541747],[52.50482,51.505481],[52.551697,51.490602],[52.536277,51.466927],[52.560145,51.455987],[52.586103,51.475593],[52.586683,51.456093],[52.620442,51.455796],[52.617106,51.469991],[52.641759,51.463792],[52.653655,51.489963],[52.687103,51.457348],[52.674348,51.476448],[52.729212,51.498176],[52.725349,51.486171],[52.747565,51.486594],[52.736513,51.502297],[52.756741,51.49683],[52.769864,51.521351],[52.775434,51.502004],[52.79258,51.513357],[52.790048,51.500037],[52.832624,51.487251],[52.839068,51.505763],[52.857394,51.49151],[52.896247,51.50461],[52.872773,51.475137],[52.92476,51.496948],[52.917533,51.48294],[52.951512,51.457092],[52.946267,51.476286],[53.004942,51.47359],[53.072232,51.504291],[53.15349,51.488173],[53.142736,51.520801],[53.187328,51.534622],[53.181936,51.512019],[53.255842,51.510837],[53.277342,51.483843],[53.334106,51.510184],[53.338758,51.489457],[53.426514,51.4819],[53.43758,51.437595],[53.48584,51.452835],[53.498741,51.430452],[53.570399,51.431116],[53.602184,51.383838],[53.633632,51.376582],[53.59728,51.363381],[53.627325,51.344353],[53.59616,51.30549],[53.669856,51.259312],[53.656508,51.238888],[53.669001,51.225365],[53.692269,51.236046],[53.749128,51.204206],[53.809317,51.214287],[53.818299,51.194032],[53.85343,51.189761],[53.907366,51.202975],[53.972598,51.165701],[54.053112,51.152405],[54.037633,51.141537],[54.047694,51.132765],[54.140973,51.104348],[54.151798,51.07355],[54.131234,51.06178],[54.161002,51.065877],[54.192683,51.03155],[54.159517,51.008956],[54.202645,50.988073],[54.201626,50.962743],[54.284234,50.951317],[54.271568,50.945829],[54.291713,50.899066],[54.440436,50.880269],[54.453643,50.850731],[54.536334,50.846391],[54.47431,50.778486],[54.414782,50.619998],[54.466052,50.566589],[54.543866,50.527699],[54.59239,50.559965],[54.614192,50.538217],[54.731731,50.619917],[54.710096,50.670577],[54.719126,50.69004],[54.678615,50.718143],[54.685114,50.780497],[54.657208,50.823077],[54.683676,50.834173],[54.698111,50.892548],[54.670186,50.906747],[54.678181,50.917294],[54.535595,50.926477],[54.590973,50.939256],[54.555472,50.963522],[54.583861,50.96253],[54.58097,50.984867],[54.549329,51.00069],[54.590899,51.010932],[54.562496,51.014518],[54.594377,51.030412],[54.706535,51.026363],[54.687983,51.038029],[54.732716,51.038464],[54.79202,50.98498],[54.897975,50.9579],[54.899235,50.923129],[54.942183,50.90731],[55.010336,50.899431],[55.051656,50.927547],[55.084886,50.921116],[55.131807,50.896941],[55.130105,50.879607],[55.056463,50.819515],[55.146612,50.79643],[55.383967,50.653483],[55.403102,50.681306],[55.500935,50.669841],[55.531242,50.649265],[55.534224,50.613711],[55.612242,50.59904],[55.660884,50.560881],[55.736566,50.549898],[55.745779,50.580343],[55.795513,50.606959],[55.901398,50.620415],[56.137586,50.753683],[56.132158,50.825988],[56.181274,50.937865],[56.361756,50.900853],[56.393396,50.945346],[56.371724,50.948705],[56.377275,50.965307],[56.460144,50.965353],[56.448127,51.056771],[56.512728,51.085364],[56.538487,51.044584],[56.574215,51.034658],[56.618284,50.986219],[56.714345,50.970497],[56.751903,50.980832],[56.703901,51.077302],[56.784499,51.093988],[56.890199,51.060232],[56.943693,51.086948],[56.985416,51.062426],[57.145111,51.087445],[57.184814,51.115121],[57.232713,51.04734],[57.219354,51.039011],[57.242242,51.026125],[57.289451,51.037648],[57.288048,51.003676],[57.313876,50.988666],[57.325624,50.941266],[57.414907,50.896591],[57.50798,50.876401],[57.559552,50.936213],[57.759869,50.92012],[57.753491,51.056774],[57.772357,51.13819],[57.811546,51.138866],[57.86734,51.09923],[57.919396,51.117824],[57.947363,51.086211],[58.079883,51.122695],[58.095453,51.072804],[58.168596,51.062598],[58.171278,51.084644],[58.215505,51.096754],[58.203197,51.128209],[58.288629,51.158869],[58.315796,51.151663],[58.312882,51.171137],[58.342735,51.180847],[58.381651,51.075733],[58.521139,51.084264],[58.589663,51.048958],[58.637068,50.985934],[58.594072,50.971404],[58.604373,50.94736],[58.577285,50.939663],[58.593866,50.868957],[58.687826,50.884011],[58.694032,50.84663],[58.66381,50.84314],[58.656786,50.808594],[58.778742,50.81448],[58.80883,50.781],[58.782344,50.775886],[58.848909,50.746852],[58.874664,50.699982],[59.192549,50.672842],[59.278857,50.633161],[59.298527,50.652547],[59.479205,50.641403],[59.50131,50.611946],[59.569449,50.580976],[59.463946,50.584547],[59.457177,50.546523],[59.516784,50.527821],[59.509262,50.494961],[59.614624,50.530222],[59.813006,50.535536],[59.871604,50.609223],[59.996754,50.674115],[59.973167,50.768939],[60.038506,50.850392],[60.186256,50.831436],[60.154796,50.79899],[60.325702,50.670354],[60.831354,50.661063],[61.449623,50.806233],[61.568182,51.237558],[61.690746,51.255438],[61.548331,51.323537],[61.500966,51.4082],[61.202391,51.460846],[61.107699,51.447448],[61.087581,51.467351],[60.999244,51.467736],[60.991368,51.487915],[60.952364,51.490972],[60.910205,51.552822],[60.934763,51.615562],[60.539523,51.618187],[60.525819,51.638168],[60.414976,51.647054],[60.353807,51.689068],[60.517934,51.773444],[60.517987,51.79748],[60.424092,51.799479],[60.14462,51.906961],[60.161603,51.892139],[60.157028,51.857609],[60.059653,51.870213],[60.074409,51.887888],[59.993083,51.964463],[60.002089,51.993229],[60.198674,51.990639],[60.510826,52.156481],[60.716987,52.156009],[60.781189,52.229329],[60.944393,52.26649],[61.010624,52.326027],[61.067523,52.346857],[60.991974,52.423023],[60.981957,52.507705],[60.841263,52.522156],[60.843039,52.640232],[60.762276,52.626389],[60.714364,52.662927],[60.712087,52.764647],[60.833719,52.772179],[60.884791,52.821245],[60.870368,52.832654],[60.942324,52.8488],[61.074471,52.925199],[61.009087,52.977576],[61.112873,52.968736],[61.124963,52.989466],[61.250346,53.036277],[61.306846,52.995848],[61.389578,52.991913],[61.469877,53.036084],[61.556654,53.011728],[61.632545,52.954047],[61.701311,52.99786],[61.84841,53.003926],[61.960586,52.950022],[62.029811,52.951038],[62.130332,52.989891],[62.147309,53.068511],[62.119043,53.111929],[62.027271,53.141968],[61.915405,53.141543],[61.784264,53.184017],[61.731876,53.239142],[61.672737,53.265786],[61.643267,53.253547],[61.629864,53.223379],[61.527128,53.214877],[61.397942,53.274588],[61.224371,53.282928],[61.17646,53.311174],[61.154318,53.40508],[61.215628,53.431253],[61.227432,53.484694],[61.258858,53.507293],[61.323481,53.51852],[61.314505,53.507007],[61.358568,53.492663],[61.366885,53.466661],[61.4122,53.455625],[61.518278,53.47303],[61.52482,53.49946],[61.566271,53.49654],[61.55838,53.507033],[61.59158,53.525664],[61.564571,53.538662],[61.552774,53.592448],[61.391619,53.601973],[61.349798,53.558537],[61.214976,53.563296],[61.127172,53.589508],[61.12202,53.614824],[60.9006,53.627859],[60.896175,53.667086],[60.995678,53.672128],[60.998376,53.650793],[61.042151,53.652564],[61.057547,53.721293],[61.115136,53.720744],[61.227066,53.79612],[61.236479,53.841806],[61.179555,53.852693],[61.135959,53.90409],[60.994296,53.906381],[60.996649,53.935977],[61.100227,53.974598],[61.180413,53.972112],[61.172104,53.943169],[61.204131,53.919226],[61.27996,53.928609],[61.272575,53.992472],[61.236101,54.03613],[61.294814,54.073779],[61.406837,54.08642],[61.479695,54.082907],[61.480379,54.030189],[61.570397,54.008143],[61.57162,53.967907],[61.610961,53.968615],[61.663238,54.02899],[61.668077,54.016431],[61.725116,54.029903],[61.781086,53.985505],[61.849065,54.0313],[61.850026,54.009221],[61.893332,54.009222],[61.857223,53.962324],[61.931899,53.950048],[62.044832,53.948518],[62.010659,54.038772],[62.074208,54.050875],[62.174131,54.02889],[62.337771,54.032073],[62.416696,54.047225],[62.494411,54.032962],[62.395045,54.003308],[62.446725,53.926739],[62.47522,53.931113],[62.538038,53.897799],[62.555347,53.907772],[62.542881,53.930425],[62.597479,53.988575],[62.569616,54.046976],[62.594829,54.073049],[62.823534,54.114809],[63.080544,54.103647],[63.153066,54.122476],[63.169753,54.152187],[63.151826,54.182553],[63.172378,54.19336],[63.455251,54.19588],[63.794007,54.271204],[63.911822,54.198544],[63.963246,54.200922],[64.021188,54.22875],[63.977888,54.278039],[63.985413,54.300571],[64.023289,54.30635],[64.01187,54.290701],[64.028592,54.282748],[64.072615,54.317598],[64.149293,54.30561],[64.301208,54.334407],[64.421992,54.326314],[64.457328,54.332444],[64.464283,54.360843],[64.567221,54.36292],[64.615965,54.39804],[64.658514,54.360414],[64.739253,54.354081],[64.973993,54.42429],[65.105895,54.333547],[65.222773,54.334111],[65.262827,54.362487],[65.23654,54.376799],[65.221414,54.436981],[65.20079,54.452068],[65.22297,54.489808],[65.215115,54.541206],[65.357667,54.577847],[65.503405,54.570519],[65.4573,54.623716],[65.489088,54.655525],[65.75108,54.60743],[65.814906,54.637677],[65.845662,54.697115],[65.981602,54.716753],[65.96395,54.638189],[65.999241,54.624845],[66.379029,54.703362],[66.651692,54.743724],[66.70254,54.736845],[66.79181,54.769784],[66.993024,54.789238],[67.043003,54.778041],[67.100724,54.813206],[67.280339,54.825064],[67.292114,54.861835],[67.333025,54.872943],[67.563218,54.84421],[67.691296,54.863188],[67.772981,54.885906],[67.819887,54.971571],[67.910033,54.983579],[68.031723,54.95028],[68.234353,54.969056],[68.196198,54.990089],[68.23749,55.014844],[68.237648,55.054748],[68.315216,55.076422],[68.272038,55.084373],[68.25749,55.113033],[68.189065,55.151384],[68.219363,55.154705],[68.20981,55.177652],[68.17697,55.177701],[68.176999,55.198625],[68.239611,55.187078],[68.303816,55.203577],[68.353399,55.180954],[68.358018,55.206378],[68.461201,55.197551],[68.594766,55.218835],[68.620218,55.198004],[68.648574,55.208047],[68.659008,55.235415],[68.636635,55.241739],[68.634761,55.264695],[68.70294,55.297783],[68.700675,55.325099],[68.721404,55.325312],[68.710699,55.34961],[68.747563,55.378354],[68.924896,55.317275],[68.957145,55.326543],[68.98063,55.285553],[69.002664,55.287033],[68.983663,55.365665],[68.91568,55.365609],[68.932386,55.441858],[68.980935,55.441984],[68.979995,55.424652],[69.043592,55.430102],[69.157958,55.391122],[69.200562,55.329849],[69.317382,55.350809],[69.362463,55.386899],[69.413114,55.384296],[69.402364,55.352671],[69.446999,55.341432],[69.74794,55.344495],[69.863232,55.299176],[69.950376,55.209875],[70.057643,55.209145],[70.204903,55.145467],[70.291953,55.192137],[70.400972,55.215619],[70.409237,55.253161],[70.460788,55.285451],[70.620351,55.2532],[70.695441,55.289312],[70.807615,55.29241],[70.822007,55.279136],[70.799204,55.271407],[70.880225,55.180748],[70.925225,55.166832],[70.922207,55.129578],[71.022777,55.084924],[70.993433,55.073292],[70.999906,54.989654],[70.974757,54.982992],[71.009088,54.969814],[70.9563,54.888583],[71.019772,54.851684],[71.011366,54.813687],[71.030852,54.778626],[71.097522,54.701337],[71.210398,54.700331],[71.210128,54.686622],[71.239802,54.686415],[71.239744,54.668638],[71.293468,54.66741],[71.291417,54.606331],[71.214972,54.60969],[71.16774,54.560202],[71.170918,54.460967],[71.202357,54.461333],[71.200035,54.407107],[71.231334,54.406722],[71.229636,54.353735],[71.198868,54.354349],[71.198099,54.311597],[71.10956,54.32158],[71.112702,54.334707],[70.997768,54.335781],[70.996185,54.275272],[71.073452,54.274463],[71.071803,54.210679],[71.054693,54.191353],[71.112262,54.187957],[71.103453,54.166452],[71.138478,54.162196],[71.122433,54.129302],[71.178622,54.094746],[71.272964,54.145542],[71.296249,54.184756],[71.490803,54.158535],[71.487947,54.101001],[71.610185,54.116777],[71.615952,54.100087],[71.720657,54.106491],[71.763786,54.147354],[71.726766,54.187446],[71.752081,54.254205],[71.889039,54.231362],[71.948637,54.243692],[72.073252,54.19963],[72.064473,54.183805],[72.115889,54.174013],[72.101485,54.147729],[72.184675,54.120536],[72.218396,54.181768],[72.084814,54.219004],[72.117494,54.278414],[72.132811,54.27538],[72.136346,54.304954],[72.08051,54.331116],[72.042406,54.326877],[72.032548,54.366212],[72.193247,54.357973],[72.300188,54.294198],[72.290879,54.249601],[72.337089,54.246315],[72.299352,54.186757],[72.507198,54.139833],[72.513039,54.104946],[72.440487,54.120178],[72.433154,54.101891],[72.378887,54.109113],[72.369718,54.083343],[72.407373,54.078139],[72.397304,54.051381],[72.435629,54.046457],[72.369719,53.944252],[72.486788,53.900876],[72.544251,53.979184],[72.714863,53.950509],[72.719233,54.000083],[72.680263,54.044793],[72.532008,54.04348],[72.56053,54.116617],[72.612778,54.122013],[72.607885,54.137095],[72.82537,54.121643],[72.831955,54.098027],[72.994023,54.098159],[72.978551,54.049364],[73.06067,54.040024],[73.067567,53.985471],[73.276104,53.942556],[73.403392,53.945388],[73.402572,53.978659],[73.522769,53.941207],[73.537867,53.95214],[73.518449,54.003973],[73.609711,54.008513],[73.657939,54.046347],[73.628718,54.070177],[73.703606,54.065957],[73.698702,54.048079],[73.767189,54.053759],[73.69097,53.856181],[73.452279,53.876162],[73.428838,53.848302],[73.449403,53.806763],[73.343143,53.787737],[73.355845,53.766102],[73.32303,53.675571],[73.252946,53.674103],[73.255281,53.640845],[73.277485,53.639227],[73.238717,53.567328],[73.397137,53.521816],[73.362777,53.467743],[73.438436,53.435124],[73.579742,53.519209],[73.593828,53.558718],[73.645233,53.552479],[73.666494,53.613054],[73.820929,53.577974],[73.901609,53.65058],[74.071923,53.629439],[74.051433,53.566151],[74.145735,53.554224],[74.161954,53.601409],[74.242835,53.588305],[74.234643,53.568939],[74.287419,53.560313],[74.268027,53.52348],[74.305674,53.517415],[74.291632,53.491614],[74.388655,53.45683],[74.487268,53.573014],[74.42123,53.593556],[74.457645,53.690366],[74.634903,53.667919],[74.668264,53.755874],[74.756851,53.74429],[74.788062,53.827809],[74.985248,53.822513],[75.05442,53.795996],[75.322161,53.938355],[75.440681,53.971876],[75.440838,54.008356],[75.376002,54.070062],[75.528491,54.11484],[75.598489,54.09882],[76.20376,54.259685],[76.227931,54.276941],[76.186851,54.300632],[76.258129,54.358267],[76.474595,54.318029],[76.598038,54.343397],[76.648305,54.335675],[76.675672,54.344697],[76.730711,54.417623],[76.929377,54.457595],[76.950816,54.416043],[76.781171,54.377759],[76.786235,54.359296],[76.860712,54.361088],[76.878547,54.301296],[76.829237,54.273561],[76.827731,54.224905],[76.749978,54.18296],[76.757025,54.161332],[76.644474,54.124243],[76.616241,54.161828],[76.582981,54.149144],[76.438501,54.166537],[76.434816,54.121385],[76.498368,54.071823],[76.503308,54.037795],[76.538249,53.999068],[77.907346,53.290662],[78.354056,52.833507],[79.191995,51.917376],[80.079499,50.732866],[80.070402,50.853072],[80.083153,50.827648],[80.184936,50.827038],[80.19368,50.900047],[80.376648,50.926594],[80.420598,50.961504],[80.482819,50.969479],[80.481239,51.109347],[80.438463,51.119109],[80.446026,51.206995],[80.634449,51.206786],[80.634682,51.26284],[80.677901,51.316303],[80.940673,51.258752],[80.920076,51.218728],[81.047845,51.181345],[81.102739,51.18023],[81.115371,51.21096],[81.145401,51.212879],[81.176364,51.18273],[81.177829,51.151586],[81.141818,51.079752],[81.101612,51.060448],[81.060336,50.947638],[81.412626,50.975327],[81.413555,50.930281],[81.442491,50.910276],[81.420733,50.8719],[81.4711,50.862309],[81.485211,50.823086],[81.44896,50.75536],[81.583213,50.742305],[81.727426,50.760113],[81.776125,50.820813],[81.795429,50.777733],[81.905878,50.798059],[81.997153,50.788983],[82.078896,50.750457],[82.172665,50.745943],[82.174732,50.730589],[82.224259,50.736482],[82.276929,50.773306],[82.317265,50.753066],[82.356169,50.784501],[82.485156,50.742359],[82.565342,50.746399],[82.699747,50.811135],[82.73984,50.850615],[82.716809,50.894678],[82.733273,50.927209],[82.979311,50.884155],[83.004425,50.924624],[83.112531,50.965502],[83.123391,51.01237],[83.204655,50.99301],[83.281029,51.014753],[83.367713,50.999116],[83.444893,51.012378],[83.430852,50.986104],[83.501835,50.97639],[83.505927,50.949754],[83.538055,50.962324],[83.649131,50.951908],[83.703874,50.895312],[83.824568,50.882725],[83.909203,50.816571],[83.971202,50.795485],[83.949977,50.760924],[83.965839,50.727019],[84.022835,50.697759],[84.114747,50.609733],[84.143966,50.606289],[84.170541,50.550292],[84.230618,50.540231],[84.248382,50.51581],[84.20374,50.462907],[84.269191,50.353009],[84.251118,50.291241],[84.337434,50.220417],[84.408159,50.208932],[84.451713,50.248511],[84.565591,50.197023],[84.622357,50.214307],[84.69394,50.18906],[84.753459,50.138344],[84.823891,50.143654],[84.813445,50.120434],[84.855185,50.092359],[84.943447,50.097201],[84.969694,50.068961],[85.03534,50.052535],[85.034712,50.019242],[85.051474,50.009669],[84.979396,49.980906],[84.996263,49.970127],[84.97773,49.954627],[84.982487,49.911019],[85.060602,49.883865],[85.100107,49.851668],[85.100876,49.824368],[85.144047,49.796678],[85.148688,49.767868],[85.203669,49.744599],[85.21067,49.627348],[85.264803,49.619976],[85.257738,49.588297],[85.321253,49.590837],[85.389099,49.635009],[85.490457,49.597774],[85.554391,49.594585],[85.596331,49.615608],[85.678208,49.550614],[85.756911,49.57635],[85.83176,49.543252],[85.920387,49.564665],[85.948676,49.55682],[85.929156,49.534532],[85.967816,49.485928],[86.04026,49.523699],[86.108132,49.526748],[86.202304,49.465936],[86.269198,49.550683],[86.276352,49.584936],[86.417129,49.608351],[86.526981,49.69998],[86.583111,49.723305],[86.609721,49.771128],[86.591261,49.808131],[86.78078,49.794652],[86.754347,49.741389],[86.777284,49.695465],[86.703104,49.686353],[86.614289,49.628625],[86.597059,49.608321],[86.617055,49.572205],[86.665181,49.559922],[86.738338,49.571662],[86.830057,49.545657],[86.816218,49.53109],[86.855345,49.498696],[86.83046,49.481526],[86.833631,49.451697],[86.940945,49.415843],[86.946239,49.380659],[86.924365,49.369558],[86.925393,49.349518],[86.970987,49.305851],[87.005561,49.298969],[87.032824,49.252097],[87.198325,49.252499],[87.315235,49.231233],[87.290735,49.201323],[87.303812,49.172181],[87.28579,49.115872],[87.4265814,49.0695363],[87.5040865,49.0916022],[87.4902677,49.1360135],[87.5188922,49.1439028],[87.6620149,49.1517066],[87.7214956,49.1792628],[87.988438,49.18302],[88.017979,49.226295],[88.056412,49.241085],[88.054756,49.258389],[88.1067058,49.2565686],[88.170112,49.293567],[88.160451,49.362761],[88.118763,49.390801],[88.184379,49.415928],[88.165591,49.445452],[88.221784,49.47966],[88.297742,49.470898],[88.3312,49.4935],[88.4059,49.4946],[88.4949,49.4719],[88.5992,49.5009],[88.6836,49.4622],[88.8022,49.4604],[88.8429,49.4416],[88.8801,49.4781],[88.8571,49.4918],[88.8796751,49.5137665],[88.8696149,49.5467406],[88.9000904,49.558961],[88.9295,49.5429],[88.9708,49.4657],[89.1476,49.5021],[89.2327,49.5537],[89.1914689,49.5860199],[89.1936369,49.6346834],[89.2506,49.6423],[89.36,49.5844],[89.4273522,49.6193806],[89.4615641,49.6662166],[89.6074,49.686],[89.7192,49.7283],[89.7118805,49.7900976],[89.6734516,49.7834752],[89.6244625,49.8063691],[89.6510371,49.8264402],[89.6117415,49.86352],[89.6308796,49.899345],[89.5935703,49.9122873],[89.7059568,49.9439408],[89.9748302,49.9712594],[90.0315562,49.998638],[90.0051,50.0318],[90.0077,50.0579],[90.1652129,50.1081636],[90.2852042,50.1109159],[90.3888877,50.1926407],[90.4528,50.1971],[90.5041,50.2351],[90.5807,50.2439],[90.6733,50.2143],[90.7308,50.2434],[90.7064,50.3129],[90.7726,50.3377],[90.7956,50.3264],[90.8293,50.3569],[90.9056,50.3482],[90.903,50.4084],[90.9208,50.4185],[91.0932,50.436],[91.16,50.4201],[91.2933,50.4696],[91.4094,50.4506],[91.4005094,50.4765146],[91.4590257,50.508449],[91.4549029,50.5485247],[91.5247134,50.5619628],[91.5343069,50.5814176],[91.6499476,50.5862385],[91.6611094,50.6400594],[91.7232583,50.6974786],[91.8550843,50.7338299],[92.0723391,50.6963625],[92.2666929,50.7287057],[92.3169136,50.7557624],[92.3030089,50.8099484],[92.3291444,50.827626],[92.3129312,50.8767238],[92.3608466,50.8842878],[92.4054806,50.8561594],[92.4049385,50.8292484],[92.4320608,50.803243],[92.47676,50.7862778],[92.5615239,50.799255],[92.6002487,50.7851369],[92.6183295,50.7678016],[92.6025187,50.7200532],[92.627846,50.7033992],[92.754,50.7275],[92.7566,50.7759],[92.799,50.8083],[93.0033854,50.7918572],[93.0319475,50.7679916],[93.022891,50.7162383],[92.9752428,50.6696209],[93.0498439,50.6011184],[93.1107241,50.5863157],[93.225,50.5898],[93.3974566,50.6345041],[93.7034139,50.5862228],[93.994415,50.6048321],[94.2540346,50.5833377],[94.2837484,50.5719246],[94.3046715,50.5259161],[94.341509,50.5012245],[94.389747,50.2139774],[94.4207507,50.191869],[94.5202886,50.174252],[94.5222135,50.140898],[94.5993715,50.074301],[94.6148431,50.0353979],[94.7606522,50.0549165],[94.9903285,50.0474119],[95.0165286,49.9805282],[95.0815791,49.9629121],[95.4259162,49.9576412],[95.5319595,49.8972247],[95.5722698,49.9442833],[95.7955507,49.9641339],[95.7653299,50.0171422],[95.8608733,50.0436247],[95.9148998,50.0223307],[95.9101477,49.9967716],[95.967566,49.9711389],[96.0662483,50.0127007],[96.1068866,49.9891336],[96.2607079,49.9765846],[96.3000389,49.9448992],[96.3366307,49.9427586],[96.3482741,49.9052923],[96.4244611,49.87581],[96.5253628,49.9441836],[96.5552317,49.9399641],[96.6030869,49.8736657],[96.7092,49.9287307],[96.7408797,49.9075723],[96.9949867,49.8929652],[97.0101282,49.8333643],[97.1252885,49.8172205],[97.1197599,49.791953],[97.1790569,49.7774694],[97.2212083,49.7444093],[97.3178537,49.7517907],[97.3573297,49.7813599],[97.4216235,49.7806963],[97.4967457,49.8064249],[97.5805751,49.8584465],[97.5783292,49.9138879],[97.5548377,49.9226236],[97.5715602,49.9407974],[97.7004,49.9611],[97.7621,50.0005],[97.8296,49.923],[97.8866,49.9235],[97.8674,49.972],[97.9342,49.9781],[97.989,50.0226],[98.0699,50.0359],[98.0637,50.07],[98.1204,50.1002],[98.1127,50.1387],[98.1768,50.1519],[98.1697854,50.2026771],[98.228312,50.2361073],[98.266244,50.3074111],[98.3081298,50.3232941],[98.2693703,50.3962349],[98.3277104,50.4748399],[98.3232759,50.4952456],[98.2994898,50.4978103],[98.2727964,50.5388819],[98.0966363,50.5973699],[98.008,50.6692],[98.0245,50.6919],[97.9974,50.6989],[97.9708,50.7499],[97.9786,50.7841],[97.9497,50.8081],[98.0333428,50.8647062],[97.8948905,50.9243702],[97.8246623,51.0102109],[97.871231,51.0514442],[97.8991,51.1494],[97.9393,51.202],[97.9408,51.2632],[97.9645,51.292],[97.9535,51.3342],[98.0211,51.3941],[98.0501,51.4502],[98.126,51.4713],[98.2241,51.4567],[98.2574,51.5296],[98.2341,51.5476],[98.245,51.58],[98.2232,51.5951],[98.2748,51.6161],[98.3284,51.6973],[98.3559,51.7011],[98.354,51.7315],[98.4523,51.7366],[98.5328,51.7981],[98.6038,51.7937],[98.7643,51.8699],[98.7799,51.9418],[98.809,51.9581],[98.8196,52.0147],[98.8065,52.0255],[98.8413,52.0588],[98.8542,52.129],[98.9111,52.1496],[98.9691966,52.1426389],[99.0046093,52.0747323],[99.0716905,52.0694975],[99.128117,52.0245544],[99.1736053,52.0355885],[99.2365749,52.0126444],[99.2760937,52.0186026],[99.2826125,51.9868506],[99.265308,51.9735296],[99.3601963,51.9406365],[99.4010184,51.9658996],[99.4658896,51.948871],[99.5219871,51.9679932],[99.600979,51.9241882],[99.6138471,51.8791078],[99.6649718,51.9043927],[99.6826564,51.8876967],[99.8011826,51.9153845],[99.8279557,51.8831591],[99.8195189,51.8478483],[99.8475769,51.8349554],[99.8307582,51.8067594],[99.8643974,51.8055016],[99.8691817,51.7774565],[99.9109125,51.7381594],[99.9797976,51.7547204],[100.0614167,51.7327195],[100.1387018,51.7593486],[100.2806417,51.7375368],[100.4143559,51.7479314],[100.4103477,51.7299883],[100.4437626,51.7263707],[100.5038521,51.7500639],[100.5864554,51.74045],[100.5973981,51.7185898],[100.6562396,51.726826],[100.668545,51.7067142],[100.929841,51.6068022],[100.9901519,51.6127877],[101.0223281,51.587153],[101.0174269,51.57027],[101.0786775,51.5598484],[101.1043937,51.5912202],[101.1366423,51.521396],[101.2562778,51.5441134],[101.3700981,51.4558456],[101.4389364,51.455689],[101.4595599,51.4911656],[101.5422172,51.4995416],[101.5677164,51.4699442],[101.6222627,51.4692107],[101.6190378,51.440028],[101.7490569,51.4553417],[101.8285311,51.4151547],[101.888839,51.4007953],[101.951935,51.4137438],[102.0014324,51.3821904],[102.0220587,51.3958157],[102.1242911,51.361612],[102.1839684,51.2950252],[102.1141597,51.2840343],[102.1044872,51.2464692],[102.1663187,51.1786882],[102.1351134,51.1742184],[102.1233246,51.1391014],[102.1401692,51.0994232],[102.1708377,51.0950287],[102.151096,51.0573035],[102.2036241,51.0394919],[102.2430083,50.9748866],[102.2137847,50.9538411],[102.2454385,50.9019733],[102.2119739,50.8758462],[102.209737,50.8170343],[102.2923499,50.7824305],[102.3403132,50.7325372],[102.3023464,50.6818549],[102.3766623,50.6667466],[102.3999391,50.6415839],[102.4459039,50.6456787],[102.4695952,50.6010441],[102.5362347,50.5885042],[102.553936,50.5560254],[102.541005,50.5315628],[102.61063,50.5063847],[102.6161129,50.4536664],[102.6476976,50.4021897],[102.7318192,50.4085293],[102.8418288,50.3341911],[102.9418745,50.3054907],[103.074565,50.3189929],[103.1472354,50.3060183],[103.1821793,50.3331721],[103.2380575,50.3219456],[103.2764247,50.2848955],[103.2492528,50.2558068],[103.2760147,50.2262201],[103.2562904,50.1928927],[103.4114027,50.2117808],[103.5141931,50.1990718],[103.5572495,50.1626788],[103.6023371,50.1662016],[103.6084584,50.1440553],[103.6841803,50.1429367],[103.7102326,50.1244635],[103.7513378,50.1638311],[103.8005986,50.1518562],[103.8466306,50.1975606],[103.8903364,50.1761474],[103.9390206,50.1831392],[103.9985566,50.1502974],[104.1354261,50.1388069],[104.2783297,50.2011989],[104.2931704,50.2417883],[104.3401541,50.2449703],[104.391917,50.3116272],[104.517244,50.3171701],[104.5612071,50.3011443],[104.6501706,50.3241071],[104.6991602,50.3672149],[104.76332,50.3387935],[104.8116849,50.3409568],[104.8734075,50.3709276],[104.8983944,50.408974],[105.0081195,50.3869217],[105.1201674,50.3899317],[105.2585512,50.4406822],[105.2682329,50.4653576],[105.3547168,50.4794989],[105.4435295,50.4421094],[105.52513,50.4580234],[105.628757,50.427396],[105.8442265,50.4403964],[105.8990523,50.4126315],[106.0573709,50.4045045],[106.0841013,50.3333998],[106.1830005,50.3396936],[106.2612304,50.2981341],[106.4687108,50.3181379],[106.5245821,50.3440559],[106.7320293,50.3163456],[106.8157278,50.2981781],[107.0124738,50.1990659],[106.9999992,50.1571821],[107.0393639,50.1291483],[107.0569988,50.0878389],[107.0752502,50.0895128],[107.0718523,50.0683334],[107.1520027,50.0433209],[107.1479797,50.0267355],[107.2129866,49.9989292],[107.2571669,49.9882462],[107.3236137,50.0034207],[107.4282582,49.971669],[107.5448277,49.9856858],[107.6788362,49.9717817],[107.706604,49.9879545],[107.7942207,49.9331705],[107.8287424,49.9609702],[107.8531964,49.9364558],[107.9690548,49.9413946],[107.9704,49.9155],[107.9192,49.8754],[107.9444,49.8549],[107.9367,49.8192],[107.9816,49.8028],[107.9485,49.7848],[107.9698,49.7474],[107.9343,49.7114],[107.9471,49.6706],[107.9683,49.6548],[108.023,49.6734],[108.0275,49.6223],[108.1611,49.5618],[108.2978,49.5399],[108.3564,49.4279],[108.4258,49.4135],[108.431,49.3721],[108.5175,49.3227],[108.6525,49.3473],[108.8206,49.3432],[108.8488,49.3266],[108.9416,49.3462],[109.0581,49.3232],[109.1946,49.3523],[109.3455,49.3249],[109.4222,49.2944],[109.4325,49.2729],[109.4753,49.2674],[109.4996,49.2362],[109.5591,49.2208],[109.9026,49.2057],[110.1998,49.1542],[110.3281,49.1991],[110.3905,49.2515],[110.5244,49.1901],[110.7083,49.1701],[110.8193,49.182],[111.2768,49.3104],[111.3748,49.3577],[111.5231,49.3232],[111.689,49.3842],[111.9575,49.3823],[112.2783,49.4844],[112.4741,49.5225],[112.6889,49.5041],[112.7226,49.52],[112.8234,49.5193],[112.9068,49.5685],[113.0439,49.6082],[113.2061,49.8283],[113.4739242,49.9354483],[113.4888,49.9736],[113.6361,49.991],[113.7427,50.0749],[113.8787,50.1049],[114.1784,50.243],[114.3388,50.2827],[114.4677,50.2335],[114.6535,50.2472],[114.8567,50.217],[115.0075,50.1639],[115.0793,50.0833],[115.2239,49.9884],[115.5067,49.9071],[115.7453945,49.8871758],[116.0727,50.0137],[116.2355,50.0356],[116.6216,49.9311],[116.7137007,49.8456631],[117.0614,49.6856],[117.2732686,49.6308469],[117.4715657,49.62638],[117.7934272,49.5200369],[117.8366302,49.541897],[117.8681243,49.5083177],[117.8930641,49.595316],[117.9433804,49.5937065],[117.9809386,49.6214903],[118.0739634,49.6138386],[118.1112827,49.6460236],[118.1070427,49.6709917],[118.1655237,49.6589839],[118.2271034,49.7363084],[118.2840742,49.7442995],[118.3058462,49.7729565],[118.3807633,49.7779227],[118.3720076,49.7896789],[118.3958708,49.8042353],[118.3783271,49.8259909],[118.4765314,49.8285915],[118.4676914,49.838834],[118.4916844,49.8404411],[118.4800205,49.8710553],[118.5576691,49.9003309],[118.5430013,49.9071783],[118.5669371,49.9300495],[118.6081223,49.923964],[118.6124867,49.9472248],[118.6440339,49.9364799],[118.6538092,49.9535123],[118.8276878,49.9589304],[118.9336026,49.9923669],[118.9758112,49.9767002],[119.0840802,49.9842595],[119.1751384,50.0411624],[119.1818306,50.087457],[119.2280534,50.0737741],[119.2860746,50.1093519],[119.2996848,50.1584156],[119.3526888,50.194526],[119.3098197,50.2163738],[119.3400945,50.2547218],[119.3159735,50.2809158],[119.3791216,50.320407],[119.3501228,50.3260876],[119.3648152,50.3316235],[119.3473762,50.3585157],[119.2943654,50.344234],[119.2690279,50.3646974],[119.2467742,50.3417267],[119.2095629,50.3633892],[119.1753501,50.3467039],[119.1880531,50.3614899],[119.1478374,50.3603797],[119.1693112,50.3770923],[119.1426853,50.3923297],[119.1674711,50.3969899],[119.1556248,50.4045235],[119.1760325,50.4220078],[119.2059419,50.409197],[119.2154587,50.4403128],[119.2567873,50.4685667],[119.2551299,50.4879602],[119.2254567,50.5009018],[119.2555843,50.5098959],[119.2750189,50.5522081],[119.2577764,50.561566],[119.2885456,50.5737234],[119.2742485,50.6034177],[119.3265326,50.6236107],[119.3282168,50.6407366],[119.3516678,50.6298853],[119.386515,50.6622144],[119.3735552,50.6799841],[119.4256538,50.6831021],[119.4917345,50.7462291],[119.4869177,50.7738022],[119.5156066,50.7888221],[119.487871,50.8436267],[119.5117375,50.8422622],[119.5027705,50.8577377],[119.5225033,50.8641258],[119.5151493,50.9045977],[119.5629829,50.9336798],[119.6243999,51.00902],[119.6875231,51.0290793],[119.6964476,51.0153475],[119.6934959,51.036975],[119.7218236,51.0603699],[119.7088834,51.0720261],[119.7563281,51.0905866],[119.7436336,51.1146868],[119.7753119,51.1531897],[119.7519431,51.1635309],[119.7812735,51.1720298],[119.7524792,51.2126993],[119.8151855,51.2141929],[119.7903171,51.2439735],[119.8208728,51.2596601],[119.8038781,51.2802999],[119.8746028,51.2969212],[119.878295,51.3374814],[119.9395708,51.3608422],[119.9022725,51.3890206],[119.9645534,51.3996351],[119.9682591,51.4351882],[119.9953628,51.4535563],[119.9780937,51.504339],[120.044391,51.5512707],[120.0275939,51.5836327],[120.0516216,51.6322636],[120.0952844,51.6489856],[120.0803649,51.6783186],[120.1667457,51.6780703],[120.2875153,51.7498174],[120.3084534,51.7834757],[120.3558323,51.7874061],[120.3989234,51.8136324],[120.3939926,51.8319979],[120.4698332,51.8514698],[120.4697091,51.8825273],[120.5355198,51.8779863],[120.5505036,51.9122194],[120.64758,51.9227252],[120.6542487,51.9547716],[120.6969717,51.9810889],[120.7116684,52.0135584],[120.6791109,52.0361783],[120.7191265,52.0773708],[120.7457618,52.0782102],[120.7348049,52.0925448],[120.760918,52.1084649],[120.7536734,52.1391169],[120.7795519,52.1637389],[120.7390554,52.2044505],[120.7516307,52.255407],[120.7108234,52.2589152],[120.6927596,52.2869761],[120.6310188,52.3121651],[120.6142057,52.3534646],[120.6431434,52.3624144],[120.6426959,52.3895622],[120.6835667,52.4289413],[120.676556,52.4659338],[120.6997762,52.4912609],[120.682075,52.5144119],[120.7262737,52.5399354],[120.4589993,52.6434643],[120.3909082,52.6152463],[120.2820189,52.6221078],[120.1846108,52.5770372],[120.0619671,52.5860533],[120.0267672,52.6354566],[120.0618436,52.7072149],[120.0266437,52.776256],[120.1374306,52.812691],[120.1791764,52.8081212],[120.21697,52.842333],[120.2808237,52.8609827],[120.2889753,52.8922303],[120.3389961,52.8998878],[120.3528776,52.9375205],[120.4059376,52.9580602],[120.4369382,53.0023997],[120.5552591,53.0804569],[120.6360335,53.1039235],[120.6499929,53.13373],[120.687645,53.1453325],[120.684644,53.1751485],[120.832706,53.238667],[120.8125743,53.2663779],[120.8782846,53.2934914],[121.0355041,53.2868564],[121.0874565,53.3053061],[121.1217855,53.2752272],[121.2265357,53.279163],[121.3271372,53.3231851],[121.4455627,53.321982],[121.8709863,53.4262629],[122.0789029,53.4205389],[122.159168,53.4691296],[122.243643,53.4636867],[122.3271847,53.5014361],[122.4296585,53.4432483],[122.5961455,53.4638679],[122.8261369,53.4557889],[123.05998,53.5067225],[123.1373138,53.4981214],[123.2712436,53.5608154],[123.4483909,53.5340843],[123.4810666,53.4960774],[123.5027771,53.5052021],[123.4786033,53.5281154],[123.5058768,53.555033],[123.5503839,53.5401204],[123.5229291,53.5026408],[123.5392098,53.4949658],[123.5629907,53.5039675],[123.5830096,53.5474985],[123.6120302,53.5477673],[123.695599,53.4933535],[123.8793642,53.4807228],[124.0081087,53.3975584],[124.0613615,53.3987514],[124.0724166,53.3653756],[124.1099497,53.3465035],[124.2437673,53.3747181],[124.3203496,53.3291717],[124.3618653,53.2591728],[124.4373351,53.2139981],[124.7076088,53.1927315],[124.7117256,53.1514201],[124.823912,53.1430901],[124.8620688,53.0990217],[124.8987478,53.1096357],[124.8779227,53.1553164],[124.8947171,53.1710359],[124.9754644,53.1957572],[125.1578079,53.2037569],[125.4947244,53.0947676],[125.507586,53.0484658],[125.6051735,53.0815844],[125.672697,53.0073086],[125.7426971,52.9839653],[125.7243043,52.9388205],[125.6564592,52.9159911],[125.6654624,52.8611685],[125.7667476,52.8966987],[125.8295396,52.8953718],[125.9092037,52.8186152],[125.9392957,52.7632283],[125.9779648,52.7569773],[126.0083476,52.7927389],[126.0385296,52.7979952],[126.1050202,52.7702062],[126.1077823,52.7571227],[126.0377128,52.7402595],[126.0629552,52.6814012],[125.9833907,52.6732013],[125.9632754,52.6224645],[126.0119622,52.5785182],[126.0382275,52.5763401],[126.0678239,52.603246],[126.1921035,52.537775],[126.1840317,52.4696134],[126.2625712,52.4735853],[126.3399577,52.3959426],[126.3404702,52.3549431],[126.3108737,52.3370059],[126.3348328,52.3033095],[126.4316939,52.2916503],[126.3113923,52.2399738],[126.3003969,52.2061976],[126.5542316,52.1303242],[126.5148031,52.0371876],[126.4382903,52.0254656],[126.4619475,51.9779382],[126.4566193,51.9440509],[126.5378208,51.8850146],[126.6176986,51.7744288],[126.6573523,51.7582809],[126.6590689,51.7341546],[126.7237853,51.7170351],[126.712799,51.6819253],[126.73357,51.6376269],[126.6695403,51.5987236],[126.7086791,51.5686439],[126.8386267,51.5285068],[126.7812918,51.4350724],[126.9146727,51.3902115],[126.9237708,51.3627809],[126.907463,51.3433766],[126.8137358,51.329542],[126.8252372,51.2721215],[126.8607711,51.2455873],[126.8999099,51.2449425],[126.9157027,51.2612733],[126.8691825,51.3150595],[126.9454001,51.3335105],[126.9773291,51.3202094],[126.894245,51.2033372],[126.9176588,51.0570394],[126.9858432,51.0210755],[127.046337,50.9605922],[127.1062468,50.9369075],[127.2331046,50.7739248],[127.3002242,50.7452574],[127.2809981,50.7073329],[127.2874214,50.6637986],[127.3670005,50.573974],[127.3539542,50.5419115],[127.3108364,50.5238993],[127.2861803,50.4702297],[127.3626618,50.4343991],[127.3613616,50.3959315],[127.325288,50.3351467],[127.380666,50.2851069],[127.6056331,50.2347146],[127.5852514,50.1457256],[127.5016447,50.0594152],[127.4889337,50.012711],[127.4990212,49.9719288],[127.5412405,49.9336611],[127.5233545,49.8579576],[127.5408951,49.8009946],[127.6651946,49.7703994],[127.6872401,49.667035],[127.8428066,49.5744854],[127.910399,49.5742775],[127.9590478,49.5963876],[128.0344656,49.5555744],[128.1694894,49.5360636],[128.2499716,49.5648864],[128.3295657,49.5402283],[128.3933811,49.5902235],[128.5529286,49.6019577],[128.7173616,49.5623248],[128.730428,49.5910431],[128.7527745,49.593385],[128.7958359,49.5777982],[128.8021721,49.5502838],[128.7472023,49.5131138],[128.7431887,49.4830985],[128.7932722,49.4717556],[128.86689,49.4894043],[128.9836595,49.4569225],[129.0269373,49.4258602],[129.0734497,49.3535964],[129.1262318,49.3504731],[129.1745703,49.3885157],[129.2260499,49.3995096],[129.3520798,49.3516938],[129.3773633,49.3665511],[129.3651125,49.4022608],[129.3799698,49.4293689],[129.4302762,49.4416197],[129.500653,49.4246771],[129.5366434,49.3980359],[129.5593003,49.2894625],[129.6000276,49.2757781],[129.71048,49.2910916],[129.7443651,49.2643745],[129.7645658,49.1865039],[129.8424364,49.1770552],[129.8600306,49.1588093],[129.8489528,49.1151497],[129.9222619,49.0942973],[129.9137906,49.0424922],[130.0196816,49.0092587],[130.0506344,48.9721154],[130.164345,48.9173779],[130.2242955,48.865247],[130.421084,48.9039212],[130.4646859,48.9003103],[130.5185693,48.8533662],[130.6693459,48.8771033],[130.6812262,48.8523837],[130.6067545,48.7750448],[130.5227923,48.6120583],[130.5994349,48.585015],[130.6083675,48.5019152],[130.6255707,48.4884678],[130.7250738,48.5131077],[130.7581971,48.4972857],[130.7320601,48.4302581],[130.7663198,48.3584883],[130.8095544,48.343911],[130.8356469,48.301678],[130.7648702,48.2474381],[130.7467745,48.1812413],[130.6672668,48.1317259],[130.6561518,48.0952509],[130.6817078,48.0471894],[130.8804506,47.9178204],[130.949798,47.825461],[130.9574947,47.7203175],[130.9937326,47.6961667],[131.0895258,47.6831675],[131.1751012,47.6953355],[131.2546492,47.7347808],[131.3660199,47.7266817],[131.4526662,47.7430901],[131.5475156,47.7266399],[131.5522286,47.6825384],[131.5944325,47.6565182],[131.7101398,47.7084722],[131.8122129,47.6671685],[131.9003025,47.6899998],[131.952136,47.6623942],[131.9827995,47.669797],[131.9995115,47.7112387],[132.0755326,47.6980177],[132.2528236,47.7080661],[132.3091865,47.756778],[132.5487282,47.7143226],[132.6036772,47.7420925],[132.598655,47.8103357],[132.6804877,47.8720795],[132.6521269,47.9355958],[132.666225,47.9558781],[132.7191884,47.9618886],[132.78052,47.9250508],[132.8157923,47.935005],[132.8630603,47.9917265],[133.0078184,48.0404716],[133.0652611,48.1072192],[133.2866995,48.0927618],[133.3915256,48.1235587],[133.4644876,48.1091196],[133.5432442,48.1265838],[133.5654847,48.1373754],[133.5933983,48.1982513],[133.703184,48.1842867],[133.7464041,48.2567535],[133.9941194,48.3021697],[134.0340251,48.3450805],[134.1231536,48.3318896],[134.1883145,48.3837178],[134.3975619,48.3863283],[134.5222446,48.3470962],[134.566917,48.3717869],[134.6304735,48.2975439],[134.7230192,48.2745707],[134.6760736,48.2573316],[134.6691084,48.1550981],[134.627746,48.0968491],[134.5446555,48.0324175],[134.5438852,47.9849746],[134.592794,47.9476883],[134.6012592,47.9035681],[134.6698204,47.8817313],[134.6633455,47.8248592],[134.7608739,47.7635194],[134.7703977,47.7151355],[134.6763379,47.62951],[134.6716199,47.5869439],[134.5724886,47.5185095],[134.5631321,47.4784451],[134.4861697,47.4430053],[134.3111775,47.433286],[134.2608592,47.3953132],[134.2538018,47.3642073],[134.1693339,47.3183854],[134.150077,47.2529601],[134.2197881,47.1869171],[134.2222345,47.1179925],[134.139837,47.092521],[134.0965784,47.0087764],[134.055723,46.9750543],[134.0680826,46.9328718],[134.0141809,46.8237464],[134.0467966,46.7741561],[134.0162408,46.7240494],[134.0078968,46.6404363],[133.9130956,46.5961777],[133.8415316,46.4723322],[133.8474893,46.4443641],[133.8908482,46.4468465],[133.9401648,46.3995158],[133.9373514,46.3794913],[133.8706582,46.3612872],[133.8615561,46.3435795],[133.9168304,46.3310022],[133.8996193,46.3012136],[133.9107072,46.2634815],[133.8536125,46.2485872],[133.8731405,46.2348514],[133.8464964,46.2030769],[133.8066128,46.2292246],[133.7779827,46.1840454],[133.6880023,46.15563],[133.6817822,46.1376931],[133.7350144,46.0772282],[133.735593,46.0540838],[133.6755621,45.9884115],[133.6684747,45.9409946],[133.597739,45.9327202],[133.612031,45.9048224],[133.5847201,45.8672222],[133.523191,45.8958491],[133.478227,45.8555972],[133.4897066,45.8370817],[133.4616556,45.835693],[133.462128,45.796393],[133.4976924,45.7780768],[133.4624174,45.777348],[133.4573369,45.7556934],[133.479866,45.7381615],[133.4473841,45.7304159],[133.4208104,45.6950974],[133.4769609,45.6895987],[133.4802591,45.6573967],[133.4387623,45.6442041],[133.4693452,45.6194379],[133.4046414,45.6170992],[133.4129426,45.5714114],[133.3644365,45.5754732],[133.2470742,45.5164022],[133.1935684,45.5143389],[133.2046474,45.5061794],[133.1614854,45.4647276],[133.164331,45.4416621],[133.1339229,45.4272582],[133.1413558,45.375518],[133.111552,45.350648],[133.123929,45.3344601],[133.0989391,45.3194124],[133.1137466,45.3094061],[133.0906917,45.2917953],[133.1051098,45.2647543],[133.0861491,45.2525539],[133.1021129,45.2517316],[133.0874352,45.2419376],[133.1307251,45.1899739],[133.1190919,45.1344987],[133.1350521,45.1416962],[133.1324658,45.1253341],[133.1007372,45.123315],[133.0953226,45.1024311],[133.0398664,45.0772153],[133.0374783,45.0564054],[132.9501371,45.0151103],[132.8632016,45.0611943],[131.9971632,45.2517744],[131.92766,45.280063],[131.9112217,45.3362833],[131.8803988,45.3402847],[131.8226445,45.3094849],[131.8266892,45.2916071],[131.7775512,45.2345705],[131.7861404,45.2096203],[131.7140579,45.2323039],[131.6743719,45.2132832],[131.6429472,45.1571666],[131.6801768,45.1490385],[131.680045,45.116035],[131.476186,44.993497],[131.486276,44.966268],[131.349244,44.987801],[131.305217,44.963455],[131.285996,44.926638],[131.210572,44.91477],[131.142807,44.944972],[131.081815,44.92221],[131.094384,44.894324],[131.071333,44.87928],[130.959151,44.8525411],[130.9591261,44.8227039],[131.008447,44.811526],[131.018817,44.779342],[131.057196,44.784002],[131.083004,44.715049],[131.1044767,44.7075263],[131.3032214,44.0439331],[131.2557281,44.0305325],[131.2359598,43.984699],[131.2387071,43.9529871],[131.261229,43.9366797],[131.2046044,43.8249127],[131.2171412,43.8039078],[131.2034061,43.7834921],[131.223097,43.760018],[131.211621,43.682089],[131.2333648,43.6635582],[131.2083335,43.6087165],[131.2391759,43.6001517],[131.1860795,43.5584796],[131.218874,43.514756],[131.3129067,43.4944951],[131.287309,43.439907],[131.311365,43.395416],[131.272877,43.375379],[131.247919,43.26232],[131.1980009,43.2333303],[131.210391,43.143803],[131.157977,43.099333],[131.163578,43.067067],[131.113457,43.066334],[131.095619,43.021124],[131.110491,42.968315],[131.143586,42.965296],[131.137532,42.934039],[131.107478,42.912674],[131.026361,42.925863],[131.010031,42.911591],[131.035367,42.860293],[130.974335,42.854546],[130.941738,42.874691],[130.883698,42.850347],[130.826974,42.880665],[130.781648,42.868503],[130.771956,42.836053],[130.719951,42.828189],[130.658965,42.845129],[130.4593221,42.7699968],[130.421564,42.72796],[130.39465,42.724967],[130.459173,42.685219],[130.521415,42.7014344],[130.5846736,42.6698892],[130.6256394,42.5882199],[130.6033431,42.55491],[130.5634567,42.5551144],[130.5529966,42.5190073],[130.5930855,42.4837592],[130.5925964,42.445877],[130.6358361,42.4263318],[130.6722736,42.3730069],[130.6465382,42.3496818],[130.6503807,42.3301851],[130.9190069,42.1226742],[133.1883251,42.4874985],[133.5017814,42.5831976],[133.8136429,42.6181787],[134.0795332,42.7031253],[134.3537922,42.8831619],[134.939752,43.1475023],[135.0942882,43.2620664],[135.2881542,43.3344601],[135.3525824,43.3760161],[135.4453342,43.5079951],[135.6737703,43.6664222],[135.8909078,43.9648538],[135.9200344,44.0504919],[136.0652383,44.2086003],[136.3561395,44.362833],[136.5413771,44.5787505],[136.6706909,44.6491676],[136.7429293,44.7600794],[137.1231883,45.1118362],[137.3520274,45.2435333],[137.5892936,45.4811425],[137.9121312,45.6869933],[138.0362685,45.8538872],[138.3609064,46.1496081],[138.3933744,46.2147466],[138.4029906,46.2990452],[138.5964971,46.44357],[138.6457435,46.5660025],[138.653782,46.6646135],[138.7545057,46.7834529],[138.8172262,46.9334906],[139.0012925,47.0843891],[139.1649634,47.1558525],[139.2443944,47.2161153],[139.3268318,47.3354687],[139.4096183,47.5137058],[139.460901,47.5653439],[139.5539813,47.720147],[139.7525425,47.8315939],[139.9794938,48.0446216],[140.2544032,48.1955131],[140.4524054,48.3747229],[140.4739818,48.4351555],[140.4975903,48.6991349],[140.623395,48.8209143],[140.6885052,48.9378365],[140.6928858,48.9963087],[140.6603268,49.1094717],[140.7231277,49.2543621],[140.7354937,49.3281559],[140.8503877,49.5337851],[140.8347932,49.757696],[140.9122189,49.9470413],[140.9730672,50.0122033],[140.9957501,50.0668532],[140.9832099,50.1545589],[140.7988598,50.457233],[140.804955,50.7422728],[140.9584944,50.9146048],[140.9951644,51.0183064],[140.9950248,51.1638623],[141.1306279,51.2662585],[141.2001422,51.3767176],[141.2142793,51.4391407],[141.4154346,51.6197766],[141.5591809,51.5446272],[141.7234665,51.4115915],[141.8370576,51.2666103],[141.9309524,51.0780935],[141.7541118,50.8902442],[141.7193133,50.8146907],[141.7434767,50.6508551],[141.7328298,50.508328],[141.7940518,50.3773378],[141.8565491,50.1304395],[141.821554,49.962484],[141.8473854,49.7692639],[141.8349041,49.5611224],[141.7672917,49.3759212],[141.7647488,49.2798742],[141.7124835,49.0569439],[141.5709853,48.8592327],[141.5455649,48.7754045],[141.5927985,48.6003108],[141.8396914,48.2903226],[141.8779502,48.0525129],[141.6666016,47.6331098],[141.6718637,47.284024],[141.7581661,47.1287124],[141.7168646,46.9977159],[141.5207147,46.6181824],[141.524919,46.5018077],[141.6008642,46.2766209],[141.6436645,45.9963012],[141.7873698,45.8207193],[141.9149944,45.7287505],[142.224928,45.5922001],[142.3523118,45.6133278],[142.4542392,45.6721302],[142.5069849,45.7579803],[142.4980751,45.8528836],[142.4307202,45.9300085],[142.5128708,46.1053991],[142.5403371,46.2424064],[142.5880213,46.3358759],[142.7683721,46.398919],[142.9338046,46.4073699],[143.0643016,46.3240195],[143.1177928,46.22435],[143.1099836,46.0887891],[143.1277081,45.9912515],[143.1654384,45.9207996],[143.2158336,45.8767053],[143.3364201,45.8283244],[143.4723082,45.8245321],[143.5954674,45.8649056],[143.6782459,45.9403904],[143.7435522,46.0471909],[143.7724492,46.1436329],[143.890684,46.3093015],[143.9052916,46.371385],[143.8816627,46.4611573],[143.8258747,46.5456569],[143.79941,46.7357278],[143.7535147,46.8899443],[143.7003979,46.9547048],[143.6263779,47.0046569],[143.3351091,47.1082968],[143.3099912,47.2769426],[143.2842624,47.3368953],[143.1685111,47.4804121],[142.929041,47.6191917],[142.8629191,47.7054954],[142.8234313,47.7960415],[142.8269295,47.9346552],[142.8691729,48.0914096],[143.0930998,48.6025634],[143.2670372,48.8353171],[143.3105615,49.0667556],[143.4234012,49.1038633],[143.564169,49.1167936],[143.8947291,49.0767727],[144.1158241,48.8982704],[144.2603821,48.8164996],[144.3391248,48.7356423],[144.3728695,48.6117079],[144.328654,48.529756],[144.337665,48.445624],[144.406827,48.364821],[144.524969,48.313083],[144.691684,48.305674],[144.837295,48.357755],[144.896666,48.411727],[144.9349669,48.486663],[145.0183651,48.5552222],[145.0501452,48.6525345],[144.9881167,48.9008512],[144.9589824,48.9545396],[144.6589948,49.1649482],[144.5869881,49.2916574],[144.5520835,49.3992062],[144.5348112,49.5563996],[144.4334717,49.6876067],[144.4298885,49.7783187],[144.3148138,49.9749892],[144.2931857,50.0797631],[144.1363954,50.2916241],[144.0638431,50.4416337],[144.0172696,50.5863366],[143.9794275,50.8434157],[143.7974089,51.3541343],[143.7500992,51.5362177],[143.6489099,51.7641345],[143.5527045,51.9112747],[143.4791033,52.0683145],[143.4677015,52.2053858],[143.5929619,52.3891973],[143.6345054,52.5200237],[143.6661674,52.8415975],[143.5926608,53.1903366],[143.5344965,53.355718],[143.240215,53.8567343],[143.3335965,54.055287],[143.3033223,54.1908587],[143.1480962,54.3513881],[143.0351293,54.5068974],[142.9561208,54.5687686],[142.7662781,54.622842],[142.5673303,54.6120328],[142.0768413,54.4788965],[141.9749087,54.4200465],[141.9206629,54.3403302],[141.9179193,54.2819202],[141.9493804,54.2168815],[142.1503471,54.0244262],[142.2961991,53.9160466],[142.3071793,53.8434669],[142.0373855,53.7099884],[141.4917414,53.5566399],[141.1103353,53.6663993],[140.8578498,53.7616081],[140.7908182,53.8421026],[140.6701615,53.9013848],[140.6701615,53.9855525],[140.6321769,54.0459432],[140.4824731,54.1638455],[140.1942375,54.2748901],[140.1540186,54.3153144],[140.156253,54.401247],[140.0780495,54.4895957],[139.5663754,54.7315729],[138.7552937,55.1742349],[138.710606,55.2137719],[138.5743085,55.2685485],[137.8436647,55.9174954],[137.944212,55.9687983],[138.245854,56.2155983],[138.4067297,56.2404397],[138.4826988,56.2851136],[138.5899492,56.406462],[138.623465,56.5335859],[138.8938256,56.6823825],[138.9452164,56.7485986],[138.9385132,56.8134751],[139.1619517,56.8989892],[139.3339994,57.0159482],[139.3764527,57.0779335],[139.5864848,57.1167734],[139.8367359,57.2451401],[139.9819709,57.2584357],[140.086987,57.2910499],[140.2098782,57.3911276],[140.2232845,57.4452726],[140.2076438,57.5041395],[140.2456284,57.5473283],[140.4623637,57.5629116],[140.5450359,57.5952558],[140.7416618,57.6992804],[140.8466779,57.7851445],[140.8779593,57.8850617],[141.0231943,58.0958769],[141.0455381,58.1584081],[141.1818356,58.2373001],[141.4499618,58.3160171],[141.794057,58.4507208],[142.0934646,58.6442569],[142.269981,58.8159073],[142.4643725,58.9602237],[142.6900453,59.0430768],[142.833046,59.0695017],[143.6508308,59.1360483],[143.8921443,59.2058978],[144.3010368,59.1738534],[144.8752737,59.1612564],[145.3891822,59.1944568],[145.7913714,58.9671357],[145.9276689,58.9440902],[146.1712168,58.949853],[146.2561235,58.9798042],[146.5331872,59.0223822],[146.949976,59.1512131],[147.4828007,59.040778],[147.7933802,59.0591639],[148.5664773,59.0568662],[148.7921502,58.940632],[148.9061038,58.9187223],[150.3048287,58.8078078],[150.6757366,58.8078078],[150.9818473,58.7684403],[151.0734571,58.6895713],[151.2924268,58.6384431],[151.7124911,58.6454195],[152.1213836,58.6849264],[152.4118536,58.7614884],[152.6330577,58.7162676],[153.0039655,58.7127866],[153.227404,58.7869717],[153.2765605,58.8378822],[153.2653886,58.8760161],[153.4575457,58.8933358],[153.6139526,58.9579193],[153.8306879,58.8783259],[154.0317826,58.8401946],[154.4138624,58.891027],[154.5613318,58.947548],[154.9076614,58.9348676],[155.1042873,58.9740464],[155.6740554,59.0085789],[155.7813059,59.040778],[155.8818532,59.1039385],[155.9801661,59.2824533],[156.0002756,59.3474474],[155.9779317,59.4009456],[155.904197,59.4668485],[155.8215248,59.5088229],[155.1132248,59.6818397],[154.9746929,59.6987542],[154.8964895,59.8965808],[154.8875519,59.9659905],[155.1690844,60.186683],[155.6539459,60.3440497],[155.9667598,60.4984603],[156.1723232,60.546838],[156.3063863,60.6795047],[156.3533084,60.818164],[156.4158711,60.8845513],[156.6035595,60.9605637],[156.8783888,61.0277376],[156.972233,61.0731619],[157.0347957,61.1239166],[157.0705459,61.1810531],[157.0683115,61.2960891],[157.146515,61.3807526],[157.2291872,61.4192575],[157.5151885,61.492926],[157.9173777,61.5366177],[158.116238,61.5312927],[158.7619752,61.613196],[159.0658515,61.620631],[159.1865083,61.5589726],[159.3317433,61.2348606],[159.3697278,60.9627328],[159.4099468,60.8519191],[159.8322455,60.4467042],[159.957371,60.3959693],[160.1003717,60.3749905],[160.2567786,60.3805125],[160.4891546,60.4378864],[160.7505776,60.4687381],[161.4097212,60.3208248],[160.909219,59.9603984],[160.5025609,59.7719518],[160.28806,59.7336838],[160.200919,59.6897342],[160.1405906,59.6457268],[160.1048404,59.5858292],[159.5239004,59.2287682],[159.4188843,59.1268772],[159.2200241,58.8540654],[158.929554,58.6849264],[158.7798503,58.5592793],[158.4379894,58.4214811],[157.9799405,58.1831543],[157.8414086,58.2137686],[157.5710481,58.2043517],[157.4481569,58.1784421],[157.3476096,58.1230266],[157.233656,58.020221],[157.1264055,58.0509755],[156.9409516,58.0557046],[156.8314667,58.0356016],[156.5767468,57.9349165],[156.4471525,57.8232409],[156.4024648,57.7303104],[156.4136368,57.6562719],[156.4627932,57.6060308],[156.6236689,57.5293392],[156.6080282,57.4332473],[156.4203399,57.4356527],[156.2326516,57.380289],[156.136573,57.2608526],[156.1410418,57.2052247],[156.1812607,57.1398153],[156.1544481,57.0767191],[155.8349311,56.9404542],[155.7276806,56.8538132],[155.6316021,56.7204097],[155.3098507,56.0325193],[155.3009131,55.8284931],[155.2227097,55.4134053],[155.2137721,55.2392588],[155.2897412,54.7998932],[155.3768822,54.4766152],[155.5757425,53.9329676],[155.7254462,53.3207932],[155.8103529,52.8510963],[156.1030573,52.2505924],[156.1522137,52.090258],[156.1723232,51.8879925],[156.1633857,51.5682987],[156.2259484,51.2631219],[156.2616986,51.193161],[156.3812393,51.1118723],[156.3833193,51.0599295],[156.2208473,51.0166219],[156.1161936,50.9641785],[155.9614852,50.9637968],[155.911508,51.0199553],[155.8353233,51.0658802],[155.6338129,51.1156901],[155.4141575,51.1110277],[155.2520147,51.0558639],[155.1581936,50.9481121],[155.14704,50.8436839],[155.2063456,50.7386593],[155.2939077,50.6725841],[155.3910204,50.5560049],[155.1005901,50.4836422],[154.7635428,50.3613933],[154.6561649,50.2606038],[154.6417934,50.2047026],[154.6572368,50.1378813],[154.4921149,50.0144417],[154.384372,50.0140864],[154.2613612,49.9848539],[154.1621287,49.9319626],[154.1128806,49.8792369],[154.0810208,49.7991165],[154.0893557,49.697566],[154.1963118,49.5928496],[154.3160483,49.4184558],[154.2179248,49.2941175],[153.94266,49.1726396],[153.4260565,49.1887858],[153.3015053,49.1557158],[153.2179728,49.0987021],[153.1692313,49.0160252],[153.1721116,48.9305621],[153.2261363,48.8541002],[153.3173958,48.7996751],[153.2748657,48.5003462],[153.0992485,48.4775274],[152.9745345,48.3958205],[152.7904522,47.9316817],[152.7010966,47.8384087],[152.634012,47.704134],[152.5901501,47.6698747],[152.2158941,47.5075237],[151.8362959,47.1500855],[151.5380036,47.0099028],[151.4353059,46.9149382],[151.4194668,46.8004965],[151.5171798,46.6601502],[151.6723341,46.584541],[151.8719798,46.5750462],[151.9834321,46.6100733],[152.2373345,46.7614405],[152.6752096,47.1317925],[153.0488193,47.3738844],[153.2928607,47.6077069],[153.3526248,47.7188722],[153.539334,47.9349926],[153.5831156,48.011253],[153.5981654,48.0725194],[153.5690857,48.2845997],[153.7038063,48.3506402],[153.8713421,48.3285038],[154.0517916,48.3833292],[154.2495468,48.5859119],[154.4113027,48.6945089],[154.4830965,48.7672449],[154.6886191,48.8996983],[154.8191204,48.9599681],[155.0843396,49.1896259],[155.1448118,49.2926282],[155.2279649,49.5835854],[155.2211413,49.6597394],[155.4030776,49.7946667],[155.5142547,49.812831],[155.6207904,49.8599507],[155.7565555,49.9722304],[155.9398974,50.0139053],[156.0999451,50.1001013],[156.3696568,50.3524463],[156.6643459,50.5162277],[156.8015803,50.6852465],[156.9355381,50.7456997],[157.2634756,50.9682919],[157.5156723,51.0880598],[158.1696407,51.5036991],[158.5820557,51.8845198],[158.677719,52.0430131],[158.8073958,52.1644495],[160.282736,52.9515111],[161.9770387,54.358625],[162.427719,54.6314785],[162.4766135,54.6782111],[163.3567156,55.8971452],[163.6479571,56.0327866],[163.7244877,56.1407207],[163.7117326,56.3933538],[163.6415795,56.6922148],[163.6904741,57.7203302],[163.847787,58.3416175],[164.8979571,58.7200475],[166.645406,59.7100879],[166.787838,59.8256882],[167.0897088,59.9983394],[167.1662394,60.0758459],[167.7083312,60.2398122],[168.3290795,60.3893098],[168.6564605,60.3430597],[168.9540795,60.3598855],[169.1560353,60.3377999],[169.3792496,60.2313695],[169.5960863,59.9877079],[169.8618176,59.8214139],[170.097787,59.7400968],[170.2189605,59.7261674],[170.5123278,59.7561619],[170.750423,59.8491874],[170.807821,59.8982685],[170.8779741,60.0440159],[171.0246577,60.189123],[171.3881781,60.3788041],[171.8707462,60.5538041],[172.3745727,60.6935421],[173.2971918,61.1553213],[173.365219,61.2167967],[173.6607122,61.3475438],[174.1709162,61.5162968],[174.3558652,61.6023535],[174.6556101,61.6286291],[174.9851169,61.6962366],[175.1275489,61.7677191],[175.4676849,61.8460581],[175.8120727,61.9841691],[176.2457462,62.0868458],[176.4965965,62.1216572],[176.8749979,62.2723749],[177.2215115,62.3464655],[177.810372,62.3484387],[178.6819707,62.1802487],[178.875423,62.0898312],[179.0965115,62.0699231],[179.2113074,62.0778879],[179.4749128,62.163378],[179.998936,62.5524594],[179.9999989,62.8803678],[179.928783,62.9534413],[179.8766986,63.1667736],[179.657736,63.3313553],[179.372872,63.4418235],[179.2835863,63.5414503],[179.260202,63.5755281],[179.2261884,63.7772624],[179.1156441,64.0381221],[179.0773788,64.0976195],[178.9009332,64.2624298],[179.1794196,64.512388],[179.4175149,64.5918586],[179.5684503,64.5982427],[179.785287,64.6383372],[179.997872,64.7464787]]],[[[-179.999998,71.7490757],[-179.9999034,70.7165009],[-179.8091132,70.6790616],[-179.4905097,70.662243],[-179.0723426,70.6906445],[-178.5477454,70.7638485],[-178.1886298,70.7835203],[-177.5933082,70.8507553],[-177.1085365,70.9731332],[-176.9128425,71.0742794],[-176.8173988,71.217402],[-176.8290717,71.2639951],[-176.8737037,71.3142169],[-177.0371253,71.3978506],[-177.264405,71.452532],[-177.4086005,71.5383952],[-177.5672157,71.6011321],[-178.0403144,71.7160823],[-178.9508064,71.7977646],[-179.6244056,71.790256],[-179.999998,71.7490757]]],[[[-168.976944,65.5],[-168.9771082,66.0153668],[-169.1853336,66.0143899],[-169.1592411,66.0644439],[-169.1609577,66.1073088],[-169.2275623,66.2165088],[-169.2797474,66.2517904],[-169.4888309,66.3273065],[-169.7408298,66.3607812],[-169.9557499,66.4560013],[-170.2084357,66.5025859],[-170.3526313,66.5777592],[-170.7886512,66.729867],[-170.8284766,66.746409],[-170.8387763,66.7929921],[-170.9019477,66.8610826],[-170.9754188,66.901523],[-171.129914,66.9461991],[-171.2068183,67.0328951],[-171.3496406,67.0947083],[-171.7842872,67.1688895],[-172.1090705,67.1640933],[-172.6460273,67.2431089],[-172.9248054,67.2404527],[-173.357392,67.2815915],[-174.2280585,67.607913],[-174.9449165,67.8196161],[-175.4365546,67.997798],[-177.264405,68.4617832],[-177.6406867,68.5982505],[-178.0924995,68.7311537],[-178.453675,68.8937036],[-178.9391334,69.0105951],[-179.0860755,69.076657],[-179.3250282,69.122464],[-179.6244056,69.1271128],[-179.999999,69.2895084],[-179.9999985,64.7463246],[-179.7507484,64.865275],[-179.3161018,65.0063543],[-179.1217811,65.1435176],[-179.0702827,65.2121225],[-178.7269599,65.2624541],[-178.4234626,65.2446333],[-177.5012977,65.2460709],[-177.1778876,65.2814114],[-176.9327552,65.349946],[-176.7988593,65.3656924],[-176.464463,65.2943291],[-176.3930518,65.26073],[-176.3216407,65.1720765],[-176.2543494,65.1302373],[-176.3491065,65.0564979],[-176.3642127,64.9979395],[-176.3415534,64.9407067],[-176.1259467,64.8065891],[-175.924073,64.7539259],[-175.7455451,64.6282912],[-175.5395515,64.5797015],[-174.9668891,64.5643703],[-174.4917304,64.4280763],[-174.3791206,64.3086698],[-174.1401679,64.2192221],[-173.7673194,64.1309824],[-173.260575,64.0529787],[-173.045655,64.0430626],[-172.7455909,64.0797046],[-172.3796088,64.1926302],[-171.9854743,64.2329563],[-171.8110664,64.321467],[-171.594773,64.7524616],[-171.6091926,65.0996097],[-171.6311652,65.1530407],[-171.6799171,65.1968603],[-171.4409644,65.313837],[-171.1518867,65.2693493],[-170.9500129,65.2696365],[-170.7804115,65.3006421],[-170.2901466,65.4457094],[-170.0862128,65.5544822],[-170.0237281,65.6293907],[-170.0099952,65.7371172],[-169.9488837,65.7791247],[-169.8774726,65.7875743],[-169.0485821,65.4690061],[-168.976944,65.5]]]]}},{"type":"Feature","properties":{"polity_id":"russian-federation","name":"Россия","start_date":"2004-10-14","end_date":"2018-08-12","status":"provisional-source-capture","confidence":"unreviewed","legal_basis":[],"source_ids":["capture:ohm:2889973"],"provenance":{"capture_source":"OpenHistoricalMap","capture_id":2889973,"capture_date":"2026-08-22"},"notes":"One-time geometry capture. Review against project historical sources before marking verified."},"geometry":{"type":"MultiPolygon","coordinates":[[[[42.776616,43.1887686],[42.815983,43.1662528],[42.8602669,43.1785579],[42.8811096,43.1535365],[42.932116,43.148414],[42.9274672,43.1240966],[43.0412311,43.0907638],[43.0156191,43.0711493],[43.0350352,43.0298707],[43.1128329,43.0002885],[43.1862957,42.9376125],[43.317549,42.914819],[43.334799,42.890121],[43.389892,42.899134],[43.560212,42.868377],[43.61052,42.834136],[43.607313,42.814292],[43.685277,42.801757],[43.705951,42.778002],[43.803868,42.743609],[43.778272,42.677445],[43.71445,42.63389],[43.769971,42.588722],[43.838932,42.598367],[43.964197,42.547144],[44.022132,42.597322],[44.116165,42.618014],[44.163241,42.6063],[44.193912,42.635059],[44.232382,42.626937],[44.249478,42.681066],[44.317242,42.722853],[44.520099,42.6976],[44.500896,42.735888],[44.55288,42.766488],[44.580033,42.745145],[44.678169,42.756595],[44.712315,42.742975],[44.75184,42.713938],[44.767507,42.64158],[44.827428,42.615649],[44.835358,42.673057],[44.868548,42.691414],[44.886203,42.74667],[44.943068,42.751042],[44.979056,42.745537],[45.034593,42.692943],[45.086748,42.711965],[45.15835,42.707687],[45.25599,42.605704],[45.284111,42.606562],[45.295723,42.574773],[45.325373,42.565447],[45.340592,42.522375],[45.418463,42.551473],[45.493372,42.535215],[45.571416,42.548285],[45.613767,42.505469],[45.682322,42.506437],[45.720676,42.475653],[45.7755971,42.4884386],[45.781189,42.446653],[45.735537,42.379492],[45.752867,42.308699],[45.721915,42.289026],[45.652013,42.291996],[45.609699,42.211304],[45.746536,42.149291],[45.740027,42.133105],[45.784745,42.102476],[45.803894,42.1168],[45.89706,42.106466],[45.923415,42.083212],[45.912171,42.063217],[45.935022,42.050966],[45.929398,42.032543],[45.951945,42.024272],[46.021713,42.043352],[46.039669,42.019314],[46.072778,42.041008],[46.106783,41.985324],[46.133056,42.007595],[46.159085,41.98954],[46.236748,42.01558],[46.256585,42.00563],[46.244273,41.979793],[46.2702,41.983004],[46.284421,41.944363],[46.319925,41.928895],[46.338926,41.946306],[46.399062,41.940193],[46.4428567,41.8639041],[46.5071302,41.8895433],[46.5370363,41.8804546],[46.5547358,41.8226605],[46.5822084,41.8032353],[46.6242826,41.8345914],[46.7219038,41.8283146],[46.7163812,41.8473684],[46.7599045,41.8616889],[46.7837287,41.8166147],[46.7659419,41.8010103],[46.7922708,41.7736364],[46.8312102,41.7600582],[46.8641532,41.7200805],[46.9149746,41.7265824],[46.9274149,41.6766517],[46.9995119,41.6413436],[47.008862,41.6228299],[46.9910625,41.5998102],[47.0226854,41.5761664],[47.0186463,41.5558646],[47.065459,41.5556562],[47.1128643,41.5948055],[47.1241203,41.5831323],[47.1293941,41.5517429],[47.1730687,41.5300025],[47.1580894,41.4991219],[47.1919386,41.4883052],[47.2172786,41.4459491],[47.2421251,41.446348],[47.218765,41.4000376],[47.2601204,41.3956476],[47.2709735,41.3280566],[47.3745106,41.2727729],[47.4535501,41.2742356],[47.470721,41.2571121],[47.4983599,41.2684394],[47.5038818,41.2274391],[47.5568364,41.1985139],[47.6204916,41.2371353],[47.701103,41.2257384],[47.7482548,41.1874479],[47.7820921,41.1858712],[47.8115528,41.2193639],[47.8856098,41.2194185],[47.9105994,41.2553761],[47.898404,41.2988282],[47.9706298,41.3229379],[47.9501437,41.3511243],[48.0014055,41.3731815],[48.0022293,41.4299592],[48.0637345,41.4575128],[48.0647892,41.4922878],[48.2242759,41.5169332],[48.2844658,41.5608482],[48.3773442,41.5910142],[48.412773,41.6231551],[48.4201743,41.6582816],[48.5543808,41.7802639],[48.5858775,41.838479],[48.6361044,41.8666447],[48.5180279,41.9413614],[48.4054181,41.9839945],[48.3463665,42.1183443],[48.2818219,42.1590773],[48.147926,42.3423055],[48.0037304,42.4639931],[47.929916,42.6140019],[47.8039166,42.6710773],[47.7644341,42.8830089],[47.5268548,43.0458095],[47.5337212,43.1120122],[47.6257317,43.2882028],[47.5584405,43.4180169],[47.5873903,43.537511],[47.6237577,43.5858004],[47.6257317,43.6499887],[47.7067559,43.792907],[47.7733605,43.8592875],[47.9128149,43.9482951],[47.9256587,44.004412],[47.8667443,44.0387384],[47.6580041,44.0505838],[47.6003259,44.0259032],[47.5495141,43.93944],[47.499389,43.9216376],[47.3355134,44.1375224],[47.2882455,44.2512248],[47.2302906,44.2839563],[47.1445777,44.2770638],[47.0904916,44.3804352],[46.9839167,44.4555816],[46.932955,44.6105795],[46.9985556,44.654514],[47.0338984,44.7763804],[47.0866483,44.7487731],[47.1523085,44.7587094],[47.2663473,44.8500518],[47.3692651,45.1468978],[47.4270421,45.2200627],[47.4847006,45.248812],[47.534581,45.40638],[47.6096701,45.4798976],[47.631552,45.5295747],[47.7073326,45.5841403],[47.7369202,45.6480406],[47.8453586,45.7014942],[48.137558,45.7034214],[48.2631104,45.7332656],[48.4323755,45.928566],[48.5107457,45.9768828],[48.5822626,45.9045318],[48.6463623,45.8977734],[48.7252229,45.9193936],[48.7714743,45.9588115],[48.7991021,46.027899],[49.0002861,46.1316814],[49.083898,46.2235765],[49.1220905,46.3059633],[49.1260744,46.3893472],[49.052793,46.392935],[48.881428,46.479466],[48.828806,46.478802],[48.786163,46.542105],[48.703198,46.562959],[48.545836,46.560169],[48.55728,46.585743],[48.621694,46.60263],[48.564813,46.610631],[48.559687,46.642998],[48.489211,46.659623],[48.506561,46.680553],[48.499301,46.717624],[48.553949,46.753536],[48.661775,46.772261],[48.750293,46.685362],[48.919936,46.692624],[49.020459,46.759354],[48.979153,46.82405],[48.710213,47.095023],[48.519886,47.411304],[48.444466,47.40713],[48.199549,47.689642],[48.027191,47.766624],[47.65357,47.757662],[47.414791,47.837152],[47.385302,47.680886],[47.194407,47.760469],[47.12318,47.831238],[47.180744,47.853693],[47.050191,47.997947],[47.147387,48.03571],[47.158745,48.060486],[47.200645,48.054179],[47.211097,48.082669],[47.090625,48.103469],[47.124418,48.157937],[47.098173,48.224669],[47.123111,48.268897],[46.737267,48.355817],[46.674366,48.389216],[46.493672,48.43291],[46.778814,48.947884],[46.969829,49.026614],[47.034848,49.11133],[47.049099,49.165813],[46.993236,49.233796],[46.779962,49.337982],[46.902785,49.863805],[47.18163,49.934544],[47.320216,50.062096],[47.352643,50.096652],[47.316225,50.153173],[47.257261,50.191878],[47.335049,50.238009],[47.300884,50.263106],[47.297427,50.30375],[47.340497,50.33219],[47.4072,50.336849],[47.473149,50.420568],[47.540956,50.459978],[47.636432,50.455959],[47.625058,50.448129],[47.649294,50.44783],[47.652049,50.422784],[47.674856,50.420764],[47.663687,50.40881],[47.742494,50.379321],[47.763948,50.339836],[47.826892,50.330538],[47.819676,50.312708],[47.93749,50.244853],[48.00849,50.142993],[48.108678,50.085909],[48.132012,49.998205],[48.233175,49.900624],[48.226804,49.868103],[48.264864,49.857761],[48.315318,49.872246],[48.357089,49.825476],[48.394445,49.836037],[48.442341,49.801007],[48.451024,49.835173],[48.744797,49.921864],[48.903576,50.018321],[48.849835,50.090271],[48.76459,50.098614],[48.809025,50.171995],[48.732212,50.256557],[48.658618,50.527224],[48.663686,50.577571],[48.65093,50.602691],[48.570971,50.633014],[48.607524,50.661137],[48.69018,50.612134],[48.814264,50.595537],[49.009368,50.682319],[49.129035,50.784594],[49.422924,50.848516],[49.44456,50.8818],[49.408022,50.961174],[49.338757,50.987049],[49.396048,51.0476],[49.393586,51.090049],[49.429305,51.089192],[49.456067,51.125019],[49.489937,51.098329],[49.776046,51.107213],[49.910119,51.200019],[50.005702,51.242322],[50.239707,51.279765],[50.37312,51.331843],[50.338267,51.381637],[50.404955,51.403559],[50.372815,51.427546],[50.49607,51.427306],[50.498708,51.466573],[50.555697,51.472954],[50.535603,51.510415],[50.536338,51.589852],[50.584466,51.590639],[50.583775,51.645502],[50.731619,51.628929],[50.733345,51.606128],[50.678153,51.574614],[50.811027,51.585109],[50.812578,51.648834],[50.833092,51.649051],[50.767108,51.714639],[50.767081,51.772609],[50.870754,51.753333],[50.892845,51.680983],[50.998221,51.671],[51.037582,51.686593],[51.070377,51.667978],[51.201864,51.666782],[51.252928,51.686646],[51.303415,51.640846],[51.379527,51.640974],[51.379813,51.563427],[51.240456,51.563182],[51.248592,51.524333],[51.284897,51.532087],[51.286551,51.487954],[51.380355,51.476155],[51.56724,51.505118],[51.558061,51.522867],[51.604945,51.550728],[51.61317,51.533131],[51.640696,51.538362],[51.657869,51.505685],[51.629953,51.474521],[51.655949,51.448766],[51.738919,51.464653],[51.731067,51.480668],[51.813766,51.497036],[51.770619,51.582523],[51.86035,51.65055],[51.857867,51.67389],[51.998844,51.683258],[51.99952,51.667414],[52.074085,51.674503],[52.090392,51.658245],[52.174126,51.686881],[52.17947,51.733406],[52.240694,51.724015],[52.326365,51.741681],[52.319642,51.765789],[52.358897,51.776105],[52.38479,51.681906],[52.450105,51.623022],[52.508399,51.541747],[52.50482,51.505481],[52.551697,51.490602],[52.536277,51.466927],[52.560145,51.455987],[52.586103,51.475593],[52.586683,51.456093],[52.620442,51.455796],[52.617106,51.469991],[52.641759,51.463792],[52.653655,51.489963],[52.687103,51.457348],[52.674348,51.476448],[52.729212,51.498176],[52.725349,51.486171],[52.747565,51.486594],[52.736513,51.502297],[52.756741,51.49683],[52.769864,51.521351],[52.775434,51.502004],[52.79258,51.513357],[52.790048,51.500037],[52.832624,51.487251],[52.839068,51.505763],[52.857394,51.49151],[52.896247,51.50461],[52.872773,51.475137],[52.92476,51.496948],[52.917533,51.48294],[52.951512,51.457092],[52.946267,51.476286],[53.004942,51.47359],[53.072232,51.504291],[53.15349,51.488173],[53.142736,51.520801],[53.187328,51.534622],[53.181936,51.512019],[53.255842,51.510837],[53.277342,51.483843],[53.334106,51.510184],[53.338758,51.489457],[53.426514,51.4819],[53.43758,51.437595],[53.48584,51.452835],[53.498741,51.430452],[53.570399,51.431116],[53.602184,51.383838],[53.633632,51.376582],[53.59728,51.363381],[53.627325,51.344353],[53.59616,51.30549],[53.669856,51.259312],[53.656508,51.238888],[53.669001,51.225365],[53.692269,51.236046],[53.749128,51.204206],[53.809317,51.214287],[53.818299,51.194032],[53.85343,51.189761],[53.907366,51.202975],[53.972598,51.165701],[54.053112,51.152405],[54.037633,51.141537],[54.047694,51.132765],[54.140973,51.104348],[54.151798,51.07355],[54.131234,51.06178],[54.161002,51.065877],[54.192683,51.03155],[54.159517,51.008956],[54.202645,50.988073],[54.201626,50.962743],[54.284234,50.951317],[54.271568,50.945829],[54.291713,50.899066],[54.440436,50.880269],[54.453643,50.850731],[54.536334,50.846391],[54.47431,50.778486],[54.414782,50.619998],[54.466052,50.566589],[54.543866,50.527699],[54.59239,50.559965],[54.614192,50.538217],[54.731731,50.619917],[54.710096,50.670577],[54.719126,50.69004],[54.678615,50.718143],[54.685114,50.780497],[54.657208,50.823077],[54.683676,50.834173],[54.698111,50.892548],[54.670186,50.906747],[54.678181,50.917294],[54.535595,50.926477],[54.590973,50.939256],[54.555472,50.963522],[54.583861,50.96253],[54.58097,50.984867],[54.549329,51.00069],[54.590899,51.010932],[54.562496,51.014518],[54.594377,51.030412],[54.690167,51.019147],[54.706535,51.026363],[54.687983,51.038029],[54.732716,51.038464],[54.79202,50.98498],[54.897975,50.9579],[54.899235,50.923129],[54.942183,50.90731],[55.010336,50.899431],[55.051656,50.927547],[55.084886,50.921116],[55.131807,50.896941],[55.130105,50.879607],[55.056463,50.819515],[55.146612,50.79643],[55.383967,50.653483],[55.403102,50.681306],[55.500935,50.669841],[55.531242,50.649265],[55.534224,50.613711],[55.612242,50.59904],[55.660884,50.560881],[55.736566,50.549898],[55.745779,50.580343],[55.795513,50.606959],[55.901398,50.620415],[56.137586,50.753683],[56.132158,50.825988],[56.181274,50.937865],[56.361756,50.900853],[56.393396,50.945346],[56.371724,50.948705],[56.377275,50.965307],[56.460144,50.965353],[56.448127,51.056771],[56.512728,51.085364],[56.538487,51.044584],[56.574215,51.034658],[56.618284,50.986219],[56.714345,50.970497],[56.751903,50.980832],[56.703901,51.077302],[56.784499,51.093988],[56.890199,51.060232],[56.943693,51.086948],[56.985416,51.062426],[57.145111,51.087445],[57.184814,51.115121],[57.232713,51.04734],[57.219354,51.039011],[57.242242,51.026125],[57.289451,51.037648],[57.288048,51.003676],[57.313876,50.988666],[57.325624,50.941266],[57.414907,50.896591],[57.50798,50.876401],[57.559552,50.936213],[57.759869,50.92012],[57.753491,51.056774],[57.772357,51.13819],[57.811546,51.138866],[57.86734,51.09923],[57.919396,51.117824],[57.947363,51.086211],[58.079883,51.122695],[58.095453,51.072804],[58.168596,51.062598],[58.171278,51.084644],[58.215505,51.096754],[58.203197,51.128209],[58.288629,51.158869],[58.315796,51.151663],[58.312882,51.171137],[58.342735,51.180847],[58.381651,51.075733],[58.521139,51.084264],[58.589663,51.048958],[58.637068,50.985934],[58.594072,50.971404],[58.604373,50.94736],[58.577285,50.939663],[58.593866,50.868957],[58.687826,50.884011],[58.694032,50.84663],[58.66381,50.84314],[58.656786,50.808594],[58.778742,50.81448],[58.80883,50.781],[58.782344,50.775886],[58.848909,50.746852],[58.874664,50.699982],[59.192549,50.672842],[59.278857,50.633161],[59.298527,50.652547],[59.479205,50.641403],[59.50131,50.611946],[59.569449,50.580976],[59.463946,50.584547],[59.457177,50.546523],[59.516784,50.527821],[59.509262,50.494961],[59.614624,50.530222],[59.813006,50.535536],[59.871604,50.609223],[59.996754,50.674115],[59.973167,50.768939],[60.038506,50.850392],[60.186256,50.831436],[60.154796,50.79899],[60.325702,50.670354],[60.831354,50.661063],[61.449623,50.806233],[61.568182,51.237558],[61.690746,51.255438],[61.548331,51.323537],[61.500966,51.4082],[61.202391,51.460846],[61.107699,51.447448],[61.087581,51.467351],[60.999244,51.467736],[60.991368,51.487915],[60.952364,51.490972],[60.910205,51.552822],[60.934763,51.615562],[60.539523,51.618187],[60.525819,51.638168],[60.414976,51.647054],[60.353807,51.689068],[60.517934,51.773444],[60.517987,51.79748],[60.424092,51.799479],[60.14462,51.906961],[60.161603,51.892139],[60.157028,51.857609],[60.059653,51.870213],[60.074409,51.887888],[59.993083,51.964463],[60.002089,51.993229],[60.198674,51.990639],[60.510826,52.156481],[60.716987,52.156009],[60.781189,52.229329],[60.944393,52.26649],[61.010624,52.326027],[61.067523,52.346857],[60.991974,52.423023],[60.981957,52.507705],[60.841263,52.522156],[60.843039,52.640232],[60.762276,52.626389],[60.714364,52.662927],[60.712087,52.764647],[60.833719,52.772179],[60.884791,52.821245],[60.870368,52.832654],[60.942324,52.8488],[61.074471,52.925199],[61.009087,52.977576],[61.112873,52.968736],[61.124963,52.989466],[61.250346,53.036277],[61.306846,52.995848],[61.389578,52.991913],[61.469877,53.036084],[61.556654,53.011728],[61.632545,52.954047],[61.701311,52.99786],[61.84841,53.003926],[61.960586,52.950022],[62.029811,52.951038],[62.130332,52.989891],[62.147309,53.068511],[62.119043,53.111929],[62.027271,53.141968],[61.915405,53.141543],[61.784264,53.184017],[61.731876,53.239142],[61.672737,53.265786],[61.643267,53.253547],[61.629864,53.223379],[61.527128,53.214877],[61.397942,53.274588],[61.224371,53.282928],[61.17646,53.311174],[61.154318,53.40508],[61.215628,53.431253],[61.227432,53.484694],[61.258858,53.507293],[61.323481,53.51852],[61.314505,53.507007],[61.358568,53.492663],[61.366885,53.466661],[61.4122,53.455625],[61.518278,53.47303],[61.52482,53.49946],[61.566271,53.49654],[61.55838,53.507033],[61.59158,53.525664],[61.564571,53.538662],[61.552774,53.592448],[61.391619,53.601973],[61.349798,53.558537],[61.214976,53.563296],[61.127172,53.589508],[61.12202,53.614824],[60.9006,53.627859],[60.896175,53.667086],[60.995678,53.672128],[60.998376,53.650793],[61.042151,53.652564],[61.057547,53.721293],[61.115136,53.720744],[61.227066,53.79612],[61.236479,53.841806],[61.179555,53.852693],[61.135959,53.90409],[60.994296,53.906381],[60.996649,53.935977],[61.028257,53.954845],[61.180413,53.972112],[61.172104,53.943169],[61.204131,53.919226],[61.27996,53.928609],[61.272575,53.992472],[61.236101,54.03613],[61.294814,54.073779],[61.406837,54.08642],[61.479695,54.082907],[61.480379,54.030189],[61.570397,54.008143],[61.57162,53.967907],[61.610961,53.968615],[61.663238,54.02899],[61.668077,54.016431],[61.725116,54.029903],[61.781086,53.985505],[61.849065,54.0313],[61.850026,54.009221],[61.893332,54.009222],[61.857223,53.962324],[61.931899,53.950048],[62.044832,53.948518],[62.010659,54.038772],[62.074208,54.050875],[62.174131,54.02889],[62.337771,54.032073],[62.416696,54.047225],[62.494411,54.032962],[62.395045,54.003308],[62.446725,53.926739],[62.47522,53.931113],[62.538038,53.897799],[62.555347,53.907772],[62.542881,53.930425],[62.597479,53.988575],[62.569616,54.046976],[62.594829,54.073049],[62.823534,54.114809],[63.080544,54.103647],[63.153066,54.122476],[63.169753,54.152187],[63.151826,54.182553],[63.172378,54.19336],[63.455251,54.19588],[63.794007,54.271204],[63.911822,54.198544],[63.963246,54.200922],[64.021188,54.22875],[63.977888,54.278039],[63.985413,54.300571],[64.023289,54.30635],[64.01187,54.290701],[64.028592,54.282748],[64.072615,54.317598],[64.149293,54.30561],[64.301208,54.334407],[64.421992,54.326314],[64.457328,54.332444],[64.464283,54.360843],[64.567221,54.36292],[64.615965,54.39804],[64.658514,54.360414],[64.739253,54.354081],[64.973993,54.42429],[65.105895,54.333547],[65.222773,54.334111],[65.262827,54.362487],[65.23654,54.376799],[65.221414,54.436981],[65.20079,54.452068],[65.22297,54.489808],[65.215115,54.541206],[65.357667,54.577847],[65.503405,54.570519],[65.4573,54.623716],[65.489088,54.655525],[65.75108,54.60743],[65.814906,54.637677],[65.845662,54.697115],[65.981602,54.716753],[65.96395,54.638189],[65.999241,54.624845],[66.379029,54.703362],[66.651692,54.743724],[66.70254,54.736845],[66.79181,54.769784],[66.993024,54.789238],[67.043003,54.778041],[67.100724,54.813206],[67.280339,54.825064],[67.292114,54.861835],[67.333025,54.872943],[67.563218,54.84421],[67.691296,54.863188],[67.772981,54.885906],[67.819887,54.971571],[67.910033,54.983579],[68.031723,54.95028],[68.234353,54.969056],[68.196198,54.990089],[68.23749,55.014844],[68.237648,55.054748],[68.315216,55.076422],[68.272038,55.084373],[68.25749,55.113033],[68.189065,55.151384],[68.219363,55.154705],[68.20981,55.177652],[68.17697,55.177701],[68.176999,55.198625],[68.239611,55.187078],[68.303816,55.203577],[68.353399,55.180954],[68.358018,55.206378],[68.461201,55.197551],[68.594766,55.218835],[68.620218,55.198004],[68.648574,55.208047],[68.659008,55.235415],[68.636635,55.241739],[68.634761,55.264695],[68.70294,55.297783],[68.700675,55.325099],[68.721404,55.325312],[68.710699,55.34961],[68.747563,55.378354],[68.924896,55.317275],[68.957145,55.326543],[68.98063,55.285553],[69.002664,55.287033],[68.983663,55.365665],[68.91568,55.365609],[68.932386,55.441858],[68.980935,55.441984],[68.979995,55.424652],[69.043592,55.430102],[69.157958,55.391122],[69.200562,55.329849],[69.317382,55.350809],[69.362463,55.386899],[69.413114,55.384296],[69.402364,55.352671],[69.446999,55.341432],[69.74794,55.344495],[69.863232,55.299176],[69.950376,55.209875],[70.057643,55.209145],[70.204903,55.145467],[70.291953,55.192137],[70.400972,55.215619],[70.409237,55.253161],[70.460788,55.285451],[70.620351,55.2532],[70.695441,55.289312],[70.807615,55.29241],[70.822007,55.279136],[70.799204,55.271407],[70.880225,55.180748],[70.925225,55.166832],[70.922207,55.129578],[71.022777,55.084924],[70.993433,55.073292],[70.999906,54.989654],[70.974757,54.982992],[71.009088,54.969814],[70.9563,54.888583],[71.019772,54.851684],[71.011366,54.813687],[71.030852,54.778626],[71.097522,54.701337],[71.210398,54.700331],[71.210128,54.686622],[71.239802,54.686415],[71.239744,54.668638],[71.293468,54.66741],[71.291417,54.606331],[71.214972,54.60969],[71.16774,54.560202],[71.170918,54.460967],[71.202357,54.461333],[71.200035,54.407107],[71.231334,54.406722],[71.229636,54.353735],[71.198868,54.354349],[71.198099,54.311597],[71.10956,54.32158],[71.112702,54.334707],[70.997768,54.335781],[70.996185,54.275272],[71.073452,54.274463],[71.071803,54.210679],[71.054693,54.191353],[71.112262,54.187957],[71.103453,54.166452],[71.138478,54.162196],[71.122433,54.129302],[71.178622,54.094746],[71.272964,54.145542],[71.296249,54.184756],[71.490803,54.158535],[71.487947,54.101001],[71.610185,54.116777],[71.615952,54.100087],[71.720657,54.106491],[71.763786,54.147354],[71.726766,54.187446],[71.752081,54.254205],[71.889039,54.231362],[71.948637,54.243692],[72.073252,54.19963],[72.064473,54.183805],[72.115889,54.174013],[72.101485,54.147729],[72.184675,54.120536],[72.218396,54.181768],[72.084814,54.219004],[72.117494,54.278414],[72.132811,54.27538],[72.136346,54.304954],[72.08051,54.331116],[72.042406,54.326877],[72.032548,54.366212],[72.193247,54.357973],[72.300188,54.294198],[72.290879,54.249601],[72.337089,54.246315],[72.299352,54.186757],[72.507198,54.139833],[72.513039,54.104946],[72.440487,54.120178],[72.433154,54.101891],[72.378887,54.109113],[72.369718,54.083343],[72.407373,54.078139],[72.397304,54.051381],[72.435629,54.046457],[72.369719,53.944252],[72.486788,53.900876],[72.544251,53.979184],[72.714863,53.950509],[72.719233,54.000083],[72.680263,54.044793],[72.532008,54.04348],[72.56053,54.116617],[72.612778,54.122013],[72.607885,54.137095],[72.82537,54.121643],[72.831955,54.098027],[72.994023,54.098159],[72.978551,54.049364],[73.06067,54.040024],[73.067567,53.985471],[73.276104,53.942556],[73.403392,53.945388],[73.402572,53.978659],[73.522769,53.941207],[73.537867,53.95214],[73.518449,54.003973],[73.609711,54.008513],[73.657939,54.046347],[73.628718,54.070177],[73.703606,54.065957],[73.698702,54.048079],[73.767189,54.053759],[73.69097,53.856181],[73.452279,53.876162],[73.428838,53.848302],[73.449403,53.806763],[73.343143,53.787737],[73.355845,53.766102],[73.32303,53.675571],[73.252946,53.674103],[73.255281,53.640845],[73.277485,53.639227],[73.238717,53.567328],[73.397137,53.521816],[73.362777,53.467743],[73.438436,53.435124],[73.579742,53.519209],[73.593828,53.558718],[73.645233,53.552479],[73.666494,53.613054],[73.820929,53.577974],[73.901609,53.65058],[74.071923,53.629439],[74.051433,53.566151],[74.145735,53.554224],[74.161954,53.601409],[74.242835,53.588305],[74.234643,53.568939],[74.287419,53.560313],[74.268027,53.52348],[74.305674,53.517415],[74.291632,53.491614],[74.388655,53.45683],[74.487268,53.573014],[74.42123,53.593556],[74.457645,53.690366],[74.634903,53.667919],[74.668264,53.755874],[74.756851,53.74429],[74.788062,53.827809],[74.985248,53.822513],[75.05442,53.795996],[75.322161,53.938355],[75.440681,53.971876],[75.440838,54.008356],[75.376002,54.070062],[75.528491,54.11484],[75.598489,54.09882],[76.20376,54.259685],[76.227931,54.276941],[76.186851,54.300632],[76.258129,54.358267],[76.474595,54.318029],[76.598038,54.343397],[76.648305,54.335675],[76.675672,54.344697],[76.730711,54.417623],[76.929377,54.457595],[76.950816,54.416043],[76.781171,54.377759],[76.786235,54.359296],[76.860712,54.361088],[76.878547,54.301296],[76.829237,54.273561],[76.827731,54.224905],[76.749978,54.18296],[76.757025,54.161332],[76.644474,54.124243],[76.616241,54.161828],[76.582981,54.149144],[76.438501,54.166537],[76.434816,54.121385],[76.498368,54.071823],[76.503308,54.037795],[76.538249,53.999068],[77.907346,53.290662],[78.354056,52.833507],[79.191995,51.917376],[80.079499,50.732866],[80.070402,50.853072],[80.083153,50.827648],[80.184936,50.827038],[80.19368,50.900047],[80.376648,50.926594],[80.420598,50.961504],[80.482819,50.969479],[80.481239,51.109347],[80.438463,51.119109],[80.446026,51.206995],[80.634449,51.206786],[80.634682,51.26284],[80.677901,51.316303],[80.940673,51.258752],[80.920076,51.218728],[81.047845,51.181345],[81.102739,51.18023],[81.115371,51.21096],[81.145401,51.212879],[81.176364,51.18273],[81.177829,51.151586],[81.141818,51.079752],[81.101612,51.060448],[81.060336,50.947638],[81.412626,50.975327],[81.413555,50.930281],[81.442491,50.910276],[81.420733,50.8719],[81.4711,50.862309],[81.485211,50.823086],[81.44896,50.75536],[81.583213,50.742305],[81.727426,50.760113],[81.776125,50.820813],[81.795429,50.777733],[81.905878,50.798059],[81.997153,50.788983],[82.078896,50.750457],[82.172665,50.745943],[82.174732,50.730589],[82.224259,50.736482],[82.276929,50.773306],[82.317265,50.753066],[82.356169,50.784501],[82.485156,50.742359],[82.565342,50.746399],[82.699747,50.811135],[82.73984,50.850615],[82.716809,50.894678],[82.733273,50.927209],[82.979311,50.884155],[83.004425,50.924624],[83.112531,50.965502],[83.123391,51.01237],[83.204655,50.99301],[83.281029,51.014753],[83.367713,50.999116],[83.444893,51.012378],[83.430852,50.986104],[83.501835,50.97639],[83.505927,50.949754],[83.538055,50.962324],[83.649131,50.951908],[83.703874,50.895312],[83.824568,50.882725],[83.909203,50.816571],[83.971202,50.795485],[83.949977,50.760924],[83.965839,50.727019],[84.022835,50.697759],[84.114747,50.609733],[84.143966,50.606289],[84.170541,50.550292],[84.230618,50.540231],[84.248382,50.51581],[84.20374,50.462907],[84.269191,50.353009],[84.251118,50.291241],[84.337434,50.220417],[84.408159,50.208932],[84.451713,50.248511],[84.565591,50.197023],[84.622357,50.214307],[84.69394,50.18906],[84.753459,50.138344],[84.823891,50.143654],[84.813445,50.120434],[84.855185,50.092359],[84.943447,50.097201],[84.969694,50.068961],[85.03534,50.052535],[85.034712,50.019242],[85.051474,50.009669],[84.979396,49.980906],[84.996263,49.970127],[84.97773,49.954627],[84.982487,49.911019],[85.060602,49.883865],[85.100107,49.851668],[85.100876,49.824368],[85.144047,49.796678],[85.148688,49.767868],[85.203669,49.744599],[85.21067,49.627348],[85.264803,49.619976],[85.257738,49.588297],[85.321253,49.590837],[85.389099,49.635009],[85.490457,49.597774],[85.554391,49.594585],[85.596331,49.615608],[85.678208,49.550614],[85.756911,49.57635],[85.83176,49.543252],[85.920387,49.564665],[85.948676,49.55682],[85.929156,49.534532],[85.967816,49.485928],[86.04026,49.523699],[86.108132,49.526748],[86.202304,49.465936],[86.269198,49.550683],[86.276352,49.584936],[86.417129,49.608351],[86.526981,49.69998],[86.583111,49.723305],[86.609721,49.771128],[86.591261,49.808131],[86.78078,49.794652],[86.754347,49.741389],[86.777284,49.695465],[86.703104,49.686353],[86.614289,49.628625],[86.597059,49.608321],[86.617055,49.572205],[86.665181,49.559922],[86.738338,49.571662],[86.830057,49.545657],[86.816218,49.53109],[86.855345,49.498696],[86.83046,49.481526],[86.833631,49.451697],[86.940945,49.415843],[86.946239,49.380659],[86.924365,49.369558],[86.925393,49.349518],[86.970987,49.305851],[87.005561,49.298969],[87.032824,49.252097],[87.198325,49.252499],[87.315235,49.231233],[87.290735,49.201323],[87.303812,49.172181],[87.28579,49.115872],[87.4265814,49.0695363],[87.5040865,49.0916022],[87.4902677,49.1360135],[87.5188922,49.1439028],[87.6620149,49.1517066],[87.7214956,49.1792628],[87.988438,49.18302],[88.017979,49.226295],[88.056412,49.241085],[88.054756,49.258389],[88.1067058,49.2565686],[88.170112,49.293567],[88.160451,49.362761],[88.118763,49.390801],[88.184379,49.415928],[88.165591,49.445452],[88.221784,49.47966],[88.297742,49.470898],[88.3312,49.4935],[88.4059,49.4946],[88.4949,49.4719],[88.5992,49.5009],[88.6836,49.4622],[88.8022,49.4604],[88.8429,49.4416],[88.8801,49.4781],[88.8571,49.4918],[88.8796751,49.5137665],[88.8696149,49.5467406],[88.9000904,49.558961],[88.9295,49.5429],[88.9708,49.4657],[89.1476,49.5021],[89.2327,49.5537],[89.1914689,49.5860199],[89.1936369,49.6346834],[89.2506,49.6423],[89.36,49.5844],[89.4273522,49.6193806],[89.4615641,49.6662166],[89.6074,49.686],[89.7192,49.7283],[89.7118805,49.7900976],[89.6734516,49.7834752],[89.6244625,49.8063691],[89.6510371,49.8264402],[89.6117415,49.86352],[89.6308796,49.899345],[89.5935703,49.9122873],[89.7059568,49.9439408],[89.9748302,49.9712594],[90.0315562,49.998638],[90.0051,50.0318],[90.0077,50.0579],[90.1652129,50.1081636],[90.2852042,50.1109159],[90.3888877,50.1926407],[90.4528,50.1971],[90.5041,50.2351],[90.5807,50.2439],[90.6733,50.2143],[90.7308,50.2434],[90.7064,50.3129],[90.7726,50.3377],[90.7956,50.3264],[90.8293,50.3569],[90.9056,50.3482],[90.903,50.4084],[90.9208,50.4185],[91.0932,50.436],[91.16,50.4201],[91.2933,50.4696],[91.4094,50.4506],[91.4005094,50.4765146],[91.4590257,50.508449],[91.4549029,50.5485247],[91.5247134,50.5619628],[91.5343069,50.5814176],[91.6499476,50.5862385],[91.6611094,50.6400594],[91.7232583,50.6974786],[91.8550843,50.7338299],[92.0723391,50.6963625],[92.2666929,50.7287057],[92.3169136,50.7557624],[92.3030089,50.8099484],[92.3291444,50.827626],[92.3129312,50.8767238],[92.3608466,50.8842878],[92.4054806,50.8561594],[92.4049385,50.8292484],[92.4320608,50.803243],[92.47676,50.7862778],[92.5615239,50.799255],[92.6002487,50.7851369],[92.6183295,50.7678016],[92.6025187,50.7200532],[92.627846,50.7033992],[92.754,50.7275],[92.7566,50.7759],[92.799,50.8083],[93.0033854,50.7918572],[93.0319475,50.7679916],[93.022891,50.7162383],[92.9752428,50.6696209],[93.0498439,50.6011184],[93.1107241,50.5863157],[93.225,50.5898],[93.3974566,50.6345041],[93.7034139,50.5862228],[93.994415,50.6048321],[94.2540346,50.5833377],[94.2837484,50.5719246],[94.3046715,50.5259161],[94.341509,50.5012245],[94.389747,50.2139774],[94.4207507,50.191869],[94.5202886,50.174252],[94.5222135,50.140898],[94.5993715,50.074301],[94.6148431,50.0353979],[94.7606522,50.0549165],[94.9903285,50.0474119],[95.0165286,49.9805282],[95.0815791,49.9629121],[95.4259162,49.9576412],[95.5319595,49.8972247],[95.5722698,49.9442833],[95.7955507,49.9641339],[95.7653299,50.0171422],[95.8608733,50.0436247],[95.9148998,50.0223307],[95.9101477,49.9967716],[95.967566,49.9711389],[96.0662483,50.0127007],[96.1068866,49.9891336],[96.2607079,49.9765846],[96.3000389,49.9448992],[96.3366307,49.9427586],[96.3482741,49.9052923],[96.4244611,49.87581],[96.5253628,49.9441836],[96.5552317,49.9399641],[96.6030869,49.8736657],[96.7092,49.9287307],[96.7408797,49.9075723],[96.9949867,49.8929652],[97.0101282,49.8333643],[97.1252885,49.8172205],[97.1197599,49.791953],[97.1790569,49.7774694],[97.2212083,49.7444093],[97.3178537,49.7517907],[97.3573297,49.7813599],[97.4216235,49.7806963],[97.4967457,49.8064249],[97.5805751,49.8584465],[97.5783292,49.9138879],[97.5548377,49.9226236],[97.5715602,49.9407974],[97.7004,49.9611],[97.7621,50.0005],[97.8296,49.923],[97.8866,49.9235],[97.8674,49.972],[97.9342,49.9781],[97.989,50.0226],[98.0699,50.0359],[98.0637,50.07],[98.1204,50.1002],[98.1127,50.1387],[98.1768,50.1519],[98.1697854,50.2026771],[98.228312,50.2361073],[98.266244,50.3074111],[98.3081298,50.3232941],[98.2693703,50.3962349],[98.3277104,50.4748399],[98.3232759,50.4952456],[98.2994898,50.4978103],[98.2727964,50.5388819],[98.0966363,50.5973699],[98.008,50.6692],[98.0245,50.6919],[97.9974,50.6989],[97.9708,50.7499],[97.9786,50.7841],[97.9497,50.8081],[98.0333428,50.8647062],[97.8948905,50.9243702],[97.8246623,51.0102109],[97.871231,51.0514442],[97.8991,51.1494],[97.9393,51.202],[97.9408,51.2632],[97.9645,51.292],[97.9535,51.3342],[98.0211,51.3941],[98.0501,51.4502],[98.126,51.4713],[98.2241,51.4567],[98.2574,51.5296],[98.2341,51.5476],[98.245,51.58],[98.2232,51.5951],[98.2748,51.6161],[98.3284,51.6973],[98.3559,51.7011],[98.354,51.7315],[98.4523,51.7366],[98.5328,51.7981],[98.6038,51.7937],[98.7643,51.8699],[98.7799,51.9418],[98.809,51.9581],[98.8196,52.0147],[98.8065,52.0255],[98.8413,52.0588],[98.8542,52.129],[98.9111,52.1496],[98.9691966,52.1426389],[99.0046093,52.0747323],[99.0716905,52.0694975],[99.128117,52.0245544],[99.1736053,52.0355885],[99.2365749,52.0126444],[99.2760937,52.0186026],[99.2826125,51.9868506],[99.265308,51.9735296],[99.3601963,51.9406365],[99.4010184,51.9658996],[99.4658896,51.948871],[99.5219871,51.9679932],[99.600979,51.9241882],[99.6138471,51.8791078],[99.6649718,51.9043927],[99.6826564,51.8876967],[99.8011826,51.9153845],[99.8279557,51.8831591],[99.8195189,51.8478483],[99.8475769,51.8349554],[99.8307582,51.8067594],[99.8643974,51.8055016],[99.8691817,51.7774565],[99.9109125,51.7381594],[99.9797976,51.7547204],[100.0614167,51.7327195],[100.1387018,51.7593486],[100.2806417,51.7375368],[100.4143559,51.7479314],[100.4103477,51.7299883],[100.4437626,51.7263707],[100.5038521,51.7500639],[100.5864554,51.74045],[100.5973981,51.7185898],[100.6562396,51.726826],[100.668545,51.7067142],[100.929841,51.6068022],[100.9901519,51.6127877],[101.0223281,51.587153],[101.0174269,51.57027],[101.0786775,51.5598484],[101.1043937,51.5912202],[101.1366423,51.521396],[101.2562778,51.5441134],[101.3700981,51.4558456],[101.4389364,51.455689],[101.4595599,51.4911656],[101.5422172,51.4995416],[101.5677164,51.4699442],[101.6222627,51.4692107],[101.6190378,51.440028],[101.7490569,51.4553417],[101.8285311,51.4151547],[101.888839,51.4007953],[101.951935,51.4137438],[102.0014324,51.3821904],[102.0220587,51.3958157],[102.1242911,51.361612],[102.1839684,51.2950252],[102.1141597,51.2840343],[102.1044872,51.2464692],[102.1663187,51.1786882],[102.1351134,51.1742184],[102.1233246,51.1391014],[102.1401692,51.0994232],[102.1708377,51.0950287],[102.151096,51.0573035],[102.2036241,51.0394919],[102.2430083,50.9748866],[102.2137847,50.9538411],[102.2454385,50.9019733],[102.2119739,50.8758462],[102.209737,50.8170343],[102.2923499,50.7824305],[102.3403132,50.7325372],[102.3023464,50.6818549],[102.3766623,50.6667466],[102.3999391,50.6415839],[102.4459039,50.6456787],[102.4695952,50.6010441],[102.5362347,50.5885042],[102.553936,50.5560254],[102.541005,50.5315628],[102.61063,50.5063847],[102.6161129,50.4536664],[102.6476976,50.4021897],[102.7318192,50.4085293],[102.8418288,50.3341911],[102.9418745,50.3054907],[103.074565,50.3189929],[103.1472354,50.3060183],[103.1821793,50.3331721],[103.2380575,50.3219456],[103.2764247,50.2848955],[103.2492528,50.2558068],[103.2760147,50.2262201],[103.2562904,50.1928927],[103.4114027,50.2117808],[103.5141931,50.1990718],[103.5572495,50.1626788],[103.6023371,50.1662016],[103.6084584,50.1440553],[103.6841803,50.1429367],[103.7102326,50.1244635],[103.7513378,50.1638311],[103.8005986,50.1518562],[103.8466306,50.1975606],[103.8903364,50.1761474],[103.9390206,50.1831392],[103.9985566,50.1502974],[104.1354261,50.1388069],[104.2783297,50.2011989],[104.2931704,50.2417883],[104.3401541,50.2449703],[104.391917,50.3116272],[104.517244,50.3171701],[104.5612071,50.3011443],[104.6501706,50.3241071],[104.6991602,50.3672149],[104.76332,50.3387935],[104.8116849,50.3409568],[104.8734075,50.3709276],[104.8983944,50.408974],[105.0081195,50.3869217],[105.1201674,50.3899317],[105.2585512,50.4406822],[105.2682329,50.4653576],[105.3547168,50.4794989],[105.4435295,50.4421094],[105.52513,50.4580234],[105.628757,50.427396],[105.8442265,50.4403964],[105.8990523,50.4126315],[106.0573709,50.4045045],[106.0841013,50.3333998],[106.1830005,50.3396936],[106.2612304,50.2981341],[106.4687108,50.3181379],[106.5245821,50.3440559],[106.7320293,50.3163456],[106.8157278,50.2981781],[107.0124738,50.1990659],[106.9999992,50.1571821],[107.0393639,50.1291483],[107.0569988,50.0878389],[107.0752502,50.0895128],[107.0718523,50.0683334],[107.1520027,50.0433209],[107.1479797,50.0267355],[107.2129866,49.9989292],[107.2571669,49.9882462],[107.3236137,50.0034207],[107.4282582,49.971669],[107.5448277,49.9856858],[107.6788362,49.9717817],[107.706604,49.9879545],[107.7942207,49.9331705],[107.8287424,49.9609702],[107.8531964,49.9364558],[107.9690548,49.9413946],[107.9704,49.9155],[107.9192,49.8754],[107.9444,49.8549],[107.9367,49.8192],[107.9816,49.8028],[107.9485,49.7848],[107.9698,49.7474],[107.9343,49.7114],[107.9471,49.6706],[107.9683,49.6548],[108.023,49.6734],[108.0275,49.6223],[108.1611,49.5618],[108.2978,49.5399],[108.3564,49.4279],[108.4258,49.4135],[108.431,49.3721],[108.5175,49.3227],[108.6525,49.3473],[108.8206,49.3432],[108.8488,49.3266],[108.9416,49.3462],[109.0581,49.3232],[109.1946,49.3523],[109.3455,49.3249],[109.4222,49.2944],[109.4325,49.2729],[109.4753,49.2674],[109.4996,49.2362],[109.5591,49.2208],[109.9026,49.2057],[110.1998,49.1542],[110.3281,49.1991],[110.3905,49.2515],[110.5244,49.1901],[110.7083,49.1701],[110.8193,49.182],[111.2768,49.3104],[111.3748,49.3577],[111.5231,49.3232],[111.689,49.3842],[111.9575,49.3823],[112.2783,49.4844],[112.4741,49.5225],[112.6889,49.5041],[112.7226,49.52],[112.8234,49.5193],[112.9068,49.5685],[113.0439,49.6082],[113.2061,49.8283],[113.4739242,49.9354483],[113.4888,49.9736],[113.6361,49.991],[113.7427,50.0749],[113.8787,50.1049],[114.1784,50.243],[114.3388,50.2827],[114.4677,50.2335],[114.6535,50.2472],[114.8567,50.217],[115.0075,50.1639],[115.0793,50.0833],[115.2239,49.9884],[115.5067,49.9071],[115.7453945,49.8871758],[116.0727,50.0137],[116.2355,50.0356],[116.6216,49.9311],[116.7137007,49.8456631],[117.0614,49.6856],[117.2732686,49.6308469],[117.4715657,49.62638],[117.7934272,49.5200369],[117.8366302,49.541897],[117.8681243,49.5083177],[117.8930641,49.595316],[117.9433804,49.5937065],[117.9809386,49.6214903],[118.0739634,49.6138386],[118.1112827,49.6460236],[118.1070427,49.6709917],[118.1655237,49.6589839],[118.2271034,49.7363084],[118.2840742,49.7442995],[118.3058462,49.7729565],[118.3807633,49.7779227],[118.3720076,49.7896789],[118.3958708,49.8042353],[118.3783271,49.8259909],[118.4765314,49.8285915],[118.4676914,49.838834],[118.4916844,49.8404411],[118.4800205,49.8710553],[118.5576691,49.9003309],[118.5430013,49.9071783],[118.5669371,49.9300495],[118.6081223,49.923964],[118.6124867,49.9472248],[118.6440339,49.9364799],[118.6538092,49.9535123],[118.8276878,49.9589304],[118.9336026,49.9923669],[118.9758112,49.9767002],[119.0840802,49.9842595],[119.1751384,50.0411624],[119.1818306,50.087457],[119.2280534,50.0737741],[119.2860746,50.1093519],[119.2996848,50.1584156],[119.3526888,50.194526],[119.3098197,50.2163738],[119.3400945,50.2547218],[119.3159735,50.2809158],[119.3791216,50.320407],[119.3501228,50.3260876],[119.3648152,50.3316235],[119.3473762,50.3585157],[119.2943654,50.344234],[119.2690279,50.3646974],[119.2467742,50.3417267],[119.2095629,50.3633892],[119.1753501,50.3467039],[119.1880531,50.3614899],[119.1478374,50.3603797],[119.1693112,50.3770923],[119.1426853,50.3923297],[119.1674711,50.3969899],[119.1556248,50.4045235],[119.1760325,50.4220078],[119.2059419,50.409197],[119.2154587,50.4403128],[119.2567873,50.4685667],[119.2551299,50.4879602],[119.2254567,50.5009018],[119.2555843,50.5098959],[119.2750189,50.5522081],[119.2577764,50.561566],[119.2885456,50.5737234],[119.2742485,50.6034177],[119.3265326,50.6236107],[119.3282168,50.6407366],[119.3516678,50.6298853],[119.386515,50.6622144],[119.3735552,50.6799841],[119.4256538,50.6831021],[119.4917345,50.7462291],[119.4869177,50.7738022],[119.5156066,50.7888221],[119.487871,50.8436267],[119.5117375,50.8422622],[119.5027705,50.8577377],[119.5225033,50.8641258],[119.5151493,50.9045977],[119.5629829,50.9336798],[119.6243999,51.00902],[119.6875231,51.0290793],[119.6964476,51.0153475],[119.6934959,51.036975],[119.7218236,51.0603699],[119.7088834,51.0720261],[119.7563281,51.0905866],[119.7436336,51.1146868],[119.7753119,51.1531897],[119.7519431,51.1635309],[119.7812735,51.1720298],[119.7524792,51.2126993],[119.8151855,51.2141929],[119.7903171,51.2439735],[119.8208728,51.2596601],[119.8038781,51.2802999],[119.8746028,51.2969212],[119.878295,51.3374814],[119.9395708,51.3608422],[119.9022725,51.3890206],[119.9645534,51.3996351],[119.9682591,51.4351882],[119.9953628,51.4535563],[119.9780937,51.504339],[120.044391,51.5512707],[120.0275939,51.5836327],[120.0516216,51.6322636],[120.0952844,51.6489856],[120.0803649,51.6783186],[120.1667457,51.6780703],[120.2875153,51.7498174],[120.3084534,51.7834757],[120.3558323,51.7874061],[120.3989234,51.8136324],[120.3939926,51.8319979],[120.4698332,51.8514698],[120.4697091,51.8825273],[120.5355198,51.8779863],[120.5505036,51.9122194],[120.64758,51.9227252],[120.6542487,51.9547716],[120.6969717,51.9810889],[120.7116684,52.0135584],[120.6791109,52.0361783],[120.7191265,52.0773708],[120.7457618,52.0782102],[120.7348049,52.0925448],[120.760918,52.1084649],[120.7536734,52.1391169],[120.7795519,52.1637389],[120.7390554,52.2044505],[120.7516307,52.255407],[120.7108234,52.2589152],[120.6927596,52.2869761],[120.6310188,52.3121651],[120.6142057,52.3534646],[120.6431434,52.3624144],[120.6426959,52.3895622],[120.6835667,52.4289413],[120.676556,52.4659338],[120.6997762,52.4912609],[120.682075,52.5144119],[120.7262737,52.5399354],[120.4589993,52.6434643],[120.3909082,52.6152463],[120.2820189,52.6221078],[120.1846108,52.5770372],[120.0619671,52.5860533],[120.0267672,52.6354566],[120.0618436,52.7072149],[120.0266437,52.776256],[120.1374306,52.812691],[120.1791764,52.8081212],[120.21697,52.842333],[120.2808237,52.8609827],[120.2889753,52.8922303],[120.3389961,52.8998878],[120.3528776,52.9375205],[120.4059376,52.9580602],[120.4369382,53.0023997],[120.5552591,53.0804569],[120.6360335,53.1039235],[120.6499929,53.13373],[120.687645,53.1453325],[120.684644,53.1751485],[120.832706,53.238667],[120.8125743,53.2663779],[120.8782846,53.2934914],[121.0355041,53.2868564],[121.0874565,53.3053061],[121.1217855,53.2752272],[121.2265357,53.279163],[121.3271372,53.3231851],[121.4455627,53.321982],[121.8709863,53.4262629],[122.0789029,53.4205389],[122.159168,53.4691296],[122.243643,53.4636867],[122.3271847,53.5014361],[122.4296585,53.4432483],[122.5961455,53.4638679],[122.8261369,53.4557889],[123.05998,53.5067225],[123.1373138,53.4981214],[123.2712436,53.5608154],[123.4483909,53.5340843],[123.4810666,53.4960774],[123.5027771,53.5052021],[123.4786033,53.5281154],[123.5058768,53.555033],[123.5503839,53.5401204],[123.5229291,53.5026408],[123.5392098,53.4949658],[123.5629907,53.5039675],[123.5830096,53.5474985],[123.6120302,53.5477673],[123.695599,53.4933535],[123.8793642,53.4807228],[124.0081087,53.3975584],[124.0613615,53.3987514],[124.0724166,53.3653756],[124.1099497,53.3465035],[124.2437673,53.3747181],[124.3203496,53.3291717],[124.3618653,53.2591728],[124.4373351,53.2139981],[124.7076088,53.1927315],[124.7117256,53.1514201],[124.823912,53.1430901],[124.8620688,53.0990217],[124.8987478,53.1096357],[124.8779227,53.1553164],[124.8947171,53.1710359],[124.9754644,53.1957572],[125.1578079,53.2037569],[125.4947244,53.0947676],[125.507586,53.0484658],[125.6051735,53.0815844],[125.672697,53.0073086],[125.7426971,52.9839653],[125.7243043,52.9388205],[125.6564592,52.9159911],[125.6654624,52.8611685],[125.7667476,52.8966987],[125.8295396,52.8953718],[125.9092037,52.8186152],[125.9392957,52.7632283],[125.9779648,52.7569773],[126.0083476,52.7927389],[126.0385296,52.7979952],[126.1050202,52.7702062],[126.1077823,52.7571227],[126.0377128,52.7402595],[126.0629552,52.6814012],[125.9833907,52.6732013],[125.9632754,52.6224645],[126.0119622,52.5785182],[126.0382275,52.5763401],[126.0678239,52.603246],[126.1921035,52.537775],[126.1840317,52.4696134],[126.2625712,52.4735853],[126.3399577,52.3959426],[126.3404702,52.3549431],[126.3108737,52.3370059],[126.3348328,52.3033095],[126.4316939,52.2916503],[126.3113923,52.2399738],[126.3003969,52.2061976],[126.5542316,52.1303242],[126.5148031,52.0371876],[126.4382903,52.0254656],[126.4619475,51.9779382],[126.4566193,51.9440509],[126.5378208,51.8850146],[126.6176986,51.7744288],[126.6573523,51.7582809],[126.6590689,51.7341546],[126.7237853,51.7170351],[126.712799,51.6819253],[126.73357,51.6376269],[126.6695403,51.5987236],[126.7086791,51.5686439],[126.8386267,51.5285068],[126.7812918,51.4350724],[126.9146727,51.3902115],[126.9237708,51.3627809],[126.907463,51.3433766],[126.8137358,51.329542],[126.8252372,51.2721215],[126.8607711,51.2455873],[126.8999099,51.2449425],[126.9157027,51.2612733],[126.8691825,51.3150595],[126.9454001,51.3335105],[126.9773291,51.3202094],[126.894245,51.2033372],[126.9176588,51.0570394],[126.9858432,51.0210755],[127.046337,50.9605922],[127.1062468,50.9369075],[127.2331046,50.7739248],[127.3002242,50.7452574],[127.2809981,50.7073329],[127.2874214,50.6637986],[127.3670005,50.573974],[127.3539542,50.5419115],[127.3108364,50.5238993],[127.2861803,50.4702297],[127.3626618,50.4343991],[127.3613616,50.3959315],[127.325288,50.3351467],[127.380666,50.2851069],[127.6056331,50.2347146],[127.5852514,50.1457256],[127.5016447,50.0594152],[127.4889337,50.012711],[127.4990212,49.9719288],[127.5412405,49.9336611],[127.5233545,49.8579576],[127.5408951,49.8009946],[127.6651946,49.7703994],[127.6872401,49.667035],[127.8428066,49.5744854],[127.910399,49.5742775],[127.9590478,49.5963876],[128.0344656,49.5555744],[128.1694894,49.5360636],[128.2499716,49.5648864],[128.3295657,49.5402283],[128.3933811,49.5902235],[128.5529286,49.6019577],[128.7173616,49.5623248],[128.730428,49.5910431],[128.7527745,49.593385],[128.7958359,49.5777982],[128.8021721,49.5502838],[128.7472023,49.5131138],[128.7431887,49.4830985],[128.7932722,49.4717556],[128.86689,49.4894043],[128.9836595,49.4569225],[129.0269373,49.4258602],[129.0734497,49.3535964],[129.1262318,49.3504731],[129.1745703,49.3885157],[129.2260499,49.3995096],[129.3520798,49.3516938],[129.3773633,49.3665511],[129.3651125,49.4022608],[129.3799698,49.4293689],[129.4302762,49.4416197],[129.500653,49.4246771],[129.5366434,49.3980359],[129.5593003,49.2894625],[129.6000276,49.2757781],[129.71048,49.2910916],[129.7443651,49.2643745],[129.7645658,49.1865039],[129.8424364,49.1770552],[129.8600306,49.1588093],[129.8489528,49.1151497],[129.9222619,49.0942973],[129.9137906,49.0424922],[130.0196816,49.0092587],[130.0506344,48.9721154],[130.164345,48.9173779],[130.2242955,48.865247],[130.421084,48.9039212],[130.4646859,48.9003103],[130.5185693,48.8533662],[130.6693459,48.8771033],[130.6812262,48.8523837],[130.6067545,48.7750448],[130.5227923,48.6120583],[130.5994349,48.585015],[130.6083675,48.5019152],[130.6255707,48.4884678],[130.7250738,48.5131077],[130.7581971,48.4972857],[130.7320601,48.4302581],[130.7663198,48.3584883],[130.8095544,48.343911],[130.8356469,48.301678],[130.7648702,48.2474381],[130.7467745,48.1812413],[130.6672668,48.1317259],[130.6561518,48.0952509],[130.6817078,48.0471894],[130.8804506,47.9178204],[130.949798,47.825461],[130.9574947,47.7203175],[130.9937326,47.6961667],[131.0895258,47.6831675],[131.1751012,47.6953355],[131.2546492,47.7347808],[131.3660199,47.7266817],[131.4526662,47.7430901],[131.5475156,47.7266399],[131.5522286,47.6825384],[131.5944325,47.6565182],[131.7101398,47.7084722],[131.8122129,47.6671685],[131.9003025,47.6899998],[131.952136,47.6623942],[131.9827995,47.669797],[131.9995115,47.7112387],[132.0755326,47.6980177],[132.2528236,47.7080661],[132.3091865,47.756778],[132.5487282,47.7143226],[132.6036772,47.7420925],[132.598655,47.8103357],[132.6804877,47.8720795],[132.6521269,47.9355958],[132.666225,47.9558781],[132.7191884,47.9618886],[132.78052,47.9250508],[132.8157923,47.935005],[132.8630603,47.9917265],[133.0078184,48.0404716],[133.0490227,48.10251],[133.2866995,48.0927618],[133.3915256,48.1235587],[133.4644876,48.1091196],[133.5432442,48.1265838],[133.5654847,48.1373754],[133.5933983,48.1982513],[133.703184,48.1842867],[133.7464041,48.2567535],[133.9941194,48.3021697],[134.0340251,48.3450805],[134.1231536,48.3318896],[134.1883145,48.3837178],[134.3975619,48.3863283],[134.5012575,48.4252932],[134.6880989,48.4080729],[134.7662016,48.3640456],[134.7230192,48.2745707],[134.6679177,48.240141],[134.667496,48.1521969],[134.5446555,48.0324175],[134.5436285,47.9887551],[134.592794,47.9476883],[134.6012592,47.9035681],[134.6698204,47.8817313],[134.6633455,47.8248592],[134.7608739,47.7635194],[134.7703977,47.7151355],[134.6763379,47.62951],[134.6716199,47.5869439],[134.5724886,47.5185095],[134.5631321,47.4784451],[134.4861697,47.4430053],[134.3111775,47.433286],[134.2608592,47.3953132],[134.2538018,47.3642073],[134.1693339,47.3183854],[134.150077,47.2529601],[134.2197881,47.1869171],[134.2222345,47.1179925],[134.139837,47.092521],[134.0965784,47.0087764],[134.055723,46.9750543],[134.0680826,46.9328718],[134.0141809,46.8237464],[134.0467966,46.7741561],[134.0162408,46.7240494],[134.0078968,46.6404363],[133.9130956,46.5961777],[133.8415316,46.4723322],[133.8474893,46.4443641],[133.8908482,46.4468465],[133.9401648,46.3995158],[133.9373514,46.3794913],[133.8706582,46.3612872],[133.8615561,46.3435795],[133.9168304,46.3310022],[133.8996193,46.3012136],[133.9107072,46.2634815],[133.8536125,46.2485872],[133.8731405,46.2348514],[133.8464964,46.2030769],[133.8066128,46.2292246],[133.7779827,46.1840454],[133.6880023,46.15563],[133.6817822,46.1376931],[133.7350144,46.0772282],[133.735593,46.0540838],[133.6755621,45.9884115],[133.6684747,45.9409946],[133.597739,45.9327202],[133.612031,45.9048224],[133.5847201,45.8672222],[133.523191,45.8958491],[133.478227,45.8555972],[133.4897066,45.8370817],[133.4616556,45.835693],[133.462128,45.796393],[133.4976924,45.7780768],[133.4624174,45.777348],[133.4573369,45.7556934],[133.479866,45.7381615],[133.4473841,45.7304159],[133.4208104,45.6950974],[133.4769609,45.6895987],[133.4802591,45.6573967],[133.4387623,45.6442041],[133.4693452,45.6194379],[133.4046414,45.6170992],[133.4129426,45.5714114],[133.3644365,45.5754732],[133.2470742,45.5164022],[133.1935684,45.5143389],[133.2046474,45.5061794],[133.1614854,45.4647276],[133.164331,45.4416621],[133.1339229,45.4272582],[133.1413558,45.375518],[133.111552,45.350648],[133.123929,45.3344601],[133.0989391,45.3194124],[133.1137466,45.3094061],[133.0906917,45.2917953],[133.1051098,45.2647543],[133.0861491,45.2525539],[133.1021129,45.2517316],[133.0874352,45.2419376],[133.1307251,45.1899739],[133.1190919,45.1344987],[133.1350521,45.1416962],[133.1324658,45.1253341],[133.1007372,45.123315],[133.0953226,45.1024311],[133.0398664,45.0772153],[133.0374783,45.0564054],[132.9501371,45.0151103],[132.8632016,45.0611943],[131.9971632,45.2517744],[131.92766,45.280063],[131.9112217,45.3362833],[131.8803988,45.3402847],[131.8226445,45.3094849],[131.8266892,45.2916071],[131.7775512,45.2345705],[131.7861404,45.2096203],[131.7140579,45.2323039],[131.6743719,45.2132832],[131.6429472,45.1571666],[131.6801768,45.1490385],[131.680045,45.116035],[131.476186,44.993497],[131.486276,44.966268],[131.349244,44.987801],[131.305217,44.963455],[131.285996,44.926638],[131.210572,44.91477],[131.142807,44.944972],[131.081815,44.92221],[131.094384,44.894324],[131.071333,44.87928],[130.959151,44.8525411],[130.9591261,44.8227039],[131.008447,44.811526],[131.018817,44.779342],[131.057196,44.784002],[131.083004,44.715049],[131.1044767,44.7075263],[131.3032214,44.0439331],[131.2557281,44.0305325],[131.2359598,43.984699],[131.2387071,43.9529871],[131.261229,43.9366797],[131.2046044,43.8249127],[131.2171412,43.8039078],[131.2034061,43.7834921],[131.223097,43.760018],[131.211621,43.682089],[131.2333648,43.6635582],[131.2083335,43.6087165],[131.2391759,43.6001517],[131.1860795,43.5584796],[131.218874,43.514756],[131.3129067,43.4944951],[131.287309,43.439907],[131.311365,43.395416],[131.272877,43.375379],[131.247919,43.26232],[131.1980009,43.2333303],[131.210391,43.143803],[131.157977,43.099333],[131.163578,43.067067],[131.113457,43.066334],[131.095619,43.021124],[131.110491,42.968315],[131.143586,42.965296],[131.137532,42.934039],[131.107478,42.912674],[131.026361,42.925863],[131.010031,42.911591],[131.035367,42.860293],[130.974335,42.854546],[130.941738,42.874691],[130.883698,42.850347],[130.826974,42.880665],[130.781648,42.868503],[130.771956,42.836053],[130.719951,42.828189],[130.658965,42.845129],[130.4593221,42.7699968],[130.421564,42.72796],[130.39465,42.724967],[130.459173,42.685219],[130.521415,42.7014344],[130.5846736,42.6698892],[130.6256394,42.5882199],[130.6033431,42.55491],[130.5634567,42.5551144],[130.5529966,42.5190073],[130.5930855,42.4837592],[130.5925964,42.445877],[130.6358361,42.4263318],[130.6722736,42.3730069],[130.6465382,42.3496818],[130.6503807,42.3301851],[130.9190069,42.1226742],[133.1883251,42.4874985],[133.5017814,42.5831976],[133.7878939,42.6125179],[134.0532221,42.6910591],[134.3537922,42.8831619],[134.939752,43.1475023],[135.0942882,43.2620664],[135.2881542,43.3344601],[135.3525824,43.3760161],[135.4453342,43.5079951],[135.6737703,43.6664222],[135.8909078,43.9648538],[135.9200344,44.0504919],[136.0652383,44.2086003],[136.3561395,44.362833],[136.5413771,44.5787505],[136.6706909,44.6491676],[136.7429293,44.7600794],[137.1231883,45.1118362],[137.3520274,45.2435333],[137.5892936,45.4811425],[137.9035367,45.6796857],[138.0362685,45.8538872],[138.3429313,46.1282085],[138.3869775,46.1943247],[138.4029906,46.2990452],[138.5646458,46.411075],[138.6093633,46.462162],[138.6457435,46.5660025],[138.653782,46.6646135],[138.7545057,46.7834529],[138.8172262,46.9334906],[139.0012925,47.0843891],[139.1649634,47.1558525],[139.2443944,47.2161153],[139.3268318,47.3354687],[139.4096183,47.5137058],[139.460901,47.5653439],[139.5539813,47.720147],[139.7525425,47.8315939],[139.9794938,48.0446216],[140.2454962,48.18937],[140.4379379,48.3536821],[140.4739818,48.4351555],[140.4975903,48.6991349],[140.623395,48.8209143],[140.6885052,48.9378365],[140.6928858,48.9963087],[140.6603268,49.1094717],[140.7231277,49.2543621],[140.7354937,49.3281559],[140.8503877,49.5337851],[140.8347932,49.757696],[140.9122189,49.9470413],[140.9730672,50.0122033],[140.9957501,50.0668532],[140.9832099,50.1545589],[140.7988598,50.457233],[140.804955,50.7422728],[140.9584944,50.9146048],[140.9951644,51.0183064],[140.9950248,51.1638623],[141.1306279,51.2662585],[141.2001422,51.3767176],[141.2142793,51.4391407],[141.4154346,51.6197766],[141.5591809,51.5446272],[141.7234665,51.4115915],[141.8370576,51.2666103],[141.9309524,51.0780935],[141.7541118,50.8902442],[141.7193133,50.8146907],[141.7434767,50.6508551],[141.7328298,50.508328],[141.7940518,50.3773378],[141.8565491,50.1304395],[141.821554,49.962484],[141.8473854,49.7692639],[141.8349041,49.5611224],[141.7672917,49.3759212],[141.7647488,49.2798742],[141.7124835,49.0569439],[141.5709853,48.8592327],[141.5455649,48.7754045],[141.5927985,48.6003108],[141.8396914,48.2903226],[141.8779502,48.0525129],[141.6666016,47.6331098],[141.6718637,47.284024],[141.7581661,47.1287124],[141.7168646,46.9977159],[141.5207147,46.6181824],[141.524919,46.5018077],[141.6008642,46.2766209],[141.6520721,45.9767397],[141.7873698,45.8207193],[141.9149944,45.7287505],[142.2140327,45.5958746],[142.2845978,45.596872],[142.4196695,45.6459758],[142.4966496,45.7266416],[142.5084104,45.8223434],[142.482394,45.8811742],[142.4307202,45.9300085],[142.5128708,46.1053991],[142.5403371,46.2424064],[142.5880213,46.3358759],[142.7683721,46.398919],[142.9338046,46.4073699],[143.0643016,46.3240195],[143.1177928,46.22435],[143.1124706,46.0710767],[143.1299948,45.9837564],[143.1654384,45.9207996],[143.2853773,45.8423609],[143.4177669,45.8205662],[143.5496397,45.8438277],[143.6514423,45.9069288],[143.7368155,46.0327214],[143.7724492,46.1436329],[143.890684,46.3093015],[143.8972013,46.4270184],[143.8258747,46.5456569],[143.7953233,46.7545247],[143.7381759,46.9139494],[143.6263779,47.0046569],[143.3351091,47.1082968],[143.3099912,47.2769426],[143.2842624,47.3368953],[143.1685111,47.4804121],[142.929041,47.6191917],[142.8629191,47.7054954],[142.8234313,47.7960415],[142.8269295,47.9346552],[142.8691729,48.0914096],[143.0930998,48.6025634],[143.2670372,48.8353171],[143.3105615,49.0667556],[143.4234012,49.1038633],[143.564169,49.1167936],[143.8947291,49.0767727],[144.1158241,48.8982704],[144.2603821,48.8164996],[144.3391248,48.7356423],[144.3728695,48.6117079],[144.328654,48.529756],[144.337665,48.445624],[144.406827,48.364821],[144.524969,48.313083],[144.691684,48.305674],[144.837295,48.357755],[144.896666,48.411727],[144.9349669,48.486663],[145.0183651,48.5552222],[145.0501452,48.6525345],[144.9881167,48.9008512],[144.9589824,48.9545396],[144.6589948,49.1649482],[144.5869881,49.2916574],[144.5520835,49.3992062],[144.5348112,49.5563996],[144.4334717,49.6876067],[144.4298885,49.7783187],[144.3148138,49.9749892],[144.2931857,50.0797631],[144.1363954,50.2916241],[144.0638431,50.4416337],[144.0172696,50.5863366],[143.9794275,50.8434157],[143.7974089,51.3541343],[143.7500992,51.5362177],[143.6489099,51.7641345],[143.5527045,51.9112747],[143.4791033,52.0683145],[143.4677015,52.2053858],[143.5929619,52.3891973],[143.6345054,52.5200237],[143.6661674,52.8415975],[143.5926608,53.1903366],[143.5344965,53.355718],[143.240215,53.8567343],[143.3335965,54.055287],[143.3319128,54.1143427],[143.2921995,54.2091594],[143.1480962,54.3513881],[143.0193754,54.5239726],[142.9561208,54.5687686],[142.7662781,54.622842],[142.5673303,54.6120328],[142.0768413,54.4788965],[141.9749087,54.4200465],[141.9206629,54.3403302],[141.9179193,54.2819202],[141.9493804,54.2168815],[142.1503471,54.0244262],[142.2961991,53.9160466],[142.3071793,53.8434669],[142.0373855,53.7099884],[141.4917414,53.5566399],[141.1103353,53.6663993],[140.8578498,53.7616081],[140.7908182,53.8421026],[140.6701615,53.9013848],[140.6701615,53.9855525],[140.6321769,54.0459432],[140.4824731,54.1638455],[140.1942375,54.2748901],[140.1540186,54.3153144],[140.156253,54.401247],[140.0780495,54.4895957],[139.5663754,54.7315729],[138.7552937,55.1742349],[138.710606,55.2137719],[138.5743085,55.2685485],[137.8436647,55.9174954],[137.944212,55.9687983],[138.245854,56.2155983],[138.4067297,56.2404397],[138.4826988,56.2851136],[138.5899492,56.406462],[138.623465,56.5335859],[138.8938256,56.6823825],[138.9452164,56.7485986],[138.9385132,56.8134751],[139.1619517,56.8989892],[139.3339994,57.0159482],[139.3764527,57.0779335],[139.5864848,57.1167734],[139.8367359,57.2451401],[139.9819709,57.2584357],[140.086987,57.2910499],[140.2098782,57.3911276],[140.2232845,57.4452726],[140.2076438,57.5041395],[140.2456284,57.5473283],[140.4623637,57.5629116],[140.6299425,57.6299638],[140.7416618,57.6992804],[140.8466779,57.7851445],[140.8779593,57.8850617],[141.0231943,58.0958769],[141.0455381,58.1584081],[141.1818356,58.2373001],[141.4499618,58.3160171],[141.794057,58.4507208],[142.0934646,58.6442569],[142.3705283,58.9002612],[142.5805605,59.0097294],[142.833046,59.0695017],[143.6508308,59.1360483],[143.8921443,59.2058978],[144.3010368,59.1738534],[144.8752737,59.1612564],[145.3891822,59.1944568],[145.7913714,58.9671357],[145.9276689,58.9440902],[146.1712168,58.949853],[146.2561235,58.9798042],[146.5331872,59.0223822],[146.949976,59.1512131],[147.4828007,59.040778],[147.7933802,59.0591639],[148.5664773,59.0568662],[148.7921502,58.940632],[148.9061038,58.9187223],[150.3048287,58.8078078],[150.6757366,58.8078078],[150.9818473,58.7684403],[151.0734571,58.6895713],[151.2924268,58.6384431],[151.7124911,58.6454195],[152.1213836,58.6849264],[152.4118536,58.7614884],[152.6330577,58.7162676],[153.0039655,58.7127866],[153.227404,58.7869717],[153.2765605,58.8378822],[153.2653886,58.8760161],[153.4575457,58.8933358],[153.6139526,58.9579193],[153.8306879,58.8783259],[154.0317826,58.8401946],[154.4138624,58.891027],[154.5613318,58.947548],[154.9076614,58.9348676],[155.1042873,58.9740464],[155.6740554,59.0085789],[155.7813059,59.040778],[155.8818532,59.1039385],[155.9801661,59.2824533],[156.0002756,59.3474474],[155.9779317,59.4009456],[155.904197,59.4668485],[155.8215248,59.5088229],[155.1132248,59.6818397],[154.9746929,59.6987542],[154.8964895,59.8965808],[154.8875519,59.9659905],[155.1690844,60.186683],[155.6539459,60.3440497],[155.9667598,60.4984603],[156.1723232,60.546838],[156.3063863,60.6795047],[156.3533084,60.818164],[156.4158711,60.8845513],[156.6035595,60.9605637],[156.8783888,61.0277376],[157.0347957,61.1239166],[157.0705459,61.1810531],[157.0683115,61.2960891],[157.146515,61.3807526],[157.2291872,61.4192575],[157.5151885,61.492926],[157.9173777,61.5366177],[158.116238,61.5312927],[158.6323809,61.6015088],[159.0658515,61.620631],[159.1865083,61.5589726],[159.3317433,61.2348606],[159.3697278,60.9627328],[159.4099468,60.8519191],[159.8322455,60.4467042],[159.957371,60.3959693],[160.1003717,60.3749905],[160.2567786,60.3805125],[160.4891546,60.4378864],[160.7505776,60.4687381],[161.4097212,60.3208248],[160.909219,59.9603984],[160.5025609,59.7719518],[160.28806,59.7336838],[160.200919,59.6897342],[160.1405906,59.6457268],[160.1048404,59.5858292],[159.5239004,59.2287682],[159.4188843,59.1268772],[159.2200241,58.8540654],[158.929554,58.6849264],[158.7798503,58.5592793],[158.4379894,58.4214811],[157.9799405,58.1831543],[157.8414086,58.2137686],[157.5710481,58.2043517],[157.4481569,58.1784421],[157.3476096,58.1230266],[157.233656,58.020221],[157.1264055,58.0509755],[156.9409516,58.0557046],[156.8314667,58.0356016],[156.5767468,57.9349165],[156.4471525,57.8232409],[156.4024648,57.7303104],[156.4136368,57.6562719],[156.4627932,57.6060308],[156.6236689,57.5293392],[156.6080282,57.4332473],[156.4203399,57.4356527],[156.2326516,57.380289],[156.136573,57.2608526],[156.1410418,57.2052247],[156.1812607,57.1398153],[156.1544481,57.0767191],[155.8349311,56.9404542],[155.7276806,56.8538132],[155.6316021,56.7204097],[155.3098507,56.0325193],[155.3009131,55.8284931],[155.2227097,55.4134053],[155.2137721,55.2392588],[155.2897412,54.7998932],[155.3768822,54.4766152],[155.5757425,53.9329676],[155.7254462,53.3207932],[155.8103529,52.8510963],[156.1030573,52.2505924],[156.1522137,52.090258],[156.1723232,51.8879925],[156.1633857,51.5682987],[156.2259484,51.2631219],[156.2616986,51.193161],[156.3812393,51.1118723],[156.3833193,51.0599295],[156.2208473,51.0166219],[156.1161936,50.9641785],[155.9614852,50.9637968],[155.911508,51.0199553],[155.8353233,51.0658802],[155.6338129,51.1156901],[155.4141575,51.1110277],[155.2520147,51.0558639],[155.1581936,50.9481121],[155.14704,50.8436839],[155.2063456,50.7386593],[155.2939077,50.6725841],[155.3910204,50.5560049],[155.1005901,50.4836422],[154.7635428,50.3613933],[154.6561649,50.2606038],[154.6417934,50.2047026],[154.6572368,50.1378813],[154.4921149,50.0144417],[154.384372,50.0140864],[154.2613612,49.9848539],[154.1621287,49.9319626],[154.1128806,49.8792369],[154.0810208,49.7991165],[154.0893557,49.697566],[154.1963118,49.5928496],[154.3160483,49.4184558],[154.2179248,49.2941175],[153.94266,49.1726396],[153.4260565,49.1887858],[153.3015053,49.1557158],[153.2179728,49.0987021],[153.1692313,49.0160252],[153.1721116,48.9305621],[153.2261363,48.8541002],[153.3173958,48.7996751],[153.2748657,48.5003462],[153.0992485,48.4775274],[152.9745345,48.3958205],[152.7904522,47.9316817],[152.7010966,47.8384087],[152.634012,47.704134],[152.5901501,47.6698747],[152.2158941,47.5075237],[151.8362959,47.1500855],[151.5380036,47.0099028],[151.4353059,46.9149382],[151.4153681,46.8565125],[151.4258955,46.7822731],[151.5379498,46.6444196],[151.7125755,46.5762169],[151.8983902,46.5806674],[152.0035343,46.6204198],[152.2373345,46.7614405],[152.6752096,47.1317925],[153.0488193,47.3738844],[153.2928607,47.6077069],[153.3526248,47.7188722],[153.539334,47.9349926],[153.5831156,48.011253],[153.5981654,48.0725194],[153.5690857,48.2845997],[153.7038063,48.3506402],[153.8713421,48.3285038],[154.0517916,48.3833292],[154.2495468,48.5859119],[154.4113027,48.6945089],[154.4830965,48.7672449],[154.6886191,48.8996983],[154.8191204,48.9599681],[155.0843396,49.1896259],[155.1448118,49.2926282],[155.2279649,49.5835854],[155.2211413,49.6597394],[155.4030776,49.7946667],[155.5142547,49.812831],[155.6207904,49.8599507],[155.7565555,49.9722304],[155.9398974,50.0139053],[156.0999451,50.1001013],[156.3696568,50.3524463],[156.6643459,50.5162277],[156.8015803,50.6852465],[156.9355381,50.7456997],[157.2634756,50.9682919],[157.5156723,51.0880598],[158.1696407,51.5036991],[158.5820557,51.8845198],[158.677719,52.0430131],[158.8073958,52.1644495],[160.282736,52.9515111],[161.9770387,54.358625],[162.427719,54.6314785],[162.4766135,54.6782111],[163.3567156,55.8971452],[163.6479571,56.0327866],[163.7244877,56.1407207],[163.7117326,56.3933538],[163.6415795,56.6922148],[163.6904741,57.7203302],[163.847787,58.3416175],[164.8979571,58.7200475],[166.645406,59.7100879],[166.787838,59.8256882],[167.0897088,59.9983394],[167.1662394,60.0758459],[167.7083312,60.2398122],[168.3290795,60.3893098],[168.6564605,60.3430597],[168.9540795,60.3598855],[169.1560353,60.3377999],[169.3792496,60.2313695],[169.5960863,59.9877079],[169.8618176,59.8214139],[170.097787,59.7400968],[170.2189605,59.7261674],[170.5123278,59.7561619],[170.750423,59.8491874],[170.807821,59.8982685],[170.8779741,60.0440159],[171.0246577,60.189123],[171.3881781,60.3788041],[171.8707462,60.5538041],[172.3745727,60.6935421],[173.2971918,61.1553213],[173.365219,61.2167967],[173.6607122,61.3475438],[174.1709162,61.5162968],[174.3558652,61.6023535],[174.6556101,61.6286291],[174.9851169,61.6962366],[175.1275489,61.7677191],[175.4676849,61.8460581],[175.8120727,61.9841691],[176.2457462,62.0868458],[176.4965965,62.1216572],[176.8749979,62.2723749],[177.2215115,62.3464655],[177.810372,62.3484387],[178.6819707,62.1802487],[178.875423,62.0898312],[179.0965115,62.0699231],[179.2113074,62.0778879],[179.4749128,62.163378],[179.9266571,62.4936084],[179.998936,62.5524594],[179.9999989,62.8803678],[179.928783,62.9534413],[179.8766986,63.1667736],[179.657736,63.3313553],[179.372872,63.4418235],[179.2835863,63.5414503],[179.260202,63.5755281],[179.2261884,63.7772624],[179.1156441,64.0381221],[179.0773788,64.0976195],[178.9009332,64.2624298],[179.1794196,64.512388],[179.4175149,64.5918586],[179.5684503,64.5982427],[179.785287,64.6383372],[179.997872,64.7464787],[179.999999,69.2895101],[179.7706597,69.3827309],[179.038009,69.5810429],[178.5813897,69.6492078],[178.224334,69.6549381],[177.7210229,69.7720682],[177.1572869,69.82305],[176.7761987,69.9027134],[176.5248864,70.0194144],[176.2708276,70.0679258],[175.7421105,70.077287],[175.1200097,70.0402859],[174.6833031,70.0402859],[174.1875451,70.1034758],[172.8286736,70.1813785],[172.4688714,70.155055],[172.1186822,70.1753247],[171.5933984,70.2439076],[170.9019463,70.2863376],[170.6382745,70.3224384],[170.3533166,70.3152696],[170.1164239,70.2823997],[169.9049371,70.2013898],[169.8445123,70.1261304],[169.5382684,70.1046441],[168.9594262,70.1650758],[168.7953179,70.2076684],[168.5295861,70.2320672],[167.9294579,70.1818441],[167.6939385,70.1249633],[167.526397,70.0601997],[167.3464959,69.9639686],[167.2345727,69.8694192],[166.8383782,69.7078697],[166.3268273,69.7035828],[165.9251397,69.7654196],[165.289306,69.7901038],[164.8114007,69.7656571],[164.4701379,69.9086111],[164.0684502,69.9531442],[163.7752526,69.9364259],[163.5678857,69.8857187],[163.1936639,69.9012977],[162.8153222,69.854053],[162.395089,69.8769756],[161.193159,69.8887299],[160.6532276,69.9228594],[160.5368764,70.0980926],[160.6592209,70.1879142],[160.6844744,70.2354182],[160.6827971,70.2764269],[160.5704523,70.4625251],[160.4259973,70.6032156],[160.8093965,70.5989544],[161.0737058,70.6311581],[161.1804735,70.5439421],[161.4095283,70.4801678],[161.6347769,70.4609227],[161.9263666,70.4743794],[162.1487619,70.4326822],[162.373902,70.420616],[162.6741251,70.4395919],[162.8491475,70.47162],[163.0276411,70.5430231],[163.100671,70.6169026],[163.1019936,70.661535],[163.0732545,70.7051437],[162.9292863,70.7831745],[162.6693398,70.8341847],[162.2733624,70.8503298],[162.1956884,70.903617],[162.1405447,70.9699678],[161.9677404,71.052872],[161.7856327,71.1034263],[161.5912784,71.1256882],[161.2582074,71.1182149],[160.9667762,71.057077],[160.6299222,71.1068879],[160.2139617,71.0978348],[160.0565824,71.0671406],[159.9208638,71.0170221],[159.8524591,70.9659517],[159.8234195,70.8935338],[159.3074641,71.0298126],[158.6723606,71.1433351],[157.905671,71.2231905],[156.9120461,71.2757183],[155.7229078,71.2627241],[154.4024789,71.1704418],[153.5764968,71.0649466],[152.7948516,71.0279131],[152.3645447,71.3168821],[151.6831935,71.6765523],[151.4423244,71.7412847],[150.8306339,71.8162479],[150.6923769,71.9921112],[150.4995309,72.1184459],[150.2616463,72.2138921],[149.8230917,72.3384748],[149.2895406,72.4277366],[148.5291154,72.5141789],[147.2666285,72.5158947],[146.1637484,72.6812502],[144.3801907,72.8383479],[144.3190387,73.2177896],[144.3028069,73.4463855],[144.2560469,73.5004835],[144.0293375,73.6425162],[143.7624766,73.7498663],[143.13109,73.9487433],[141.8354399,74.1951393],[141.8013296,74.2605177],[142.954528,74.6225195],[144.1642446,74.7086729],[144.4192849,74.7477452],[145.32772,75.0240885],[145.5140326,75.1032334],[145.8042895,75.0179537],[146.3234827,74.9309773],[146.6804235,74.8448319],[147.1877062,74.7846833],[147.5799427,74.6534157],[147.9342045,74.5925122],[148.9322699,74.5297941],[149.6004438,74.5287535],[150.0024829,74.5482627],[150.2226004,74.5801993],[150.4181768,74.6330773],[151.0338054,74.6928183],[151.285363,74.7569644],[151.386979,74.8194453],[151.4653941,74.9448159],[151.6602358,75.0370145],[151.7283603,75.0898748],[151.7330431,75.1600912],[151.644248,75.2274031],[151.4775716,75.2822034],[151.2036286,75.3274276],[149.6049171,75.4540824],[148.6511577,75.5891073],[147.9890437,75.6179452],[147.1399832,75.7160317],[146.7827826,75.7778877],[146.2499293,75.779093],[145.8223744,75.7110993],[145.1427239,75.8573092],[144.8128106,75.8939173],[144.5194389,75.9631193],[144.1007327,76.0205188],[143.5557549,76.0516785],[143.1024937,76.0262959],[142.3237481,76.2627699],[141.8065383,76.3470235],[140.5000848,76.5001062],[140.1657198,76.4979023],[138.9480992,76.3992445],[138.5816226,76.3912568],[138.1338919,76.3391866],[137.7473488,76.2752503],[136.9474278,76.0969265],[136.7103511,76.0041315],[136.6406574,75.9490401],[136.6203543,75.8971398],[136.568054,75.8719818],[136.510809,75.9360582],[136.4331399,75.9764895],[136.0957048,76.0507208],[135.638295,76.0699407],[135.2449341,76.0330396],[135.0265409,75.976027],[134.8821981,75.8838012],[134.864231,75.8394059],[134.8791082,75.803618],[134.8003585,75.6828006],[134.8365548,75.580506],[134.8205844,75.5474],[134.7330049,75.4966772],[134.705528,75.4525998],[134.732802,75.3598578],[134.7878843,75.3058054],[134.8940814,75.2549876],[135.0856025,75.2070232],[135.5644439,75.1665888],[135.8642084,75.1681707],[136.2164692,75.1965442],[136.7074844,74.9489528],[137.202134,74.8283837],[137.3170841,74.7476816],[137.5885907,74.6317832],[137.8517477,74.5769024],[138.3517082,74.5345272],[138.663945,74.4672429],[139.4504782,74.1362043],[139.4516992,74.0591372],[139.5129386,73.9825407],[139.1596775,73.5014775],[139.0970089,73.4521356],[139.0871034,73.3787125],[139.2169784,73.2707016],[139.326027,73.2205637],[139.4818733,73.1797819],[139.9242524,72.9007607],[139.5154748,72.7505955],[139.186795,72.6593304],[138.7171971,72.4654022],[138.5835121,72.3810513],[138.2950251,72.1246964],[138.0592917,72.0641489],[137.834129,71.9663227],[137.2651401,71.8121008],[136.1445291,71.8538127],[135.5360567,71.8352115],[134.7330309,71.7347142],[134.5730322,71.6900761],[134.2954474,71.5754795],[133.9713498,71.6174431],[133.7429625,71.6829584],[133.9399231,71.7717009],[133.9802774,71.821209],[133.9824661,71.88057],[133.9406714,71.944437],[133.88685,71.9858335],[133.5986061,72.1095603],[133.3553684,72.1541162],[133.0946912,72.168498],[132.5896543,72.1401169],[132.3761677,72.1097604],[132.0681347,72.0070902],[131.73042,71.7734875],[131.5678886,71.5999966],[131.426831,71.3549773],[131.3641462,71.2974379],[130.8137767,71.1920534],[130.7463147,71.2023159],[130.6643253,71.4934657],[130.6876624,71.5491593],[130.6594595,71.6074363],[130.506866,71.7138598],[130.2427634,71.7913974],[130.285091,72.2267763],[130.3290825,72.3691491],[130.2596654,72.8858732],[130.2751599,72.937786],[130.2279269,73.0467149],[130.1588069,73.1036861],[130.0537365,73.1502996],[129.8216202,73.2137454],[128.8019221,73.5648762],[128.4670446,73.6493497],[128.0026882,73.7082731],[126.3166668,73.8626691],[125.3546641,74.067619],[124.965169,74.1231415],[124.686127,74.1366338],[124.322687,74.1191482],[123.3556016,74.1882897],[123.0705529,74.186083],[122.8384094,74.1608806],[122.6344672,74.1150953],[122.5109468,74.0626618],[122.4311671,73.9924217],[122.3885073,73.8835303],[122.3922732,73.8338325],[122.4532414,73.7701849],[122.5713561,73.7165645],[122.4971491,73.6223931],[122.4599805,73.5089403],[122.4952258,73.4103849],[122.5758225,73.3121143],[121.7787285,73.2491654],[121.414047,73.161096],[121.1148847,73.1379475],[121.0182609,73.2257574],[120.8580153,73.2883023],[120.6122827,73.3358285],[120.0374913,73.3875413],[119.5189638,73.6294988],[119.2249224,73.699401],[118.9026295,73.7494876],[117.5580702,73.7787393],[116.8128367,73.8613377],[116.3620326,73.8664636],[115.5931989,73.91304],[114.9752141,73.879473],[114.5432494,73.7894744],[114.0294759,73.7873136],[113.9364203,73.8458147],[113.8287826,73.9512772],[113.6043475,74.0310066],[113.8104295,74.0908095],[114.1585109,74.2817222],[114.2150688,74.3373065],[114.2254143,74.4211847],[114.1098328,74.5287868],[113.7139761,74.7337745],[113.5673675,74.89104],[114.180338,75.108791],[114.423866,75.2435923],[114.5448124,75.4144788],[114.5393803,75.4844245],[114.4879863,75.5510399],[114.5706809,75.6446499],[114.6823046,75.724617],[114.7392382,75.8425314],[114.7324672,75.9138908],[114.6892344,75.9653675],[114.3635772,76.1392462],[114.3259455,76.309338],[114.3433797,76.3735003],[114.2922917,76.4369028],[114.2181979,76.4809318],[113.9990441,76.5560718],[113.4104931,76.6554635],[113.2236399,76.7330377],[112.8108138,76.81248],[111.9426479,76.8826613],[111.6354261,76.9417656],[111.3630107,76.9676528],[110.7481435,76.9875419],[109.6947272,76.9564575],[108.9908917,77.095564],[108.610696,77.3879199],[108.4789783,77.4478206],[108.4325911,77.9447139],[108.6307419,78.0170683],[108.721854,78.0853875],[108.746689,78.127123],[108.7107068,78.1980034],[108.5814138,78.2604789],[107.2877756,78.5267903],[106.4333635,78.6478512],[106.3934408,78.7616227],[106.2787433,78.8495431],[105.8707876,78.9940626],[104.9202412,79.2553356],[103.71219,79.5118233],[101.2872239,79.8065399],[100.8265036,80.0133059],[100.1317695,80.1877525],[98.7196276,80.2958648],[98.7109941,80.3069946],[99.3530507,80.6130609],[99.4045178,80.6568641],[99.4030781,80.6903416],[99.3072686,80.7857488],[99.1894308,80.8381519],[97.8877308,81.0976606],[97.1843131,81.3244488],[96.6657944,81.4215326],[96.1726912,81.4656411],[95.6117368,81.4767476],[94.8148727,81.4486682],[94.1993402,81.3883075],[92.6189851,81.2892631],[92.1231261,81.3672207],[91.4508774,81.4163246],[90.9819815,81.4243063],[90.230991,81.404741],[89.5082857,81.3607937],[89.1658311,81.318469],[88.9007695,81.2477087],[88.8130122,81.1924651],[88.79951,81.1590518],[88.8445136,81.0797699],[88.9596176,81.01802],[89.1651886,80.9601296],[89.4120697,80.9202747],[90.5004082,80.8344895],[91.527647,80.8432922],[90.3929081,80.4762526],[90.3155523,80.4220717],[90.3071162,80.3022094],[89.8667081,80.1152312],[89.8324528,80.0822741],[89.8308455,80.0487957],[90.0429399,79.7856802],[89.5819801,79.6492672],[89.470111,79.5926715],[89.4476679,79.5594382],[89.456297,79.5259943],[89.5927217,79.4523764],[89.8702954,79.3937064],[90.5617264,79.3193208],[91.4234242,79.0118754],[91.7642942,78.9461585],[92.1300048,78.9038002],[92.7428051,78.8633389],[94.6504616,78.8418552],[96.5721064,78.7113556],[96.8691146,78.6499913],[96.9673833,78.3138341],[97.0031182,78.2709184],[97.0786698,78.2290538],[98.3956671,77.9375859],[95.9824389,77.3469822],[95.5500688,77.2588497],[94.9970655,77.1918949],[94.6177775,77.1054103],[93.347792,76.7511697],[93.1909128,76.6808993],[91.6760285,76.259337],[91.0226159,76.2245028],[88.961203,75.8951518],[87.9606621,75.9024352],[87.6117006,75.8775727],[87.3706113,75.8269055],[87.2204619,75.7547247],[85.5956253,75.426959],[85.4547779,75.3840406],[84.6229568,75.0105298],[83.5787798,74.7647174],[83.5069899,74.7243014],[83.4661114,74.6741643],[83.4923258,74.5615744],[82.0537309,74.2860291],[81.8637689,74.2280381],[81.7550058,74.1741466],[80.2063298,73.7596707],[77.0589373,73.6068917],[76.3094975,73.7125353],[75.7467021,73.7205365],[75.452675,73.7045642],[75.1656328,73.6625927],[74.9628565,73.604418],[74.7569273,73.5089102],[74.6853708,73.4364144],[74.3864555,73.3089212],[73.895875,73.2628132],[72.2099744,73.338064],[71.7638291,73.5505418],[71.3887945,73.6310545],[71.0244988,73.6709971],[70.6961398,73.6739031],[70.0933359,73.6286914],[69.5483718,73.5316209],[69.3702147,73.4588203],[68.7447662,73.0050559],[68.6152583,72.8633907],[68.4566454,72.7990373],[68.3649135,72.7369439],[68.3222058,72.684518],[68.2899216,72.5790981],[68.1947331,72.4560977],[68.1007592,72.214544],[68.0249387,72.0881262],[67.9062646,71.9030541],[67.8058693,71.8227394],[67.6131276,71.7100583],[67.3245682,71.6108166],[67.0634278,71.5356959],[66.8190371,71.5022965],[66.4100228,71.3922577],[66.3211596,71.3318365],[66.269926,71.2440632],[66.1466468,71.1645563],[65.9588914,70.9898602],[65.8529631,70.8506314],[65.815625,70.7038698],[65.8426856,70.5891772],[65.9375461,70.4783615],[66.0801357,70.3794979],[66.3218236,70.2865309],[66.3876011,70.1105958],[64.9657034,69.5640078],[64.4596038,69.6963483],[63.3035266,69.8717104],[62.8056541,69.9157734],[62.0128372,69.9460323],[61.3779947,70.0531733],[60.6789233,70.1217127],[60.465656,70.2305022],[60.0754424,70.3340147],[59.8788324,70.452475],[59.4439912,70.6204305],[58.0659302,70.8527612],[57.806072,70.9553216],[57.448371,71.0162464],[56.7550124,71.2927397],[56.6950218,71.3315537],[56.62147,71.4151151],[56.3113094,71.6559601],[56.1860008,71.8301635],[56.1850947,71.8670857],[56.1495258,71.927386],[56.1059844,71.9677827],[56.107318,72.0267732],[56.223918,72.1518655],[56.2122195,72.2347575],[56.2554588,72.3829674],[56.8394829,72.7626909],[57.3306276,73.1332021],[57.710668,73.2799692],[58.1980216,73.4980954],[58.8871626,73.8892776],[59.3074282,74.0839443],[60.100467,74.2657606],[60.4948799,74.4907265],[60.8822094,74.6190733],[61.6194425,74.9188873],[62.102228,75.087227],[62.6451474,75.2385679],[63.3329138,75.3637391],[64.080911,75.4110034],[64.6309321,75.5353714],[65.5526743,75.6235418],[66.0250756,75.7231209],[66.5033317,75.7899741],[66.8326167,75.8138281],[67.7065114,75.9333074],[68.3589887,76.0496476],[68.8633381,76.1001222],[69.0391591,76.1518477],[69.7620302,76.4686988],[69.949441,76.6785109],[69.955649,76.7119678],[69.9373659,76.7451908],[69.8315946,76.8476732],[69.6287553,76.9529508],[69.1976182,77.1013762],[68.8933218,77.1493695],[68.0540902,77.2313685],[67.5559141,77.2376435],[67.1914352,77.205083],[66.4586619,77.0878713],[65.4060523,76.877485],[65.0798199,76.7556602],[64.8611295,76.7017396],[63.7510721,76.5925351],[63.3058868,76.5068013],[62.7001324,76.4637788],[61.7131294,76.497818],[60.8339523,76.4786387],[59.7544369,76.3375161],[58.6022826,76.2258755],[58.3004586,76.1436712],[58.059531,75.9881598],[57.9103659,75.9235081],[56.0462688,75.4107652],[55.4598504,75.3323643],[55.1419994,75.2302848],[55.0483283,75.170215],[54.9760384,75.062932],[54.9879506,75.0184231],[55.0676687,74.9414964],[55.044567,74.8176701],[54.8716526,74.6594125],[54.8325932,74.5923589],[54.6367555,74.4439268],[54.4383108,74.3370769],[54.3641343,74.2572476],[53.7856621,74.0509476],[53.2349893,73.9449288],[53.0524508,73.8721183],[52.9680505,73.7776382],[52.9822381,73.6953572],[53.0835327,73.6230263],[53.2967356,73.5584229],[53.3044799,73.4866827],[52.7217328,73.2886496],[51.8941797,72.8740562],[51.7700613,72.7825242],[51.2380064,72.2459233],[51.049895,72.1823076],[50.9523199,72.1256111],[50.8038445,71.8728509],[50.8011987,71.7867108],[50.8894845,71.6409026],[50.9490195,71.5815883],[50.9701855,71.5259077],[51.1119091,71.4193327],[52.5913799,70.8085546],[53.0853096,70.651469],[53.5322187,70.5390369],[53.7129031,70.5103169],[54.4093028,70.459048],[55.0285594,70.3162115],[55.2117486,70.2908828],[56.4967968,70.2445765],[56.9971207,70.2557643],[57.898134,70.0713411],[58.141479,69.9292862],[58.6604071,69.7163476],[59.2015431,69.5540487],[59.6609352,69.4704484],[59.7262093,69.4053141],[60.0809994,69.1920915],[60.0841733,69.1235024],[60.1233369,69.0638036],[60.1998308,69.006674],[60.3113948,68.9578939],[60.2303563,68.8988219],[60.0731949,68.9610708],[60.0816595,69.0214594],[60.0304338,69.0939096],[59.8632496,69.1966383],[59.8161071,69.2905036],[59.6708893,69.3809785],[59.4663604,69.44543],[59.2361889,69.4907314],[59.1017054,69.5423644],[59.0045288,69.6031268],[58.8651155,69.6473293],[58.6460539,69.6772613],[58.3913938,69.6775617],[58.1827319,69.6495852],[58.0198086,69.5953438],[57.9383123,69.5349352],[57.905525,69.4485291],[57.9378302,69.393965],[58.0115122,69.3446567],[58.3424992,69.1963261],[58.5186242,69.1376191],[57.6148834,68.9657615],[57.2190206,68.9291709],[56.6820908,69.0067888],[55.9339551,69.054943],[55.5529351,69.1267841],[54.6839056,69.1890425],[54.1840788,69.184157],[53.792288,69.1588568],[53.1269458,69.0628515],[51.7481371,68.7071685],[51.5823378,68.6863836],[51.0840122,68.6850335],[50.7633572,68.6396083],[50.5094149,68.5609457],[50.2584263,68.4356577],[49.9397091,68.3214151],[49.4939379,68.1757304],[49.0189212,68.0514391],[48.8367318,68.0984131],[48.5920373,68.1135864],[47.1118376,68.0331377],[47.0790147,68.0583622],[47.0939251,68.1034117],[47.081538,68.1478196],[46.8474135,68.4288111],[46.7009715,68.5006503],[46.3534864,68.5926987],[45.735965,68.7029297],[45.3716537,68.7356273],[44.7753008,68.7520521],[44.1878386,68.7357077],[43.8207099,68.8254263],[43.4915959,68.8676448],[43.1060785,68.8536626],[39.7596078,68.3746663],[39.7389611,68.378121],[39.7975089,68.4561294],[39.7785545,68.5228708],[39.6824318,68.5922574],[39.5466859,68.6370534],[39.3474693,68.6650209],[39.1329296,68.6628201],[38.9384064,68.6307945],[38.7647324,68.5698726],[38.1426272,68.845213],[36.5781959,69.2681217],[35.9934266,69.3933479],[34.6555971,69.5162175],[34.271609,69.5812936],[33.4122654,69.9091465],[32.3421199,70.1203006],[31.9419705,70.1533847],[31.4452031,70.0999042],[31.1043542,69.9783141],[30.8176414,69.7948444],[30.8905984,69.7372657],[30.8736595,69.7149353],[30.9444402,69.6831845],[30.9233762,69.6697835],[30.9542528,69.6324096],[30.9388793,69.5609987],[30.8167646,69.5287393],[30.5159812,69.5404206],[30.2240291,69.6531205],[30.1516722,69.6693762],[30.0852915,69.6580972],[30.0912854,69.6428379],[30.137826,69.6435197],[30.1855994,69.5505719],[30.1223803,69.5166756],[30.1168881,69.4692538],[30.0345285,69.4246791],[29.9481468,69.4050014],[29.8504972,69.4228126],[29.7226467,69.3890938],[29.5704517,69.3178794],[29.3965182,69.3236938],[29.2923407,69.2979319],[29.276971,69.250761],[29.3139861,69.2312317],[29.2864934,69.1692013],[29.2487203,69.1615253],[29.2310095,69.1216852],[29.242137,69.1130186],[29.0566538,69.0152255],[28.9292868,69.0519146],[28.4157884,68.9154506],[28.4680152,68.8854349],[28.8007884,68.8692833],[28.7064097,68.7322371],[28.4339319,68.539671],[28.6461512,68.1963033],[29.3270886,68.0745422],[29.6594055,67.8029589],[30.017043,67.6735527],[29.9302245,67.5225238],[29.6160519,67.345731],[29.6440601,67.3357821],[29.5225573,67.3098971],[29.5044673,67.2855845],[29.5164949,67.2806526],[29.0728518,66.995901],[29.0331725,66.9255118],[29.0605147,66.8531003],[29.1189692,66.8014769],[29.1058565,66.7904471],[29.1494135,66.7804339],[29.3611293,66.6388082],[29.3825949,66.5984441],[29.4190358,66.5919864],[29.4106071,66.5831721],[29.4720555,66.5439006],[29.6313606,66.366276],[29.6963998,66.2687473],[29.9233057,66.1271457],[29.9926245,66.0223595],[29.9971176,65.978834],[30.0242232,65.9667021],[30.068452,65.8949649],[30.1193759,65.7522112],[30.1384654,65.668677],[30.0171088,65.6964778],[29.7218687,65.6370846],[29.8639021,65.5604438],[29.7330481,65.4725004],[29.7273933,65.4003301],[29.7465796,65.347402],[29.6017879,65.2599327],[29.6340018,65.2315851],[29.8856591,65.2062953],[29.8935882,65.1929709],[29.8193328,65.1442782],[29.8968589,65.1051397],[29.7326676,65.0912944],[29.6269757,65.0605969],[29.5993331,64.9950558],[29.6191848,64.959659],[29.6109949,64.9273109],[29.6449074,64.866493],[29.699703,64.8372234],[29.6875026,64.8188089],[29.7396283,64.7897836],[30.0429299,64.7928807],[30.0865096,64.7739882],[30.0413965,64.7411934],[30.1358375,64.6489996],[30.130109,64.6347287],[29.9894001,64.5876222],[29.9869571,64.5338969],[30.0583381,64.4508873],[30.0448663,64.4020287],[30.1099241,64.3650286],[30.3669331,64.2996872],[30.3608053,64.2813189],[30.3882735,64.2690683],[30.4824363,64.2623259],[30.5095961,64.2216872],[30.4663645,64.2044309],[30.5534022,64.1322472],[30.5535576,64.1016869],[30.4918692,64.0169518],[30.3209136,63.9095321],[30.2604128,63.8220093],[29.9723741,63.756915],[30.2441514,63.6072718],[30.2582144,63.583947],[30.3845366,63.5455091],[30.4840079,63.4667034],[30.7876915,63.4052755],[30.8501493,63.3684509],[30.9344216,63.3554973],[30.9791661,63.3077728],[31.2398348,63.2188742],[31.272127,63.1076281],[31.4629834,63.0242467],[31.4487659,63.0060555],[31.5021396,62.9962512],[31.5867034,62.9087069],[31.4556435,62.7967738],[31.4666672,62.7839435],[31.4392079,62.7848827],[31.3732932,62.6498138],[31.3458464,62.643417],[31.2216185,62.4985739],[31.1848934,62.4937774],[31.1627521,62.4460646],[30.9427308,62.3332136],[30.9620759,62.3277186],[30.9432093,62.3058478],[30.9041949,62.3105395],[30.8108128,62.270669],[30.7203022,62.2088761],[30.6570498,62.2089034],[30.6028595,62.1417717],[30.4437591,62.0325522],[30.3059066,61.9644579],[30.3007408,61.9349718],[30.0712964,61.818917],[30.0381026,61.7653976],[29.818678,61.6551729],[29.7405369,61.5757553],[29.6072893,61.5003937],[29.4962467,61.4918994],[29.5031004,61.4612774],[29.3222493,61.3475232],[29.2448283,61.2706905],[28.9568572,61.1515503],[28.8191018,61.1215767],[28.8043007,61.0933933],[28.7138466,61.0444634],[28.655001,60.9494998],[28.5246058,60.9571051],[27.8734253,60.6045523],[27.8385156,60.578471],[27.8474973,60.5613803],[27.774414,60.5335769],[27.7479524,60.4511705],[27.6869201,60.4335706],[27.7257745,60.3916766],[27.4564042,60.223385],[27.0685955,60.1421886],[26.9079194,60.1368901],[26.6665643,60.0007031],[26.6603844,59.9811283],[26.4376813,59.9392297],[26.6267388,59.8230774],[26.8169396,59.662539],[27.0531457,59.6191586],[27.3868554,59.6517859],[28.0408,59.4746891],[28.2086889,59.3828498],[28.1297495,59.2910006],[28.0262542,59.2874186],[27.9032361,59.2408426],[27.8896943,59.1852104],[27.8060331,59.1257035],[27.7920599,59.0703805],[27.7449051,59.0269727],[27.7469601,58.9894706],[27.7289897,58.9712985],[27.3422214,58.8932972],[27.5550829,58.3685975],[27.4864183,58.3066037],[27.4905382,58.2191956],[27.6354214,58.10038],[27.6055523,58.0542688],[27.6206585,58.0055514],[27.6537893,57.9958181],[27.6493262,58.0201917],[27.6987646,57.9986382],[27.6845167,57.9600461],[27.6560209,57.955037],[27.6790236,57.923965],[27.7181624,57.9204096],[27.6955029,57.9073702],[27.8197859,57.890585],[27.8158378,57.8623794],[27.7761837,57.8330551],[27.7408218,57.8277539],[27.7081203,57.848451],[27.5555133,57.8338774],[27.530708,57.790808],[27.4946591,57.7876969],[27.5265881,57.7578538],[27.5113105,57.7507096],[27.5456428,57.7333016],[27.5262448,57.7307356],[27.5256442,57.7093748],[27.500925,57.706486],[27.4927711,57.7230361],[27.4113177,57.7003408],[27.3761272,57.6681763],[27.4009322,57.6329508],[27.3887014,57.6160607],[27.4051379,57.6124059],[27.3174916,57.5800341],[27.3515884,57.5182161],[27.3747745,57.5354148],[27.4150519,57.5226559],[27.5565377,57.5378439],[27.5463272,57.5192773],[27.5673392,57.5092177],[27.5161921,57.4249263],[27.6694264,57.3952715],[27.6841181,57.3721178],[27.7790722,57.3434011],[27.781842,57.3203282],[27.82394,57.3230627],[27.8665879,57.2963924],[27.8702622,57.2482655],[27.8256765,57.2004927],[27.8182775,57.1433435],[27.737531,57.1189964],[27.7518744,57.0982907],[27.7152118,57.0976375],[27.7687745,57.085618],[27.7146504,57.007379],[27.7695654,57.0052405],[27.7371561,56.920078],[27.6863346,56.9158951],[27.6720469,56.895622],[27.6593808,56.8343402],[27.848567,56.8794211],[27.8740298,56.8774814],[27.9016674,56.8205634],[27.9690721,56.8356388],[27.9765795,56.8116912],[27.9441191,56.8027669],[27.9444646,56.7764996],[27.898509,56.7522768],[28.0125413,56.6725205],[28.0114081,56.6366601],[28.0431072,56.5904029],[28.1435272,56.571831],[28.1410981,56.5517151],[28.0924414,56.529698],[28.0947478,56.5111392],[28.1259158,56.515965],[28.1293973,56.4906769],[28.1926229,56.4487827],[28.1946065,56.405337],[28.1632085,56.3794625],[28.2414937,56.2786583],[28.1854063,56.2302791],[28.2040191,56.2146483],[28.1743639,56.2041432],[28.1791491,56.1795792],[28.1479155,56.1643421],[28.1575291,56.1436676],[28.251636,56.119365],[28.2438772,56.0857702],[28.2774182,56.0935489],[28.3021604,56.0632916],[28.3754291,56.0598964],[28.3928005,56.078526],[28.3705145,56.0977027],[28.3796677,56.1110346],[28.422805,56.0979704],[28.4260163,56.0938294],[28.4192576,56.0905437],[28.4188411,56.0862286],[28.5490386,56.1159841],[28.6878603,56.1015788],[28.6361922,56.0746217],[28.6998824,56.0265037],[28.7340969,55.9668229],[28.8090622,55.9721337],[28.847449,55.9539268],[28.8580373,55.9885428],[29.0873272,56.0338828],[29.1126608,56.0154735],[29.1552145,56.0267057],[29.2165471,55.9878943],[29.2581456,55.9968544],[29.4218476,55.9703198],[29.4495134,55.9574097],[29.4221978,55.9454551],[29.4800664,55.9172528],[29.3949793,55.9019479],[29.4265535,55.8724199],[29.4040506,55.8726338],[29.3895156,55.8205639],[29.3594916,55.7976843],[29.3613684,55.757811],[29.4891034,55.7054306],[29.5785519,55.7342911],[29.5844041,55.7590881],[29.6227671,55.7803018],[29.7451495,55.8024399],[29.7676093,55.779515],[29.8066388,55.783324],[29.8949512,55.8625924],[29.9418337,55.8514874],[29.9964211,55.8704573],[30.1301578,55.8322907],[30.1655625,55.8501384],[30.1666632,55.8787089],[30.1797749,55.8619069],[30.2758235,55.8635264],[30.2879556,55.8310271],[30.3397934,55.8352241],[30.3669992,55.8090182],[30.4843456,55.8132817],[30.5191639,55.7942395],[30.4935474,55.7826474],[30.5273367,55.7521394],[30.6292129,55.7301498],[30.6512828,55.6969726],[30.6414025,55.6755755],[30.6724045,55.6732668],[30.65752,55.6586554],[30.6761845,55.6583381],[30.6746156,55.6359036],[30.7316239,55.6623008],[30.7654865,55.5908351],[30.8318348,55.5988909],[30.8556611,55.6210041],[30.8384005,55.6286308],[30.9132136,55.6122789],[30.9325862,55.6237656],[30.9572413,55.5414126],[30.9128351,55.527725],[30.960873,55.498213],[30.8914872,55.4756843],[30.9368149,55.3992683],[30.8075816,55.3079483],[30.8246048,55.3033672],[30.8210496,55.2792462],[30.8855551,55.2739238],[30.8783087,55.2597652],[30.9067945,55.2534416],[30.9231558,55.2009684],[30.9924206,55.1630691],[30.9725952,55.144684],[31.0267635,55.1364071],[30.9966571,55.136368],[30.9892841,55.1202741],[31.0037865,55.11547],[30.9836729,55.0914652],[31.0278862,55.0622783],[31.0162722,55.0295657],[30.9375128,55.0365901],[30.9086647,55.0184981],[30.9649216,54.9845752],[30.9356197,54.9754573],[30.9435975,54.9587047],[30.8176205,54.9370504],[30.8371691,54.9057321],[30.8124549,54.8922916],[30.8240019,54.8798541],[30.7829637,54.8693733],[30.748205,54.8051672],[30.8436792,54.7872631],[30.9775223,54.712604],[31.0109241,54.7177095],[31.0221421,54.7026583],[30.9833067,54.6900958],[30.9884514,54.6723368],[31.197739,54.659126],[31.2039053,54.6197373],[31.0856102,54.508534],[31.2354147,54.4651646],[31.2362624,54.4355049],[31.2707233,54.4000261],[31.2527534,54.3799759],[31.2993607,54.368179],[31.3241876,54.3393084],[31.2854678,54.3195816],[31.3230924,54.3116123],[31.316063,54.245383],[31.37773,54.249898],[31.387969,54.222111],[31.412729,54.226733],[31.38135,54.210428],[31.435688,54.207578],[31.495297,54.183424],[31.492944,54.160992],[31.563878,54.136884],[31.65545,54.141801],[31.676606,54.103738],[31.774843,54.11282],[31.754338,54.078406],[31.822917,54.094368],[31.898225,54.082686],[31.88223,54.069932],[31.8911053,54.0354268],[31.8541274,54.0047559],[31.8900377,53.9923488],[31.8913051,53.9657196],[31.8557757,53.9579519],[31.8573112,53.9169649],[31.8311455,53.9053778],[31.830544,53.8825189],[31.7987258,53.8754456],[31.8311184,53.8574779],[31.7567036,53.8325585],[31.774268,53.8107755],[31.7617419,53.7957399],[31.8117975,53.8063169],[31.8983113,53.7743662],[31.9898634,53.8047656],[32.1264706,53.8182942],[32.1779492,53.7926233],[32.2077802,53.7995436],[32.2295319,53.7661417],[32.2877011,53.7759099],[32.2712345,53.7634366],[32.3442599,53.7502768],[32.369026,53.7175538],[32.4619482,53.7360372],[32.4601272,53.7215554],[32.5004448,53.7079711],[32.5012499,53.6871364],[32.4134187,53.6543286],[32.4186782,53.6346093],[32.4322416,53.6306443],[32.430619,53.6520174],[32.4509651,53.6365718],[32.4277017,53.6077298],[32.4805789,53.567483],[32.4778901,53.5489013],[32.551962,53.5266287],[32.5409497,53.5172194],[32.6039254,53.5122691],[32.6048507,53.4787866],[32.6312929,53.4785302],[32.6469117,53.5044974],[32.6866705,53.4828678],[32.6551255,53.470053],[32.7704528,53.4646521],[32.74909,53.4465138],[32.7648665,53.4234758],[32.7406774,53.4096545],[32.7765212,53.3904598],[32.7419349,53.3941811],[32.7234717,53.3718314],[32.7518937,53.335191],[32.6868356,53.3408014],[32.652501,53.3148753],[32.6109333,53.336402],[32.6198724,53.3145393],[32.5936645,53.312323],[32.5852869,53.290733],[32.4859764,53.3036349],[32.5126689,53.283499],[32.4481181,53.2079494],[32.4131681,53.1865572],[32.3570905,53.1851259],[32.3028097,53.1288657],[32.2447971,53.1286991],[32.2359807,53.0992521],[32.1879329,53.1083197],[32.1723568,53.0887441],[32.1003754,53.0767563],[32.0184139,53.0991467],[31.9362417,53.0824746],[31.913232,53.0878748],[31.9196048,53.1062995],[31.8286905,53.1113929],[31.7902504,53.1773188],[31.7459153,53.1995315],[31.6299859,53.2304303],[31.5838363,53.193351],[31.4047361,53.2112882],[31.4155203,53.1762943],[31.3647221,53.1419789],[31.3996436,53.1101278],[31.3903066,53.0966936],[31.3345454,53.0913779],[31.3290785,53.0411987],[31.2429216,53.0320741],[31.3565235,52.9844857],[31.3961699,52.907266],[31.4885488,52.8580245],[31.5382202,52.8576095],[31.5196601,52.832254],[31.5877134,52.7940673],[31.6033433,52.7443644],[31.567263,52.7082382],[31.4974452,52.6948814],[31.5696726,52.6350842],[31.5640942,52.5943011],[31.674278,52.5608509],[31.6450805,52.5421617],[31.6117523,52.5482725],[31.5963219,52.5136209],[31.5586902,52.5175088],[31.5731912,52.4974909],[31.6252852,52.4916425],[31.5810639,52.4569874],[31.6081325,52.45392],[31.5933076,52.4151192],[31.6218627,52.4185809],[31.6324735,52.3988531],[31.6254491,52.3310748],[31.5834652,52.320972],[31.6274856,52.2884908],[31.7136164,52.2648748],[31.6960358,52.2566429],[31.7100746,52.2151562],[31.686633,52.1945118],[31.7813863,52.186354],[31.7994096,52.1204017],[31.7817173,52.1120049],[31.8932246,52.1050291],[31.9604301,52.0750222],[31.9132229,52.0421445],[32.028236,52.0476346],[32.0635959,52.0322198],[32.1535485,52.0676891],[32.2050469,52.0647343],[32.3650353,52.14276],[32.3313897,52.1549787],[32.3547336,52.3269486],[32.8655978,52.2479847],[33.1979343,52.3621849],[33.3369505,52.3515747],[33.3802412,52.3714072],[33.4463309,52.3428907],[33.4552572,52.3651184],[33.5091589,52.3583045],[33.5196303,52.3438346],[33.4792898,52.3164546],[33.5589407,52.302181],[33.5438345,52.3237996],[33.5816,52.3115223],[33.6845968,52.3578852],[33.8174627,52.3633364],[34.0823337,52.1419185],[34.1097995,52.0068664],[34.4036838,51.8357792],[34.4352694,51.7312828],[34.1262804,51.6861804],[34.0811321,51.6652107],[34.1015622,51.6659546],[34.2965671,51.5189998],[34.2471312,51.4312168],[34.221382,51.4170876],[34.2279051,51.3998483],[34.2914198,51.3882805],[34.284725,51.3753167],[34.3386267,51.3566681],[34.3142508,51.3293246],[34.286785,51.3392989],[34.2824934,51.3111939],[34.2380331,51.2926265],[34.2517661,51.2752866],[34.230821,51.2650583],[34.306011,51.2388141],[34.6591159,51.2498841],[34.6810886,51.1879528],[35.1342746,51.2206492],[35.1617404,51.0966247],[35.197446,51.0586618],[35.3375217,51.0707443],[35.3951999,51.0396687],[35.3512546,50.9861007],[35.4089328,50.8094077],[35.4885837,50.7746834],[35.5023166,50.673837],[35.4034396,50.6494622],[35.4556247,50.5081883],[35.5864332,50.448323],[35.5836867,50.3925423],[35.6259154,50.3515948],[35.7373236,50.3546616],[35.8317373,50.4340013],[35.8722494,50.4229564],[35.8887289,50.4384841],[36.0859678,50.4490882],[36.1608122,50.431377],[36.1772917,50.4018437],[36.2838934,50.3354907],[36.2758253,50.3166409],[36.296768,50.2925199],[36.3673208,50.2883523],[36.4340971,50.3302311],[36.4401053,50.3112696],[36.5861891,50.2853909],[36.5940855,50.2758473],[36.5597532,50.2499493],[36.6471289,50.2173373],[36.7080661,50.2753004],[36.9305392,50.3524726],[37.1365329,50.3612343],[37.4661227,50.4557571],[37.4716159,50.3699943],[37.6116916,50.3086401],[37.608945,50.205035],[37.9261773,50.0337689],[37.9611967,49.9836825],[38.0437659,49.9332127],[38.0209349,49.92603],[38.0329271,49.9004069],[38.124275,49.9426039],[38.1318281,49.9251459],[38.2219504,49.9795983],[38.1859015,50.0225203],[38.1783484,50.0801674],[38.276367,50.0737778],[38.3129309,50.0882082],[38.329582,50.0855648],[38.3506964,50.0070772],[38.4160994,49.9823579],[38.4332655,50.0016709],[38.4689711,49.9952709],[38.4887552,49.9633407],[38.5829541,49.9772802],[38.6473273,49.9558589],[38.6801146,49.9739681],[38.6845778,50.0080701],[38.7177084,49.9834617],[38.6859511,49.9622641],[38.6936758,49.9349806],[38.7913511,49.8782654],[38.9168356,49.8603415],[38.9070509,49.8281281],[38.9302252,49.7968905],[39.0200041,49.8219265],[39.0658377,49.8158349],[39.1885754,49.8857871],[39.2527768,49.7743915],[39.2847058,49.7566509],[39.3791195,49.7382381],[39.4371411,49.7601995],[39.6084588,49.7338005],[39.5899194,49.7200405],[39.6599575,49.6147144],[39.7512814,49.5971379],[39.8055264,49.5584027],[39.8917004,49.5590709],[39.9517819,49.5966928],[40.1347729,49.6173837],[40.1701352,49.569314],[40.0372692,49.5209741],[40.0293728,49.4538428],[40.1927945,49.3474937],[40.185928,49.2805726],[40.2226635,49.2503276],[40.1364895,49.2402418],[40.078468,49.1868649],[40.0307461,49.1801327],[39.938049,49.0828615],[39.9377057,49.0563204],[39.6939441,49.050472],[39.6733471,49.0414691],[39.6781536,49.0128793],[39.6623608,49.0020694],[39.6771237,48.9894549],[39.7001263,49.0020694],[39.7262188,48.9759358],[39.7526547,48.9858501],[39.7766875,48.951592],[39.7725676,48.9237401],[39.825096,48.9024178],[39.8266409,48.8863919],[39.845867,48.9021921],[39.9244879,48.8954212],[39.9931524,48.8684413],[40.0044821,48.9012894],[40.0317763,48.9155056],[40.061302,48.9088493],[40.0789831,48.8739739],[39.9765013,48.7936343],[39.7986601,48.8422376],[39.7669028,48.763997],[39.7375487,48.7663732],[39.725704,48.7501905],[39.7382353,48.743399],[39.7057913,48.7207541],[39.7233008,48.683821],[39.7025297,48.670786],[39.7116278,48.654686],[39.6611593,48.6095331],[39.6909749,48.5862177],[39.791632,48.5930085],[39.8479741,48.5700346],[39.8672002,48.5094554],[39.8478025,48.5016078],[39.8464439,48.4737524],[39.8975876,48.4473144],[39.9180218,48.3966251],[39.9057201,48.3903787],[39.9235214,48.3744401],[39.9415565,48.3857476],[39.9315258,48.3637772],[39.9462887,48.3521426],[39.8453092,48.3328311],[39.841318,48.3102017],[39.8879778,48.3076256],[39.9236294,48.2710831],[39.9916073,48.3174512],[40.0163266,48.2710831],[40.0077435,48.2239867],[39.9428555,48.2292472],[39.9394223,48.1830279],[39.9074932,48.180052],[39.8680111,48.0776204],[39.8341941,48.0671823],[39.8835467,48.0417668],[39.7756573,48.0397585],[39.822521,47.9824536],[39.8244093,47.9555593],[39.7933386,47.9194484],[39.7949695,47.8704168],[39.7638129,47.8709925],[39.763641,47.846575],[39.7378918,47.8276779],[39.6252822,47.8389131],[39.5420264,47.8253151],[39.4778251,47.8605127],[39.4124221,47.8298098],[39.3869304,47.8711653],[39.1093969,47.8427153],[39.0829181,47.8517588],[39.0830897,47.869438],[38.8778683,47.8769802],[38.8390728,47.8666168],[38.8291165,47.8161519],[38.7879177,47.816613],[38.7973593,47.7752139],[38.7726401,47.6859615],[38.6663811,47.6977477],[38.6656948,47.6695493],[38.628616,47.6700117],[38.615913,47.6441116],[38.4566113,47.6445742],[38.4566113,47.6168101],[38.3488079,47.6168101],[38.3498379,47.5762943],[38.3110424,47.5762943],[38.3034893,47.5447861],[38.2832333,47.5443226],[38.303146,47.391842],[38.2471844,47.364409],[38.2186862,47.3053114],[38.3343884,47.306241],[38.3237454,47.2573303],[38.2331082,47.2293611],[38.2269284,47.1264472],[38.3422838,46.9811902],[38.1459032,46.8658258],[37.6192447,46.8306053],[37.424924,46.7078545],[37.8818866,46.2057372],[37.7960583,46.1688946],[37.7349469,46.1115639],[37.6738354,46.0179463],[37.63195,45.8859458],[37.4784848,45.8292779],[37.3844143,45.7636912],[37.3473355,45.6903534],[37.340468,45.5400233],[37.2924014,45.514529],[37.1310421,45.5712746],[37.0404046,45.5794456],[36.920242,45.6294052],[36.667554,45.6265257],[36.6818019,45.4571224],[36.6634367,45.3599861],[36.6033552,45.3093039],[36.5940855,45.2526552],[36.5303992,45.1991554],[36.6097226,44.9406674],[36.8055711,44.9200851],[37.0335374,44.8490549],[37.1475206,44.6676772],[37.2656236,44.5846],[37.4345384,44.5160942],[37.7517686,44.4720122],[38.1967149,44.2304416],[38.6239801,44.118896],[39.2033372,43.7224834],[39.5126721,43.4414534],[39.6424471,43.3678722],[39.7248455,43.274456],[39.7990033,43.240201],[39.8846619,43.2244426],[40.0084945,43.3851837],[40.012999,43.429918],[40.095102,43.529644],[40.098527,43.566021],[40.260294,43.58639],[40.477667,43.549126],[40.540785,43.519161],[40.661828,43.563131],[40.693326,43.534944],[40.8278328,43.4879599],[40.8909577,43.489544],[40.892918,43.458422],[40.9499382,43.4197253],[41.0042948,43.4322223],[41.04538,43.396079],[41.096373,43.385163],[41.1061964,43.4039626],[41.1526422,43.4033335],[41.167984,43.383377],[41.274832,43.360557],[41.291003,43.337043],[41.393641,43.366229],[41.4229808,43.3155525],[41.5445428,43.2695993],[41.6142394,43.2209902],[41.6581188,43.2377628],[41.692713,43.218475],[41.7281118,43.2415066],[41.803944,43.2020382],[41.8483786,43.2115127],[41.8850927,43.2498475],[41.9588359,43.2025263],[42.0191394,43.2170935],[42.0454397,43.1870335],[42.0954182,43.2139761],[42.2161937,43.2309824],[42.2952318,43.2109231],[42.4137784,43.256985],[42.4421403,43.2508457],[42.4571956,43.212929],[42.6665346,43.136019],[42.6816277,43.1699464],[42.776616,43.1887686]]],[[[179.9999992,70.7166019],[179.9999983,71.7490753],[179.6614831,71.7048772],[179.1464989,71.5816168],[178.7248986,71.417335],[178.4426873,71.3531154],[178.0670922,71.1560652],[178.0286401,71.1174373],[178.0142205,71.0678198],[178.0279534,70.9789526],[178.094558,70.8919316],[178.1591027,70.8471511],[178.181762,70.8144585],[178.1845086,70.7609074],[178.226394,70.7106152],[178.3712762,70.6410861],[178.6548608,70.5907209],[178.9521783,70.5932307],[179.3023675,70.657695],[179.6374505,70.6590595],[179.9999992,70.7166019]]],[[[147.146187,43.9564108],[146.9668572,44.0673608],[146.8597405,44.0890651],[146.7148583,44.0757475],[146.4388268,43.9774993],[146.3598626,43.9226268],[146.3159173,43.8518605],[146.1861413,43.8305647],[146.0357659,43.7348875],[145.829433,43.6572999],[145.8421319,43.7333991],[145.9760278,43.792907],[146.2300866,44.0229408],[146.6290276,44.1787575],[146.7539837,44.2570784],[146.9476311,44.2240446],[147.0897668,44.2511018],[147.4553366,44.4569933],[147.5598661,44.5738107],[147.9044664,44.7590582],[148.0834394,44.8063665],[148.4088002,45.0112514],[148.9947217,45.1676326],[149.0732089,45.2202148],[149.145856,45.3262703],[149.4081081,45.3736382],[149.603748,45.3786175],[149.8414144,45.466026],[150.0181679,45.5937788],[150.176542,45.6567699],[150.324058,45.7443605],[150.5514135,45.9569012],[150.8392873,46.1168643],[151.0714826,46.3216452],[151.1775571,46.4444477],[151.207867,46.5230421],[151.1788507,46.622881],[150.990169,46.8400062],[150.920294,46.8927238],[150.7417722,46.9385073],[150.5948517,46.9193116],[150.4989811,46.8692011],[150.431752,46.7881942],[150.4209804,46.6953542],[150.4569003,46.6230689],[150.4766863,46.5221423],[150.3649049,46.4274737],[150.1720003,46.3975971],[149.7976931,46.2167768],[149.6447247,46.0809215],[149.4498357,45.9814123],[149.200869,45.7576543],[148.9636397,45.7294529],[148.8199027,45.7538183],[148.6788474,45.7498455],[148.5213886,45.7154052],[148.3479337,45.6108634],[147.9257042,45.6383401],[147.7577536,45.6019444],[147.6368603,45.5144941],[147.5201362,45.3422846],[147.2840411,45.2440772],[147.2309606,45.1805271],[147.1909045,45.0749297],[146.9139847,44.9673933],[146.7248315,44.75165],[146.5196833,44.6657907],[146.337917,44.6767153],[146.2193231,44.7136728],[146.0932986,44.7101375],[145.9933728,44.6834431],[145.8831179,44.6163435],[145.7572729,44.4749122],[145.7319256,44.4173525],[145.63372,44.3349552],[145.5818061,44.2136254],[145.5231526,44.1332802],[145.2753064,43.9043244],[145.2523037,43.8674559],[145.2426907,43.7824971],[145.2921213,43.7086747],[145.4295055,43.6357251],[145.5312745,43.5082255],[145.6922959,43.5444944],[145.8218764,43.4273674],[145.8974732,43.27966],[145.9166411,43.1530499],[146.0601422,43.1420804],[146.1456534,43.1632111],[146.3154812,43.2449073],[146.4068552,43.3146546],[146.4419171,43.3656252],[146.609583,43.4127132],[146.6997525,43.503492],[146.9341216,43.5721976],[147.1035044,43.6699481],[147.1726809,43.7472361],[147.1953591,43.821702],[147.1880338,43.8855032],[147.146187,43.9564108]]],[[[19.4041608,54.6039051],[19.646937,54.453393],[20.63107,54.366311],[21.446112,54.318215],[22.650006,54.354166],[22.7920004,54.3633232],[22.7360342,54.4428947],[22.7014445,54.4537241],[22.6804159,54.5331354],[22.7123451,54.563727],[22.6842784,54.5872836],[22.7494239,54.6316733],[22.7568912,54.6533038],[22.7242755,54.6867824],[22.7487372,54.7064744],[22.7430296,54.7311379],[22.8434944,54.7665577],[22.8870105,54.8138925],[22.8586004,54.8387626],[22.8696727,54.8524518],[22.8397178,54.8645064],[22.8550815,54.8878148],[22.8361987,54.9040043],[22.7532863,54.918806],[22.7650451,54.9368074],[22.6780128,54.9877103],[22.6593875,54.9821452],[22.6641082,54.9647553],[22.6421356,54.9715052],[22.596302,55.0256853],[22.5891351,55.0704927],[22.4765371,55.0446709],[22.2918992,55.0648976],[22.1621232,55.0556562],[22.078216,55.0246237],[22.0356752,55.0439057],[22.0326208,55.0842008],[21.9128322,55.0818065],[21.723308,55.1330951],[21.648169,55.1811176],[21.5689969,55.1982531],[21.5018439,55.1868428],[21.3835652,55.2945815],[21.2712049,55.245173],[21.104049,55.2564255],[20.9539866,55.2808008],[20.6563554,55.3841824],[20.4019533,55.1802408],[19.8886868,55.1545511],[19.7321316,55.1027306],[19.6051011,54.9785996],[19.5831285,54.9089889],[19.6181474,54.8248221],[19.6092211,54.7848507],[19.5779787,54.737903],[19.4041608,54.6039051]]],[[[48.2610523,79.8634063],[48.8499128,79.7973455],[49.3558652,79.7913189],[50.0531441,79.738057],[51.5773788,79.7187244],[52.3001679,79.7894349],[52.5488924,79.860787],[53.1951509,79.8112686],[53.8435353,79.8251728],[54.2261884,79.8705125],[54.457906,79.9323888],[54.515304,79.9657797],[54.5323108,79.9968457],[54.7363924,80.0119742],[54.9489775,79.9550324],[55.9268686,79.8172835],[56.6262734,79.8056264],[57.2172598,79.8619096],[57.5042496,79.7901886],[57.4957462,79.7513036],[57.5531441,79.7145499],[57.7763584,79.6433265],[58.3397088,79.5766164],[59.0136033,79.5819995],[59.4494026,79.6295591],[59.6896237,79.6944129],[60.4825659,79.7149295],[60.8290795,79.7690654],[60.9566305,79.7977221],[61.0905591,79.867895],[61.1011884,79.9427889],[61.0076509,79.9850223],[61.0161543,79.9986918],[61.3350319,80.079956],[61.3924298,80.1073855],[61.4094366,80.1409298],[62.0812054,80.2022561],[62.4489775,80.2574504],[62.6551849,80.3337772],[62.6870727,80.3679841],[62.6658142,80.3992351],[62.9761884,80.4406292],[63.365219,80.4423942],[64.8894537,80.5284864],[65.9268686,80.6632589],[66.4838414,80.811419],[66.5433652,80.8432738],[66.61777,80.9187426],[66.5943856,80.9622583],[66.6220217,80.9759395],[66.6432802,81.0370857],[66.5646237,81.0991367],[66.575253,81.1083419],[66.5412394,81.141795],[66.4774639,81.1803399],[66.2563754,81.2501428],[65.6994026,81.3389472],[65.2168346,81.3763221],[64.3558652,81.3931998],[63.8647938,81.3673922],[63.0761033,81.2672656],[62.8762734,81.2112509],[62.8316305,81.177732],[62.4851169,81.2498194],[61.8983822,81.3007685],[61.8664945,81.3248501],[62.4468516,81.3306198],[63.0718516,81.3811021],[63.7988924,81.3858796],[64.2431952,81.415441],[64.600338,81.456279],[64.9340965,81.5204668],[65.0318856,81.5570641],[65.1232972,81.6183312],[65.1084162,81.6843853],[65.0255081,81.7285417],[64.8107972,81.7897876],[64.4557802,81.8445539],[63.5437904,81.9055452],[62.185372,81.8938629],[61.3647938,81.8379166],[60.8630931,81.7657697],[60.6143686,81.7055727],[60.7142836,81.7970704],[60.7270387,81.8252306],[60.7015285,81.8611235],[60.5420897,81.9333355],[60.3465115,81.9818148],[59.5365625,82.0511992],[58.7840115,82.0559015],[57.6764435,82.0176152],[56.9642836,81.9577602],[56.6411543,81.8998559],[56.5561203,81.8662383],[56.4965965,81.8297635],[56.5008482,81.7925194],[56.5539945,81.7349617],[55.9226169,81.6926824],[55.6058652,81.6412311],[55.452804,81.5770167],[54.5748278,81.590707],[53.1972768,81.4862301],[52.9506781,81.4284415],[52.8465115,81.3638816],[52.8698958,81.3052688],[53.1249979,81.2154725],[52.9676849,81.1623948],[52.9124128,81.1224599],[52.9124128,81.0879464],[52.9846918,81.0238281],[53.1420047,80.9746057],[52.8783992,80.9066554],[52.7742326,80.8395518],[52.1449809,80.9545744],[52.0790795,81.013208],[52.2789094,81.0895929],[52.3022938,81.1283632],[52.2895387,81.1666396],[52.1534843,81.2346065],[52.0323108,81.2701699],[51.6836713,81.3242088],[51.1925999,81.3661158],[50.3507632,81.3795091],[49.9170897,81.3594114],[49.4196407,81.2888639],[49.2283142,81.2439963],[49.1071407,81.186205],[49.0858822,81.1620682],[49.1347768,81.092885],[49.1241475,81.07905],[48.6819707,81.0058995],[47.5914094,81.0566052],[46.6135183,81.0251547],[46.2159843,80.9799399],[45.9332462,80.8995972],[45.5080761,80.8419205],[44.5705761,80.8012294],[44.1283992,80.757628],[43.8414094,80.6952792],[43.6968516,80.6307833],[43.6755931,80.5954172],[43.7542496,80.5277868],[43.9859673,80.462845],[45.5484673,80.2696739],[45.9268686,80.0872779],[46.0756781,80.0480434],[46.9621577,79.8977694],[47.5680251,79.8491791],[48.2610523,79.8634063]]],[[[35.5994877,80.0509821],[35.8290795,80.0023831],[36.2712564,79.949098],[36.9770387,79.9357329],[37.4192156,79.9683722],[37.7189605,80.0152921],[37.9294196,80.0880098],[37.9783142,80.1238071],[37.9846918,80.1609296],[37.8826509,80.2304329],[37.5850319,80.3055376],[37.385202,80.3319923],[36.8749979,80.3662055],[36.3626679,80.363359],[35.7461713,80.3048216],[35.5250829,80.2455719],[35.4166645,80.1700072],[35.4357972,80.1256301],[35.5994877,80.0509821]]],[[[167.2735959,54.6320931],[167.8645823,54.3468545],[167.9995738,54.3047032],[168.166453,54.3003616],[168.3173884,54.3412781],[168.4109258,54.4069074],[168.4523799,54.4891052],[168.4162404,54.5840755],[168.2929411,54.6825121],[168.2164105,54.7758063],[167.9634343,54.9104572],[167.6764445,55.0330867],[167.4904326,55.0848324],[167.4096503,55.0878742],[167.2193867,55.0452682],[167.1449819,55.0099317],[167.0822693,54.9336696],[167.0812064,54.8523676],[167.1322268,54.7383917],[167.2735959,54.6320931]]],[[[167.0216826,54.7236617],[166.9866061,54.9067909],[166.9621588,54.9471022],[166.8473629,55.0501397],[166.6836724,55.1541275],[166.6390295,55.3486026],[166.5624989,55.4355349],[166.4934088,55.4801341],[166.3531027,55.5210727],[166.0087149,55.563772],[165.8758493,55.5577608],[165.5484683,55.4487994],[165.4687489,55.4035612],[165.4262319,55.3540415],[165.4070993,55.2414864],[165.5229581,55.084224],[165.8120738,54.9306161],[165.9428136,54.8088986],[166.1383918,54.678825],[166.5072268,54.5020687],[166.7134343,54.4804605],[166.8898799,54.5205809],[166.9504666,54.5588128],[167.0142421,54.6419359],[167.0216826,54.7236617]]],[[[143.0452795,56.3268154],[143.1866486,56.2329946],[143.2653051,56.2140846],[143.436436,56.2004873],[143.536351,56.219404],[143.7223629,56.3191531],[143.7574394,56.4286358],[143.6979156,56.5149401],[143.5682387,56.5881738],[143.3195142,56.6121636],[143.1568867,56.5688539],[143.0569717,56.4996897],[143.0208323,56.4039414],[143.0452795,56.3268154]]],[[[140.9473931,46.3624623],[140.9221645,46.2577032],[140.9414913,46.159277],[141.0153009,46.0832307],[141.1239187,46.0356665],[141.268787,46.0233336],[141.4110878,46.0619442],[141.5061297,46.1220124],[141.5532582,46.2006318],[141.5576114,46.2927779],[141.527146,46.3602383],[141.4302257,46.4406527],[141.3415607,46.4790257],[141.2302339,46.4930365],[141.1192843,46.4763214],[141.0165691,46.4312004],[140.9473931,46.3624623]]],[[[49.6772273,68.4786986],[50.0294257,68.5552789],[50.6116796,68.8648267],[50.8453482,69.0432902],[50.8715722,69.1092129],[50.8493273,69.1862649],[50.7699502,69.2705762],[50.6426911,69.3506571],[50.4244828,69.4365],[49.6173499,69.6646847],[49.3794735,69.6940207],[49.0955344,69.701996],[48.8218583,69.6887657],[48.4659423,69.6342054],[48.1244977,69.5207462],[47.9798452,69.454085],[47.8347854,69.3591239],[47.7710874,69.2902997],[47.6815984,69.127119],[47.6555859,68.9295263],[47.6862415,68.77177],[47.7912,68.6683758],[47.9440072,68.598017],[48.3043041,68.5221124],[49.0839655,68.4599695],[49.6772273,68.4786986]]],[[[79.0338344,74.349522],[79.5376551,74.3135468],[79.9909541,74.3501819],[80.2505115,74.4360057],[80.3505692,74.5295259],[80.3709887,74.5875684],[80.3037766,74.6615967],[80.1346511,74.7292172],[79.7091256,74.8164513],[79.4129264,74.8415682],[79.0969375,74.8339019],[78.8086939,74.7949698],[78.5791392,74.7183778],[78.4756208,74.6345737],[78.4618825,74.5878206],[78.4724463,74.5470284],[78.5696648,74.4695995],[78.7548037,74.4031435],[79.0338344,74.349522]]],[[[83.0403118,75.5717731],[82.9135407,75.6304805],[82.7349632,75.6734906],[83.0807051,75.7177066],[83.5075335,75.7257453],[83.8021635,75.767636],[84.0313294,75.8497692],[84.0822622,75.9016865],[84.0842432,75.958459],[83.9806594,76.0415323],[83.7380696,76.1082401],[82.8525977,76.1821433],[82.4556315,76.1843535],[82.0121679,76.1500119],[81.6418763,76.1543354],[81.2910374,76.1190755],[81.1241545,76.0804264],[80.9294135,76.0057302],[80.8690795,75.9623823],[80.8529504,75.9068218],[80.8891429,75.8606557],[80.8965794,75.8010891],[80.9826659,75.7413914],[81.1714916,75.6815301],[81.4461321,75.6378101],[81.2831738,75.6026993],[81.0384066,75.5185569],[80.7444464,75.503215],[80.4879977,75.4595561],[80.3192355,75.3944542],[80.2805644,75.3624187],[80.2631342,75.3180237],[80.3104584,75.2523704],[80.4681149,75.1858581],[80.7354219,75.1353598],[81.0005095,75.1167897],[81.4660534,74.9549435],[81.6533932,74.9082342],[82.0025038,74.8680448],[82.3823982,74.8763065],[82.7115664,74.9325296],[82.8915109,75.0204421],[82.9425236,75.1848255],[83.0569229,75.2395704],[83.1131901,75.3065019],[83.1088068,75.3633044],[83.0364658,75.4383162],[83.0840551,75.5036857],[83.0403118,75.5717731]]],[[[92.8983994,78.329295],[92.6974796,78.2512103],[92.6561128,78.201212],[92.6597047,78.1566141],[92.7314561,78.1029174],[92.9063879,78.0395835],[93.1746929,77.9869733],[93.4641002,77.9584401],[94.0003728,77.9552106],[94.4262629,78.0002392],[94.7134011,78.0854555],[94.8406084,78.2221762],[94.7909672,78.2881363],[94.6357985,78.3470016],[94.3915174,78.3920155],[94.0932787,78.4183084],[93.4370091,78.413592],[93.1121639,78.3755334],[92.8983994,78.329295]]],[[[89.4357038,76.793493],[89.7408765,76.8363686],[89.9351241,76.8909995],[90.4014225,76.8980769],[90.8311594,76.9567119],[91.0201182,77.019627],[91.0904508,77.08417],[91.4087624,77.1290951],[91.6252779,77.2035599],[91.6777932,77.2571149],[91.6739861,77.332691],[91.5580242,77.4134378],[92.0743141,77.3962368],[92.5016822,77.4312237],[92.8844622,77.5210236],[92.9868127,77.5779078],[93.0126449,77.6333223],[92.9657673,77.6881045],[92.8775893,77.7285648],[92.4432061,77.8236928],[91.9475247,77.8560764],[91.4643898,77.8356797],[91.136801,77.7813203],[90.9398891,77.7031542],[90.9080961,77.6590678],[90.9155072,77.618063],[90.969486,77.5571772],[91.0725353,77.5073376],[90.637435,77.5254661],[90.3094279,77.5093627],[90.049578,77.4733121],[89.5036488,77.5033188],[88.9484155,77.4733571],[88.6312584,77.4195357],[88.4606007,77.3652625],[88.3446853,77.2983426],[88.0130674,77.2292273],[87.8744872,77.1702275],[87.7976655,77.0861639],[87.8322882,77.0106615],[87.9271981,76.9524075],[88.1075468,76.8812944],[88.3129404,76.8325888],[88.8441962,76.7776921],[89.4357038,76.793493]]],[[[83.5105091,77.5410286],[83.1949877,77.6470942],[82.9188161,77.6960751],[82.4800974,77.7273683],[82.1230574,77.7287832],[81.8220506,77.7100302],[81.5330147,77.6627139],[81.3428718,77.5918155],[81.3063075,77.5592682],[81.2956229,77.5171156],[81.3149381,77.4719461],[81.3881645,77.4174288],[81.6896725,77.3295458],[82.0988602,77.2866281],[82.7588787,77.2681693],[83.2229031,77.3097976],[83.5003672,77.3885848],[83.5678788,77.442298],[83.5710702,77.4868989],[83.5105091,77.5410286]]],[[[76.0649049,79.3376517],[76.6829729,79.2867075],[77.8669621,79.2912204],[78.1831511,79.3229826],[78.4587646,79.3792071],[78.6155085,79.4407481],[78.6575095,79.4773225],[78.6660828,79.5107667],[78.6294359,79.5548666],[78.5665391,79.5863508],[78.2717864,79.6610385],[77.2775538,79.7989466],[76.4458744,79.8703106],[75.916855,79.8711154],[75.4512484,79.8307156],[75.1322293,79.76306],[75.040499,79.7215612],[74.98486,79.6642444],[75.0039641,79.6146641],[75.0643643,79.5751396],[75.295819,79.4900284],[75.5420739,79.4258107],[76.0649049,79.3376517]]],[[[79.3191859,80.5446088],[80.1817193,80.5646289],[80.7431169,80.6160017],[81.235574,80.7212587],[81.3664934,80.7800272],[81.4209019,80.8530749],[81.379691,80.8971896],[81.2415949,80.9497077],[80.8853572,81.0161096],[79.9816546,81.0918681],[79.4128158,81.1020046],[78.5683975,81.0573998],[78.1391611,81.0098726],[77.7257329,80.9161498],[77.619971,80.8598872],[77.5628288,80.7936951],[77.584306,80.7492318],[77.6945577,80.6867293],[78.0941049,80.6026135],[78.5706309,80.560509],[79.3191859,80.5446088]]],[[[115.3756021,74.1654213],[115.5497199,74.1186248],[115.7990537,74.0847429],[116.0773679,74.0763057],[116.3309955,74.0917962],[116.620984,74.1431067],[116.7951093,74.1947915],[116.903233,74.264072],[116.9274703,74.3300035],[116.8902579,74.3915046],[116.8106589,74.4462156],[116.5441923,74.527502],[116.1523157,74.5672538],[115.769321,74.5523757],[115.4614643,74.4882672],[115.2469295,74.3722551],[115.2149055,74.3135473],[115.2264692,74.2620711],[115.2797633,74.2119104],[115.3756021,74.1654213]]],[[[157.3035718,76.9217205],[157.1190375,76.8435878],[157.0885825,76.7985189],[157.1023678,76.754022],[157.1792176,76.7011974],[157.3305767,76.6484177],[157.7386015,76.5839366],[158.1436206,76.5739786],[158.5451754,76.6089994],[158.8273951,76.6801377],[158.9148351,76.7266091],[158.952282,76.7816387],[158.9060262,76.8487888],[158.7963676,76.8986012],[158.3716319,76.9721797],[157.7630345,76.9839459],[157.3035718,76.9217205]]],[[[155.6733655,77.1937304],[155.5933998,77.138679],[155.5628379,77.0945955],[155.5801653,77.0458098],[155.6378882,77.0031278],[155.8691193,76.9314423],[156.2263983,76.88739],[156.749733,76.8850661],[157.131122,76.9204668],[157.4029027,76.9876607],[157.4841488,77.0305428],[157.5225457,77.0855681],[157.4822667,77.1633522],[157.3553724,77.2238662],[157.1269143,77.2769212],[156.8173534,77.3085825],[156.4825651,77.3149026],[156.1570957,77.2954461],[155.8812737,77.25639],[155.6733655,77.1937304]]],[[[153.1827677,75.7109152],[153.1860441,75.7578098],[153.1323047,75.811922],[152.8911425,75.8924383],[153.2958473,75.9285154],[153.5566815,76.0000326],[153.6584709,76.073779],[153.6961929,76.1851035],[153.6667503,76.2403568],[153.5737252,76.2914843],[153.4238663,76.3344242],[153.0441118,76.3810921],[152.4438131,76.3742257],[152.0257971,76.3187295],[151.7572659,76.2107128],[151.7181967,76.1670888],[151.7220627,76.1162603],[151.7658106,76.0729068],[151.8481693,76.0329593],[152.2297678,75.9344714],[151.9359588,75.9065969],[151.7293807,75.8607081],[151.5854151,75.7960249],[151.543238,75.7284407],[151.6086075,75.6524055],[151.7880879,75.5870944],[152.0516892,75.5438047],[152.3232538,75.5289522],[152.6313387,75.5396766],[152.9114163,75.5806515],[153.1020862,75.6422623],[153.1827677,75.7109152]]],[[[147.6646225,76.7057479],[147.6169769,76.6476694],[147.6533377,76.5814645],[147.75715,76.5297496],[147.9499101,76.4804628],[148.3510614,76.4391547],[149.2473063,76.4319685],[149.6110395,76.4561804],[149.8970988,76.5140442],[150.2873893,76.6761263],[150.3436504,76.7188142],[150.3580401,76.7521382],[150.3390477,76.7965345],[150.2770398,76.8388405],[150.0685309,76.9043185],[149.7740279,76.9443073],[149.3938271,76.9547508],[148.3805211,76.8947191],[147.8853517,76.7939515],[147.6646225,76.7057479]]],[[[134.7973923,74.3368847],[134.7359971,74.2954718],[134.7097527,74.2402218],[134.7257961,74.1359772],[134.7967094,74.0692979],[134.929162,74.009429],[135.0718711,73.9725441],[135.1745273,73.9163411],[135.3777455,73.8562679],[135.4845685,73.7958095],[135.7540759,73.7182205],[136.1401675,73.6792968],[136.5324465,73.7035318],[136.721514,73.7441397],[136.8985426,73.8074357],[136.974186,73.8494233],[137.0155955,73.903931],[136.9818416,74.0131945],[136.9042738,74.076447],[136.6213277,74.201895],[136.0339002,74.3836092],[135.6490116,74.4329068],[135.360453,74.4395208],[135.0487702,74.4098081],[134.7973923,74.3368847]]],[[[-175.1797492,71.208999],[-175.0691993,71.2476671],[-174.9771888,71.306736],[-174.9469764,71.3493828],[-174.9401099,71.3941266],[-174.9971015,71.4728339],[-175.1419837,71.5396998],[-175.4770667,71.603516],[-175.8025367,71.6277708],[-176.0332496,71.6061162],[-176.2158973,71.5570859],[-176.332627,71.4863566],[-176.3635261,71.406829],[-176.2976081,71.3247734],[-176.204911,71.2767832],[-176.0881812,71.2299998],[-175.8032233,71.1671511],[-175.466767,71.1633826],[-175.1797492,71.208999]]],[[[-179.999998,71.7490757],[-179.9999034,70.7165009],[-179.5983131,70.6613335],[-179.0723426,70.6906445],[-178.5477454,70.7638485],[-177.6736457,70.838814],[-177.3804481,70.8966513],[-177.1085365,70.9731332],[-176.9128425,71.0742794],[-176.8222053,71.1915179],[-176.818772,71.2428102],[-176.8737037,71.3142169],[-177.0371253,71.3978506],[-177.264405,71.452532],[-177.4086005,71.5383952],[-177.5672157,71.6011321],[-177.9730231,71.7072481],[-178.5752113,71.7748003],[-179.092942,71.8041981],[-179.7164161,71.7831737],[-179.999998,71.7490757]]],[[[-179.9999999,62.5525715],[-179.9547766,62.6156991],[-179.9333044,62.6861562],[-179.9447993,62.7659165],[-179.9999999,62.8766166],[-179.9999999,62.5525715]]],[[[-179.999999,69.2895084],[-179.9999985,64.7463246],[-179.7507484,64.865275],[-179.3161018,65.0063543],[-179.1217811,65.1435176],[-179.0702827,65.2121225],[-178.7269599,65.2624541],[-178.4234626,65.2446333],[-177.5012977,65.2460709],[-177.1778876,65.2814114],[-176.9327552,65.349946],[-176.7988593,65.3656924],[-176.464463,65.2943291],[-176.3930518,65.26073],[-176.3216407,65.1720765],[-176.2543494,65.1302373],[-176.3491065,65.0564979],[-176.3642127,64.9979395],[-176.3415534,64.9407067],[-176.1259467,64.8065891],[-175.924073,64.7539259],[-175.7455451,64.6282912],[-175.5395515,64.5797015],[-174.9668891,64.5643703],[-174.4917304,64.4280763],[-174.3791206,64.3086698],[-174.1401679,64.2192221],[-173.7673194,64.1309824],[-173.260575,64.0529787],[-173.045655,64.0430626],[-172.7455909,64.0797046],[-172.3796088,64.1926302],[-171.9854743,64.2329563],[-171.8110664,64.321467],[-171.594773,64.7524616],[-171.6091926,65.0996097],[-171.6311652,65.1530407],[-171.6799171,65.1968603],[-171.4409644,65.313837],[-171.1518867,65.2693493],[-170.9500129,65.2696365],[-170.7804115,65.3006421],[-170.2901466,65.4457094],[-170.0862128,65.5544822],[-170.0237281,65.6293907],[-170.0099952,65.7371172],[-169.9488837,65.7791247],[-169.8774726,65.7875743],[-169.0485821,65.4690061],[-168.976944,65.5],[-168.9771082,66.0153668],[-169.1853336,66.0143899],[-169.1571811,66.0833801],[-169.1832737,66.1584292],[-169.2275623,66.2165088],[-169.3192295,66.2704489],[-169.4888309,66.3273065],[-169.7408298,66.3607812],[-169.8994449,66.4395389],[-170.2084357,66.5025859],[-170.3526313,66.5777592],[-170.8284766,66.746409],[-170.8387763,66.7929921],[-170.9019477,66.8610826],[-170.9754188,66.901523],[-171.129914,66.9461991],[-171.2068183,67.0328951],[-171.3496406,67.0947083],[-171.7842872,67.1688895],[-172.1090705,67.1640933],[-172.6460273,67.2431089],[-172.9248054,67.2404527],[-173.357392,67.2815915],[-174.2280585,67.607913],[-174.9449165,67.8196161],[-175.4365546,67.997798],[-177.264405,68.4617832],[-177.6406867,68.5982505],[-178.0924995,68.7311537],[-178.453675,68.8937036],[-178.9391334,69.0105951],[-179.0860755,69.076657],[-179.3250282,69.122464],[-179.6244056,69.1271128],[-179.999999,69.2895084]]]]}},{"type":"Feature","properties":{"polity_id":"russian-federation","name":"Россия","start_date":"2018-08-12","end_date":null,"status":"provisional-source-capture","confidence":"unreviewed","legal_basis":[],"source_ids":["capture:ohm:2890065"],"provenance":{"capture_source":"OpenHistoricalMap","capture_id":2890065,"capture_date":"2026-08-22"},"notes":"One-time geometry capture. Review against project historical sources before marking verified."},"geometry":{"type":"MultiPolygon","coordinates":[[[[43.3984865,42.8969274],[43.560212,42.868377],[43.61052,42.834136],[43.607313,42.814292],[43.685277,42.801757],[43.705951,42.778002],[43.803868,42.743609],[43.778272,42.677445],[43.714761,42.632023],[43.754275,42.616568],[43.769971,42.588722],[43.838932,42.598367],[43.945294,42.549601],[43.973191,42.551803],[44.022132,42.597322],[44.116165,42.618014],[44.163241,42.6063],[44.193912,42.635059],[44.232382,42.626937],[44.249478,42.681066],[44.317242,42.722853],[44.518441,42.696991],[44.501499,42.737147],[44.55288,42.766488],[44.580033,42.745145],[44.678169,42.756595],[44.739091,42.728203],[44.766268,42.643526],[44.802408,42.615019],[44.829461,42.617929],[44.835358,42.673057],[44.868548,42.691414],[44.886203,42.74667],[44.968256,42.748591],[45.034593,42.692943],[45.086748,42.711965],[45.15835,42.707687],[45.25599,42.605704],[45.284111,42.606562],[45.295723,42.574773],[45.325373,42.565447],[45.340592,42.522375],[45.418463,42.551473],[45.493372,42.535215],[45.571416,42.548285],[45.613767,42.505469],[45.682322,42.506437],[45.720676,42.475653],[45.7755971,42.4884386],[45.781189,42.446653],[45.735537,42.379492],[45.752867,42.308699],[45.721915,42.289026],[45.652013,42.291996],[45.609699,42.211304],[45.746536,42.149291],[45.740027,42.133105],[45.784745,42.102476],[45.803894,42.1168],[45.89706,42.106466],[45.923415,42.083212],[45.912171,42.063217],[45.935022,42.050966],[45.929398,42.032543],[45.951945,42.024272],[46.021713,42.043352],[46.039669,42.019314],[46.072778,42.041008],[46.106783,41.985324],[46.133056,42.007595],[46.159085,41.98954],[46.236748,42.01558],[46.256585,42.00563],[46.244273,41.979793],[46.2702,41.983004],[46.284421,41.944363],[46.319925,41.928895],[46.338926,41.946306],[46.399062,41.940193],[46.4428567,41.8639041],[46.5071302,41.8895433],[46.5370363,41.8804546],[46.5547358,41.8226605],[46.5822084,41.8032353],[46.6242826,41.8345914],[46.7219038,41.8283146],[46.7163812,41.8473684],[46.7599045,41.8616889],[46.7837287,41.8166147],[46.7659419,41.8010103],[46.7922708,41.7736364],[46.8312102,41.7600582],[46.8641532,41.7200805],[46.9149746,41.7265824],[46.9274149,41.6766517],[46.9995119,41.6413436],[47.008862,41.6228299],[46.9910625,41.5998102],[47.0226854,41.5761664],[47.0186463,41.5558646],[47.065459,41.5556562],[47.1128643,41.5948055],[47.1241203,41.5831323],[47.1293941,41.5517429],[47.1730687,41.5300025],[47.1580894,41.4991219],[47.1919386,41.4883052],[47.2172786,41.4459491],[47.2421251,41.446348],[47.218765,41.4000376],[47.2601204,41.3956476],[47.2709735,41.3280566],[47.3745106,41.2727729],[47.4535501,41.2742356],[47.470721,41.2571121],[47.4983599,41.2684394],[47.5038818,41.2274391],[47.5568364,41.1985139],[47.6204916,41.2371353],[47.701103,41.2257384],[47.7482548,41.1874479],[47.7820921,41.1858712],[47.8115528,41.2193639],[47.8856098,41.2194185],[47.9105994,41.2553761],[47.898404,41.2988282],[47.9706298,41.3229379],[47.9501437,41.3511243],[48.0014055,41.3731815],[48.0022293,41.4299592],[48.0637345,41.4575128],[48.0647892,41.4922878],[48.2242759,41.5169332],[48.2844658,41.5608482],[48.3773442,41.5910142],[48.412773,41.6231551],[48.4201743,41.6582816],[48.5543808,41.7802639],[48.5858775,41.838479],[48.8675142,41.9936738],[48.7947054,42.0290096],[48.6180587,42.1686951],[48.3900958,42.4606684],[48.2569275,42.5748062],[48.1760222,42.7153986],[48.0509149,42.8484763],[47.9995238,42.9849813],[47.8729887,43.0884086],[47.8530349,43.1316149],[47.8998886,43.2644289],[47.8652169,43.4747135],[47.9129542,43.6256755],[47.9883814,43.723868],[48.1783713,43.8755006],[48.2112109,43.9619232],[48.1916006,44.0707807],[48.1405755,44.1388254],[48.0379802,44.2050148],[47.9271739,44.2350658],[47.8027152,44.2426166],[47.8873232,44.3339828],[47.913138,44.434543],[47.8806524,44.5582994],[47.803887,44.6538716],[47.6235573,44.7338384],[47.4983519,44.7445545],[47.3861963,44.728683],[47.5599353,44.9706898],[47.6622237,45.1679258],[48.0540971,45.2468905],[48.1690851,45.3083968],[48.2795596,45.4072395],[48.6664292,45.3563822],[48.8450952,45.3805589],[49.0113763,45.468425],[49.1236015,45.6581539],[49.2273092,45.7186996],[49.4187776,45.7882949],[49.6480631,45.9338451],[49.9368742,46.0120204],[49.7024914,46.186724],[49.5129773,46.1910021],[49.2635534,46.2933412],[49.1798257,46.3770766],[49.052793,46.392935],[48.881428,46.479466],[48.828806,46.478802],[48.786163,46.542105],[48.703198,46.562959],[48.545836,46.560169],[48.55728,46.585743],[48.621694,46.60263],[48.564813,46.610631],[48.559687,46.642998],[48.489211,46.659623],[48.506561,46.680553],[48.499301,46.717624],[48.553949,46.753536],[48.661775,46.772261],[48.750293,46.685362],[48.919936,46.692624],[49.020459,46.759354],[48.979153,46.82405],[48.710213,47.095023],[48.519886,47.411304],[48.444466,47.40713],[48.199549,47.689642],[48.027191,47.766624],[47.65357,47.757662],[47.414791,47.837152],[47.385302,47.680886],[47.194407,47.760469],[47.12318,47.831238],[47.180744,47.853693],[47.050191,47.997947],[47.147387,48.03571],[47.158745,48.060486],[47.200645,48.054179],[47.211097,48.082669],[47.090625,48.103469],[47.124418,48.157937],[47.098173,48.224669],[47.123111,48.268897],[46.737267,48.355817],[46.674366,48.389216],[46.493672,48.43291],[46.778814,48.947884],[46.969829,49.026614],[47.034848,49.11133],[47.049099,49.165813],[46.993236,49.233796],[46.779962,49.337982],[46.902785,49.863805],[47.18163,49.934544],[47.320216,50.062096],[47.352643,50.096652],[47.316225,50.153173],[47.257261,50.191878],[47.335049,50.238009],[47.300884,50.263106],[47.297427,50.30375],[47.340497,50.33219],[47.4072,50.336849],[47.473149,50.420568],[47.540956,50.459978],[47.636432,50.455959],[47.625058,50.448129],[47.649294,50.44783],[47.652049,50.422784],[47.674856,50.420764],[47.663687,50.40881],[47.742494,50.379321],[47.763948,50.339836],[47.826892,50.330538],[47.819676,50.312708],[47.93749,50.244853],[48.00849,50.142993],[48.108678,50.085909],[48.132012,49.998205],[48.233175,49.900624],[48.226804,49.868103],[48.264864,49.857761],[48.315318,49.872246],[48.357089,49.825476],[48.394445,49.836037],[48.442341,49.801007],[48.451024,49.835173],[48.744797,49.921864],[48.903576,50.018321],[48.849835,50.090271],[48.76459,50.098614],[48.809025,50.171995],[48.732212,50.256557],[48.658618,50.527224],[48.663686,50.577571],[48.65093,50.602691],[48.570971,50.633014],[48.607524,50.661137],[48.69018,50.612134],[48.814264,50.595537],[49.009368,50.682319],[49.129035,50.784594],[49.422924,50.848516],[49.44456,50.8818],[49.408022,50.961174],[49.338757,50.987049],[49.396048,51.0476],[49.393586,51.090049],[49.429305,51.089192],[49.456067,51.125019],[49.489937,51.098329],[49.776046,51.107213],[49.910119,51.200019],[50.005702,51.242322],[50.239707,51.279765],[50.37312,51.331843],[50.338267,51.381637],[50.404955,51.403559],[50.372815,51.427546],[50.49607,51.427306],[50.498708,51.466573],[50.555697,51.472954],[50.535603,51.510415],[50.536338,51.589852],[50.584466,51.590639],[50.583775,51.645502],[50.731619,51.628929],[50.733345,51.606128],[50.678153,51.574614],[50.811027,51.585109],[50.812578,51.648834],[50.833092,51.649051],[50.767108,51.714639],[50.767081,51.772609],[50.870754,51.753333],[50.892845,51.680983],[50.998221,51.671],[51.037582,51.686593],[51.070377,51.667978],[51.201864,51.666782],[51.252928,51.686646],[51.303415,51.640846],[51.379527,51.640974],[51.379813,51.563427],[51.240456,51.563182],[51.248592,51.524333],[51.284897,51.532087],[51.286551,51.487954],[51.380355,51.476155],[51.56724,51.505118],[51.558061,51.522867],[51.604945,51.550728],[51.61317,51.533131],[51.640696,51.538362],[51.657869,51.505685],[51.629953,51.474521],[51.655949,51.448766],[51.738919,51.464653],[51.731067,51.480668],[51.813766,51.497036],[51.770619,51.582523],[51.86035,51.65055],[51.857867,51.67389],[51.998844,51.683258],[51.99952,51.667414],[52.074085,51.674503],[52.090392,51.658245],[52.174126,51.686881],[52.17947,51.733406],[52.240694,51.724015],[52.326365,51.741681],[52.319642,51.765789],[52.358897,51.776105],[52.38479,51.681906],[52.450105,51.623022],[52.508399,51.541747],[52.50482,51.505481],[52.551697,51.490602],[52.536277,51.466927],[52.560145,51.455987],[52.586103,51.475593],[52.586683,51.456093],[52.620442,51.455796],[52.617106,51.469991],[52.641759,51.463792],[52.653655,51.489963],[52.687103,51.457348],[52.674348,51.476448],[52.729212,51.498176],[52.725349,51.486171],[52.747565,51.486594],[52.736513,51.502297],[52.756741,51.49683],[52.769864,51.521351],[52.775434,51.502004],[52.79258,51.513357],[52.790048,51.500037],[52.832624,51.487251],[52.839068,51.505763],[52.857394,51.49151],[52.896247,51.50461],[52.872773,51.475137],[52.92476,51.496948],[52.917533,51.48294],[52.951512,51.457092],[52.946267,51.476286],[53.004942,51.47359],[53.072232,51.504291],[53.15349,51.488173],[53.142736,51.520801],[53.187328,51.534622],[53.181936,51.512019],[53.255842,51.510837],[53.277342,51.483843],[53.334106,51.510184],[53.338758,51.489457],[53.426514,51.4819],[53.43758,51.437595],[53.48584,51.452835],[53.498741,51.430452],[53.570399,51.431116],[53.602184,51.383838],[53.633632,51.376582],[53.59728,51.363381],[53.627325,51.344353],[53.59616,51.30549],[53.669856,51.259312],[53.656508,51.238888],[53.669001,51.225365],[53.692269,51.236046],[53.749128,51.204206],[53.809317,51.214287],[53.818299,51.194032],[53.85343,51.189761],[53.907366,51.202975],[53.972598,51.165701],[54.053112,51.152405],[54.037633,51.141537],[54.047694,51.132765],[54.140973,51.104348],[54.151798,51.07355],[54.131234,51.06178],[54.161002,51.065877],[54.192683,51.03155],[54.159517,51.008956],[54.202645,50.988073],[54.201626,50.962743],[54.284234,50.951317],[54.271568,50.945829],[54.291713,50.899066],[54.440436,50.880269],[54.453643,50.850731],[54.536334,50.846391],[54.47431,50.778486],[54.414782,50.619998],[54.466052,50.566589],[54.543866,50.527699],[54.59239,50.559965],[54.614192,50.538217],[54.731731,50.619917],[54.710096,50.670577],[54.719126,50.69004],[54.678615,50.718143],[54.685114,50.780497],[54.657208,50.823077],[54.683676,50.834173],[54.698111,50.892548],[54.670186,50.906747],[54.678181,50.917294],[54.535595,50.926477],[54.590973,50.939256],[54.555472,50.963522],[54.583861,50.96253],[54.58097,50.984867],[54.549329,51.00069],[54.590899,51.010932],[54.562496,51.014518],[54.594377,51.030412],[54.690167,51.019147],[54.706535,51.026363],[54.687983,51.038029],[54.732716,51.038464],[54.79202,50.98498],[54.897975,50.9579],[54.899235,50.923129],[54.942183,50.90731],[55.010336,50.899431],[55.051656,50.927547],[55.084886,50.921116],[55.131807,50.896941],[55.130105,50.879607],[55.056463,50.819515],[55.146612,50.79643],[55.383967,50.653483],[55.403102,50.681306],[55.500935,50.669841],[55.531242,50.649265],[55.534224,50.613711],[55.612242,50.59904],[55.660884,50.560881],[55.736566,50.549898],[55.745779,50.580343],[55.795513,50.606959],[55.901398,50.620415],[56.137586,50.753683],[56.132158,50.825988],[56.181274,50.937865],[56.361756,50.900853],[56.393396,50.945346],[56.371724,50.948705],[56.377275,50.965307],[56.460144,50.965353],[56.448127,51.056771],[56.512728,51.085364],[56.538487,51.044584],[56.574215,51.034658],[56.618284,50.986219],[56.714345,50.970497],[56.751903,50.980832],[56.703901,51.077302],[56.784499,51.093988],[56.890199,51.060232],[56.943693,51.086948],[56.985416,51.062426],[57.145111,51.087445],[57.184814,51.115121],[57.232713,51.04734],[57.219354,51.039011],[57.242242,51.026125],[57.289451,51.037648],[57.288048,51.003676],[57.313876,50.988666],[57.325624,50.941266],[57.414907,50.896591],[57.50798,50.876401],[57.559552,50.936213],[57.759869,50.92012],[57.753491,51.056774],[57.772357,51.13819],[57.811546,51.138866],[57.86734,51.09923],[57.919396,51.117824],[57.947363,51.086211],[58.079883,51.122695],[58.095453,51.072804],[58.168596,51.062598],[58.171278,51.084644],[58.215505,51.096754],[58.203197,51.128209],[58.288629,51.158869],[58.315796,51.151663],[58.312882,51.171137],[58.342735,51.180847],[58.381651,51.075733],[58.521139,51.084264],[58.589663,51.048958],[58.637068,50.985934],[58.594072,50.971404],[58.604373,50.94736],[58.577285,50.939663],[58.593866,50.868957],[58.687826,50.884011],[58.694032,50.84663],[58.66381,50.84314],[58.656786,50.808594],[58.778742,50.81448],[58.80883,50.781],[58.782344,50.775886],[58.848909,50.746852],[58.874664,50.699982],[59.192549,50.672842],[59.278857,50.633161],[59.298527,50.652547],[59.479205,50.641403],[59.50131,50.611946],[59.569449,50.580976],[59.463946,50.584547],[59.457177,50.546523],[59.516784,50.527821],[59.509262,50.494961],[59.614624,50.530222],[59.813006,50.535536],[59.871604,50.609223],[59.996754,50.674115],[59.973167,50.768939],[60.038506,50.850392],[60.186256,50.831436],[60.154796,50.79899],[60.325702,50.670354],[60.831354,50.661063],[61.449623,50.806233],[61.568182,51.237558],[61.690746,51.255438],[61.548331,51.323537],[61.500966,51.4082],[61.202391,51.460846],[61.107699,51.447448],[61.087581,51.467351],[60.999244,51.467736],[60.991368,51.487915],[60.952364,51.490972],[60.910205,51.552822],[60.934763,51.615562],[60.539523,51.618187],[60.525819,51.638168],[60.414976,51.647054],[60.353807,51.689068],[60.517934,51.773444],[60.517987,51.79748],[60.424092,51.799479],[60.14462,51.906961],[60.161603,51.892139],[60.157028,51.857609],[60.059653,51.870213],[60.074409,51.887888],[59.993083,51.964463],[60.002089,51.993229],[60.198674,51.990639],[60.510826,52.156481],[60.716987,52.156009],[60.781189,52.229329],[60.944393,52.26649],[61.010624,52.326027],[61.067523,52.346857],[60.991974,52.423023],[60.981957,52.507705],[60.841263,52.522156],[60.843039,52.640232],[60.762276,52.626389],[60.714364,52.662927],[60.712087,52.764647],[60.833719,52.772179],[60.884791,52.821245],[60.870368,52.832654],[60.942324,52.8488],[61.074471,52.925199],[61.009087,52.977576],[61.112873,52.968736],[61.124963,52.989466],[61.250346,53.036277],[61.306846,52.995848],[61.389578,52.991913],[61.469877,53.036084],[61.556654,53.011728],[61.632545,52.954047],[61.701311,52.99786],[61.84841,53.003926],[61.960586,52.950022],[62.029811,52.951038],[62.130332,52.989891],[62.147309,53.068511],[62.119043,53.111929],[62.027271,53.141968],[61.915405,53.141543],[61.784264,53.184017],[61.731876,53.239142],[61.672737,53.265786],[61.643267,53.253547],[61.629864,53.223379],[61.527128,53.214877],[61.397942,53.274588],[61.224371,53.282928],[61.17646,53.311174],[61.154318,53.40508],[61.215628,53.431253],[61.227432,53.484694],[61.258858,53.507293],[61.323481,53.51852],[61.314505,53.507007],[61.358568,53.492663],[61.366885,53.466661],[61.4122,53.455625],[61.518278,53.47303],[61.52482,53.49946],[61.566271,53.49654],[61.55838,53.507033],[61.59158,53.525664],[61.564571,53.538662],[61.552774,53.592448],[61.391619,53.601973],[61.349798,53.558537],[61.214976,53.563296],[61.127172,53.589508],[61.12202,53.614824],[60.9006,53.627859],[60.896175,53.667086],[60.995678,53.672128],[60.998376,53.650793],[61.042151,53.652564],[61.057547,53.721293],[61.115136,53.720744],[61.227066,53.79612],[61.236479,53.841806],[61.179555,53.852693],[61.135959,53.90409],[60.994296,53.906381],[60.996649,53.935977],[61.028257,53.954845],[61.180413,53.972112],[61.172104,53.943169],[61.204131,53.919226],[61.27996,53.928609],[61.272575,53.992472],[61.236101,54.03613],[61.294814,54.073779],[61.406837,54.08642],[61.479695,54.082907],[61.480379,54.030189],[61.570397,54.008143],[61.57162,53.967907],[61.610961,53.968615],[61.663238,54.02899],[61.668077,54.016431],[61.725116,54.029903],[61.781086,53.985505],[61.849065,54.0313],[61.850026,54.009221],[61.893332,54.009222],[61.857223,53.962324],[61.931899,53.950048],[62.044832,53.948518],[62.010659,54.038772],[62.074208,54.050875],[62.174131,54.02889],[62.337771,54.032073],[62.416696,54.047225],[62.494411,54.032962],[62.395045,54.003308],[62.446725,53.926739],[62.47522,53.931113],[62.538038,53.897799],[62.555347,53.907772],[62.542881,53.930425],[62.597479,53.988575],[62.569616,54.046976],[62.594829,54.073049],[62.823534,54.114809],[63.080544,54.103647],[63.153066,54.122476],[63.169753,54.152187],[63.151826,54.182553],[63.172378,54.19336],[63.455251,54.19588],[63.794007,54.271204],[63.911822,54.198544],[63.963246,54.200922],[64.021188,54.22875],[63.977888,54.278039],[63.985413,54.300571],[64.023289,54.30635],[64.01187,54.290701],[64.028592,54.282748],[64.072615,54.317598],[64.149293,54.30561],[64.301208,54.334407],[64.421992,54.326314],[64.457328,54.332444],[64.464283,54.360843],[64.567221,54.36292],[64.615965,54.39804],[64.658514,54.360414],[64.739253,54.354081],[64.973993,54.42429],[65.105895,54.333547],[65.222773,54.334111],[65.262827,54.362487],[65.23654,54.376799],[65.221414,54.436981],[65.20079,54.452068],[65.22297,54.489808],[65.215115,54.541206],[65.357667,54.577847],[65.503405,54.570519],[65.4573,54.623716],[65.489088,54.655525],[65.75108,54.60743],[65.814906,54.637677],[65.845662,54.697115],[65.981602,54.716753],[65.96395,54.638189],[65.999241,54.624845],[66.379029,54.703362],[66.651692,54.743724],[66.70254,54.736845],[66.79181,54.769784],[66.993024,54.789238],[67.043003,54.778041],[67.100724,54.813206],[67.280339,54.825064],[67.292114,54.861835],[67.333025,54.872943],[67.563218,54.84421],[67.691296,54.863188],[67.772981,54.885906],[67.819887,54.971571],[67.910033,54.983579],[68.031723,54.95028],[68.234353,54.969056],[68.196198,54.990089],[68.23749,55.014844],[68.237648,55.054748],[68.315216,55.076422],[68.272038,55.084373],[68.25749,55.113033],[68.189065,55.151384],[68.219363,55.154705],[68.20981,55.177652],[68.17697,55.177701],[68.176999,55.198625],[68.239611,55.187078],[68.303816,55.203577],[68.353399,55.180954],[68.358018,55.206378],[68.461201,55.197551],[68.594766,55.218835],[68.620218,55.198004],[68.648574,55.208047],[68.659008,55.235415],[68.636635,55.241739],[68.634761,55.264695],[68.70294,55.297783],[68.700675,55.325099],[68.721404,55.325312],[68.710699,55.34961],[68.747563,55.378354],[68.924896,55.317275],[68.957145,55.326543],[68.98063,55.285553],[69.002664,55.287033],[68.983663,55.365665],[68.91568,55.365609],[68.932386,55.441858],[68.980935,55.441984],[68.979995,55.424652],[69.043592,55.430102],[69.157958,55.391122],[69.200562,55.329849],[69.317382,55.350809],[69.362463,55.386899],[69.413114,55.384296],[69.402364,55.352671],[69.446999,55.341432],[69.74794,55.344495],[69.863232,55.299176],[69.950376,55.209875],[70.057643,55.209145],[70.204903,55.145467],[70.291953,55.192137],[70.400972,55.215619],[70.409237,55.253161],[70.460788,55.285451],[70.620351,55.2532],[70.695441,55.289312],[70.807615,55.29241],[70.822007,55.279136],[70.799204,55.271407],[70.880225,55.180748],[70.925225,55.166832],[70.922207,55.129578],[71.022777,55.084924],[70.993433,55.073292],[70.999906,54.989654],[70.974757,54.982992],[71.009088,54.969814],[70.9563,54.888583],[71.019772,54.851684],[71.011366,54.813687],[71.030852,54.778626],[71.097522,54.701337],[71.210398,54.700331],[71.210128,54.686622],[71.239802,54.686415],[71.239744,54.668638],[71.293468,54.66741],[71.291417,54.606331],[71.214972,54.60969],[71.16774,54.560202],[71.170918,54.460967],[71.202357,54.461333],[71.200035,54.407107],[71.231334,54.406722],[71.229636,54.353735],[71.198868,54.354349],[71.198099,54.311597],[71.10956,54.32158],[71.112702,54.334707],[70.997768,54.335781],[70.996185,54.275272],[71.073452,54.274463],[71.071803,54.210679],[71.054693,54.191353],[71.112262,54.187957],[71.103453,54.166452],[71.138478,54.162196],[71.122433,54.129302],[71.178622,54.094746],[71.272964,54.145542],[71.296249,54.184756],[71.490803,54.158535],[71.487947,54.101001],[71.610185,54.116777],[71.615952,54.100087],[71.720657,54.106491],[71.763786,54.147354],[71.726766,54.187446],[71.752081,54.254205],[71.889039,54.231362],[71.948637,54.243692],[72.073252,54.19963],[72.064473,54.183805],[72.115889,54.174013],[72.101485,54.147729],[72.184675,54.120536],[72.218396,54.181768],[72.084814,54.219004],[72.117494,54.278414],[72.132811,54.27538],[72.136346,54.304954],[72.08051,54.331116],[72.042406,54.326877],[72.032548,54.366212],[72.193247,54.357973],[72.300188,54.294198],[72.290879,54.249601],[72.337089,54.246315],[72.299352,54.186757],[72.507198,54.139833],[72.513039,54.104946],[72.440487,54.120178],[72.433154,54.101891],[72.378887,54.109113],[72.369718,54.083343],[72.407373,54.078139],[72.397304,54.051381],[72.435629,54.046457],[72.369719,53.944252],[72.486788,53.900876],[72.544251,53.979184],[72.714863,53.950509],[72.719233,54.000083],[72.680263,54.044793],[72.532008,54.04348],[72.56053,54.116617],[72.612778,54.122013],[72.607885,54.137095],[72.82537,54.121643],[72.831955,54.098027],[72.994023,54.098159],[72.978551,54.049364],[73.06067,54.040024],[73.067567,53.985471],[73.276104,53.942556],[73.403392,53.945388],[73.402572,53.978659],[73.522769,53.941207],[73.537867,53.95214],[73.518449,54.003973],[73.609711,54.008513],[73.657939,54.046347],[73.628718,54.070177],[73.703606,54.065957],[73.698702,54.048079],[73.767189,54.053759],[73.69097,53.856181],[73.452279,53.876162],[73.428838,53.848302],[73.449403,53.806763],[73.343143,53.787737],[73.355845,53.766102],[73.32303,53.675571],[73.252946,53.674103],[73.255281,53.640845],[73.277485,53.639227],[73.238717,53.567328],[73.397137,53.521816],[73.362777,53.467743],[73.438436,53.435124],[73.579742,53.519209],[73.593828,53.558718],[73.645233,53.552479],[73.666494,53.613054],[73.820929,53.577974],[73.901609,53.65058],[74.071923,53.629439],[74.051433,53.566151],[74.145735,53.554224],[74.161954,53.601409],[74.242835,53.588305],[74.234643,53.568939],[74.287419,53.560313],[74.268027,53.52348],[74.305674,53.517415],[74.291632,53.491614],[74.388655,53.45683],[74.487268,53.573014],[74.42123,53.593556],[74.457645,53.690366],[74.634903,53.667919],[74.668264,53.755874],[74.756851,53.74429],[74.788062,53.827809],[74.985248,53.822513],[75.05442,53.795996],[75.322161,53.938355],[75.440681,53.971876],[75.440838,54.008356],[75.376002,54.070062],[75.528491,54.11484],[75.598489,54.09882],[76.20376,54.259685],[76.227931,54.276941],[76.186851,54.300632],[76.258129,54.358267],[76.474595,54.318029],[76.598038,54.343397],[76.648305,54.335675],[76.675672,54.344697],[76.730711,54.417623],[76.929377,54.457595],[76.950816,54.416043],[76.781171,54.377759],[76.786235,54.359296],[76.860712,54.361088],[76.878547,54.301296],[76.829237,54.273561],[76.827731,54.224905],[76.749978,54.18296],[76.757025,54.161332],[76.644474,54.124243],[76.616241,54.161828],[76.582981,54.149144],[76.438501,54.166537],[76.434816,54.121385],[76.498368,54.071823],[76.503308,54.037795],[76.538249,53.999068],[77.907346,53.290662],[78.354056,52.833507],[79.191995,51.917376],[80.079499,50.732866],[80.070402,50.853072],[80.083153,50.827648],[80.184936,50.827038],[80.19368,50.900047],[80.376648,50.926594],[80.420598,50.961504],[80.482819,50.969479],[80.481239,51.109347],[80.438463,51.119109],[80.446026,51.206995],[80.634449,51.206786],[80.634682,51.26284],[80.677901,51.316303],[80.940673,51.258752],[80.920076,51.218728],[81.047845,51.181345],[81.102739,51.18023],[81.115371,51.21096],[81.145401,51.212879],[81.176364,51.18273],[81.177829,51.151586],[81.141818,51.079752],[81.101612,51.060448],[81.060336,50.947638],[81.412626,50.975327],[81.413555,50.930281],[81.442491,50.910276],[81.420733,50.8719],[81.4711,50.862309],[81.485211,50.823086],[81.44896,50.75536],[81.583213,50.742305],[81.727426,50.760113],[81.776125,50.820813],[81.795429,50.777733],[81.905878,50.798059],[81.997153,50.788983],[82.078896,50.750457],[82.172665,50.745943],[82.174732,50.730589],[82.224259,50.736482],[82.276929,50.773306],[82.317265,50.753066],[82.356169,50.784501],[82.485156,50.742359],[82.565342,50.746399],[82.699747,50.811135],[82.73984,50.850615],[82.716809,50.894678],[82.733273,50.927209],[82.979311,50.884155],[83.004425,50.924624],[83.112531,50.965502],[83.123391,51.01237],[83.204655,50.99301],[83.281029,51.014753],[83.367713,50.999116],[83.444893,51.012378],[83.430852,50.986104],[83.501835,50.97639],[83.505927,50.949754],[83.538055,50.962324],[83.649131,50.951908],[83.703874,50.895312],[83.824568,50.882725],[83.909203,50.816571],[83.971202,50.795485],[83.949977,50.760924],[83.965839,50.727019],[84.022835,50.697759],[84.114747,50.609733],[84.143966,50.606289],[84.170541,50.550292],[84.230618,50.540231],[84.248382,50.51581],[84.20374,50.462907],[84.269191,50.353009],[84.251118,50.291241],[84.337434,50.220417],[84.408159,50.208932],[84.451713,50.248511],[84.565591,50.197023],[84.622357,50.214307],[84.69394,50.18906],[84.753459,50.138344],[84.823891,50.143654],[84.813445,50.120434],[84.855185,50.092359],[84.943447,50.097201],[84.969694,50.068961],[85.03534,50.052535],[85.034712,50.019242],[85.051474,50.009669],[84.979396,49.980906],[84.996263,49.970127],[84.97773,49.954627],[84.982487,49.911019],[85.060602,49.883865],[85.100107,49.851668],[85.100876,49.824368],[85.144047,49.796678],[85.148688,49.767868],[85.203669,49.744599],[85.21067,49.627348],[85.264803,49.619976],[85.257738,49.588297],[85.321253,49.590837],[85.389099,49.635009],[85.490457,49.597774],[85.554391,49.594585],[85.596331,49.615608],[85.678208,49.550614],[85.756911,49.57635],[85.83176,49.543252],[85.920387,49.564665],[85.948676,49.55682],[85.929156,49.534532],[85.967816,49.485928],[86.04026,49.523699],[86.108132,49.526748],[86.202304,49.465936],[86.269198,49.550683],[86.276352,49.584936],[86.417129,49.608351],[86.526981,49.69998],[86.583111,49.723305],[86.609721,49.771128],[86.591261,49.808131],[86.78078,49.794652],[86.754347,49.741389],[86.777284,49.695465],[86.703104,49.686353],[86.614289,49.628625],[86.597059,49.608321],[86.617055,49.572205],[86.665181,49.559922],[86.738338,49.571662],[86.830057,49.545657],[86.816218,49.53109],[86.855345,49.498696],[86.83046,49.481526],[86.833631,49.451697],[86.940945,49.415843],[86.946239,49.380659],[86.924365,49.369558],[86.925393,49.349518],[86.970987,49.305851],[87.005561,49.298969],[87.032824,49.252097],[87.198325,49.252499],[87.315235,49.231233],[87.290735,49.201323],[87.303812,49.172181],[87.28579,49.115872],[87.4265814,49.0695363],[87.5040865,49.0916022],[87.4902677,49.1360135],[87.5188922,49.1439028],[87.6620149,49.1517066],[87.7214956,49.1792628],[87.988438,49.18302],[88.017979,49.226295],[88.056412,49.241085],[88.054756,49.258389],[88.1067058,49.2565686],[88.170112,49.293567],[88.160451,49.362761],[88.118763,49.390801],[88.184379,49.415928],[88.165591,49.445452],[88.221784,49.47966],[88.297742,49.470898],[88.3312,49.4935],[88.4059,49.4946],[88.4949,49.4719],[88.5992,49.5009],[88.6836,49.4622],[88.8022,49.4604],[88.8429,49.4416],[88.8801,49.4781],[88.8571,49.4918],[88.8796751,49.5137665],[88.8696149,49.5467406],[88.9000904,49.558961],[88.9295,49.5429],[88.9708,49.4657],[89.1476,49.5021],[89.2327,49.5537],[89.1914689,49.5860199],[89.1936369,49.6346834],[89.2506,49.6423],[89.36,49.5844],[89.4273522,49.6193806],[89.4615641,49.6662166],[89.6074,49.686],[89.7192,49.7283],[89.7118805,49.7900976],[89.6734516,49.7834752],[89.6244625,49.8063691],[89.6510371,49.8264402],[89.6117415,49.86352],[89.6308796,49.899345],[89.5935703,49.9122873],[89.7059568,49.9439408],[89.9748302,49.9712594],[90.0315562,49.998638],[90.0051,50.0318],[90.0077,50.0579],[90.1652129,50.1081636],[90.2852042,50.1109159],[90.3888877,50.1926407],[90.4528,50.1971],[90.5041,50.2351],[90.5807,50.2439],[90.6733,50.2143],[90.7308,50.2434],[90.7064,50.3129],[90.7726,50.3377],[90.7956,50.3264],[90.8293,50.3569],[90.9056,50.3482],[90.903,50.4084],[90.9208,50.4185],[91.0932,50.436],[91.16,50.4201],[91.2933,50.4696],[91.4094,50.4506],[91.4005094,50.4765146],[91.4590257,50.508449],[91.4549029,50.5485247],[91.5247134,50.5619628],[91.5343069,50.5814176],[91.6499476,50.5862385],[91.6611094,50.6400594],[91.7232583,50.6974786],[91.8550843,50.7338299],[92.0723391,50.6963625],[92.2666929,50.7287057],[92.3169136,50.7557624],[92.3030089,50.8099484],[92.3291444,50.827626],[92.3129312,50.8767238],[92.3608466,50.8842878],[92.4054806,50.8561594],[92.4049385,50.8292484],[92.4320608,50.803243],[92.47676,50.7862778],[92.5615239,50.799255],[92.6002487,50.7851369],[92.6183295,50.7678016],[92.6025187,50.7200532],[92.627846,50.7033992],[92.754,50.7275],[92.7566,50.7759],[92.799,50.8083],[93.0033854,50.7918572],[93.0319475,50.7679916],[93.022891,50.7162383],[92.9752428,50.6696209],[93.0498439,50.6011184],[93.1107241,50.5863157],[93.225,50.5898],[93.3974566,50.6345041],[93.7034139,50.5862228],[93.994415,50.6048321],[94.2540346,50.5833377],[94.2837484,50.5719246],[94.3046715,50.5259161],[94.341509,50.5012245],[94.389747,50.2139774],[94.4207507,50.191869],[94.5202886,50.174252],[94.5222135,50.140898],[94.5993715,50.074301],[94.6148431,50.0353979],[94.7606522,50.0549165],[94.9903285,50.0474119],[95.0165286,49.9805282],[95.0815791,49.9629121],[95.4259162,49.9576412],[95.5319595,49.8972247],[95.5722698,49.9442833],[95.7955507,49.9641339],[95.7653299,50.0171422],[95.8608733,50.0436247],[95.9148998,50.0223307],[95.9101477,49.9967716],[95.967566,49.9711389],[96.0662483,50.0127007],[96.1068866,49.9891336],[96.2607079,49.9765846],[96.3000389,49.9448992],[96.3366307,49.9427586],[96.3482741,49.9052923],[96.4244611,49.87581],[96.5253628,49.9441836],[96.5552317,49.9399641],[96.6030869,49.8736657],[96.7092,49.9287307],[96.7408797,49.9075723],[96.9949867,49.8929652],[97.0101282,49.8333643],[97.1252885,49.8172205],[97.1197599,49.791953],[97.1790569,49.7774694],[97.2212083,49.7444093],[97.3178537,49.7517907],[97.3573297,49.7813599],[97.4216235,49.7806963],[97.4967457,49.8064249],[97.5805751,49.8584465],[97.5783292,49.9138879],[97.5548377,49.9226236],[97.5715602,49.9407974],[97.7004,49.9611],[97.7621,50.0005],[97.8296,49.923],[97.8866,49.9235],[97.8674,49.972],[97.9342,49.9781],[97.989,50.0226],[98.0699,50.0359],[98.0637,50.07],[98.1204,50.1002],[98.1127,50.1387],[98.1768,50.1519],[98.1697854,50.2026771],[98.228312,50.2361073],[98.266244,50.3074111],[98.3081298,50.3232941],[98.2693703,50.3962349],[98.3277104,50.4748399],[98.3232759,50.4952456],[98.2994898,50.4978103],[98.2727964,50.5388819],[98.0966363,50.5973699],[98.008,50.6692],[98.0245,50.6919],[97.9974,50.6989],[97.9708,50.7499],[97.9786,50.7841],[97.9497,50.8081],[98.0333428,50.8647062],[97.8948905,50.9243702],[97.8246623,51.0102109],[97.871231,51.0514442],[97.8991,51.1494],[97.9393,51.202],[97.9408,51.2632],[97.9645,51.292],[97.9535,51.3342],[98.0211,51.3941],[98.0501,51.4502],[98.126,51.4713],[98.2241,51.4567],[98.2574,51.5296],[98.2341,51.5476],[98.245,51.58],[98.2232,51.5951],[98.2748,51.6161],[98.3284,51.6973],[98.3559,51.7011],[98.354,51.7315],[98.4523,51.7366],[98.5328,51.7981],[98.6038,51.7937],[98.7643,51.8699],[98.7799,51.9418],[98.809,51.9581],[98.8196,52.0147],[98.8065,52.0255],[98.8413,52.0588],[98.8542,52.129],[98.9111,52.1496],[98.9691966,52.1426389],[99.0046093,52.0747323],[99.0716905,52.0694975],[99.128117,52.0245544],[99.1736053,52.0355885],[99.2365749,52.0126444],[99.2760937,52.0186026],[99.2826125,51.9868506],[99.265308,51.9735296],[99.3601963,51.9406365],[99.4010184,51.9658996],[99.4658896,51.948871],[99.5219871,51.9679932],[99.600979,51.9241882],[99.6138471,51.8791078],[99.6649718,51.9043927],[99.6826564,51.8876967],[99.8011826,51.9153845],[99.8279557,51.8831591],[99.8195189,51.8478483],[99.8475769,51.8349554],[99.8307582,51.8067594],[99.8643974,51.8055016],[99.8691817,51.7774565],[99.9109125,51.7381594],[99.9797976,51.7547204],[100.0614167,51.7327195],[100.1387018,51.7593486],[100.2806417,51.7375368],[100.4143559,51.7479314],[100.4103477,51.7299883],[100.4437626,51.7263707],[100.5038521,51.7500639],[100.5864554,51.74045],[100.5973981,51.7185898],[100.6562396,51.726826],[100.668545,51.7067142],[100.929841,51.6068022],[100.9901519,51.6127877],[101.0223281,51.587153],[101.0174269,51.57027],[101.0786775,51.5598484],[101.1043937,51.5912202],[101.1366423,51.521396],[101.2562778,51.5441134],[101.3700981,51.4558456],[101.4389364,51.455689],[101.4595599,51.4911656],[101.5422172,51.4995416],[101.5677164,51.4699442],[101.6222627,51.4692107],[101.6190378,51.440028],[101.7490569,51.4553417],[101.8285311,51.4151547],[101.888839,51.4007953],[101.951935,51.4137438],[102.0014324,51.3821904],[102.0220587,51.3958157],[102.1242911,51.361612],[102.1839684,51.2950252],[102.1141597,51.2840343],[102.1044872,51.2464692],[102.1663187,51.1786882],[102.1351134,51.1742184],[102.1233246,51.1391014],[102.1401692,51.0994232],[102.1708377,51.0950287],[102.151096,51.0573035],[102.2036241,51.0394919],[102.2430083,50.9748866],[102.2137847,50.9538411],[102.2454385,50.9019733],[102.2119739,50.8758462],[102.209737,50.8170343],[102.2923499,50.7824305],[102.3403132,50.7325372],[102.3023464,50.6818549],[102.3766623,50.6667466],[102.3999391,50.6415839],[102.4459039,50.6456787],[102.4695952,50.6010441],[102.5362347,50.5885042],[102.553936,50.5560254],[102.541005,50.5315628],[102.61063,50.5063847],[102.6161129,50.4536664],[102.6476976,50.4021897],[102.7318192,50.4085293],[102.8418288,50.3341911],[102.9418745,50.3054907],[103.074565,50.3189929],[103.1472354,50.3060183],[103.1821793,50.3331721],[103.2380575,50.3219456],[103.2764247,50.2848955],[103.2492528,50.2558068],[103.2760147,50.2262201],[103.2562904,50.1928927],[103.4114027,50.2117808],[103.5141931,50.1990718],[103.5572495,50.1626788],[103.6023371,50.1662016],[103.6084584,50.1440553],[103.6841803,50.1429367],[103.7102326,50.1244635],[103.7513378,50.1638311],[103.8005986,50.1518562],[103.8466306,50.1975606],[103.8903364,50.1761474],[103.9390206,50.1831392],[103.9985566,50.1502974],[104.1354261,50.1388069],[104.2783297,50.2011989],[104.2931704,50.2417883],[104.3401541,50.2449703],[104.391917,50.3116272],[104.517244,50.3171701],[104.5612071,50.3011443],[104.6501706,50.3241071],[104.6991602,50.3672149],[104.76332,50.3387935],[104.8116849,50.3409568],[104.8734075,50.3709276],[104.8983944,50.408974],[105.0081195,50.3869217],[105.1201674,50.3899317],[105.2585512,50.4406822],[105.2682329,50.4653576],[105.3547168,50.4794989],[105.4435295,50.4421094],[105.52513,50.4580234],[105.628757,50.427396],[105.8442265,50.4403964],[105.8990523,50.4126315],[106.0573709,50.4045045],[106.0841013,50.3333998],[106.1830005,50.3396936],[106.2612304,50.2981341],[106.4687108,50.3181379],[106.5245821,50.3440559],[106.7320293,50.3163456],[106.8157278,50.2981781],[107.0124738,50.1990659],[106.9999992,50.1571821],[107.0393639,50.1291483],[107.0569988,50.0878389],[107.0752502,50.0895128],[107.0718523,50.0683334],[107.1520027,50.0433209],[107.1479797,50.0267355],[107.2129866,49.9989292],[107.2571669,49.9882462],[107.3236137,50.0034207],[107.4282582,49.971669],[107.5448277,49.9856858],[107.6788362,49.9717817],[107.706604,49.9879545],[107.7942207,49.9331705],[107.8287424,49.9609702],[107.8531964,49.9364558],[107.9690548,49.9413946],[107.9704,49.9155],[107.9192,49.8754],[107.9444,49.8549],[107.9367,49.8192],[107.9816,49.8028],[107.9485,49.7848],[107.9698,49.7474],[107.9343,49.7114],[107.9471,49.6706],[107.9683,49.6548],[108.023,49.6734],[108.0275,49.6223],[108.1611,49.5618],[108.2978,49.5399],[108.3564,49.4279],[108.4258,49.4135],[108.431,49.3721],[108.5175,49.3227],[108.6525,49.3473],[108.8206,49.3432],[108.8488,49.3266],[108.9416,49.3462],[109.0581,49.3232],[109.1946,49.3523],[109.3455,49.3249],[109.4222,49.2944],[109.4325,49.2729],[109.4753,49.2674],[109.4996,49.2362],[109.5591,49.2208],[109.9026,49.2057],[110.1998,49.1542],[110.3281,49.1991],[110.3905,49.2515],[110.5244,49.1901],[110.7083,49.1701],[110.8193,49.182],[111.2768,49.3104],[111.3748,49.3577],[111.5231,49.3232],[111.689,49.3842],[111.9575,49.3823],[112.2783,49.4844],[112.4741,49.5225],[112.6889,49.5041],[112.7226,49.52],[112.8234,49.5193],[112.9068,49.5685],[113.0439,49.6082],[113.2061,49.8283],[113.4739242,49.9354483],[113.4888,49.9736],[113.6361,49.991],[113.7427,50.0749],[113.8787,50.1049],[114.1784,50.243],[114.3388,50.2827],[114.4677,50.2335],[114.6535,50.2472],[114.8567,50.217],[115.0075,50.1639],[115.0793,50.0833],[115.2239,49.9884],[115.5067,49.9071],[115.7453945,49.8871758],[116.0727,50.0137],[116.2355,50.0356],[116.6216,49.9311],[116.7137007,49.8456631],[117.0614,49.6856],[117.2732686,49.6308469],[117.4715657,49.62638],[117.7934272,49.5200369],[117.8366302,49.541897],[117.8681243,49.5083177],[117.8930641,49.595316],[117.9433804,49.5937065],[117.9809386,49.6214903],[118.0739634,49.6138386],[118.1112827,49.6460236],[118.1070427,49.6709917],[118.1655237,49.6589839],[118.2271034,49.7363084],[118.2840742,49.7442995],[118.3058462,49.7729565],[118.3807633,49.7779227],[118.3720076,49.7896789],[118.3958708,49.8042353],[118.3783271,49.8259909],[118.4765314,49.8285915],[118.4676914,49.838834],[118.4916844,49.8404411],[118.4800205,49.8710553],[118.5576691,49.9003309],[118.5430013,49.9071783],[118.5669371,49.9300495],[118.6081223,49.923964],[118.6124867,49.9472248],[118.6440339,49.9364799],[118.6538092,49.9535123],[118.8276878,49.9589304],[118.9336026,49.9923669],[118.9758112,49.9767002],[119.0840802,49.9842595],[119.1751384,50.0411624],[119.1818306,50.087457],[119.2280534,50.0737741],[119.2860746,50.1093519],[119.2996848,50.1584156],[119.3526888,50.194526],[119.3098197,50.2163738],[119.3400945,50.2547218],[119.3159735,50.2809158],[119.3791216,50.320407],[119.3501228,50.3260876],[119.3648152,50.3316235],[119.3473762,50.3585157],[119.2943654,50.344234],[119.2690279,50.3646974],[119.2467742,50.3417267],[119.2095629,50.3633892],[119.1753501,50.3467039],[119.1880531,50.3614899],[119.1478374,50.3603797],[119.1693112,50.3770923],[119.1426853,50.3923297],[119.1674711,50.3969899],[119.1556248,50.4045235],[119.1760325,50.4220078],[119.2059419,50.409197],[119.2154587,50.4403128],[119.2567873,50.4685667],[119.2551299,50.4879602],[119.2254567,50.5009018],[119.2555843,50.5098959],[119.2750189,50.5522081],[119.2577764,50.561566],[119.2885456,50.5737234],[119.2742485,50.6034177],[119.3265326,50.6236107],[119.3282168,50.6407366],[119.3516678,50.6298853],[119.386515,50.6622144],[119.3735552,50.6799841],[119.4256538,50.6831021],[119.4917345,50.7462291],[119.4869177,50.7738022],[119.5156066,50.7888221],[119.487871,50.8436267],[119.5117375,50.8422622],[119.5027705,50.8577377],[119.5225033,50.8641258],[119.5151493,50.9045977],[119.5629829,50.9336798],[119.6243999,51.00902],[119.6875231,51.0290793],[119.6964476,51.0153475],[119.6934959,51.036975],[119.7218236,51.0603699],[119.7088834,51.0720261],[119.7563281,51.0905866],[119.7436336,51.1146868],[119.7753119,51.1531897],[119.7519431,51.1635309],[119.7812735,51.1720298],[119.7524792,51.2126993],[119.8151855,51.2141929],[119.7903171,51.2439735],[119.8208728,51.2596601],[119.8038781,51.2802999],[119.8746028,51.2969212],[119.878295,51.3374814],[119.9395708,51.3608422],[119.9022725,51.3890206],[119.9645534,51.3996351],[119.9682591,51.4351882],[119.9953628,51.4535563],[119.9780937,51.504339],[120.044391,51.5512707],[120.0275939,51.5836327],[120.0516216,51.6322636],[120.0952844,51.6489856],[120.0803649,51.6783186],[120.1667457,51.6780703],[120.2875153,51.7498174],[120.3084534,51.7834757],[120.3558323,51.7874061],[120.3989234,51.8136324],[120.3939926,51.8319979],[120.4698332,51.8514698],[120.4697091,51.8825273],[120.5355198,51.8779863],[120.5505036,51.9122194],[120.64758,51.9227252],[120.6542487,51.9547716],[120.6969717,51.9810889],[120.7116684,52.0135584],[120.6791109,52.0361783],[120.7191265,52.0773708],[120.7457618,52.0782102],[120.7348049,52.0925448],[120.760918,52.1084649],[120.7536734,52.1391169],[120.7795519,52.1637389],[120.7390554,52.2044505],[120.7516307,52.255407],[120.7108234,52.2589152],[120.6927596,52.2869761],[120.6310188,52.3121651],[120.6142057,52.3534646],[120.6431434,52.3624144],[120.6426959,52.3895622],[120.6835667,52.4289413],[120.676556,52.4659338],[120.6997762,52.4912609],[120.682075,52.5144119],[120.7262737,52.5399354],[120.4589993,52.6434643],[120.3909082,52.6152463],[120.2820189,52.6221078],[120.1846108,52.5770372],[120.0619671,52.5860533],[120.0267672,52.6354566],[120.0618436,52.7072149],[120.0266437,52.776256],[120.1374306,52.812691],[120.1791764,52.8081212],[120.21697,52.842333],[120.2808237,52.8609827],[120.2889753,52.8922303],[120.3389961,52.8998878],[120.3528776,52.9375205],[120.4059376,52.9580602],[120.4369382,53.0023997],[120.5552591,53.0804569],[120.6360335,53.1039235],[120.6499929,53.13373],[120.687645,53.1453325],[120.684644,53.1751485],[120.832706,53.238667],[120.8125743,53.2663779],[120.8782846,53.2934914],[121.0355041,53.2868564],[121.0874565,53.3053061],[121.1217855,53.2752272],[121.2265357,53.279163],[121.3271372,53.3231851],[121.4455627,53.321982],[121.8709863,53.4262629],[122.0789029,53.4205389],[122.159168,53.4691296],[122.243643,53.4636867],[122.3271847,53.5014361],[122.4296585,53.4432483],[122.5961455,53.4638679],[122.8261369,53.4557889],[123.05998,53.5067225],[123.1373138,53.4981214],[123.2712436,53.5608154],[123.4483909,53.5340843],[123.4810666,53.4960774],[123.5027771,53.5052021],[123.4786033,53.5281154],[123.5058768,53.555033],[123.5503839,53.5401204],[123.5229291,53.5026408],[123.5392098,53.4949658],[123.5629907,53.5039675],[123.5830096,53.5474985],[123.6120302,53.5477673],[123.695599,53.4933535],[123.8793642,53.4807228],[124.0081087,53.3975584],[124.0613615,53.3987514],[124.0724166,53.3653756],[124.1099497,53.3465035],[124.2437673,53.3747181],[124.3203496,53.3291717],[124.3618653,53.2591728],[124.4373351,53.2139981],[124.7076088,53.1927315],[124.7117256,53.1514201],[124.823912,53.1430901],[124.8620688,53.0990217],[124.8987478,53.1096357],[124.8779227,53.1553164],[124.8947171,53.1710359],[124.9754644,53.1957572],[125.1578079,53.2037569],[125.4947244,53.0947676],[125.507586,53.0484658],[125.6051735,53.0815844],[125.672697,53.0073086],[125.7426971,52.9839653],[125.7243043,52.9388205],[125.6564592,52.9159911],[125.6654624,52.8611685],[125.7667476,52.8966987],[125.8295396,52.8953718],[125.9092037,52.8186152],[125.9392957,52.7632283],[125.9779648,52.7569773],[126.0083476,52.7927389],[126.0385296,52.7979952],[126.1050202,52.7702062],[126.1077823,52.7571227],[126.0377128,52.7402595],[126.0629552,52.6814012],[125.9833907,52.6732013],[125.9632754,52.6224645],[126.0119622,52.5785182],[126.0382275,52.5763401],[126.0678239,52.603246],[126.1921035,52.537775],[126.1840317,52.4696134],[126.2625712,52.4735853],[126.3399577,52.3959426],[126.3404702,52.3549431],[126.3108737,52.3370059],[126.3348328,52.3033095],[126.4316939,52.2916503],[126.3113923,52.2399738],[126.3003969,52.2061976],[126.5542316,52.1303242],[126.5148031,52.0371876],[126.4382903,52.0254656],[126.4619475,51.9779382],[126.4566193,51.9440509],[126.5378208,51.8850146],[126.6176986,51.7744288],[126.6573523,51.7582809],[126.6590689,51.7341546],[126.7237853,51.7170351],[126.712799,51.6819253],[126.73357,51.6376269],[126.6695403,51.5987236],[126.7086791,51.5686439],[126.8386267,51.5285068],[126.7812918,51.4350724],[126.9146727,51.3902115],[126.9237708,51.3627809],[126.907463,51.3433766],[126.8137358,51.329542],[126.8252372,51.2721215],[126.8607711,51.2455873],[126.8999099,51.2449425],[126.9157027,51.2612733],[126.8691825,51.3150595],[126.9454001,51.3335105],[126.9773291,51.3202094],[126.894245,51.2033372],[126.9176588,51.0570394],[126.9858432,51.0210755],[127.046337,50.9605922],[127.1062468,50.9369075],[127.2331046,50.7739248],[127.3002242,50.7452574],[127.2809981,50.7073329],[127.2874214,50.6637986],[127.3670005,50.573974],[127.3539542,50.5419115],[127.3108364,50.5238993],[127.2861803,50.4702297],[127.3626618,50.4343991],[127.3613616,50.3959315],[127.325288,50.3351467],[127.380666,50.2851069],[127.6056331,50.2347146],[127.5852514,50.1457256],[127.5016447,50.0594152],[127.4889337,50.012711],[127.4990212,49.9719288],[127.5412405,49.9336611],[127.5233545,49.8579576],[127.5408951,49.8009946],[127.6651946,49.7703994],[127.6872401,49.667035],[127.8428066,49.5744854],[127.910399,49.5742775],[127.9590478,49.5963876],[128.0344656,49.5555744],[128.1694894,49.5360636],[128.2499716,49.5648864],[128.3295657,49.5402283],[128.3933811,49.5902235],[128.5529286,49.6019577],[128.7173616,49.5623248],[128.730428,49.5910431],[128.7527745,49.593385],[128.7958359,49.5777982],[128.8021721,49.5502838],[128.7472023,49.5131138],[128.7431887,49.4830985],[128.7932722,49.4717556],[128.86689,49.4894043],[128.9836595,49.4569225],[129.0269373,49.4258602],[129.0734497,49.3535964],[129.1262318,49.3504731],[129.1745703,49.3885157],[129.2260499,49.3995096],[129.3520798,49.3516938],[129.3773633,49.3665511],[129.3651125,49.4022608],[129.3799698,49.4293689],[129.4302762,49.4416197],[129.500653,49.4246771],[129.5366434,49.3980359],[129.5593003,49.2894625],[129.6000276,49.2757781],[129.71048,49.2910916],[129.7443651,49.2643745],[129.7645658,49.1865039],[129.8424364,49.1770552],[129.8600306,49.1588093],[129.8489528,49.1151497],[129.9222619,49.0942973],[129.9137906,49.0424922],[130.0196816,49.0092587],[130.0506344,48.9721154],[130.164345,48.9173779],[130.2242955,48.865247],[130.421084,48.9039212],[130.4646859,48.9003103],[130.5185693,48.8533662],[130.6693459,48.8771033],[130.6812262,48.8523837],[130.6067545,48.7750448],[130.5227923,48.6120583],[130.5994349,48.585015],[130.6083675,48.5019152],[130.6255707,48.4884678],[130.7250738,48.5131077],[130.7581971,48.4972857],[130.7320601,48.4302581],[130.7663198,48.3584883],[130.8095544,48.343911],[130.8356469,48.301678],[130.7648702,48.2474381],[130.7467745,48.1812413],[130.6672668,48.1317259],[130.6561518,48.0952509],[130.6817078,48.0471894],[130.8804506,47.9178204],[130.949798,47.825461],[130.9574947,47.7203175],[130.9937326,47.6961667],[131.0895258,47.6831675],[131.1751012,47.6953355],[131.2546492,47.7347808],[131.3660199,47.7266817],[131.4526662,47.7430901],[131.5475156,47.7266399],[131.5522286,47.6825384],[131.5944325,47.6565182],[131.7101398,47.7084722],[131.8122129,47.6671685],[131.9003025,47.6899998],[131.952136,47.6623942],[131.9827995,47.669797],[131.9995115,47.7112387],[132.0755326,47.6980177],[132.2528236,47.7080661],[132.3091865,47.756778],[132.5487282,47.7143226],[132.6036772,47.7420925],[132.598655,47.8103357],[132.6804877,47.8720795],[132.6521269,47.9355958],[132.666225,47.9558781],[132.7191884,47.9618886],[132.78052,47.9250508],[132.8157923,47.935005],[132.8630603,47.9917265],[133.0078184,48.0404716],[133.0490227,48.10251],[133.2866995,48.0927618],[133.3915256,48.1235587],[133.4644876,48.1091196],[133.5432442,48.1265838],[133.5654847,48.1373754],[133.5933983,48.1982513],[133.703184,48.1842867],[133.7464041,48.2567535],[133.9941194,48.3021697],[134.0340251,48.3450805],[134.1231536,48.3318896],[134.1883145,48.3837178],[134.3975619,48.3863283],[134.5012575,48.4252932],[134.6880989,48.4080729],[134.7662016,48.3640456],[134.7230192,48.2745707],[134.6679177,48.240141],[134.667496,48.1521969],[134.5446555,48.0324175],[134.5436285,47.9887551],[134.592794,47.9476883],[134.6012592,47.9035681],[134.6698204,47.8817313],[134.6633455,47.8248592],[134.7608739,47.7635194],[134.7703977,47.7151355],[134.6763379,47.62951],[134.6716199,47.5869439],[134.5724886,47.5185095],[134.5631321,47.4784451],[134.4861697,47.4430053],[134.3111775,47.433286],[134.2608592,47.3953132],[134.2538018,47.3642073],[134.1693339,47.3183854],[134.150077,47.2529601],[134.2197881,47.1869171],[134.2222345,47.1179925],[134.139837,47.092521],[134.0965784,47.0087764],[134.055723,46.9750543],[134.0680826,46.9328718],[134.0141809,46.8237464],[134.0467966,46.7741561],[134.0162408,46.7240494],[134.0078968,46.6404363],[133.9130956,46.5961777],[133.8415316,46.4723322],[133.8474893,46.4443641],[133.8908482,46.4468465],[133.9401648,46.3995158],[133.9373514,46.3794913],[133.8706582,46.3612872],[133.8615561,46.3435795],[133.9168304,46.3310022],[133.8996193,46.3012136],[133.9107072,46.2634815],[133.8536125,46.2485872],[133.8731405,46.2348514],[133.8464964,46.2030769],[133.8066128,46.2292246],[133.7779827,46.1840454],[133.6880023,46.15563],[133.6817822,46.1376931],[133.7350144,46.0772282],[133.735593,46.0540838],[133.6755621,45.9884115],[133.6684747,45.9409946],[133.597739,45.9327202],[133.612031,45.9048224],[133.5847201,45.8672222],[133.523191,45.8958491],[133.478227,45.8555972],[133.4897066,45.8370817],[133.4616556,45.835693],[133.462128,45.796393],[133.4976924,45.7780768],[133.4624174,45.777348],[133.4573369,45.7556934],[133.479866,45.7381615],[133.4473841,45.7304159],[133.4208104,45.6950974],[133.4769609,45.6895987],[133.4802591,45.6573967],[133.4387623,45.6442041],[133.4693452,45.6194379],[133.4046414,45.6170992],[133.4129426,45.5714114],[133.3644365,45.5754732],[133.2470742,45.5164022],[133.1935684,45.5143389],[133.2046474,45.5061794],[133.1614854,45.4647276],[133.164331,45.4416621],[133.1339229,45.4272582],[133.1413558,45.375518],[133.111552,45.350648],[133.123929,45.3344601],[133.0989391,45.3194124],[133.1137466,45.3094061],[133.0906917,45.2917953],[133.1051098,45.2647543],[133.0861491,45.2525539],[133.1021129,45.2517316],[133.0874352,45.2419376],[133.1307251,45.1899739],[133.1190919,45.1344987],[133.1350521,45.1416962],[133.1324658,45.1253341],[133.1007372,45.123315],[133.0953226,45.1024311],[133.0398664,45.0772153],[133.0374783,45.0564054],[132.9501371,45.0151103],[132.8632016,45.0611943],[131.9971632,45.2517744],[131.92766,45.280063],[131.9112217,45.3362833],[131.8803988,45.3402847],[131.8226445,45.3094849],[131.8266892,45.2916071],[131.7775512,45.2345705],[131.7861404,45.2096203],[131.7140579,45.2323039],[131.6743719,45.2132832],[131.6429472,45.1571666],[131.6801768,45.1490385],[131.680045,45.116035],[131.476186,44.993497],[131.486276,44.966268],[131.349244,44.987801],[131.305217,44.963455],[131.285996,44.926638],[131.210572,44.91477],[131.142807,44.944972],[131.081815,44.92221],[131.094384,44.894324],[131.071333,44.87928],[130.959151,44.8525411],[130.9591261,44.8227039],[131.008447,44.811526],[131.018817,44.779342],[131.057196,44.784002],[131.083004,44.715049],[131.1044767,44.7075263],[131.3032214,44.0439331],[131.2557281,44.0305325],[131.2359598,43.984699],[131.2387071,43.9529871],[131.261229,43.9366797],[131.2046044,43.8249127],[131.2171412,43.8039078],[131.2034061,43.7834921],[131.223097,43.760018],[131.211621,43.682089],[131.2333648,43.6635582],[131.2083335,43.6087165],[131.2391759,43.6001517],[131.1860795,43.5584796],[131.218874,43.514756],[131.3129067,43.4944951],[131.287309,43.439907],[131.311365,43.395416],[131.272877,43.375379],[131.247919,43.26232],[131.1980009,43.2333303],[131.210391,43.143803],[131.157977,43.099333],[131.163578,43.067067],[131.113457,43.066334],[131.095619,43.021124],[131.110491,42.968315],[131.143586,42.965296],[131.137532,42.934039],[131.107478,42.912674],[131.026361,42.925863],[131.010031,42.911591],[131.035367,42.860293],[130.974335,42.854546],[130.941738,42.874691],[130.883698,42.850347],[130.826974,42.880665],[130.781648,42.868503],[130.771956,42.836053],[130.719951,42.828189],[130.658965,42.845129],[130.4593221,42.7699968],[130.421564,42.72796],[130.39465,42.724967],[130.459173,42.685219],[130.521415,42.7014344],[130.5846736,42.6698892],[130.6256394,42.5882199],[130.6033431,42.55491],[130.5634567,42.5551144],[130.5529966,42.5190073],[130.5930855,42.4837592],[130.5925964,42.445877],[130.6358361,42.4263318],[130.6722736,42.3730069],[130.6465382,42.3496818],[130.6503807,42.3301851],[130.9190069,42.1226742],[133.1883251,42.4874985],[133.5017814,42.5831976],[133.7878939,42.6125179],[134.0532221,42.6910591],[134.3537922,42.8831619],[134.939752,43.1475023],[135.0942882,43.2620664],[135.2881542,43.3344601],[135.3525824,43.3760161],[135.4453342,43.5079951],[135.6737703,43.6664222],[135.8909078,43.9648538],[135.9200344,44.0504919],[136.0652383,44.2086003],[136.3561395,44.362833],[136.5413771,44.5787505],[136.6706909,44.6491676],[136.7429293,44.7600794],[137.1231883,45.1118362],[137.3520274,45.2435333],[137.5892936,45.4811425],[137.9035367,45.6796857],[138.0362685,45.8538872],[138.3429313,46.1282085],[138.3869775,46.1943247],[138.4029906,46.2990452],[138.5646458,46.411075],[138.6093633,46.462162],[138.6457435,46.5660025],[138.653782,46.6646135],[138.7545057,46.7834529],[138.8172262,46.9334906],[139.0012925,47.0843891],[139.1649634,47.1558525],[139.2443944,47.2161153],[139.3268318,47.3354687],[139.4096183,47.5137058],[139.460901,47.5653439],[139.5539813,47.720147],[139.7525425,47.8315939],[139.9794938,48.0446216],[140.2454962,48.18937],[140.4379379,48.3536821],[140.4739818,48.4351555],[140.4975903,48.6991349],[140.623395,48.8209143],[140.6885052,48.9378365],[140.6928858,48.9963087],[140.6603268,49.1094717],[140.7231277,49.2543621],[140.7354937,49.3281559],[140.8503877,49.5337851],[140.8347932,49.757696],[140.9122189,49.9470413],[140.9730672,50.0122033],[140.9957501,50.0668532],[140.9832099,50.1545589],[140.7988598,50.457233],[140.804955,50.7422728],[140.9584944,50.9146048],[140.9951644,51.0183064],[140.9950248,51.1638623],[141.1306279,51.2662585],[141.2001422,51.3767176],[141.2142793,51.4391407],[141.4154346,51.6197766],[141.5591809,51.5446272],[141.7234665,51.4115915],[141.8370576,51.2666103],[141.9309524,51.0780935],[141.7541118,50.8902442],[141.7193133,50.8146907],[141.7434767,50.6508551],[141.7328298,50.508328],[141.7940518,50.3773378],[141.8565491,50.1304395],[141.821554,49.962484],[141.8473854,49.7692639],[141.8349041,49.5611224],[141.7672917,49.3759212],[141.7647488,49.2798742],[141.7124835,49.0569439],[141.5709853,48.8592327],[141.5455649,48.7754045],[141.5927985,48.6003108],[141.8396914,48.2903226],[141.8779502,48.0525129],[141.6666016,47.6331098],[141.6718637,47.284024],[141.7581661,47.1287124],[141.7168646,46.9977159],[141.5207147,46.6181824],[141.524919,46.5018077],[141.6008642,46.2766209],[141.6520721,45.9767397],[141.7873698,45.8207193],[141.9149944,45.7287505],[142.2140327,45.5958746],[142.2845978,45.596872],[142.4196695,45.6459758],[142.4966496,45.7266416],[142.5084104,45.8223434],[142.482394,45.8811742],[142.4307202,45.9300085],[142.5128708,46.1053991],[142.5403371,46.2424064],[142.5880213,46.3358759],[142.7683721,46.398919],[142.9338046,46.4073699],[143.0643016,46.3240195],[143.1177928,46.22435],[143.1124706,46.0710767],[143.1299948,45.9837564],[143.1654384,45.9207996],[143.2853773,45.8423609],[143.4177669,45.8205662],[143.5496397,45.8438277],[143.6514423,45.9069288],[143.7368155,46.0327214],[143.7724492,46.1436329],[143.890684,46.3093015],[143.8972013,46.4270184],[143.8258747,46.5456569],[143.7953233,46.7545247],[143.7381759,46.9139494],[143.6263779,47.0046569],[143.3351091,47.1082968],[143.3099912,47.2769426],[143.2842624,47.3368953],[143.1685111,47.4804121],[142.929041,47.6191917],[142.8629191,47.7054954],[142.8234313,47.7960415],[142.8269295,47.9346552],[142.8691729,48.0914096],[143.0930998,48.6025634],[143.2670372,48.8353171],[143.3105615,49.0667556],[143.4234012,49.1038633],[143.564169,49.1167936],[143.8947291,49.0767727],[144.1158241,48.8982704],[144.2603821,48.8164996],[144.3391248,48.7356423],[144.3728695,48.6117079],[144.328654,48.529756],[144.337665,48.445624],[144.406827,48.364821],[144.524969,48.313083],[144.691684,48.305674],[144.837295,48.357755],[144.896666,48.411727],[144.9349669,48.486663],[145.0183651,48.5552222],[145.0501452,48.6525345],[144.9881167,48.9008512],[144.9589824,48.9545396],[144.6589948,49.1649482],[144.5869881,49.2916574],[144.5520835,49.3992062],[144.5348112,49.5563996],[144.4334717,49.6876067],[144.4298885,49.7783187],[144.3148138,49.9749892],[144.2931857,50.0797631],[144.1363954,50.2916241],[144.0638431,50.4416337],[144.0172696,50.5863366],[143.9794275,50.8434157],[143.7974089,51.3541343],[143.7500992,51.5362177],[143.6489099,51.7641345],[143.5527045,51.9112747],[143.4791033,52.0683145],[143.4677015,52.2053858],[143.5929619,52.3891973],[143.6345054,52.5200237],[143.6661674,52.8415975],[143.5926608,53.1903366],[143.5344965,53.355718],[143.240215,53.8567343],[143.3335965,54.055287],[143.3319128,54.1143427],[143.2921995,54.2091594],[143.1480962,54.3513881],[143.0193754,54.5239726],[142.9561208,54.5687686],[142.7662781,54.622842],[142.5673303,54.6120328],[142.0768413,54.4788965],[141.9749087,54.4200465],[141.9206629,54.3403302],[141.9179193,54.2819202],[141.9493804,54.2168815],[142.1503471,54.0244262],[142.2961991,53.9160466],[142.3071793,53.8434669],[142.0373855,53.7099884],[141.4917414,53.5566399],[141.1103353,53.6663993],[140.8578498,53.7616081],[140.7908182,53.8421026],[140.6701615,53.9013848],[140.6701615,53.9855525],[140.6321769,54.0459432],[140.4824731,54.1638455],[140.1942375,54.2748901],[140.1540186,54.3153144],[140.156253,54.401247],[140.0780495,54.4895957],[139.5663754,54.7315729],[138.7552937,55.1742349],[138.710606,55.2137719],[138.5743085,55.2685485],[137.8436647,55.9174954],[137.944212,55.9687983],[138.245854,56.2155983],[138.4067297,56.2404397],[138.4826988,56.2851136],[138.5899492,56.406462],[138.623465,56.5335859],[138.8938256,56.6823825],[138.9452164,56.7485986],[138.9385132,56.8134751],[139.1619517,56.8989892],[139.3339994,57.0159482],[139.3764527,57.0779335],[139.5864848,57.1167734],[139.8367359,57.2451401],[139.9819709,57.2584357],[140.086987,57.2910499],[140.2098782,57.3911276],[140.2232845,57.4452726],[140.2076438,57.5041395],[140.2456284,57.5473283],[140.4623637,57.5629116],[140.6299425,57.6299638],[140.7416618,57.6992804],[140.8466779,57.7851445],[140.8779593,57.8850617],[141.0231943,58.0958769],[141.0455381,58.1584081],[141.1818356,58.2373001],[141.4499618,58.3160171],[141.794057,58.4507208],[142.0934646,58.6442569],[142.3705283,58.9002612],[142.5805605,59.0097294],[142.833046,59.0695017],[143.6508308,59.1360483],[143.8921443,59.2058978],[144.3010368,59.1738534],[144.8752737,59.1612564],[145.3891822,59.1944568],[145.7913714,58.9671357],[145.9276689,58.9440902],[146.1712168,58.949853],[146.2561235,58.9798042],[146.5331872,59.0223822],[146.949976,59.1512131],[147.4828007,59.040778],[147.7933802,59.0591639],[148.5664773,59.0568662],[148.7921502,58.940632],[148.9061038,58.9187223],[150.3048287,58.8078078],[150.6757366,58.8078078],[150.9818473,58.7684403],[151.0734571,58.6895713],[151.2924268,58.6384431],[151.7124911,58.6454195],[152.1213836,58.6849264],[152.4118536,58.7614884],[152.6330577,58.7162676],[153.0039655,58.7127866],[153.227404,58.7869717],[153.2765605,58.8378822],[153.2653886,58.8760161],[153.4575457,58.8933358],[153.6139526,58.9579193],[153.8306879,58.8783259],[154.0317826,58.8401946],[154.4138624,58.891027],[154.5613318,58.947548],[154.9076614,58.9348676],[155.1042873,58.9740464],[155.6740554,59.0085789],[155.7813059,59.040778],[155.8818532,59.1039385],[155.9801661,59.2824533],[156.0002756,59.3474474],[155.9779317,59.4009456],[155.904197,59.4668485],[155.8215248,59.5088229],[155.1132248,59.6818397],[154.9746929,59.6987542],[154.8964895,59.8965808],[154.8875519,59.9659905],[155.1690844,60.186683],[155.6539459,60.3440497],[155.9667598,60.4984603],[156.1723232,60.546838],[156.3063863,60.6795047],[156.3533084,60.818164],[156.4158711,60.8845513],[156.6035595,60.9605637],[156.8783888,61.0277376],[157.0347957,61.1239166],[157.0705459,61.1810531],[157.0683115,61.2960891],[157.146515,61.3807526],[157.2291872,61.4192575],[157.5151885,61.492926],[157.9173777,61.5366177],[158.116238,61.5312927],[158.6323809,61.6015088],[159.0658515,61.620631],[159.1865083,61.5589726],[159.3317433,61.2348606],[159.3697278,60.9627328],[159.4099468,60.8519191],[159.8322455,60.4467042],[159.957371,60.3959693],[160.1003717,60.3749905],[160.2567786,60.3805125],[160.4891546,60.4378864],[160.7505776,60.4687381],[161.4097212,60.3208248],[160.909219,59.9603984],[160.5025609,59.7719518],[160.28806,59.7336838],[160.200919,59.6897342],[160.1405906,59.6457268],[160.1048404,59.5858292],[159.5239004,59.2287682],[159.4188843,59.1268772],[159.2200241,58.8540654],[158.929554,58.6849264],[158.7798503,58.5592793],[158.4379894,58.4214811],[157.9799405,58.1831543],[157.8414086,58.2137686],[157.5710481,58.2043517],[157.4481569,58.1784421],[157.3476096,58.1230266],[157.233656,58.020221],[157.1264055,58.0509755],[156.9409516,58.0557046],[156.8314667,58.0356016],[156.5767468,57.9349165],[156.4471525,57.8232409],[156.4024648,57.7303104],[156.4136368,57.6562719],[156.4627932,57.6060308],[156.6236689,57.5293392],[156.6080282,57.4332473],[156.4203399,57.4356527],[156.2326516,57.380289],[156.136573,57.2608526],[156.1410418,57.2052247],[156.1812607,57.1398153],[156.1544481,57.0767191],[155.8349311,56.9404542],[155.7276806,56.8538132],[155.6316021,56.7204097],[155.3098507,56.0325193],[155.3009131,55.8284931],[155.2227097,55.4134053],[155.2137721,55.2392588],[155.2897412,54.7998932],[155.3768822,54.4766152],[155.5757425,53.9329676],[155.7254462,53.3207932],[155.8103529,52.8510963],[156.1030573,52.2505924],[156.1522137,52.090258],[156.1723232,51.8879925],[156.1633857,51.5682987],[156.2259484,51.2631219],[156.2616986,51.193161],[156.3812393,51.1118723],[156.3833193,51.0599295],[156.2208473,51.0166219],[156.1161936,50.9641785],[155.9614852,50.9637968],[155.911508,51.0199553],[155.8353233,51.0658802],[155.6338129,51.1156901],[155.4141575,51.1110277],[155.2520147,51.0558639],[155.1581936,50.9481121],[155.14704,50.8436839],[155.2063456,50.7386593],[155.2939077,50.6725841],[155.3910204,50.5560049],[155.1005901,50.4836422],[154.7635428,50.3613933],[154.6561649,50.2606038],[154.6417934,50.2047026],[154.6572368,50.1378813],[154.4921149,50.0144417],[154.384372,50.0140864],[154.2613612,49.9848539],[154.1621287,49.9319626],[154.1128806,49.8792369],[154.0810208,49.7991165],[154.0893557,49.697566],[154.1963118,49.5928496],[154.3160483,49.4184558],[154.2179248,49.2941175],[153.94266,49.1726396],[153.4260565,49.1887858],[153.3015053,49.1557158],[153.2179728,49.0987021],[153.1692313,49.0160252],[153.1721116,48.9305621],[153.2261363,48.8541002],[153.3173958,48.7996751],[153.2748657,48.5003462],[153.0992485,48.4775274],[152.9745345,48.3958205],[152.7904522,47.9316817],[152.7010966,47.8384087],[152.634012,47.704134],[152.5901501,47.6698747],[152.2158941,47.5075237],[151.8362959,47.1500855],[151.5380036,47.0099028],[151.4353059,46.9149382],[151.4153681,46.8565125],[151.4258955,46.7822731],[151.5379498,46.6444196],[151.7125755,46.5762169],[151.8983902,46.5806674],[152.0035343,46.6204198],[152.2373345,46.7614405],[152.6752096,47.1317925],[153.0488193,47.3738844],[153.2928607,47.6077069],[153.3526248,47.7188722],[153.539334,47.9349926],[153.5831156,48.011253],[153.5981654,48.0725194],[153.5690857,48.2845997],[153.7038063,48.3506402],[153.8713421,48.3285038],[154.0517916,48.3833292],[154.2495468,48.5859119],[154.4113027,48.6945089],[154.4830965,48.7672449],[154.6886191,48.8996983],[154.8191204,48.9599681],[155.0843396,49.1896259],[155.1448118,49.2926282],[155.2279649,49.5835854],[155.2211413,49.6597394],[155.4030776,49.7946667],[155.5142547,49.812831],[155.6207904,49.8599507],[155.7565555,49.9722304],[155.9398974,50.0139053],[156.0999451,50.1001013],[156.3696568,50.3524463],[156.6643459,50.5162277],[156.8015803,50.6852465],[156.9355381,50.7456997],[157.2634756,50.9682919],[157.5156723,51.0880598],[158.1696407,51.5036991],[158.5820557,51.8845198],[158.677719,52.0430131],[158.8073958,52.1644495],[160.282736,52.9515111],[161.9770387,54.358625],[162.427719,54.6314785],[162.4766135,54.6782111],[163.3567156,55.8971452],[163.6479571,56.0327866],[163.7244877,56.1407207],[163.7117326,56.3933538],[163.6415795,56.6922148],[163.6904741,57.7203302],[163.847787,58.3416175],[164.8979571,58.7200475],[166.645406,59.7100879],[166.787838,59.8256882],[167.0897088,59.9983394],[167.1662394,60.0758459],[167.7083312,60.2398122],[168.3290795,60.3893098],[168.6564605,60.3430597],[168.9540795,60.3598855],[169.1560353,60.3377999],[169.3792496,60.2313695],[169.5960863,59.9877079],[169.8618176,59.8214139],[170.097787,59.7400968],[170.2189605,59.7261674],[170.5123278,59.7561619],[170.750423,59.8491874],[170.807821,59.8982685],[170.8779741,60.0440159],[171.0246577,60.189123],[171.3881781,60.3788041],[171.8707462,60.5538041],[172.3745727,60.6935421],[173.2971918,61.1553213],[173.365219,61.2167967],[173.6607122,61.3475438],[174.1709162,61.5162968],[174.3558652,61.6023535],[174.6556101,61.6286291],[174.9851169,61.6962366],[175.1275489,61.7677191],[175.4676849,61.8460581],[175.8120727,61.9841691],[176.2457462,62.0868458],[176.4965965,62.1216572],[176.8749979,62.2723749],[177.2215115,62.3464655],[177.810372,62.3484387],[178.6819707,62.1802487],[178.875423,62.0898312],[179.0965115,62.0699231],[179.2113074,62.0778879],[179.4749128,62.163378],[179.9266571,62.4936084],[179.998936,62.5524594],[179.9999989,62.8803678],[179.928783,62.9534413],[179.8766986,63.1667736],[179.657736,63.3313553],[179.372872,63.4418235],[179.2835863,63.5414503],[179.260202,63.5755281],[179.2261884,63.7772624],[179.1156441,64.0381221],[179.0773788,64.0976195],[178.9009332,64.2624298],[179.1794196,64.512388],[179.4175149,64.5918586],[179.5684503,64.5982427],[179.785287,64.6383372],[179.997872,64.7464787],[179.999999,69.2895101],[179.7706597,69.3827309],[179.038009,69.5810429],[178.5813897,69.6492078],[178.224334,69.6549381],[177.7210229,69.7720682],[177.1572869,69.82305],[176.7761987,69.9027134],[176.5248864,70.0194144],[176.2708276,70.0679258],[175.7421105,70.077287],[175.1200097,70.0402859],[174.6833031,70.0402859],[174.1875451,70.1034758],[172.8286736,70.1813785],[172.4688714,70.155055],[172.1186822,70.1753247],[171.5933984,70.2439076],[170.9019463,70.2863376],[170.6382745,70.3224384],[170.3533166,70.3152696],[170.1164239,70.2823997],[169.9049371,70.2013898],[169.8445123,70.1261304],[169.5382684,70.1046441],[168.9594262,70.1650758],[168.7953179,70.2076684],[168.5295861,70.2320672],[167.9294579,70.1818441],[167.6939385,70.1249633],[167.526397,70.0601997],[167.3464959,69.9639686],[167.2345727,69.8694192],[166.8383782,69.7078697],[166.3268273,69.7035828],[165.9251397,69.7654196],[165.289306,69.7901038],[164.8114007,69.7656571],[164.4701379,69.9086111],[164.0684502,69.9531442],[163.7752526,69.9364259],[163.5678857,69.8857187],[163.1936639,69.9012977],[162.8153222,69.854053],[162.395089,69.8769756],[161.193159,69.8887299],[160.6532276,69.9228594],[160.5368764,70.0980926],[160.6592209,70.1879142],[160.6844744,70.2354182],[160.6827971,70.2764269],[160.5704523,70.4625251],[160.4259973,70.6032156],[160.8093965,70.5989544],[161.0737058,70.6311581],[161.1804735,70.5439421],[161.4095283,70.4801678],[161.6347769,70.4609227],[161.9263666,70.4743794],[162.1487619,70.4326822],[162.373902,70.420616],[162.6741251,70.4395919],[162.8491475,70.47162],[163.0276411,70.5430231],[163.100671,70.6169026],[163.1019936,70.661535],[163.0732545,70.7051437],[162.9292863,70.7831745],[162.6693398,70.8341847],[162.2733624,70.8503298],[162.1956884,70.903617],[162.1405447,70.9699678],[161.9677404,71.052872],[161.7856327,71.1034263],[161.5912784,71.1256882],[161.2582074,71.1182149],[160.9667762,71.057077],[160.6299222,71.1068879],[160.2139617,71.0978348],[160.0565824,71.0671406],[159.9208638,71.0170221],[159.8524591,70.9659517],[159.8234195,70.8935338],[159.3074641,71.0298126],[158.6723606,71.1433351],[157.905671,71.2231905],[156.9120461,71.2757183],[155.7229078,71.2627241],[154.4024789,71.1704418],[153.5764968,71.0649466],[152.7948516,71.0279131],[152.3645447,71.3168821],[151.6831935,71.6765523],[151.4423244,71.7412847],[150.8306339,71.8162479],[150.6923769,71.9921112],[150.4995309,72.1184459],[150.2616463,72.2138921],[149.8230917,72.3384748],[149.2895406,72.4277366],[148.5291154,72.5141789],[147.2666285,72.5158947],[146.1637484,72.6812502],[144.3801907,72.8383479],[144.3190387,73.2177896],[144.3028069,73.4463855],[144.2560469,73.5004835],[144.0293375,73.6425162],[143.7624766,73.7498663],[143.13109,73.9487433],[141.8354399,74.1951393],[141.8013296,74.2605177],[142.954528,74.6225195],[144.1642446,74.7086729],[144.4192849,74.7477452],[145.32772,75.0240885],[145.5140326,75.1032334],[145.8042895,75.0179537],[146.3234827,74.9309773],[146.6804235,74.8448319],[147.1877062,74.7846833],[147.5799427,74.6534157],[147.9342045,74.5925122],[148.9322699,74.5297941],[149.6004438,74.5287535],[150.0024829,74.5482627],[150.2226004,74.5801993],[150.4181768,74.6330773],[151.0338054,74.6928183],[151.285363,74.7569644],[151.386979,74.8194453],[151.4653941,74.9448159],[151.6602358,75.0370145],[151.7283603,75.0898748],[151.7330431,75.1600912],[151.644248,75.2274031],[151.4775716,75.2822034],[151.2036286,75.3274276],[149.6049171,75.4540824],[148.6511577,75.5891073],[147.9890437,75.6179452],[147.1399832,75.7160317],[146.7827826,75.7778877],[146.2499293,75.779093],[145.8223744,75.7110993],[145.1427239,75.8573092],[144.8128106,75.8939173],[144.5194389,75.9631193],[144.1007327,76.0205188],[143.5557549,76.0516785],[143.1024937,76.0262959],[142.3237481,76.2627699],[141.8065383,76.3470235],[140.5000848,76.5001062],[140.1657198,76.4979023],[138.9480992,76.3992445],[138.5816226,76.3912568],[138.1338919,76.3391866],[137.7473488,76.2752503],[136.9474278,76.0969265],[136.7103511,76.0041315],[136.6406574,75.9490401],[136.6203543,75.8971398],[136.568054,75.8719818],[136.510809,75.9360582],[136.4331399,75.9764895],[136.0957048,76.0507208],[135.638295,76.0699407],[135.2449341,76.0330396],[135.0265409,75.976027],[134.8821981,75.8838012],[134.864231,75.8394059],[134.8791082,75.803618],[134.8003585,75.6828006],[134.8365548,75.580506],[134.8205844,75.5474],[134.7330049,75.4966772],[134.705528,75.4525998],[134.732802,75.3598578],[134.7878843,75.3058054],[134.8940814,75.2549876],[135.0856025,75.2070232],[135.5644439,75.1665888],[135.8642084,75.1681707],[136.2164692,75.1965442],[136.7074844,74.9489528],[137.202134,74.8283837],[137.3170841,74.7476816],[137.5885907,74.6317832],[137.8517477,74.5769024],[138.3517082,74.5345272],[138.663945,74.4672429],[139.4504782,74.1362043],[139.4516992,74.0591372],[139.5129386,73.9825407],[139.1596775,73.5014775],[139.0970089,73.4521356],[139.0871034,73.3787125],[139.2169784,73.2707016],[139.326027,73.2205637],[139.4818733,73.1797819],[139.9242524,72.9007607],[139.5154748,72.7505955],[139.186795,72.6593304],[138.7171971,72.4654022],[138.5835121,72.3810513],[138.2950251,72.1246964],[138.0592917,72.0641489],[137.834129,71.9663227],[137.2651401,71.8121008],[136.1445291,71.8538127],[135.5360567,71.8352115],[134.7330309,71.7347142],[134.5730322,71.6900761],[134.2954474,71.5754795],[133.9713498,71.6174431],[133.7429625,71.6829584],[133.9399231,71.7717009],[133.9802774,71.821209],[133.9824661,71.88057],[133.9406714,71.944437],[133.88685,71.9858335],[133.5986061,72.1095603],[133.3553684,72.1541162],[133.0946912,72.168498],[132.5896543,72.1401169],[132.3761677,72.1097604],[132.0681347,72.0070902],[131.73042,71.7734875],[131.5678886,71.5999966],[131.426831,71.3549773],[131.3641462,71.2974379],[130.8137767,71.1920534],[130.7463147,71.2023159],[130.6643253,71.4934657],[130.6876624,71.5491593],[130.6594595,71.6074363],[130.506866,71.7138598],[130.2427634,71.7913974],[130.285091,72.2267763],[130.3290825,72.3691491],[130.2596654,72.8858732],[130.2751599,72.937786],[130.2279269,73.0467149],[130.1588069,73.1036861],[130.0537365,73.1502996],[129.8216202,73.2137454],[128.8019221,73.5648762],[128.4670446,73.6493497],[128.0026882,73.7082731],[126.3166668,73.8626691],[125.3546641,74.067619],[124.965169,74.1231415],[124.686127,74.1366338],[124.322687,74.1191482],[123.3556016,74.1882897],[123.0705529,74.186083],[122.8384094,74.1608806],[122.6344672,74.1150953],[122.5109468,74.0626618],[122.4311671,73.9924217],[122.3885073,73.8835303],[122.3922732,73.8338325],[122.4532414,73.7701849],[122.5713561,73.7165645],[122.4971491,73.6223931],[122.4599805,73.5089403],[122.4952258,73.4103849],[122.5758225,73.3121143],[121.7787285,73.2491654],[121.414047,73.161096],[121.1148847,73.1379475],[121.0182609,73.2257574],[120.8580153,73.2883023],[120.6122827,73.3358285],[120.0374913,73.3875413],[119.5189638,73.6294988],[119.2249224,73.699401],[118.9026295,73.7494876],[117.5580702,73.7787393],[116.8128367,73.8613377],[116.3620326,73.8664636],[115.5931989,73.91304],[114.9752141,73.879473],[114.5432494,73.7894744],[114.0294759,73.7873136],[113.9364203,73.8458147],[113.8287826,73.9512772],[113.6043475,74.0310066],[113.8104295,74.0908095],[114.1585109,74.2817222],[114.2150688,74.3373065],[114.2254143,74.4211847],[114.1098328,74.5287868],[113.7139761,74.7337745],[113.5673675,74.89104],[114.180338,75.108791],[114.423866,75.2435923],[114.5448124,75.4144788],[114.5393803,75.4844245],[114.4879863,75.5510399],[114.5706809,75.6446499],[114.6823046,75.724617],[114.7392382,75.8425314],[114.7324672,75.9138908],[114.6892344,75.9653675],[114.3635772,76.1392462],[114.3259455,76.309338],[114.3433797,76.3735003],[114.2922917,76.4369028],[114.2181979,76.4809318],[113.9990441,76.5560718],[113.4104931,76.6554635],[113.2236399,76.7330377],[112.8108138,76.81248],[111.9426479,76.8826613],[111.6354261,76.9417656],[111.3630107,76.9676528],[110.7481435,76.9875419],[109.6947272,76.9564575],[108.9908917,77.095564],[108.610696,77.3879199],[108.4789783,77.4478206],[108.4325911,77.9447139],[108.6307419,78.0170683],[108.721854,78.0853875],[108.746689,78.127123],[108.7107068,78.1980034],[108.5751448,78.2625459],[107.2877756,78.5267903],[106.4333635,78.6478512],[106.3934408,78.7616227],[106.2787433,78.8495431],[105.8707876,78.9940626],[104.9202412,79.2553356],[103.71219,79.5118233],[101.2872239,79.8065399],[100.8265036,80.0133059],[100.1317695,80.1877525],[98.7196276,80.2958648],[98.7109941,80.3069946],[99.3530507,80.6130609],[99.4045178,80.6568641],[99.4030781,80.6903416],[99.3072686,80.7857488],[99.1894308,80.8381519],[97.8877308,81.0976606],[97.0837116,81.347876],[96.4881692,81.4420305],[95.6865741,81.4770681],[94.6908462,81.4418316],[94.1993402,81.3883075],[92.6189851,81.2892631],[92.1231261,81.3672207],[91.4508774,81.4163246],[90.9819815,81.4243063],[90.1650204,81.4019056],[89.5082857,81.3607937],[89.1658311,81.318469],[88.9007695,81.2477087],[88.8130122,81.1924651],[88.79951,81.1590518],[88.8445136,81.0797699],[88.9596176,81.01802],[89.1651886,80.9601296],[89.4120697,80.9202747],[90.5004082,80.8344895],[91.527647,80.8432922],[90.3929081,80.4762526],[90.3155523,80.4220717],[90.3071162,80.3022094],[89.8667081,80.1152312],[89.8324528,80.0822741],[89.8308455,80.0487957],[90.0429399,79.7856802],[89.5819801,79.6492672],[89.470111,79.5926715],[89.4476679,79.5594382],[89.456297,79.5259943],[89.5927217,79.4523764],[89.8702954,79.3937064],[90.5617264,79.3193208],[91.4234242,79.0118754],[91.7642942,78.9461585],[92.1300048,78.9038002],[92.7428051,78.8633389],[94.6504616,78.8418552],[96.5721064,78.7113556],[96.8691146,78.6499913],[96.9673833,78.3138341],[97.0031182,78.2709184],[97.0786698,78.2290538],[98.3956671,77.9375859],[95.9824389,77.3469822],[95.5500688,77.2588497],[94.9970655,77.1918949],[94.6177775,77.1054103],[93.347792,76.7511697],[93.1909128,76.6808993],[91.6760285,76.259337],[91.0226159,76.2245028],[88.961203,75.8951518],[87.9606621,75.9024352],[87.6117006,75.8775727],[87.3706113,75.8269055],[87.2204619,75.7547247],[85.5956253,75.426959],[85.4547779,75.3840406],[84.6229568,75.0105298],[83.5787798,74.7647174],[83.5069899,74.7243014],[83.4661114,74.6741643],[83.4923258,74.5615744],[82.0537309,74.2860291],[81.8637689,74.2280381],[81.7550058,74.1741466],[80.2063298,73.7596707],[77.0589373,73.6068917],[76.3094975,73.7125353],[75.7467021,73.7205365],[75.452675,73.7045642],[75.1656328,73.6625927],[74.9628565,73.604418],[74.7569273,73.5089102],[74.6853708,73.4364144],[74.3864555,73.3089212],[73.895875,73.2628132],[72.2099744,73.338064],[71.7638291,73.5505418],[71.3887945,73.6310545],[71.0244988,73.6709971],[70.6961398,73.6739031],[70.0933359,73.6286914],[69.5483718,73.5316209],[69.3702147,73.4588203],[68.7447662,73.0050559],[68.6152583,72.8633907],[68.4566454,72.7990373],[68.3649135,72.7369439],[68.3222058,72.684518],[68.2899216,72.5790981],[68.1947331,72.4560977],[68.1007592,72.214544],[68.0249387,72.0881262],[67.9062646,71.9030541],[67.8058693,71.8227394],[67.6131276,71.7100583],[67.3245682,71.6108166],[67.0634278,71.5356959],[66.8190371,71.5022965],[66.4100228,71.3922577],[66.3211596,71.3318365],[66.269926,71.2440632],[66.1466468,71.1645563],[65.9588914,70.9898602],[65.8529631,70.8506314],[65.815625,70.7038698],[65.8426856,70.5891772],[65.9375461,70.4783615],[66.0801357,70.3794979],[66.3218236,70.2865309],[66.3876011,70.1105958],[64.9657034,69.5640078],[64.4596038,69.6963483],[63.3035266,69.8717104],[62.8056541,69.9157734],[62.0128372,69.9460323],[61.3779947,70.0531733],[60.6789233,70.1217127],[60.465656,70.2305022],[60.0754424,70.3340147],[59.8788324,70.452475],[59.4439912,70.6204305],[58.0659302,70.8527612],[57.806072,70.9553216],[57.448371,71.0162464],[56.7550124,71.2927397],[56.6950218,71.3315537],[56.62147,71.4151151],[56.3113094,71.6559601],[56.1860008,71.8301635],[56.1850947,71.8670857],[56.1495258,71.927386],[56.1059844,71.9677827],[56.107318,72.0267732],[56.223918,72.1518655],[56.2122195,72.2347575],[56.2554588,72.3829674],[56.8394829,72.7626909],[57.3306276,73.1332021],[57.710668,73.2799692],[58.1980216,73.4980954],[58.8871626,73.8892776],[59.3074282,74.0839443],[60.100467,74.2657606],[60.4948799,74.4907265],[60.8947544,74.6238053],[61.6194425,74.9188873],[62.102228,75.087227],[62.6451474,75.2385679],[62.9645898,75.3043227],[63.3329138,75.3637391],[64.080911,75.4110034],[64.6309321,75.5353714],[65.5526743,75.6235418],[66.0250756,75.7231209],[66.5033317,75.7899741],[66.8326167,75.8138281],[67.7065114,75.9333074],[68.3589887,76.0496476],[68.6653937,76.0687681],[68.8974433,76.1077205],[69.0391591,76.1518477],[69.7771584,76.4792977],[69.9562975,76.7007946],[69.9373659,76.7451908],[69.8315946,76.8476732],[69.6066244,76.9629457],[69.3560769,77.0584154],[69.0410962,77.1290183],[68.0060027,77.2348112],[67.5070066,77.2348112],[67.1914352,77.205083],[66.5362451,77.1019636],[65.4414666,76.8852443],[65.2170759,76.81957],[65.0798199,76.7556602],[64.8611295,76.7017396],[63.7510721,76.5925351],[63.3058868,76.5068013],[62.7001324,76.4637788],[61.6653062,76.498136],[60.7877394,76.4758086],[59.7544369,76.3375161],[58.7602515,76.2498923],[58.4289796,76.18635],[58.2795778,76.1336797],[58.059531,75.9881598],[57.9103659,75.9235081],[56.0462688,75.4107652],[55.4598504,75.3323643],[55.1419994,75.2302848],[55.0483283,75.170215],[54.9760384,75.062932],[54.9879506,75.0184231],[55.0676687,74.9414964],[55.044567,74.8176701],[54.8716526,74.6594125],[54.8325932,74.5923589],[54.6367555,74.4439268],[54.4383108,74.3370769],[54.3641343,74.2572476],[53.7856621,74.0509476],[53.2349893,73.9449288],[53.0524508,73.8721183],[52.9680505,73.7776382],[52.9822381,73.6953572],[53.0835327,73.6230263],[53.2967356,73.5584229],[53.3044799,73.4866827],[52.7217328,73.2886496],[51.9093221,72.8843057],[51.7700613,72.7825242],[51.2380064,72.2459233],[51.049895,72.1823076],[50.9523199,72.1256111],[50.7992001,71.8617657],[50.8011987,71.7867108],[50.8252467,71.7313208],[50.9490195,71.5815883],[50.9793326,71.5151112],[51.0898651,71.4297313],[52.5709826,70.8163419],[53.060644,70.6590946],[53.5891537,70.5272437],[54.4093028,70.459048],[55.1480473,70.2970133],[56.4967968,70.2445765],[56.9971207,70.2557643],[57.898134,70.0713411],[58.141479,69.9292862],[58.6604071,69.7163476],[59.2015431,69.5540487],[59.6609352,69.4704484],[59.7262093,69.4053141],[60.0809994,69.1920915],[60.0841733,69.1235024],[60.1233369,69.0638036],[60.1998308,69.006674],[60.3113948,68.9578939],[60.2303563,68.8988219],[60.0731949,68.9610708],[60.0816595,69.0214594],[60.0304338,69.0939096],[59.8632496,69.1966383],[59.8161071,69.2905036],[59.6708893,69.3809785],[59.4663604,69.44543],[59.2361889,69.4907314],[59.1017054,69.5423644],[59.0045288,69.6031268],[58.8651155,69.6473293],[58.6460539,69.6772613],[58.3913938,69.6775617],[58.1827319,69.6495852],[58.0198086,69.5953438],[57.9383123,69.5349352],[57.905525,69.4485291],[57.9378302,69.393965],[58.0115122,69.3446567],[58.3424992,69.1963261],[58.5186242,69.1376191],[57.6148834,68.9657615],[57.2190206,68.9291709],[56.6820908,69.0067888],[55.9339551,69.054943],[55.5529351,69.1267841],[54.6839056,69.1890425],[54.1840788,69.184157],[53.792288,69.1588568],[53.1269458,69.0628515],[51.7481371,68.7071685],[51.5823378,68.6863836],[51.0840122,68.6850335],[50.7633572,68.6396083],[50.5094149,68.5609457],[50.2584263,68.4356577],[49.9397091,68.3214151],[49.4939379,68.1757304],[49.0189212,68.0514391],[48.8367318,68.0984131],[48.5920373,68.1135864],[47.1118376,68.0331377],[47.0790147,68.0583622],[47.0939251,68.1034117],[47.081538,68.1478196],[46.8474135,68.4288111],[46.7009715,68.5006503],[46.3534864,68.5926987],[45.735965,68.7029297],[45.3716537,68.7356273],[44.7753008,68.7520521],[44.1878386,68.7357077],[43.8207099,68.8254263],[43.4915959,68.8676448],[43.1060785,68.8536626],[39.7596078,68.3746663],[39.7389611,68.378121],[39.7975089,68.4561294],[39.7785545,68.5228708],[39.6824318,68.5922574],[39.5466859,68.6370534],[39.3474693,68.6650209],[39.1329296,68.6628201],[38.9384064,68.6307945],[38.7647324,68.5698726],[38.1426272,68.845213],[36.5781959,69.2681217],[35.9934266,69.3933479],[34.6555971,69.5162175],[34.271609,69.5812936],[33.4122654,69.9091465],[32.3421199,70.1203006],[31.9419705,70.1533847],[31.4452031,70.0999042],[31.1043542,69.9783141],[30.8176414,69.7948444],[30.8905984,69.7372657],[30.8736595,69.7149353],[30.9444402,69.6831845],[30.9233762,69.6697835],[30.9542528,69.6324096],[30.9388793,69.5609987],[30.8167646,69.5287393],[30.5159812,69.5404206],[30.2240291,69.6531205],[30.1516722,69.6693762],[30.0852915,69.6580972],[30.0912854,69.6428379],[30.137826,69.6435197],[30.1855994,69.5505719],[30.1223803,69.5166756],[30.1168881,69.4692538],[30.0345285,69.4246791],[29.9481468,69.4050014],[29.8504972,69.4228126],[29.7226467,69.3890938],[29.5704517,69.3178794],[29.3965182,69.3236938],[29.2923407,69.2979319],[29.276971,69.250761],[29.3139861,69.2312317],[29.2864934,69.1692013],[29.2487203,69.1615253],[29.2310095,69.1216852],[29.242137,69.1130186],[29.0566538,69.0152255],[28.9292868,69.0519146],[28.4157884,68.9154506],[28.4680152,68.8854349],[28.8007884,68.8692833],[28.7064097,68.7322371],[28.4339319,68.539671],[28.6461512,68.1963033],[29.3270886,68.0745422],[29.6594055,67.8029589],[30.017043,67.6735527],[29.9302245,67.5225238],[29.6160519,67.345731],[29.6440601,67.3357821],[29.5225573,67.3098971],[29.5044673,67.2855845],[29.5164949,67.2806526],[29.0728518,66.995901],[29.0331725,66.9255118],[29.0605147,66.8531003],[29.1189692,66.8014769],[29.1058565,66.7904471],[29.1494135,66.7804339],[29.3611293,66.6388082],[29.3825949,66.5984441],[29.4190358,66.5919864],[29.4106071,66.5831721],[29.4720555,66.5439006],[29.6313606,66.366276],[29.6963998,66.2687473],[29.9233057,66.1271457],[29.9926245,66.0223595],[29.9971176,65.978834],[30.0242232,65.9667021],[30.068452,65.8949649],[30.1193759,65.7522112],[30.1384654,65.668677],[30.0171088,65.6964778],[29.7218687,65.6370846],[29.8639021,65.5604438],[29.7330481,65.4725004],[29.7273933,65.4003301],[29.7465796,65.347402],[29.6017879,65.2599327],[29.6340018,65.2315851],[29.8856591,65.2062953],[29.8935882,65.1929709],[29.8193328,65.1442782],[29.8968589,65.1051397],[29.7326676,65.0912944],[29.6269757,65.0605969],[29.5993331,64.9950558],[29.6191848,64.959659],[29.6109949,64.9273109],[29.6449074,64.866493],[29.699703,64.8372234],[29.6875026,64.8188089],[29.7396283,64.7897836],[30.0429299,64.7928807],[30.0865096,64.7739882],[30.0413965,64.7411934],[30.1358375,64.6489996],[30.130109,64.6347287],[29.9894001,64.5876222],[29.9869571,64.5338969],[30.0583381,64.4508873],[30.0448663,64.4020287],[30.1099241,64.3650286],[30.3669331,64.2996872],[30.3608053,64.2813189],[30.3882735,64.2690683],[30.4824363,64.2623259],[30.5095961,64.2216872],[30.4663645,64.2044309],[30.5534022,64.1322472],[30.5535576,64.1016869],[30.4918692,64.0169518],[30.3209136,63.9095321],[30.2604128,63.8220093],[29.9723741,63.756915],[30.2441514,63.6072718],[30.2582144,63.583947],[30.3845366,63.5455091],[30.4840079,63.4667034],[30.7876915,63.4052755],[30.8501493,63.3684509],[30.9344216,63.3554973],[30.9791661,63.3077728],[31.2398348,63.2188742],[31.272127,63.1076281],[31.4629834,63.0242467],[31.4487659,63.0060555],[31.5021396,62.9962512],[31.5867034,62.9087069],[31.4556435,62.7967738],[31.4666672,62.7839435],[31.4392079,62.7848827],[31.3732932,62.6498138],[31.3458464,62.643417],[31.2216185,62.4985739],[31.1848934,62.4937774],[31.1627521,62.4460646],[30.9427308,62.3332136],[30.9620759,62.3277186],[30.9432093,62.3058478],[30.9041949,62.3105395],[30.8108128,62.270669],[30.7203022,62.2088761],[30.6570498,62.2089034],[30.6028595,62.1417717],[30.4437591,62.0325522],[30.3059066,61.9644579],[30.3007408,61.9349718],[30.0712964,61.818917],[30.0381026,61.7653976],[29.818678,61.6551729],[29.7405369,61.5757553],[29.6072893,61.5003937],[29.4962467,61.4918994],[29.5031004,61.4612774],[29.3222493,61.3475232],[29.2448283,61.2706905],[28.9568572,61.1515503],[28.8191018,61.1215767],[28.8043007,61.0933933],[28.7138466,61.0444634],[28.655001,60.9494998],[28.5246058,60.9571051],[27.8734253,60.6045523],[27.8385156,60.578471],[27.8474973,60.5613803],[27.774414,60.5335769],[27.7479524,60.4511705],[27.6869201,60.4335706],[27.7257745,60.3916766],[27.4564042,60.223385],[27.0685955,60.1421886],[26.9079194,60.1368901],[26.6665643,60.0007031],[26.6603844,59.9811283],[26.4376813,59.9392297],[26.6267388,59.8230774],[26.8169396,59.662539],[27.0531457,59.6191586],[27.3868554,59.6517859],[28.0408,59.4746891],[28.2086889,59.3828498],[28.1297495,59.2910006],[28.0262542,59.2874186],[27.9032361,59.2408426],[27.8896943,59.1852104],[27.8060331,59.1257035],[27.7920599,59.0703805],[27.7449051,59.0269727],[27.7469601,58.9894706],[27.7289897,58.9712985],[27.3422214,58.8932972],[27.5550829,58.3685975],[27.4864183,58.3066037],[27.4905382,58.2191956],[27.6354214,58.10038],[27.6055523,58.0542688],[27.6206585,58.0055514],[27.6537893,57.9958181],[27.6493262,58.0201917],[27.6987646,57.9986382],[27.6845167,57.9600461],[27.6560209,57.955037],[27.6790236,57.923965],[27.7181624,57.9204096],[27.6955029,57.9073702],[27.8197859,57.890585],[27.8158378,57.8623794],[27.7761837,57.8330551],[27.7408218,57.8277539],[27.7081203,57.848451],[27.5555133,57.8338774],[27.530708,57.790808],[27.4946591,57.7876969],[27.5265881,57.7578538],[27.5113105,57.7507096],[27.5456428,57.7333016],[27.5262448,57.7307356],[27.5256442,57.7093748],[27.500925,57.706486],[27.4927711,57.7230361],[27.4113177,57.7003408],[27.3761272,57.6681763],[27.4009322,57.6329508],[27.3887014,57.6160607],[27.4051379,57.6124059],[27.3174916,57.5800341],[27.3515884,57.5182161],[27.3747745,57.5354148],[27.4150519,57.5226559],[27.5565377,57.5378439],[27.5463272,57.5192773],[27.5673392,57.5092177],[27.5161921,57.4249263],[27.6694264,57.3952715],[27.6841181,57.3721178],[27.7790722,57.3434011],[27.781842,57.3203282],[27.82394,57.3230627],[27.8665879,57.2963924],[27.8702622,57.2482655],[27.8256765,57.2004927],[27.8182775,57.1433435],[27.737531,57.1189964],[27.7518744,57.0982907],[27.7152118,57.0976375],[27.7687745,57.085618],[27.7146504,57.007379],[27.7695654,57.0052405],[27.7371561,56.920078],[27.6863346,56.9158951],[27.6720469,56.895622],[27.6593808,56.8343402],[27.848567,56.8794211],[27.8740298,56.8774814],[27.9016674,56.8205634],[27.9690721,56.8356388],[27.9765795,56.8116912],[27.9441191,56.8027669],[27.9444646,56.7764996],[27.898509,56.7522768],[28.0125413,56.6725205],[28.0114081,56.6366601],[28.0431072,56.5904029],[28.1435272,56.571831],[28.1410981,56.5517151],[28.0924414,56.529698],[28.0947478,56.5111392],[28.1259158,56.515965],[28.1293973,56.4906769],[28.1926229,56.4487827],[28.1946065,56.405337],[28.1632085,56.3794625],[28.2414937,56.2786583],[28.1854063,56.2302791],[28.2040191,56.2146483],[28.1743639,56.2041432],[28.1791491,56.1795792],[28.1479155,56.1643421],[28.1575291,56.1436676],[28.251636,56.119365],[28.2438772,56.0857702],[28.2774182,56.0935489],[28.3021604,56.0632916],[28.3754291,56.0598964],[28.3928005,56.078526],[28.3705145,56.0977027],[28.3796677,56.1110346],[28.422805,56.0979704],[28.4260163,56.0938294],[28.4192576,56.0905437],[28.4188411,56.0862286],[28.5490386,56.1159841],[28.6878603,56.1015788],[28.6361922,56.0746217],[28.6998824,56.0265037],[28.7340969,55.9668229],[28.8090622,55.9721337],[28.847449,55.9539268],[28.8580373,55.9885428],[29.0873272,56.0338828],[29.1126608,56.0154735],[29.1552145,56.0267057],[29.2165471,55.9878943],[29.2581456,55.9968544],[29.4218476,55.9703198],[29.4495134,55.9574097],[29.4221978,55.9454551],[29.4800664,55.9172528],[29.3949793,55.9019479],[29.4265535,55.8724199],[29.4040506,55.8726338],[29.3895156,55.8205639],[29.3594916,55.7976843],[29.3613684,55.757811],[29.4891034,55.7054306],[29.5785519,55.7342911],[29.5844041,55.7590881],[29.6227671,55.7803018],[29.7451495,55.8024399],[29.7676093,55.779515],[29.8066388,55.783324],[29.8949512,55.8625924],[29.9418337,55.8514874],[29.9964211,55.8704573],[30.1301578,55.8322907],[30.1655625,55.8501384],[30.1666632,55.8787089],[30.1797749,55.8619069],[30.2758235,55.8635264],[30.2879556,55.8310271],[30.3397934,55.8352241],[30.3669992,55.8090182],[30.4843456,55.8132817],[30.5191639,55.7942395],[30.4935474,55.7826474],[30.5273367,55.7521394],[30.6292129,55.7301498],[30.6512828,55.6969726],[30.6414025,55.6755755],[30.6724045,55.6732668],[30.65752,55.6586554],[30.6761845,55.6583381],[30.6746156,55.6359036],[30.7316239,55.6623008],[30.7654865,55.5908351],[30.8318348,55.5988909],[30.8556611,55.6210041],[30.8384005,55.6286308],[30.9132136,55.6122789],[30.9325862,55.6237656],[30.9572413,55.5414126],[30.9128351,55.527725],[30.960873,55.498213],[30.8914872,55.4756843],[30.9368149,55.3992683],[30.8075816,55.3079483],[30.8246048,55.3033672],[30.8210496,55.2792462],[30.8855551,55.2739238],[30.8783087,55.2597652],[30.9067945,55.2534416],[30.9231558,55.2009684],[30.9924206,55.1630691],[30.9725952,55.144684],[31.0267635,55.1364071],[30.9966571,55.136368],[30.9892841,55.1202741],[31.0037865,55.11547],[30.9836729,55.0914652],[31.0278862,55.0622783],[31.0162722,55.0295657],[30.9375128,55.0365901],[30.9086647,55.0184981],[30.9649216,54.9845752],[30.9356197,54.9754573],[30.9435975,54.9587047],[30.8176205,54.9370504],[30.8371691,54.9057321],[30.8124549,54.8922916],[30.8240019,54.8798541],[30.7829637,54.8693733],[30.748205,54.8051672],[30.8436792,54.7872631],[30.9775223,54.712604],[31.0109241,54.7177095],[31.0221421,54.7026583],[30.9833067,54.6900958],[30.9884514,54.6723368],[31.197739,54.659126],[31.2039053,54.6197373],[31.0856102,54.508534],[31.2354147,54.4651646],[31.2362624,54.4355049],[31.2707233,54.4000261],[31.2527534,54.3799759],[31.2993607,54.368179],[31.3241876,54.3393084],[31.2854678,54.3195816],[31.3230924,54.3116123],[31.316063,54.245383],[31.37773,54.249898],[31.387969,54.222111],[31.412729,54.226733],[31.38135,54.210428],[31.435688,54.207578],[31.495297,54.183424],[31.492944,54.160992],[31.563878,54.136884],[31.65545,54.141801],[31.676606,54.103738],[31.774843,54.11282],[31.754338,54.078406],[31.822917,54.094368],[31.898225,54.082686],[31.88223,54.069932],[31.8911053,54.0354268],[31.8541274,54.0047559],[31.8900377,53.9923488],[31.8913051,53.9657196],[31.8557757,53.9579519],[31.8573112,53.9169649],[31.8311455,53.9053778],[31.830544,53.8825189],[31.7987258,53.8754456],[31.8311184,53.8574779],[31.7567036,53.8325585],[31.774268,53.8107755],[31.7617419,53.7957399],[31.8117975,53.8063169],[31.8983113,53.7743662],[31.9898634,53.8047656],[32.1264706,53.8182942],[32.1779492,53.7926233],[32.2077802,53.7995436],[32.2295319,53.7661417],[32.2877011,53.7759099],[32.2712345,53.7634366],[32.3442599,53.7502768],[32.369026,53.7175538],[32.4619482,53.7360372],[32.4601272,53.7215554],[32.5004448,53.7079711],[32.5012499,53.6871364],[32.4134187,53.6543286],[32.4186782,53.6346093],[32.4322416,53.6306443],[32.430619,53.6520174],[32.4509651,53.6365718],[32.4277017,53.6077298],[32.4805789,53.567483],[32.4778901,53.5489013],[32.551962,53.5266287],[32.5409497,53.5172194],[32.6039254,53.5122691],[32.6048507,53.4787866],[32.6312929,53.4785302],[32.6469117,53.5044974],[32.6866705,53.4828678],[32.6551255,53.470053],[32.7704528,53.4646521],[32.74909,53.4465138],[32.7648665,53.4234758],[32.7406774,53.4096545],[32.7765212,53.3904598],[32.7419349,53.3941811],[32.7234717,53.3718314],[32.7518937,53.335191],[32.6868356,53.3408014],[32.652501,53.3148753],[32.6109333,53.336402],[32.6198724,53.3145393],[32.5936645,53.312323],[32.5852869,53.290733],[32.4859764,53.3036349],[32.5126689,53.283499],[32.4481181,53.2079494],[32.4131681,53.1865572],[32.3570905,53.1851259],[32.3028097,53.1288657],[32.2447971,53.1286991],[32.2359807,53.0992521],[32.1879329,53.1083197],[32.1723568,53.0887441],[32.1003754,53.0767563],[32.0184139,53.0991467],[31.9362417,53.0824746],[31.913232,53.0878748],[31.9196048,53.1062995],[31.8286905,53.1113929],[31.7902504,53.1773188],[31.7459153,53.1995315],[31.6299859,53.2304303],[31.5838363,53.193351],[31.4047361,53.2112882],[31.4155203,53.1762943],[31.3647221,53.1419789],[31.3996436,53.1101278],[31.3903066,53.0966936],[31.3345454,53.0913779],[31.3290785,53.0411987],[31.2429216,53.0320741],[31.3565235,52.9844857],[31.3961699,52.907266],[31.4885488,52.8580245],[31.5382202,52.8576095],[31.5196601,52.832254],[31.5877134,52.7940673],[31.6033433,52.7443644],[31.567263,52.7082382],[31.4974452,52.6948814],[31.5696726,52.6350842],[31.5640942,52.5943011],[31.674278,52.5608509],[31.6450805,52.5421617],[31.6117523,52.5482725],[31.5963219,52.5136209],[31.5586902,52.5175088],[31.5731912,52.4974909],[31.6252852,52.4916425],[31.5810639,52.4569874],[31.6081325,52.45392],[31.5933076,52.4151192],[31.6218627,52.4185809],[31.6324735,52.3988531],[31.6254491,52.3310748],[31.5834652,52.320972],[31.6274856,52.2884908],[31.7136164,52.2648748],[31.6960358,52.2566429],[31.7100746,52.2151562],[31.686633,52.1945118],[31.7813863,52.186354],[31.7994096,52.1204017],[31.7817173,52.1120049],[31.8932246,52.1050291],[31.9604301,52.0750222],[31.9132229,52.0421445],[32.028236,52.0476346],[32.0635959,52.0322198],[32.1535485,52.0676891],[32.2050469,52.0647343],[32.3650353,52.14276],[32.3313897,52.1549787],[32.3547336,52.3269486],[32.8655978,52.2479847],[33.1979343,52.3621849],[33.3369505,52.3515747],[33.3802412,52.3714072],[33.4463309,52.3428907],[33.4552572,52.3651184],[33.5091589,52.3583045],[33.5196303,52.3438346],[33.4792898,52.3164546],[33.5589407,52.302181],[33.5438345,52.3237996],[33.5816,52.3115223],[33.6845968,52.3578852],[33.8174627,52.3633364],[34.0823337,52.1419185],[34.1097995,52.0068664],[34.4036838,51.8357792],[34.4352694,51.7312828],[34.1262804,51.6861804],[34.0811321,51.6652107],[34.1015622,51.6659546],[34.2965671,51.5189998],[34.2471312,51.4312168],[34.221382,51.4170876],[34.2279051,51.3998483],[34.2914198,51.3882805],[34.284725,51.3753167],[34.3386267,51.3566681],[34.3142508,51.3293246],[34.286785,51.3392989],[34.2824934,51.3111939],[34.2380331,51.2926265],[34.2517661,51.2752866],[34.230821,51.2650583],[34.306011,51.2388141],[34.6591159,51.2498841],[34.6810886,51.1879528],[35.1342746,51.2206492],[35.1617404,51.0966247],[35.197446,51.0586618],[35.3375217,51.0707443],[35.3951999,51.0396687],[35.3512546,50.9861007],[35.4089328,50.8094077],[35.4885837,50.7746834],[35.5023166,50.673837],[35.4034396,50.6494622],[35.4556247,50.5081883],[35.5864332,50.448323],[35.5836867,50.3925423],[35.6259154,50.3515948],[35.7373236,50.3546616],[35.8317373,50.4340013],[35.8722494,50.4229564],[35.8887289,50.4384841],[36.0859678,50.4490882],[36.1608122,50.431377],[36.1772917,50.4018437],[36.2838934,50.3354907],[36.2758253,50.3166409],[36.296768,50.2925199],[36.3673208,50.2883523],[36.4340971,50.3302311],[36.4401053,50.3112696],[36.5861891,50.2853909],[36.5940855,50.2758473],[36.5597532,50.2499493],[36.6471289,50.2173373],[36.7080661,50.2753004],[36.9305392,50.3524726],[37.1365329,50.3612343],[37.4661227,50.4557571],[37.4716159,50.3699943],[37.6116916,50.3086401],[37.608945,50.205035],[37.9261773,50.0337689],[37.9611967,49.9836825],[38.0437659,49.9332127],[38.0209349,49.92603],[38.0329271,49.9004069],[38.124275,49.9426039],[38.1318281,49.9251459],[38.2219504,49.9795983],[38.1859015,50.0225203],[38.1783484,50.0801674],[38.276367,50.0737778],[38.3129309,50.0882082],[38.329582,50.0855648],[38.3506964,50.0070772],[38.4160994,49.9823579],[38.4332655,50.0016709],[38.4689711,49.9952709],[38.4887552,49.9633407],[38.5829541,49.9772802],[38.6473273,49.9558589],[38.6801146,49.9739681],[38.6845778,50.0080701],[38.7177084,49.9834617],[38.6859511,49.9622641],[38.6936758,49.9349806],[38.7913511,49.8782654],[38.9168356,49.8603415],[38.9070509,49.8281281],[38.9302252,49.7968905],[39.0200041,49.8219265],[39.0658377,49.8158349],[39.1885754,49.8857871],[39.2527768,49.7743915],[39.2847058,49.7566509],[39.3791195,49.7382381],[39.4371411,49.7601995],[39.6084588,49.7338005],[39.5899194,49.7200405],[39.6599575,49.6147144],[39.7512814,49.5971379],[39.8055264,49.5584027],[39.8917004,49.5590709],[39.9517819,49.5966928],[40.1347729,49.6173837],[40.1701352,49.569314],[40.0372692,49.5209741],[40.0293728,49.4538428],[40.1927945,49.3474937],[40.185928,49.2805726],[40.2226635,49.2503276],[40.1364895,49.2402418],[40.078468,49.1868649],[40.0307461,49.1801327],[39.938049,49.0828615],[39.9377057,49.0563204],[39.6939441,49.050472],[39.6733471,49.0414691],[39.6781536,49.0128793],[39.6623608,49.0020694],[39.6771237,48.9894549],[39.7001263,49.0020694],[39.7262188,48.9759358],[39.7526547,48.9858501],[39.7766875,48.951592],[39.7725676,48.9237401],[39.825096,48.9024178],[39.8266409,48.8863919],[39.845867,48.9021921],[39.9244879,48.8954212],[39.9931524,48.8684413],[40.0044821,48.9012894],[40.0317763,48.9155056],[40.061302,48.9088493],[40.0789831,48.8739739],[39.9765013,48.7936343],[39.7986601,48.8422376],[39.7669028,48.763997],[39.7375487,48.7663732],[39.725704,48.7501905],[39.7382353,48.743399],[39.7057913,48.7207541],[39.7233008,48.683821],[39.7025297,48.670786],[39.7116278,48.654686],[39.6611593,48.6095331],[39.6909749,48.5862177],[39.791632,48.5930085],[39.8479741,48.5700346],[39.8672002,48.5094554],[39.8478025,48.5016078],[39.8464439,48.4737524],[39.8975876,48.4473144],[39.9180218,48.3966251],[39.9057201,48.3903787],[39.9235214,48.3744401],[39.9415565,48.3857476],[39.9315258,48.3637772],[39.9462887,48.3521426],[39.8453092,48.3328311],[39.841318,48.3102017],[39.8879778,48.3076256],[39.9236294,48.2710831],[39.9916073,48.3174512],[40.0163266,48.2710831],[40.0077435,48.2239867],[39.9428555,48.2292472],[39.9394223,48.1830279],[39.9074932,48.180052],[39.8680111,48.0776204],[39.8341941,48.0671823],[39.8835467,48.0417668],[39.7756573,48.0397585],[39.822521,47.9824536],[39.8244093,47.9555593],[39.7933386,47.9194484],[39.7949695,47.8704168],[39.7638129,47.8709925],[39.763641,47.846575],[39.7378918,47.8276779],[39.6252822,47.8389131],[39.5420264,47.8253151],[39.4778251,47.8605127],[39.4124221,47.8298098],[39.3869304,47.8711653],[39.1093969,47.8427153],[39.0829181,47.8517588],[39.0830897,47.869438],[38.8778683,47.8769802],[38.8390728,47.8666168],[38.8291165,47.8161519],[38.7879177,47.816613],[38.7973593,47.7752139],[38.7726401,47.6859615],[38.6663811,47.6977477],[38.6656948,47.6695493],[38.628616,47.6700117],[38.615913,47.6441116],[38.4566113,47.6445742],[38.4566113,47.6168101],[38.3488079,47.6168101],[38.3498379,47.5762943],[38.3110424,47.5762943],[38.3034893,47.5447861],[38.2832333,47.5443226],[38.303146,47.391842],[38.2471844,47.364409],[38.2186862,47.3053114],[38.3343884,47.306241],[38.3237454,47.2573303],[38.2331082,47.2293611],[38.2269284,47.1264472],[38.3422838,46.9811902],[38.1459032,46.8658258],[37.6192447,46.8306053],[37.424924,46.7078545],[37.8818866,46.2057372],[37.7960583,46.1688946],[37.7349469,46.1115639],[37.6738354,46.0179463],[37.63195,45.8859458],[37.4784848,45.8292779],[37.3844143,45.7636912],[37.3473355,45.6903534],[37.340468,45.5400233],[37.2924014,45.514529],[37.1310421,45.5712746],[37.0404046,45.5794456],[36.920242,45.6294052],[36.667554,45.6265257],[36.6818019,45.4571224],[36.6634367,45.3599861],[36.6033552,45.3093039],[36.5940855,45.2526552],[36.5303992,45.1991554],[36.6097226,44.9406674],[36.8055711,44.9200851],[37.0335374,44.8490549],[37.1475206,44.6676772],[37.2656236,44.5846],[37.4345384,44.5160942],[37.7517686,44.4720122],[38.1967149,44.2304416],[38.6239801,44.118896],[39.2033372,43.7224834],[39.5126721,43.4414534],[39.6424471,43.3678722],[39.7248455,43.274456],[39.7990033,43.240201],[39.8846619,43.2244426],[40.0084945,43.3851837],[40.012999,43.429918],[40.095102,43.529644],[40.106515,43.569602],[40.260294,43.58639],[40.564495,43.518718],[40.661828,43.563131],[40.693326,43.534944],[40.8278328,43.4879599],[40.8909577,43.489544],[40.892918,43.458422],[40.9499382,43.4197253],[41.0042948,43.4322223],[41.04538,43.396079],[41.096373,43.385163],[41.1061964,43.4039626],[41.1526422,43.4033335],[41.167984,43.383377],[41.274832,43.360557],[41.291003,43.337043],[41.393641,43.366229],[41.4229808,43.3155525],[41.5445428,43.2695993],[41.6142394,43.2209902],[41.6581188,43.2377628],[41.692713,43.218475],[41.7281118,43.2415066],[41.803944,43.2020382],[41.8483786,43.2115127],[41.8850927,43.2498475],[41.9588359,43.2025263],[42.0191394,43.2170935],[42.0454397,43.1870335],[42.0954182,43.2139761],[42.2161937,43.2309824],[42.2952318,43.2109231],[42.4137784,43.256985],[42.4421403,43.2508457],[42.4571956,43.212929],[42.6665346,43.136019],[42.6816277,43.1699464],[42.7499367,43.1876888],[42.815983,43.1662528],[42.8602669,43.1785579],[42.8811096,43.1535365],[42.932116,43.148414],[42.9274672,43.1240966],[43.0412311,43.0907638],[43.0156191,43.0711493],[43.0350352,43.0298707],[43.1128329,43.0002885],[43.1862957,42.9376125],[43.317549,42.914819],[43.334799,42.890121],[43.3984865,42.8969274]]],[[[179.9999992,70.7166019],[179.9999983,71.7490753],[179.6614831,71.7048772],[179.1464989,71.5816168],[178.7248986,71.417335],[178.4426873,71.3531154],[178.0670922,71.1560652],[178.0286401,71.1174373],[178.0142205,71.0678198],[178.0279534,70.9789526],[178.094558,70.8919316],[178.1591027,70.8471511],[178.181762,70.8144585],[178.1845086,70.7609074],[178.226394,70.7106152],[178.3712762,70.6410861],[178.6548608,70.5907209],[178.9521783,70.5932307],[179.3023675,70.657695],[179.6374505,70.6590595],[179.9999992,70.7166019]]],[[[147.146187,43.9564108],[146.9668572,44.0673608],[146.8597405,44.0890651],[146.7148583,44.0757475],[146.4388268,43.9774993],[146.3598626,43.9226268],[146.3159173,43.8518605],[146.1861413,43.8305647],[146.0357659,43.7348875],[145.829433,43.6572999],[145.8421319,43.7333991],[145.9760278,43.792907],[146.2300866,44.0229408],[146.6290276,44.1787575],[146.7539837,44.2570784],[146.9476311,44.2240446],[147.0897668,44.2511018],[147.4553366,44.4569933],[147.5598661,44.5738107],[147.9044664,44.7590582],[148.0834394,44.8063665],[148.4088002,45.0112514],[148.9947217,45.1676326],[149.0732089,45.2202148],[149.145856,45.3262703],[149.4081081,45.3736382],[149.603748,45.3786175],[149.8414144,45.466026],[150.0181679,45.5937788],[150.176542,45.6567699],[150.324058,45.7443605],[150.5514135,45.9569012],[150.8392873,46.1168643],[151.0714826,46.3216452],[151.1775571,46.4444477],[151.207867,46.5230421],[151.1788507,46.622881],[150.990169,46.8400062],[150.920294,46.8927238],[150.7417722,46.9385073],[150.5948517,46.9193116],[150.4989811,46.8692011],[150.431752,46.7881942],[150.4209804,46.6953542],[150.4569003,46.6230689],[150.4766863,46.5221423],[150.3649049,46.4274737],[150.1720003,46.3975971],[149.7976931,46.2167768],[149.6447247,46.0809215],[149.4498357,45.9814123],[149.200869,45.7576543],[148.9636397,45.7294529],[148.8199027,45.7538183],[148.6788474,45.7498455],[148.5213886,45.7154052],[148.3479337,45.6108634],[147.9257042,45.6383401],[147.7577536,45.6019444],[147.6368603,45.5144941],[147.5201362,45.3422846],[147.2840411,45.2440772],[147.2309606,45.1805271],[147.1909045,45.0749297],[146.9139847,44.9673933],[146.7248315,44.75165],[146.5196833,44.6657907],[146.337917,44.6767153],[146.2193231,44.7136728],[146.0932986,44.7101375],[145.9933728,44.6834431],[145.8831179,44.6163435],[145.7572729,44.4749122],[145.7319256,44.4173525],[145.63372,44.3349552],[145.5818061,44.2136254],[145.5231526,44.1332802],[145.2753064,43.9043244],[145.2523037,43.8674559],[145.2426907,43.7824971],[145.2921213,43.7086747],[145.4295055,43.6357251],[145.5312745,43.5082255],[145.6922959,43.5444944],[145.8218764,43.4273674],[145.8974732,43.27966],[145.9166411,43.1530499],[146.0601422,43.1420804],[146.1456534,43.1632111],[146.3154812,43.2449073],[146.4068552,43.3146546],[146.4419171,43.3656252],[146.609583,43.4127132],[146.6997525,43.503492],[146.9341216,43.5721976],[147.1035044,43.6699481],[147.1726809,43.7472361],[147.1953591,43.821702],[147.1880338,43.8855032],[147.146187,43.9564108]]],[[[21.446112,54.318215],[22.7920004,54.3633232],[22.7360342,54.4428947],[22.7014445,54.4537241],[22.6804159,54.5331354],[22.7123451,54.563727],[22.6842784,54.5872836],[22.7494239,54.6316733],[22.7568912,54.6533038],[22.7242755,54.6867824],[22.7487372,54.7064744],[22.7430296,54.7311379],[22.8785991,54.791729],[22.8870105,54.8138925],[22.8586004,54.8387626],[22.8696727,54.8524518],[22.8397178,54.8645064],[22.8472709,54.8966507],[22.7950858,54.9030173],[22.7842712,54.9245772],[22.7532863,54.918806],[22.7650451,54.9368074],[22.6780128,54.9877103],[22.6486158,54.966603],[22.5975036,55.0234958],[22.5891351,55.0704927],[22.4765371,55.0446709],[22.2918992,55.0648976],[22.1621232,55.0556562],[22.078216,55.0246237],[22.0356752,55.0439057],[22.0326208,55.0842008],[21.9128322,55.0818065],[21.723308,55.1330951],[21.648169,55.1811176],[21.5689969,55.1982531],[21.5018439,55.1868428],[21.3835652,55.2945815],[21.2712049,55.245173],[21.104049,55.2564255],[20.9539866,55.2808008],[20.6563554,55.3841824],[20.4019533,55.1802408],[19.8886868,55.1545511],[19.7321316,55.1027306],[19.6051011,54.9785996],[19.5831285,54.9089889],[19.6181474,54.8248221],[19.6092211,54.7848507],[19.5779787,54.737903],[19.4041608,54.6039051],[19.646937,54.453393],[20.63107,54.366311],[21.446112,54.318215]]],[[[48.2610523,79.8634063],[48.8499128,79.7973455],[49.3558652,79.7913189],[50.0531441,79.738057],[51.5773788,79.7187244],[52.3001679,79.7894349],[52.5488924,79.860787],[53.1951509,79.8112686],[53.8435353,79.8251728],[54.2261884,79.8705125],[54.457906,79.9323888],[54.515304,79.9657797],[54.5323108,79.9968457],[54.7363924,80.0119742],[54.9489775,79.9550324],[55.9268686,79.8172835],[56.6262734,79.8056264],[57.2172598,79.8619096],[57.5042496,79.7901886],[57.4957462,79.7513036],[57.5531441,79.7145499],[57.7763584,79.6433265],[58.3397088,79.5766164],[59.0136033,79.5819995],[59.4494026,79.6295591],[59.6896237,79.6944129],[60.4825659,79.7149295],[60.8290795,79.7690654],[60.9566305,79.7977221],[61.0905591,79.867895],[61.1011884,79.9427889],[61.0076509,79.9850223],[61.0161543,79.9986918],[61.3350319,80.079956],[61.3924298,80.1073855],[61.4094366,80.1409298],[62.0812054,80.2022561],[62.4489775,80.2574504],[62.6551849,80.3337772],[62.6870727,80.3679841],[62.6658142,80.3992351],[62.9761884,80.4406292],[63.365219,80.4423942],[64.8894537,80.5284864],[65.9268686,80.6632589],[66.4838414,80.811419],[66.5433652,80.8432738],[66.61777,80.9187426],[66.5943856,80.9622583],[66.6220217,80.9759395],[66.6432802,81.0370857],[66.5646237,81.0991367],[66.575253,81.1083419],[66.5412394,81.141795],[66.4774639,81.1803399],[66.2563754,81.2501428],[65.6994026,81.3389472],[65.2168346,81.3763221],[64.3558652,81.3931998],[63.8647938,81.3673922],[63.0761033,81.2672656],[62.8762734,81.2112509],[62.8316305,81.177732],[62.4851169,81.2498194],[61.8983822,81.3007685],[61.8664945,81.3248501],[62.4468516,81.3306198],[63.0718516,81.3811021],[63.7988924,81.3858796],[64.2431952,81.415441],[64.600338,81.456279],[64.9340965,81.5204668],[65.0318856,81.5570641],[65.1232972,81.6183312],[65.1084162,81.6843853],[65.0255081,81.7285417],[64.8107972,81.7897876],[64.4557802,81.8445539],[63.5437904,81.9055452],[62.185372,81.8938629],[61.3647938,81.8379166],[60.8630931,81.7657697],[60.6143686,81.7055727],[60.7142836,81.7970704],[60.7270387,81.8252306],[60.7015285,81.8611235],[60.5420897,81.9333355],[60.3465115,81.9818148],[59.5365625,82.0511992],[58.7840115,82.0559015],[57.6764435,82.0176152],[56.9642836,81.9577602],[56.6411543,81.8998559],[56.5561203,81.8662383],[56.4965965,81.8297635],[56.5008482,81.7925194],[56.5539945,81.7349617],[55.9226169,81.6926824],[55.6058652,81.6412311],[55.452804,81.5770167],[54.5748278,81.590707],[53.1972768,81.4862301],[52.9506781,81.4284415],[52.8465115,81.3638816],[52.8698958,81.3052688],[53.1249979,81.2154725],[52.9676849,81.1623948],[52.9124128,81.1224599],[52.9124128,81.0879464],[52.9846918,81.0238281],[53.1420047,80.9746057],[52.8783992,80.9066554],[52.7742326,80.8395518],[52.1449809,80.9545744],[52.0790795,81.013208],[52.2789094,81.0895929],[52.3022938,81.1283632],[52.2895387,81.1666396],[52.1534843,81.2346065],[52.0323108,81.2701699],[51.6836713,81.3242088],[51.1925999,81.3661158],[50.3507632,81.3795091],[49.9170897,81.3594114],[49.4196407,81.2888639],[49.2283142,81.2439963],[49.1071407,81.186205],[49.0858822,81.1620682],[49.1347768,81.092885],[49.1241475,81.07905],[48.6819707,81.0058995],[47.5914094,81.0566052],[46.6135183,81.0251547],[46.2159843,80.9799399],[45.9332462,80.8995972],[45.5080761,80.8419205],[44.5705761,80.8012294],[44.1283992,80.757628],[43.8414094,80.6952792],[43.6968516,80.6307833],[43.6755931,80.5954172],[43.7542496,80.5277868],[43.9859673,80.462845],[45.5484673,80.2696739],[45.9268686,80.0872779],[46.0756781,80.0480434],[46.9621577,79.8977694],[47.5680251,79.8491791],[48.2610523,79.8634063]]],[[[35.5994877,80.0509821],[35.8290795,80.0023831],[36.2712564,79.949098],[36.9770387,79.9357329],[37.4192156,79.9683722],[37.7189605,80.0152921],[37.9294196,80.0880098],[37.9783142,80.1238071],[37.9846918,80.1609296],[37.8826509,80.2304329],[37.5850319,80.3055376],[37.385202,80.3319923],[36.8749979,80.3662055],[36.3626679,80.363359],[35.7461713,80.3048216],[35.5250829,80.2455719],[35.4166645,80.1700072],[35.4357972,80.1256301],[35.5994877,80.0509821]]],[[[167.2735959,54.6320931],[167.8645823,54.3468545],[167.9995738,54.3047032],[168.166453,54.3003616],[168.3173884,54.3412781],[168.4109258,54.4069074],[168.4523799,54.4891052],[168.4162404,54.5840755],[168.2929411,54.6825121],[168.2164105,54.7758063],[167.9634343,54.9104572],[167.6764445,55.0330867],[167.4904326,55.0848324],[167.4096503,55.0878742],[167.2193867,55.0452682],[167.1449819,55.0099317],[167.0822693,54.9336696],[167.0812064,54.8523676],[167.1322268,54.7383917],[167.2735959,54.6320931]]],[[[167.0216826,54.7236617],[166.9866061,54.9067909],[166.9621588,54.9471022],[166.8473629,55.0501397],[166.6836724,55.1541275],[166.6390295,55.3486026],[166.5624989,55.4355349],[166.4934088,55.4801341],[166.3531027,55.5210727],[166.0087149,55.563772],[165.8758493,55.5577608],[165.5484683,55.4487994],[165.4687489,55.4035612],[165.4262319,55.3540415],[165.4070993,55.2414864],[165.5229581,55.084224],[165.8120738,54.9306161],[165.9428136,54.8088986],[166.1383918,54.678825],[166.5072268,54.5020687],[166.7134343,54.4804605],[166.8898799,54.5205809],[166.9504666,54.5588128],[167.0142421,54.6419359],[167.0216826,54.7236617]]],[[[143.0452795,56.3268154],[143.1866486,56.2329946],[143.2653051,56.2140846],[143.436436,56.2004873],[143.536351,56.219404],[143.7223629,56.3191531],[143.7574394,56.4286358],[143.6979156,56.5149401],[143.5682387,56.5881738],[143.3195142,56.6121636],[143.1568867,56.5688539],[143.0569717,56.4996897],[143.0208323,56.4039414],[143.0452795,56.3268154]]],[[[140.9473931,46.3624623],[140.9221645,46.2577032],[140.9414913,46.159277],[141.0153009,46.0832307],[141.1239187,46.0356665],[141.268787,46.0233336],[141.4110878,46.0619442],[141.5061297,46.1220124],[141.5532582,46.2006318],[141.5576114,46.2927779],[141.527146,46.3602383],[141.4302257,46.4406527],[141.3415607,46.4790257],[141.2302339,46.4930365],[141.1192843,46.4763214],[141.0165691,46.4312004],[140.9473931,46.3624623]]],[[[49.6772273,68.4786986],[50.0294257,68.5552789],[50.6116796,68.8648267],[50.8453482,69.0432902],[50.8715722,69.1092129],[50.8493273,69.1862649],[50.7699502,69.2705762],[50.6426911,69.3506571],[50.4244828,69.4365],[49.6173499,69.6646847],[49.3794735,69.6940207],[49.0955344,69.701996],[48.8218583,69.6887657],[48.4659423,69.6342054],[48.1244977,69.5207462],[47.9798452,69.454085],[47.8347854,69.3591239],[47.7710874,69.2902997],[47.6815984,69.127119],[47.6555859,68.9295263],[47.6862415,68.77177],[47.7912,68.6683758],[47.9440072,68.598017],[48.3043041,68.5221124],[49.0839655,68.4599695],[49.6772273,68.4786986]]],[[[79.0338344,74.349522],[79.5376551,74.3135468],[79.9909541,74.3501819],[80.2505115,74.4360057],[80.3505692,74.5295259],[80.3709887,74.5875684],[80.3037766,74.6615967],[80.1346511,74.7292172],[79.7091256,74.8164513],[79.4129264,74.8415682],[79.0969375,74.8339019],[78.8086939,74.7949698],[78.5791392,74.7183778],[78.4756208,74.6345737],[78.4618825,74.5878206],[78.4724463,74.5470284],[78.5696648,74.4695995],[78.7548037,74.4031435],[79.0338344,74.349522]]],[[[83.0403118,75.5717731],[82.9135407,75.6304805],[82.7349632,75.6734906],[83.0807051,75.7177066],[83.5075335,75.7257453],[83.8021635,75.767636],[84.0313294,75.8497692],[84.0822622,75.9016865],[84.0842432,75.958459],[83.9806594,76.0415323],[83.7380696,76.1082401],[82.8525977,76.1821433],[82.4556315,76.1843535],[82.0121679,76.1500119],[81.6418763,76.1543354],[81.2910374,76.1190755],[81.1241545,76.0804264],[80.9294135,76.0057302],[80.8690795,75.9623823],[80.8529504,75.9068218],[80.8891429,75.8606557],[80.8965794,75.8010891],[80.9826659,75.7413914],[81.1714916,75.6815301],[81.4461321,75.6378101],[81.2831738,75.6026993],[81.0384066,75.5185569],[80.7444464,75.503215],[80.4879977,75.4595561],[80.3192355,75.3944542],[80.2805644,75.3624187],[80.2631342,75.3180237],[80.3104584,75.2523704],[80.4681149,75.1858581],[80.7354219,75.1353598],[81.0005095,75.1167897],[81.4660534,74.9549435],[81.6533932,74.9082342],[82.0025038,74.8680448],[82.3823982,74.8763065],[82.7115664,74.9325296],[82.8915109,75.0204421],[82.9425236,75.1848255],[83.0569229,75.2395704],[83.1131901,75.3065019],[83.1088068,75.3633044],[83.0364658,75.4383162],[83.0840551,75.5036857],[83.0403118,75.5717731]]],[[[92.8983994,78.329295],[92.6974796,78.2512103],[92.6561128,78.201212],[92.6597047,78.1566141],[92.7314561,78.1029174],[92.9063879,78.0395835],[93.1746929,77.9869733],[93.4641002,77.9584401],[94.0003728,77.9552106],[94.4262629,78.0002392],[94.7134011,78.0854555],[94.8406084,78.2221762],[94.7909672,78.2881363],[94.6357985,78.3470016],[94.3915174,78.3920155],[94.0932787,78.4183084],[93.4370091,78.413592],[93.1121639,78.3755334],[92.8983994,78.329295]]],[[[89.4357038,76.793493],[89.7408765,76.8363686],[89.9351241,76.8909995],[90.4014225,76.8980769],[90.8311594,76.9567119],[91.0201182,77.019627],[91.0904508,77.08417],[91.4087624,77.1290951],[91.6252779,77.2035599],[91.6777932,77.2571149],[91.6739861,77.332691],[91.5580242,77.4134378],[92.0743141,77.3962368],[92.5016822,77.4312237],[92.8844622,77.5210236],[92.9868127,77.5779078],[93.0126449,77.6333223],[92.9657673,77.6881045],[92.8775893,77.7285648],[92.4432061,77.8236928],[91.9475247,77.8560764],[91.4643898,77.8356797],[91.136801,77.7813203],[90.9398891,77.7031542],[90.9080961,77.6590678],[90.9155072,77.618063],[90.969486,77.5571772],[91.0725353,77.5073376],[90.637435,77.5254661],[90.3094279,77.5093627],[90.049578,77.4733121],[89.5036488,77.5033188],[88.9484155,77.4733571],[88.6312584,77.4195357],[88.4606007,77.3652625],[88.3446853,77.2983426],[88.0130674,77.2292273],[87.8744872,77.1702275],[87.7976655,77.0861639],[87.8322882,77.0106615],[87.9271981,76.9524075],[88.1075468,76.8812944],[88.3129404,76.8325888],[88.8441962,76.7776921],[89.4357038,76.793493]]],[[[83.5105091,77.5410286],[83.1949877,77.6470942],[82.9188161,77.6960751],[82.4800974,77.7273683],[82.1230574,77.7287832],[81.8220506,77.7100302],[81.5330147,77.6627139],[81.3428718,77.5918155],[81.3063075,77.5592682],[81.2956229,77.5171156],[81.3149381,77.4719461],[81.3881645,77.4174288],[81.6896725,77.3295458],[82.0988602,77.2866281],[82.7588787,77.2681693],[83.2229031,77.3097976],[83.5003672,77.3885848],[83.5678788,77.442298],[83.5710702,77.4868989],[83.5105091,77.5410286]]],[[[76.0649049,79.3376517],[76.6829729,79.2867075],[77.8669621,79.2912204],[78.1831511,79.3229826],[78.4587646,79.3792071],[78.6155085,79.4407481],[78.6575095,79.4773225],[78.6660828,79.5107667],[78.6294359,79.5548666],[78.5665391,79.5863508],[78.2717864,79.6610385],[77.2775538,79.7989466],[76.4458744,79.8703106],[75.916855,79.8711154],[75.4512484,79.8307156],[75.1322293,79.76306],[75.040499,79.7215612],[74.98486,79.6642444],[75.0039641,79.6146641],[75.0643643,79.5751396],[75.295819,79.4900284],[75.5420739,79.4258107],[76.0649049,79.3376517]]],[[[79.3191859,80.5446088],[80.1817193,80.5646289],[80.7431169,80.6160017],[81.235574,80.7212587],[81.3664934,80.7800272],[81.4209019,80.8530749],[81.379691,80.8971896],[81.2415949,80.9497077],[80.8853572,81.0161096],[79.9816546,81.0918681],[79.4128158,81.1020046],[78.5683975,81.0573998],[78.1391611,81.0098726],[77.7257329,80.9161498],[77.619971,80.8598872],[77.5628288,80.7936951],[77.584306,80.7492318],[77.6945577,80.6867293],[78.0941049,80.6026135],[78.5706309,80.560509],[79.3191859,80.5446088]]],[[[115.3756021,74.1654213],[115.5497199,74.1186248],[115.7990537,74.0847429],[116.0773679,74.0763057],[116.3309955,74.0917962],[116.620984,74.1431067],[116.7951093,74.1947915],[116.903233,74.264072],[116.9274703,74.3300035],[116.8902579,74.3915046],[116.8106589,74.4462156],[116.5441923,74.527502],[116.1523157,74.5672538],[115.769321,74.5523757],[115.4614643,74.4882672],[115.2469295,74.3722551],[115.2149055,74.3135473],[115.2264692,74.2620711],[115.2797633,74.2119104],[115.3756021,74.1654213]]],[[[157.3035718,76.9217205],[157.1190375,76.8435878],[157.0885825,76.7985189],[157.1023678,76.754022],[157.1792176,76.7011974],[157.3305767,76.6484177],[157.7386015,76.5839366],[158.1436206,76.5739786],[158.5451754,76.6089994],[158.8273951,76.6801377],[158.9148351,76.7266091],[158.952282,76.7816387],[158.9060262,76.8487888],[158.7963676,76.8986012],[158.3716319,76.9721797],[157.7630345,76.9839459],[157.3035718,76.9217205]]],[[[155.6733655,77.1937304],[155.5933998,77.138679],[155.5628379,77.0945955],[155.5801653,77.0458098],[155.6378882,77.0031278],[155.8691193,76.9314423],[156.2263983,76.88739],[156.749733,76.8850661],[157.131122,76.9204668],[157.4029027,76.9876607],[157.4841488,77.0305428],[157.5225457,77.0855681],[157.4822667,77.1633522],[157.3553724,77.2238662],[157.1269143,77.2769212],[156.8173534,77.3085825],[156.4825651,77.3149026],[156.1570957,77.2954461],[155.8812737,77.25639],[155.6733655,77.1937304]]],[[[153.1827677,75.7109152],[153.1860441,75.7578098],[153.1323047,75.811922],[152.8911425,75.8924383],[153.2958473,75.9285154],[153.5566815,76.0000326],[153.6584709,76.073779],[153.6961929,76.1851035],[153.6667503,76.2403568],[153.5737252,76.2914843],[153.4238663,76.3344242],[153.0441118,76.3810921],[152.4438131,76.3742257],[152.0257971,76.3187295],[151.7572659,76.2107128],[151.7181967,76.1670888],[151.7220627,76.1162603],[151.7658106,76.0729068],[151.8481693,76.0329593],[152.2297678,75.9344714],[151.9359588,75.9065969],[151.7293807,75.8607081],[151.5854151,75.7960249],[151.543238,75.7284407],[151.6086075,75.6524055],[151.7880879,75.5870944],[152.0516892,75.5438047],[152.3232538,75.5289522],[152.6313387,75.5396766],[152.9114163,75.5806515],[153.1020862,75.6422623],[153.1827677,75.7109152]]],[[[147.6646225,76.7057479],[147.6169769,76.6476694],[147.6533377,76.5814645],[147.75715,76.5297496],[147.9499101,76.4804628],[148.3510614,76.4391547],[149.2473063,76.4319685],[149.6110395,76.4561804],[149.8970988,76.5140442],[150.2873893,76.6761263],[150.3436504,76.7188142],[150.3580401,76.7521382],[150.3390477,76.7965345],[150.2770398,76.8388405],[150.0685309,76.9043185],[149.7740279,76.9443073],[149.3938271,76.9547508],[148.3805211,76.8947191],[147.8853517,76.7939515],[147.6646225,76.7057479]]],[[[134.7973923,74.3368847],[134.7359971,74.2954718],[134.7097527,74.2402218],[134.7257961,74.1359772],[134.7967094,74.0692979],[134.929162,74.009429],[135.0718711,73.9725441],[135.1745273,73.9163411],[135.3777455,73.8562679],[135.4845685,73.7958095],[135.7540759,73.7182205],[136.1401675,73.6792968],[136.5324465,73.7035318],[136.721514,73.7441397],[136.8985426,73.8074357],[136.974186,73.8494233],[137.0155955,73.903931],[136.9818416,74.0131945],[136.9042738,74.076447],[136.6213277,74.201895],[136.0339002,74.3836092],[135.6490116,74.4329068],[135.360453,74.4395208],[135.0487702,74.4098081],[134.7973923,74.3368847]]],[[[-175.1797492,71.208999],[-175.0691993,71.2476671],[-174.9771888,71.306736],[-174.9469764,71.3493828],[-174.9401099,71.3941266],[-174.9971015,71.4728339],[-175.1419837,71.5396998],[-175.4770667,71.603516],[-175.8025367,71.6277708],[-176.0332496,71.6061162],[-176.2158973,71.5570859],[-176.332627,71.4863566],[-176.3635261,71.406829],[-176.2976081,71.3247734],[-176.204911,71.2767832],[-176.0881812,71.2299998],[-175.8032233,71.1671511],[-175.466767,71.1633826],[-175.1797492,71.208999]]],[[[-179.999998,71.7490757],[-179.9999034,70.7165009],[-179.5983131,70.6613335],[-179.0723426,70.6906445],[-178.5477454,70.7638485],[-177.6736457,70.838814],[-177.3804481,70.8966513],[-177.1085365,70.9731332],[-176.9128425,71.0742794],[-176.8222053,71.1915179],[-176.818772,71.2428102],[-176.8737037,71.3142169],[-177.0371253,71.3978506],[-177.264405,71.452532],[-177.4086005,71.5383952],[-177.5672157,71.6011321],[-177.9730231,71.7072481],[-178.5752113,71.7748003],[-179.092942,71.8041981],[-179.7164161,71.7831737],[-179.999998,71.7490757]]],[[[-179.9999999,62.5525715],[-179.9547766,62.6156991],[-179.9333044,62.6861562],[-179.9447993,62.7659165],[-179.9999999,62.8766166],[-179.9999999,62.5525715]]],[[[-179.999999,69.2895084],[-179.9999985,64.7463246],[-179.7507484,64.865275],[-179.3161018,65.0063543],[-179.1217811,65.1435176],[-179.0702827,65.2121225],[-178.7269599,65.2624541],[-178.4234626,65.2446333],[-177.5012977,65.2460709],[-177.1778876,65.2814114],[-176.9327552,65.349946],[-176.7988593,65.3656924],[-176.464463,65.2943291],[-176.3930518,65.26073],[-176.3216407,65.1720765],[-176.2543494,65.1302373],[-176.3491065,65.0564979],[-176.3642127,64.9979395],[-176.3415534,64.9407067],[-176.1259467,64.8065891],[-175.924073,64.7539259],[-175.7455451,64.6282912],[-175.5395515,64.5797015],[-174.9668891,64.5643703],[-174.4917304,64.4280763],[-174.3791206,64.3086698],[-174.1401679,64.2192221],[-173.7673194,64.1309824],[-173.260575,64.0529787],[-173.045655,64.0430626],[-172.7455909,64.0797046],[-172.3796088,64.1926302],[-171.9854743,64.2329563],[-171.8110664,64.321467],[-171.594773,64.7524616],[-171.6091926,65.0996097],[-171.6311652,65.1530407],[-171.6799171,65.1968603],[-171.4409644,65.313837],[-171.1518867,65.2693493],[-170.9500129,65.2696365],[-170.7804115,65.3006421],[-170.2901466,65.4457094],[-170.0862128,65.5544822],[-170.0237281,65.6293907],[-170.0099952,65.7371172],[-169.9488837,65.7791247],[-169.8774726,65.7875743],[-169.0485821,65.4690061],[-168.976944,65.5],[-168.9771082,66.0153668],[-169.1853336,66.0143899],[-169.1571811,66.0833801],[-169.1832737,66.1584292],[-169.2275623,66.2165088],[-169.3192295,66.2704489],[-169.4888309,66.3273065],[-169.7408298,66.3607812],[-169.8994449,66.4395389],[-170.2084357,66.5025859],[-170.3526313,66.5777592],[-170.8284766,66.746409],[-170.8387763,66.7929921],[-170.9019477,66.8610826],[-170.9754188,66.901523],[-171.129914,66.9461991],[-171.2068183,67.0328951],[-171.3496406,67.0947083],[-171.7842872,67.1688895],[-172.1090705,67.1640933],[-172.6460273,67.2431089],[-172.9248054,67.2404527],[-173.357392,67.2815915],[-174.2280585,67.607913],[-174.9449165,67.8196161],[-175.4365546,67.997798],[-177.264405,68.4617832],[-177.6406867,68.5982505],[-178.0924995,68.7311537],[-178.453675,68.8937036],[-178.9391334,69.0105951],[-179.0860755,69.076657],[-179.3250282,69.122464],[-179.6244056,69.1271128],[-179.999999,69.2895084]]]]}}]}
