{"type":"FeatureCollection","metadata":{"dataset":"Rulers of Russia Territory Archive","polity_id":"russian-republic","polity_label":"Российская республика","project_owned_runtime_data":true,"external_runtime_dependencies":[],"review_status":"unreviewed-source-capture"},"features":[{"type":"Feature","properties":{"polity_id":"russian-republic","name":"Россійская Pеспублика","start_date":"1917-09-14","end_date":"1917-11-06","status":"provisional-source-capture","confidence":"unreviewed","legal_basis":[],"source_ids":["capture:ohm:2869933"],"provenance":{"capture_source":"OpenHistoricalMap","capture_id":2869933,"capture_date":"2026-08-22"},"notes":"One-time geometry capture. Review against project historical sources before marking verified."},"geometry":{"type":"MultiPolygon","coordinates":[[[[162.0958846,70.6471221],[162.1551914,70.6078866],[162.3627916,70.575088],[162.5794832,70.5988247],[162.639564,70.6420722],[162.6230598,70.6656644],[162.564102,70.6857114],[162.2895936,70.7017776],[162.149174,70.6848153],[162.0958846,70.6471221]]],[[[161.8625869,70.6573835],[161.8488691,70.7932233],[161.7844524,70.8251165],[161.7267547,70.9054428],[161.6914425,70.9256065],[161.5532366,70.9719152],[161.4409409,70.979356],[161.3020719,70.9542642],[161.2105289,70.891646],[161.2273236,70.8644332],[161.2927683,70.8437651],[161.3633713,70.7588497],[161.4455373,70.7294766],[161.551833,70.6339408],[161.7443257,70.6154711],[161.8192827,70.6284046],[161.8625869,70.6573835]]],[[[160.8958589,70.8026101],[160.7995838,70.9027791],[160.6038188,70.9488102],[160.3994086,70.9625897],[160.3291116,70.9472964],[160.2890413,70.9148022],[160.3624915,70.8041619],[160.465057,70.7657154],[160.7617167,70.7522304],[160.8610773,70.7726295],[160.8958589,70.8026101]]],[[[157.7827455,76.7989246],[157.8937476,76.7480576],[158.1008501,76.729692],[158.2915739,76.7495023],[158.3784901,76.7933178],[158.3516364,76.8190082],[158.2765497,76.8381005],[158.0174357,76.8524435],[157.8496793,76.8367278],[157.7827455,76.7989246]]],[[[156.867414,77.0815854],[156.8544378,77.1114625],[156.8001723,77.138493],[156.5827741,77.1625215],[156.3193865,77.140872],[156.2497679,77.1110378],[156.2338793,77.0825702],[156.2439721,77.0622139],[156.3030807,77.0407943],[156.4852217,77.0236455],[156.7603341,77.0359678],[156.8344549,77.0539847],[156.867414,77.0815854]]],[[[152.5836967,75.760125],[152.3574152,75.7636754],[152.2679587,75.7377531],[152.2476299,75.7088494],[152.3124013,75.6741463],[152.4468816,75.6592413],[152.5984571,75.6712389],[152.6724469,75.7034243],[152.6546167,75.7378118],[152.5836967,75.760125]]],[[[153.0381772,76.1830799],[152.9985595,76.2144539],[152.9054644,76.2317037],[152.5738802,76.2281833],[152.4497486,76.2065953],[152.3471453,76.1472668],[152.3934713,76.1109763],[152.60851,76.0545285],[152.8532835,76.0431713],[153.020107,76.0845983],[153.0381772,76.1830799]]],[[[148.4590881,76.5832021],[149.3244784,76.5891371],[149.4342397,76.6160188],[149.5362789,76.6977837],[149.6586645,76.7230132],[149.713774,76.7579794],[149.6627031,76.79217],[149.5060719,76.8117158],[148.8176009,76.7808131],[148.4124941,76.7095777],[148.2487029,76.6413433],[148.3029862,76.6019983],[148.4590881,76.5832021]]],[[[151.1448179,75.1296195],[151.0874943,75.1683627],[150.9608069,75.1886332],[150.7528055,75.1937187],[150.5734678,75.1735759],[150.2174596,75.2520409],[149.4478468,75.3121757],[148.8164762,75.2646738],[148.7519384,75.3314308],[148.7584375,75.3612],[148.729933,75.3928893],[148.4498257,75.4488691],[148.0630807,75.4496404],[147.5976209,75.4951432],[147.2407431,75.4672255],[146.9644819,75.3859231],[146.9317556,75.3936546],[146.9319128,75.479804],[146.9558526,75.5051206],[146.920533,75.5377597],[146.7807774,75.5940525],[146.4784924,75.643286],[146.329134,75.6308223],[146.2366834,75.5883021],[146.1837162,75.542944],[146.1442462,75.4594648],[146.0203639,75.3963834],[146.0275339,75.3632903],[146.0026398,75.2803438],[145.9351552,75.2602505],[145.9045751,75.2300305],[145.9333782,75.2054598],[146.1402898,75.1358888],[146.5925843,75.067349],[147.082179,74.9503915],[147.5547093,74.9093205],[148.0357712,74.7508546],[148.6530353,74.6884311],[149.0959226,74.673221],[149.6119492,74.6865714],[150.170455,74.7734731],[150.7745274,74.8330939],[150.8369033,74.8587493],[150.9440585,75.0137307],[151.1327005,75.1047879],[151.1448179,75.1296195]]],[[[140.3006744,74.2978043],[140.0973111,74.2544917],[140.0341087,74.2241639],[139.9971477,74.1467578],[140.0073583,74.0559816],[140.0520353,74.0118819],[140.2293677,73.9086251],[140.488413,73.8551908],[140.7026545,73.8536205],[140.7517883,73.7746584],[140.6196718,73.6218691],[140.4235876,73.5175169],[140.0962225,73.4824804],[139.8235452,73.4792133],[139.6628342,73.4466677],[139.6117443,73.4036272],[139.6913832,73.3317405],[139.7834391,73.303255],[139.9455901,73.2922052],[140.2766418,73.3278377],[140.4797972,73.3695249],[140.7642602,73.37328],[141.5562093,73.2451224],[142.4257669,73.1719294],[142.7074396,73.1794807],[143.1965199,73.132903],[143.6786304,73.1655954],[143.7820401,73.1876602],[143.8163696,73.2134871],[143.7946943,73.241727],[143.6690326,73.2923561],[143.6553302,73.3490154],[143.7272918,73.4492718],[143.7216674,73.4726678],[143.3004955,73.6693233],[142.6751484,73.8552886],[142.3806212,73.8947826],[142.1354096,73.953221],[141.7923226,73.9470504],[141.3438379,73.892046],[141.2045368,73.9054832],[141.1930054,73.9934198],[141.2382639,74.0538761],[141.2600563,74.1910035],[141.1988825,74.2637181],[141.0868888,74.2981798],[140.8970534,74.3171184],[140.3006744,74.2978043]]],[[[135.4650957,74.2907758],[135.2807696,74.2602857],[135.2757356,74.1551954],[135.3251917,74.1188819],[135.4787102,74.0901138],[135.600275,74.0128825],[135.8300363,73.9491399],[136.0572278,73.8439595],[136.3119642,73.8431576],[136.4744656,73.9156921],[136.4120664,74.002593],[136.1850208,74.1097082],[135.7378049,74.2519351],[135.4650957,74.2907758]]],[[[136.4296914,75.62294],[136.3934811,75.6501745],[136.1446046,75.719443],[136.0514957,75.7705567],[135.8998731,75.9027665],[135.7504678,75.9235231],[135.587866,75.9080847],[135.48293,75.8551878],[135.4639527,75.7548258],[135.4134803,75.6794112],[135.4205894,75.5526963],[135.3798654,75.4952596],[135.3035976,75.4557839],[135.3223283,75.363575],[135.2905566,75.3301565],[135.3639494,75.29664],[135.5066198,75.2860076],[136.0775588,75.3563119],[136.230531,75.4233279],[136.2631943,75.5385242],[136.4296914,75.62294]]],[[[145.5947772,75.4883518],[145.5927301,75.5227669],[145.4176731,75.6063278],[144.9996118,75.6753304],[144.8075175,75.7333068],[144.4466093,75.7592592],[144.1169236,75.8470467],[143.7480154,75.8916668],[143.447353,75.8972494],[143.0885311,75.8548928],[142.795896,75.8885201],[142.6302705,75.9160236],[141.9348598,76.1422762],[141.4975079,76.2120776],[141.2396191,76.2122799],[141.0633445,76.1386339],[140.8826701,76.137488],[140.752834,76.1073342],[140.7330773,76.0890025],[140.7458726,75.9933122],[140.6728649,75.8019982],[140.5351499,75.8386266],[140.2232468,75.8551256],[140.1818699,75.9574679],[140.1353578,75.9832014],[139.8099485,76.025284],[139.3710454,76.1118832],[139.3299467,76.2096755],[139.257303,76.2389057],[138.8429015,76.2510753],[138.6256394,76.234225],[138.1766494,76.1609878],[137.8449762,76.0470051],[137.5624565,76.0317433],[137.3031732,75.9592596],[137.2283255,75.9080565],[137.202697,75.8111134],[136.9602556,75.7368125],[136.8921967,75.6337065],[136.7917464,75.5949349],[136.8042102,75.561717],[136.9535441,75.5126595],[136.9764835,75.4285832],[136.9443741,75.4064957],[136.7811562,75.3742839],[136.7307841,75.3338267],[136.7881898,75.2367371],[137.0453268,75.0894979],[137.2012718,75.0202007],[137.6537787,74.921376],[137.9878485,74.7381403],[138.1984268,74.6999782],[138.5360202,74.6755285],[138.9410054,74.5993375],[139.1877925,74.5852822],[139.5434291,74.6507225],[139.7961552,74.7481086],[140.1426644,74.7424165],[140.8086729,74.8267271],[141.7404621,74.8905888],[141.8848586,74.8702869],[142.2494569,74.7710461],[142.4624352,74.747349],[142.7173995,74.7659532],[142.9711127,74.8190554],[143.6353682,74.8506352],[143.8368141,74.9016034],[143.962103,74.9570927],[144.4824551,75.0093533],[144.8701948,75.1119811],[145.0118718,75.2272634],[145.1108893,75.264523],[145.1005698,75.2962508],[145.0666586,75.3154917],[145.0530602,75.4009712],[145.2218108,75.453072],[145.4640422,75.4541352],[145.5947772,75.4883518]]],[[[116.0018389,74.2227488],[116.2611168,74.2458892],[116.3533136,74.283756],[116.3822201,74.312872],[116.3779042,74.3379242],[116.2502377,74.4092452],[116.0297235,74.4259006],[115.8551583,74.3912354],[115.7586319,74.3065926],[115.7642517,74.2773547],[115.8247402,74.2463232],[116.0018389,74.2227488]]],[[[93.0609598,79.0949551],[92.2657766,79.182802],[92.0625032,79.1698795],[91.9708006,79.1291717],[92.0110542,79.1019416],[92.1723936,79.070129],[92.631758,79.0148904],[92.9594502,79.0130678],[93.0657038,79.0283222],[93.1259109,79.0568998],[93.0609598,79.0949551]]],[[[97.6747275,80.2172239],[97.7577988,80.2386255],[97.8006149,80.274476],[97.7660574,80.2925493],[97.7545316,80.3215947],[97.6774543,80.3458573],[97.6597872,80.3714225],[97.5218837,80.4014467],[97.5151971,80.4148104],[97.564497,80.4339447],[97.5753952,80.4592338],[97.4543298,80.4985645],[97.5727367,80.5284189],[97.5326499,80.5649246],[98.1917074,80.5987454],[98.3456493,80.6396019],[98.3746506,80.6690574],[98.1857184,80.7221539],[98.1720736,80.7478666],[98.0268816,80.8187071],[97.4455409,80.8774124],[97.0346272,80.9583143],[97.0606376,80.9918171],[97.0265526,81.0119914],[96.8753911,81.0378691],[96.5101952,81.1617801],[95.9190499,81.3080084],[95.5300457,81.3161742],[95.0573195,81.2867963],[94.8405706,81.2434334],[94.7750217,81.2051306],[94.7553145,81.1816831],[94.7653121,81.158284],[94.6179173,81.1233567],[93.9437585,81.0763247],[93.4216468,81.1474598],[93.09079,81.1484744],[92.9803587,81.1301366],[92.953344,81.1099682],[93.1010429,81.0554259],[93.3455814,81.0366036],[92.9116941,80.9737855],[92.8656305,80.9444153],[92.891917,80.9202844],[92.8765849,80.9083206],[92.5930906,80.8636759],[92.5306843,80.8192626],[92.2277952,80.7292543],[92.1954632,80.7035017],[92.2471805,80.6750403],[92.3952933,80.6553831],[92.7745641,80.6669492],[92.5722402,80.6045995],[92.5633294,80.575092],[92.5801579,80.5531571],[92.0268617,80.4675712],[91.8746579,80.4261048],[91.5407313,80.4492614],[91.3013546,80.4314362],[91.2390443,80.3927844],[91.3729245,80.3581245],[91.1874689,80.2733438],[91.246851,80.2402791],[91.3872977,80.2201878],[92.0706785,80.2236184],[91.8322604,80.1792126],[91.5159974,80.1682687],[91.4461643,80.1439063],[91.4630911,80.117201],[90.8399113,80.1071146],[90.7206835,80.0891058],[90.6791741,80.0620491],[90.7475467,80.0285277],[90.9496501,79.9980689],[90.838653,79.9598669],[90.8678234,79.9320879],[90.9372042,79.9131048],[90.8556492,79.8819404],[90.8494855,79.8633493],[90.8731155,79.8406661],[90.9751884,79.8041985],[91.1282814,79.7879489],[90.9211981,79.7559134],[90.8989006,79.7251899],[90.9419241,79.6950837],[91.122704,79.6515099],[91.5160593,79.6013258],[91.793838,79.588854],[92.090275,79.6247476],[92.7291599,79.6215476],[93.1682089,79.6527537],[93.5823197,79.7268051],[93.5684786,79.7146584],[93.1724365,79.6105958],[92.8078921,79.6163123],[92.6609127,79.5940473],[92.5635065,79.5535545],[92.6009366,79.525556],[92.7456857,79.5018353],[92.3789842,79.4992919],[92.0335545,79.4710303],[91.1949288,79.5775763],[90.8128871,79.6084631],[90.3881533,79.5959959],[90.277722,79.5744748],[90.2507073,79.5508053],[90.3820512,79.507897],[91.0879528,79.4484843],[91.216691,79.4132616],[92.1647944,79.3361217],[92.9626193,79.3433129],[93.3236392,79.3964077],[93.531387,79.4078875],[94.0511262,79.3803621],[94.0579311,79.3651539],[93.9750725,79.3166181],[94.0895072,79.2223375],[94.3888987,79.1565056],[94.3760735,79.1146527],[94.4163504,79.0832987],[94.6391289,79.0187438],[95.0453692,78.9748277],[95.2684503,78.9841799],[95.4202085,79.0111146],[95.426863,78.9890117],[95.4881473,78.9623634],[95.6914057,78.9381172],[96.5535523,78.9313893],[97.760354,78.693727],[97.9406292,78.6872128],[98.3158924,78.7118716],[98.3494365,78.6085727],[98.4545926,78.4882905],[98.6973284,78.4509806],[98.8757558,78.4594145],[98.9732484,78.4881725],[99.0233179,78.5983083],[99.0072261,78.6199857],[99.0062343,78.7067857],[99.0401397,78.7229935],[99.1471166,78.7279865],[99.3477502,78.6931254],[99.5744486,78.7025436],[99.8312139,78.7874244],[99.920473,78.8403569],[100.0898265,78.863599],[100.197721,78.8999551],[100.2351678,78.9267853],[100.2378124,78.9559076],[100.1916156,79.0420789],[100.1925713,79.0738563],[100.1174828,79.118173],[100.0972736,79.2047862],[100.1671737,79.2868987],[100.2687861,79.3120055],[100.3285789,79.3891342],[100.3807644,79.4157355],[100.3765241,79.5343503],[100.4887673,79.6088539],[100.6248804,79.6641362],[100.4386801,79.7523945],[100.2973387,79.845995],[100.0870369,79.9281885],[99.5676987,80.0660059],[98.7227913,80.1341762],[98.2680477,80.1115239],[98.1900393,80.138612],[97.6747275,80.2172239]]],[[[105.8865946,78.2489683],[105.8930516,78.2038171],[105.9198978,78.1861851],[106.3755298,78.0843318],[106.7379698,78.0474355],[107.2190319,78.0277886],[107.4339925,77.9932595],[107.8215418,78.0232148],[107.9523634,78.0670227],[108.0109164,78.1187431],[108.0069356,78.1469275],[107.9393962,78.1870308],[107.6921786,78.2235567],[107.5058322,78.233434],[107.2337413,78.204521],[107.1244501,78.2123949],[107.048396,78.3195193],[106.8172371,78.4113582],[106.6918467,78.4302094],[106.4070408,78.4084249],[106.2518291,78.3245378],[105.8865946,78.2489683]]],[[[100.5074912,78.8395392],[100.106167,78.6765757],[100.0303547,78.5557211],[99.8469288,78.4170881],[99.8193025,78.324198],[99.4567414,78.1965176],[99.3271482,78.1315316],[99.1590732,78.0095319],[99.2597678,77.9368913],[99.3677042,77.8933762],[99.5786327,77.8729592],[100.1841652,77.900562],[101.2564402,78.0802251],[101.4423741,78.1299066],[101.8844946,78.1318485],[102.0999395,78.1145069],[102.4685108,78.1424795],[102.7014251,78.091696],[102.9854422,78.0785335],[103.5426503,78.1823271],[104.0010672,78.2040501],[104.4975411,78.2646698],[105.015318,78.2643735],[105.3773656,78.3609734],[105.6575823,78.4898942],[105.7026733,78.5623708],[105.6715949,78.6884297],[105.5708446,78.7882483],[105.1770713,78.9217979],[104.8106526,78.9646209],[104.728851,78.9906793],[104.6197879,79.0613994],[104.4110011,79.0867902],[104.2947376,79.1597018],[104.0988829,79.2092093],[103.5333186,79.2665151],[103.4301572,79.3375456],[103.1188818,79.402912],[102.4575288,79.4818745],[102.193565,79.4701435],[101.9137309,79.4117227],[101.6265981,79.4024782],[101.4244184,79.3665547],[101.2434164,79.2778061],[101.00552,79.2005427],[100.9452876,79.1492451],[100.7879862,79.0712575],[100.5074912,78.8395392]]],[[[101.2560657,77.7311108],[100.9384001,77.6936667],[100.9091287,77.6579603],[100.96273,77.6311375],[101.3338071,77.5594995],[101.7307026,77.5510043],[101.8348989,77.5690442],[101.8904217,77.6044557],[101.8574711,77.6349535],[101.6042751,77.7181265],[101.2560657,77.7311108]]],[[[98.299212,76.8725161],[98.3785299,76.8332736],[98.5411909,76.8182685],[98.7034535,76.8334959],[98.7725919,76.8701719],[98.6963001,76.915038],[98.5323501,76.9309501],[98.3646472,76.9153315],[98.3152747,76.8984169],[98.299212,76.8725161]]],[[[86.6703899,75.2731484],[86.6927684,75.2979203],[86.66671,75.321768],[86.4980019,75.3506359],[86.1151576,75.3345413],[86.02631,75.3145713],[85.9972047,75.2860596],[86.0540551,75.2479185],[86.2088673,75.2278573],[86.5099369,75.2434455],[86.6703899,75.2731484]]],[[[81.8492482,75.779468],[82.0455788,75.8226283],[82.39586,75.8068194],[82.9014222,75.867522],[83.3101884,75.8688295],[83.4406394,75.8889203],[83.4837636,75.9204808],[83.4417967,75.9691283],[83.3097071,75.998402],[82.722493,76.0360132],[82.3598514,76.0264581],[82.1987873,76.0405567],[81.9666062,75.9999136],[81.6641868,75.9982182],[81.4737732,75.9219703],[81.4806938,75.8307123],[81.509395,75.8071707],[81.6804781,75.7758115],[81.8492482,75.779468]]],[[[81.9039484,75.5416967],[81.5231999,75.4313275],[81.4060694,75.3497386],[81.4042453,75.2785801],[81.4541842,75.2195599],[81.5374717,75.1782834],[81.9891009,75.036847],[82.182848,75.017591],[82.3510674,75.0550933],[82.3780759,75.1893567],[82.4297534,75.2610798],[82.5030907,75.2930911],[82.5300891,75.3252145],[82.5190599,75.3582922],[82.4636685,75.3997585],[82.4827855,75.5135598],[82.4465232,75.5410986],[82.2502119,75.5669408],[81.9039484,75.5416967]]],[[[84.4838967,74.6342918],[84.4955384,74.6596689],[84.4672652,74.6865461],[84.2993872,74.715146],[84.10849,74.704281],[84.0457703,74.6844393],[84.0188302,74.6557351],[84.0634114,74.6015974],[84.1738448,74.5808806],[84.326008,74.5946908],[84.4838967,74.6342918]]],[[[79.7289435,74.4786908],[79.8231411,74.5635793],[79.8086755,74.6003841],[79.7336987,74.6309691],[79.4619593,74.6827724],[79.3062996,74.695752],[79.1511252,74.6803667],[79.0600932,74.6455137],[79.013526,74.5992158],[79.0262726,74.556882],[79.0602865,74.5306713],[79.2250536,74.486645],[79.5572786,74.4581626],[79.7289435,74.4786908]]],[[[78.4583492,72.7880707],[78.8119826,72.6918969],[79.3752588,72.6538022],[79.6518703,72.6814759],[79.7479463,72.7485791],[79.7058166,72.8565241],[79.6988323,72.941374],[79.5020731,73.047105],[79.2963184,73.1204297],[79.3036104,73.210133],[79.3458178,73.2314273],[79.348025,73.255267],[79.2911761,73.2824818],[79.1870204,73.2956557],[78.8086381,73.2882898],[78.6448908,73.2309294],[78.6150642,73.189841],[78.6246149,73.1707074],[78.7125508,73.1425154],[78.8469956,73.139097],[78.8811018,73.0545914],[78.8069083,73.0075929],[78.4902904,72.8831381],[78.4445078,72.8291952],[78.4583492,72.7880707]]],[[[75.2359127,73.3480416],[75.3177395,73.3243915],[75.4441855,73.322183],[75.6364841,73.3761302],[75.8898532,73.37916],[76.1072718,73.428336],[76.2306702,73.4341986],[76.431942,73.4123179],[76.7049448,73.3472741],[76.8570104,73.3591368],[76.9157446,73.3973438],[76.8884589,73.4346379],[76.8103353,73.4714837],[76.6497957,73.5076228],[76.1452485,73.5724879],[75.7708728,73.5716484],[75.5675618,73.5532423],[75.3247105,73.498276],[75.2095607,73.4184086],[75.2024961,73.3846344],[75.2359127,73.3480416]]],[[[76.660212,73.210678],[76.1971124,73.2465308],[75.9415297,73.2432855],[75.8280237,73.2167616],[75.7900417,73.1610324],[75.8201171,73.1235891],[75.9018309,73.0997287],[76.3654952,73.0738764],[76.7101658,73.072171],[76.8074032,73.0864465],[76.8636176,73.1152251],[76.8550848,73.1490829],[76.8066474,73.1771966],[76.660212,73.210678]]],[[[59.5379068,74.5238789],[59.803356,74.5193767],[60.0127174,74.5690165],[60.0638273,74.6046439],[60.04593,74.6613417],[60.3803432,74.6993494],[60.4850888,74.7398128],[60.4944487,74.7922158],[60.736133,74.8276967],[60.8050656,74.8747719],[60.8242127,74.9127689],[60.7595765,74.9630762],[60.9093809,74.9879758],[60.9988101,75.0611835],[61.2252378,75.0815974],[61.2567994,75.1095335],[61.2211131,75.1379595],[61.2854606,75.1656028],[61.5170063,75.1591436],[61.6552502,75.1822779],[62.0337925,75.3278078],[62.171344,75.3399143],[62.2505206,75.368834],[62.4185364,75.3774036],[63.0328664,75.5131284],[63.2881637,75.5150379],[63.6418523,75.5777064],[63.8899287,75.5678473],[64.1546398,75.6262464],[64.3065268,75.6794335],[64.6730459,75.694136],[65.039458,75.7546051],[65.2357539,75.7565885],[65.7376447,75.8694689],[65.8919235,75.8733585],[66.1121277,75.9176021],[66.5277572,75.9489091],[67.2283992,76.0436241],[68.0829341,76.1987628],[68.4599072,76.2210214],[68.5136869,76.2487477],[68.4951327,76.2849435],[68.6201967,76.3279065],[68.6525793,76.3622963],[68.7647011,76.3791667],[68.8916925,76.429247],[68.9069655,76.4599103],[69.1306451,76.5188596],[69.1463563,76.5546691],[69.1305711,76.5721525],[69.0017284,76.5981461],[69.0667649,76.634118],[69.2562437,76.679558],[69.2878053,76.704559],[69.2541644,76.7293703],[69.1571529,76.7465368],[69.193466,76.7683552],[69.1745164,76.8026703],[68.9664073,76.8399559],[69.006714,76.8618727],[69.0064987,76.8793355],[68.8261619,76.9239193],[68.7190446,76.987673],[68.5790066,77.0116009],[68.1064966,77.0358184],[67.8456692,77.0876185],[67.6713186,77.0887323],[67.508023,77.0656438],[67.470091,77.0315524],[67.1763324,76.9864714],[66.9157749,76.9707729],[66.7515195,76.9246525],[66.5702587,76.9031989],[66.5080779,76.8690451],[66.3362461,76.8557225],[66.2453833,76.8177432],[65.8861908,76.7650516],[65.7399604,76.7206154],[65.6302501,76.660876],[65.6479748,76.6300387],[65.8074212,76.5775924],[65.568006,76.5995811],[65.389316,76.5899514],[65.2716682,76.5578205],[65.2310117,76.5246418],[64.8537325,76.5145803],[64.556147,76.4271759],[64.3864594,76.4113832],[64.3652513,76.437876],[64.2926987,76.4582085],[64.0872781,76.4606632],[63.9761486,76.4304347],[63.9639925,76.3967639],[63.9794533,76.379926],[63.6382119,76.3716419],[63.3797731,76.3040727],[63.1087697,76.2806648],[62.7843452,76.3058897],[62.5593657,76.2801918],[62.3469004,76.303322],[62.0706654,76.2985322],[61.9475298,76.3286333],[61.7118049,76.3448485],[60.9888845,76.3270557],[60.8338388,76.2966428],[60.8205294,76.2786943],[60.8391377,76.2600506],[60.7667675,76.2243111],[60.768944,76.1983935],[60.7024596,76.1567982],[60.6710984,76.1893104],[60.5985459,76.2100084],[60.3522171,76.2160309],[59.9425873,76.1893704],[59.7098612,76.0926655],[59.3153533,76.0832379],[59.2485853,76.1081634],[59.1224308,76.1185477],[58.8908154,76.0842926],[58.8359203,76.0605127],[58.8342466,76.0375886],[58.9554769,76.0039818],[59.1894469,76.0041014],[58.6585357,75.9289595],[58.6081576,75.8923381],[58.654865,75.8546814],[58.4912752,75.8512153],[58.3797677,75.8188904],[58.3650851,75.7976335],[58.404174,75.7699348],[58.3912814,75.7460475],[58.2221169,75.7168259],[57.9859041,75.7051286],[57.8510406,75.6749945],[57.7901317,75.6311129],[57.8339353,75.5935016],[57.5471836,75.5560909],[57.3745187,75.5050041],[57.3573701,75.4717542],[57.4227366,75.4162085],[56.9746036,75.4288403],[56.5546538,75.3385393],[56.5143443,75.3117674],[56.5279023,75.2695466],[56.6219875,75.2332485],[56.4796618,75.17361],[56.3539699,75.2036089],[55.9968205,75.2292128],[55.8319431,75.215853],[55.6833503,75.1756884],[55.6059398,75.1298776],[55.550294,75.0589522],[55.5763459,75.0298714],[55.6756543,75.008012],[55.6395579,74.967329],[55.6491578,74.9475326],[55.7927877,74.908531],[56.0688537,74.9042047],[55.732077,74.8475649],[55.6098397,74.8031622],[55.5965304,74.7833014],[55.6133373,74.7635989],[55.7688036,74.7198443],[55.4081859,74.6269431],[55.422188,74.5825202],[55.3805001,74.5652094],[55.3688447,74.5393758],[55.5068118,74.473097],[55.2091315,74.4376019],[55.0964489,74.3648464],[55.1095831,74.3280648],[54.9192943,74.2713053],[54.9112582,74.2268045],[54.9294673,74.2056518],[54.4455817,74.0550752],[54.3907175,74.0168121],[54.392684,73.9824711],[54.1186291,73.9372949],[53.9264777,73.8771803],[53.8622766,73.8259811],[53.67199,73.8433295],[53.5320504,73.8098256],[53.4711314,73.7509281],[53.4742917,73.7257562],[53.505948,73.706112],[53.7132313,73.6517334],[53.9314532,73.5678098],[54.1529879,73.5455339],[53.8190683,73.4381433],[53.8074128,73.4104744],[53.8772995,73.3746396],[53.8691632,73.3501612],[53.3174473,73.2740751],[53.0448249,73.1775195],[52.8993234,73.0685558],[52.8975095,73.036549],[52.937237,73.0131159],[52.9010452,72.9583923],[52.4856171,72.8951525],[52.331147,72.8210403],[52.2974884,72.7781916],[52.2150644,72.7395606],[52.2034089,72.7107595],[52.2535066,72.6750563],[52.5488058,72.5747696],[52.5327181,72.5448977],[52.5477074,72.5114121],[52.4928293,72.4718755],[52.5024378,72.4415583],[52.3523935,72.376932],[52.3357525,72.3276637],[52.2633495,72.2953577],[52.2670886,72.2578323],[52.1910388,72.1853651],[52.0634279,72.1696097],[51.9347195,72.2106835],[51.7455117,72.2069908],[51.3858893,72.087467],[51.3090524,71.9941813],[51.2367869,71.8358098],[51.2434785,71.7774618],[51.3305845,71.6536463],[51.3890102,71.6030618],[51.3965024,71.557008],[51.4844636,71.4978242],[51.8370808,71.4017761],[52.2081851,71.3903481],[52.0681222,71.3407387],[52.0415355,71.3048775],[52.0566285,71.2521853],[52.1071605,71.2196759],[52.2931729,71.1649635],[52.4991304,71.1555421],[52.5345063,71.1190917],[52.6193255,71.091142],[52.6167695,71.0656798],[52.641623,71.0420595],[52.8024179,70.9971509],[52.8728608,70.9089199],[53.011762,70.8776678],[53.1687141,70.882004],[53.1653013,70.8490977],[53.2074189,70.8159129],[53.459097,70.7310489],[53.678368,70.7205631],[54.059583,70.6550941],[54.3537138,70.6465714],[54.5713033,70.5834003],[54.8336421,70.5661853],[54.9804255,70.5094478],[55.1170171,70.4865309],[55.4072468,70.4731658],[55.5667249,70.5021425],[55.6887714,70.4887665],[56.1130577,70.4972361],[56.2081477,70.4465771],[56.5497208,70.3816788],[56.6946594,70.3922316],[56.7767376,70.4350184],[57.1218935,70.3999903],[57.4228378,70.4188678],[57.6260143,70.4662079],[57.6797941,70.5051323],[57.6838021,70.5536965],[57.6578706,70.6039045],[57.8047791,70.6924166],[57.8045639,70.7178192],[57.7707997,70.7518064],[57.5498243,70.84843],[57.1592347,70.9073741],[57.0536535,70.9668169],[56.7746208,71.0552474],[56.5784948,71.1580142],[56.3937792,71.2166047],[56.2340586,71.3238382],[56.217957,71.3612648],[56.0650486,71.4704594],[56.0225083,71.5241085],[55.8721824,71.6215523],[55.7300473,71.8092881],[55.743036,71.8504002],[55.7157883,71.8939877],[55.5931646,71.9693862],[55.5874264,71.9865535],[55.6418302,72.0531258],[55.6354827,72.1027502],[55.7318606,72.1393245],[55.7608888,72.1798588],[55.7321862,72.2169086],[55.7345585,72.253758],[55.624468,72.3032669],[55.6919951,72.3850226],[55.7898068,72.4206935],[55.7982735,72.4549799],[55.7594555,72.4874351],[55.8234552,72.5233355],[55.8401007,72.5529519],[55.8886059,72.5841952],[56.0325038,72.6027694],[56.0946774,72.6309975],[56.1113839,72.6644772],[56.0770685,72.7145052],[56.265083,72.7428929],[56.3810113,72.8056735],[56.4273683,72.8608104],[56.42668,72.9037596],[56.4636945,72.9463122],[56.6176333,73.0005349],[56.639795,73.0275521],[56.622185,73.0598042],[56.7360043,73.0963003],[56.7592713,73.1450144],[56.7397316,73.1785552],[56.8665844,73.1957601],[56.9131589,73.2188524],[56.9257391,73.2471508],[57.0245129,73.2631223],[57.238574,73.3401788],[57.4226498,73.4367267],[57.4230549,73.4958663],[57.7574648,73.5735193],[57.8057191,73.6348992],[57.7708581,73.668758],[57.9350048,73.7019481],[58.0632928,73.754807],[58.0707484,73.8011064],[58.1412354,73.8391232],[58.1596654,73.9209524],[58.4250974,73.9605641],[58.4557035,73.984667],[58.4488498,74.0056849],[58.5390479,74.0544713],[58.6710121,74.0800152],[58.7689473,74.1517079],[58.9037469,74.1923071],[58.9665678,74.2462661],[58.9347186,74.2809615],[59.1954224,74.285493],[59.5276064,74.3861468],[59.7134167,74.402163],[59.7740629,74.4360435],[59.7592332,74.4637685],[59.7017713,74.4840521],[59.5170159,74.492945],[59.5379068,74.5238789]]],[[[82.0571901,77.4430434],[82.8180619,77.405174],[82.9406366,77.4299982],[82.9799359,77.4653542],[82.9362584,77.4952234],[82.7598438,77.5502714],[82.5264325,77.5853274],[82.1072191,77.5887419],[81.975764,77.5664592],[81.9191386,77.5271884],[81.9770944,77.4702839],[82.0571901,77.4430434]]],[[[94.0872209,78.1327545],[94.1104596,78.161778],[94.0811432,78.1856101],[94.1403234,78.2098741],[94.1454533,78.2347626],[94.0894947,78.2610601],[93.9537338,78.280956],[93.5720831,78.2707181],[93.3876126,78.2241768],[93.3449199,78.1814746],[93.4103603,78.135221],[93.6359089,78.0964268],[93.9012646,78.0929974],[94.0872209,78.1327545]]],[[[92.1234819,77.5415914],[92.3770177,77.6108747],[92.3807744,77.6352442],[92.3069892,77.6673701],[92.0201401,77.7171057],[91.704013,77.7088247],[91.5940946,77.6834412],[91.5582683,77.6543796],[91.5724332,77.6072969],[91.6002591,77.5896993],[91.8590361,77.5383478],[92.1234819,77.5415914]]],[[[90.9249325,77.3694121],[90.7100677,77.3866009],[90.4849249,77.3700568],[90.3898419,77.3399065],[90.3452449,77.2758524],[90.4572819,77.2260517],[90.7441799,77.2053128],[90.9651202,77.2193197],[91.0746621,77.2613184],[91.060728,77.3267652],[90.9249325,77.3694121]]],[[[90.1594067,77.0243949],[90.4120233,77.0544021],[90.4757578,77.0796237],[90.4918378,77.1047796],[90.4426671,77.1413019],[90.29049,77.1755729],[89.9654471,77.1943747],[90.0245702,77.2283352],[90.0468915,77.2656046],[89.9503956,77.3157183],[89.7263092,77.3569068],[89.4961016,77.365444],[89.0994534,77.3297693],[88.9712323,77.2771502],[88.9245858,77.2344028],[88.9183334,77.1997967],[88.5679898,77.1642508],[88.4398731,77.1197849],[88.4024455,77.0750089],[88.4535348,77.0145333],[88.5722561,76.969495],[88.750271,76.9262291],[88.9177029,76.9112966],[89.2890092,76.922881],[89.4668616,76.9662367],[89.5287254,76.9336461],[89.6382413,76.9134827],[89.9352002,76.907958],[90.0680518,76.9309943],[90.1243447,76.9636116],[90.1089291,77.0000686],[90.0163051,77.0285456],[90.1594067,77.0243949]]],[[[75.9680875,79.5722325],[76.7677753,79.4339831],[77.4947671,79.4254888],[77.7503254,79.4447542],[77.8646416,79.4950548],[77.8346268,79.5263868],[77.7070065,79.5583163],[76.8021161,79.6756756],[76.5037524,79.68594],[76.2831635,79.7250781],[75.9815985,79.7184059],[75.8465665,79.6866433],[75.8079936,79.6578151],[75.8404088,79.6228901],[75.9680875,79.5722325]]],[[[56.6922044,68.8032523],[56.6500616,68.8498594],[56.5169931,68.8690476],[56.389491,68.8442335],[56.3320401,68.8013925],[56.3766902,68.7580506],[56.4929286,68.7404834],[56.6053204,68.7556751],[56.6922044,68.8032523]]],[[[48.0575383,68.9211032],[48.0756005,68.8016681],[48.1092766,68.7558902],[48.3260701,68.6710937],[49.1325232,68.6087663],[49.522443,68.6100947],[49.6792447,68.6400539],[49.7606529,68.689139],[49.7180005,68.7325953],[49.5976649,68.7481069],[49.9697029,68.8696522],[50.2264399,68.9226732],[50.4219574,69.0508923],[50.4597077,69.1173327],[50.4388854,69.1688668],[50.3853127,69.2163397],[50.1756533,69.3167463],[49.3816559,69.5419907],[48.9624816,69.5496608],[48.6289583,69.4989818],[48.4088812,69.4147366],[48.208567,69.3006972],[48.0890114,69.1352091],[48.0575383,68.9211032]]],[[[42.3365605,66.7042877],[42.6322366,66.6122278],[42.733132,66.6193574],[42.7905685,66.6463718],[42.8123259,66.6942349],[42.7873508,66.7441713],[42.7331205,66.7849714],[42.5666196,66.8278738],[42.3920124,66.8187085],[42.3011535,66.7645081],[42.3031635,66.7294309],[42.3365605,66.7042877]]],[[[35.6624571,64.7753732],[35.7282046,64.8218365],[35.6727356,64.8663778],[35.5306962,64.8742581],[35.4547548,64.8300238],[35.4657484,64.802289],[35.5128251,64.7783258],[35.6624571,64.7753732]]],[[[179.9999882,70.9216534],[179.9999889,71.5787904],[179.7150155,71.5323766],[179.4131302,71.4552061],[179.0489997,71.3032607],[178.8046017,71.2612488],[178.7031315,71.1925874],[178.5303927,71.1279143],[178.4640395,71.0630258],[178.5040387,70.9565681],[178.6452845,70.8312451],[178.6057968,70.7925427],[178.6084088,70.7715458],[178.7251245,70.7322863],[178.9112418,70.7416999],[179.1941575,70.8161884],[179.4853007,70.7992914],[179.6773488,70.8208233],[179.9105601,70.9071881],[179.9999882,70.9216534]]],[[[164.7331231,59.6661548],[164.673613,59.6804233],[164.5971252,59.6709086],[164.5535807,59.6459361],[164.5437464,59.6112143],[164.6156301,59.5484372],[164.7381607,59.5485623],[164.7900069,59.5925156],[164.7331231,59.6661548]]],[[[163.6857542,58.9002719],[163.6464546,58.7781259],[163.5769666,58.7236988],[163.5048188,58.6223508],[163.3573004,58.5981061],[163.3079811,58.5581643],[163.3090671,58.528454],[163.4061941,58.4174258],[163.4725139,58.3994564],[163.5596842,58.4112966],[163.597683,58.4428526],[163.5975742,58.475859],[163.6695246,58.5387753],[163.8234747,58.5961013],[163.8918703,58.6450166],[164.0060056,58.6603327],[164.2162544,58.7597859],[164.2938595,58.7579464],[164.4873872,58.8139567],[164.6397328,58.8179739],[164.7180552,58.8402724],[164.7938194,58.9186218],[164.7910548,58.9685344],[164.8328304,59.03684],[164.7434739,59.1255892],[164.6809609,59.260434],[164.5670115,59.2892801],[164.3248626,59.2149981],[164.2653922,59.1600014],[163.9679189,59.0834175],[163.7553965,59.0686973],[163.6526366,59.0420057],[163.6058057,59.0151428],[163.5906821,58.9789055],[163.6357866,58.9420615],[163.7203343,58.9368702],[163.6857542,58.9002719]]],[[[167.6487332,54.6339623],[167.8000882,54.5837299],[167.8999706,54.5153436],[168.0586208,54.4473606],[168.1439839,54.4491677],[168.1924773,54.4894592],[168.1601008,54.553752],[168.0263174,54.6329806],[168.0076655,54.6869352],[167.8414725,54.7456874],[167.7881272,54.8007718],[167.6479874,54.842815],[167.4500064,54.9382652],[167.3862986,54.9386753],[167.3339368,54.9113773],[167.3281413,54.8755674],[167.3863259,54.7833444],[167.6487332,54.6339623]]],[[[165.8567277,55.1773591],[165.9846819,55.1110089],[165.9910465,55.0470803],[166.0810527,54.9723319],[166.1077919,54.9228796],[166.302871,54.789082],[166.4012431,54.7738699],[166.5033715,54.6915704],[166.6331447,54.6270269],[166.709565,54.6262302],[166.7620112,54.6604823],[166.7696398,54.7452699],[166.7360966,54.873617],[166.6599686,54.9524723],[166.5331281,54.989155],[166.4345049,55.1177734],[166.3363548,55.190002],[166.3498419,55.2505296],[166.3899248,55.2994815],[166.3214524,55.3713931],[166.2541554,55.3856979],[166.1912516,55.3693188],[165.9659721,55.4164389],[165.6737165,55.3065884],[165.6712657,55.2757397],[165.7110498,55.2404219],[165.6979549,55.2107468],[165.7212823,55.1783536],[165.7925575,55.1608726],[165.8567277,55.1773591]]],[[[-168.9769333,65.6908026],[-168.9770225,65.8652071],[-169.1228617,65.8691248],[-169.2059717,65.8371984],[-169.247536,65.7600144],[-169.1746982,65.7058936],[-168.9769333,65.6908026]]],[[[-174.7832721,67.4812838],[-174.7044998,67.4103393],[-174.6011901,67.3956899],[-174.4938792,67.4181173],[-174.4523038,67.4562214],[-174.49881,67.5005274],[-174.6665078,67.5350178],[-174.7732935,67.505518],[-174.7832721,67.4812838]]],[[[-179.9999762,69.044434],[-179.9999534,64.9722882],[-179.8461917,65.0179564],[-179.7068213,65.0841727],[-179.5736524,65.1103399],[-179.4280067,65.2242476],[-179.4068436,65.3003936],[-179.358243,65.3574705],[-179.3633469,65.3924753],[-179.141263,65.5286905],[-179.1492816,65.5545273],[-179.1925292,65.577449],[-179.1536226,65.6246523],[-179.1726191,65.6614664],[-179.5206841,65.7685382],[-179.5991966,65.8240296],[-179.6693569,65.9471248],[-179.6315279,66.0194914],[-179.6365574,66.0609195],[-179.2890987,66.0697448],[-179.1036359,66.1468802],[-178.9541595,66.1052656],[-178.8179943,66.1120569],[-178.8583388,66.0878636],[-178.9650812,66.094455],[-179.0454191,66.0651276],[-179.0496267,66.0302972],[-178.9684509,65.9584463],[-179.0060745,65.9269008],[-179.0086587,65.9019268],[-178.9464551,65.85635],[-178.8366355,65.8232526],[-178.8258288,65.7857518],[-178.7267286,65.7161024],[-178.6621787,65.6908386],[-178.5575596,65.6826629],[-178.5768598,65.6312728],[-178.6106715,65.6047525],[-178.6115481,65.5680726],[-178.6594372,65.521922],[-178.7810602,65.5289791],[-178.8613981,65.4990003],[-178.8656057,65.4633963],[-178.8237297,65.4378003],[-178.4361619,65.3910721],[-177.7488399,65.3974159],[-177.2168776,65.4471049],[-177.0835759,65.4919375],[-177.0366015,65.5394119],[-176.9577648,65.5516876],[-176.1639554,65.4063556],[-176.1561511,65.3775755],[-176.0159697,65.2870889],[-176.0105822,65.2450727],[-175.8811818,65.1460898],[-175.9176478,65.1048372],[-175.9202095,65.0662667],[-176.01642,65.0223342],[-176.0078357,64.9803842],[-175.8587944,64.9032463],[-175.6639982,64.865937],[-175.5722859,64.8092163],[-175.5477832,64.7575947],[-175.5099785,64.7361394],[-175.0527181,64.7102484],[-174.883037,64.7265298],[-174.1667909,64.5118336],[-174.1662038,64.4633256],[-174.0894839,64.3864173],[-173.8742642,64.3208752],[-173.6703941,64.2741524],[-173.4908507,64.2829298],[-173.4279446,64.2457918],[-173.1918304,64.1977573],[-172.9180685,64.2068234],[-172.7535893,64.2649227],[-172.6915848,64.3316878],[-172.5591731,64.3229268],[-172.3892904,64.3521491],[-172.1998373,64.347487],[-172.1042457,64.384214],[-172.0999982,64.4106181],[-172.1248896,64.4388264],[-172.2881658,64.5215312],[-172.3043825,64.5597759],[-172.2344853,64.5779785],[-172.2061434,64.6060031],[-172.219142,64.6374396],[-172.2655383,64.6587837],[-171.987846,64.7155236],[-171.9505737,64.7362751],[-171.9420698,64.767135],[-172.0301619,64.8218414],[-172.2175111,64.8747476],[-172.3132426,64.8832277],[-172.1974065,64.926497],[-171.9733616,65.0536083],[-171.9694484,65.1106496],[-172.0762972,65.2078301],[-172.0609949,65.2903804],[-172.0860837,65.3409947],[-172.0292724,65.4184024],[-171.3191204,65.4722725],[-171.1003082,65.4186319],[-170.9662619,65.429077],[-170.8752868,65.4755813],[-170.8424654,65.525846],[-170.8404708,65.5665117],[-170.5584446,65.5532626],[-170.4255954,65.6036499],[-170.3733961,65.6516554],[-170.3863947,65.7727205],[-170.3502835,65.8176698],[-170.373677,65.8608158],[-170.3338714,65.8810547],[-170.1721036,65.9173169],[-170.0024454,65.9820417],[-169.9518731,65.9879812],[-169.798543,65.953056],[-169.6520391,65.9625974],[-169.5855944,65.9971667],[-169.5260756,66.0822987],[-169.5389655,66.122553],[-169.6297463,66.1837296],[-170.0075501,66.2465606],[-170.169466,66.3349502],[-170.469966,66.3899332],[-170.5959169,66.4621424],[-171.2611092,66.7051415],[-171.2138502,66.7444068],[-171.2330509,66.7820737],[-171.5400262,66.8718027],[-171.5031036,66.9071993],[-171.5039565,66.9316571],[-171.6038742,66.9855251],[-171.9208163,67.0304624],[-172.102815,67.0049619],[-172.6455875,67.0663727],[-172.7395986,67.1002623],[-173.0351652,67.0971356],[-173.6291903,67.1678027],[-173.7160999,67.1601018],[-173.7868214,67.1262945],[-174.5497581,67.1274407],[-174.5500986,67.2158657],[-174.6969783,67.4041174],[-175.1103322,67.5743366],[-175.1582648,67.6219978],[-175.1323335,67.6548888],[-175.1626273,67.6911802],[-175.670152,67.837409],[-175.6745333,67.8675804],[-175.7124646,67.8889904],[-175.8844017,67.9019951],[-176.2182641,67.9825241],[-177.2485392,68.2842442],[-177.4552666,68.3273182],[-177.7943738,68.4522072],[-178.4218876,68.6428065],[-178.7556775,68.7935895],[-179.1947412,68.8922287],[-179.3661539,68.9698422],[-179.5390102,68.9866701],[-179.6780822,68.9532364],[-179.9999762,69.044434]]],[[[-175.3565259,71.3660071],[-175.3660746,71.3910434],[-175.4216735,71.4151819],[-175.7043567,71.4599566],[-175.849367,71.4487513],[-175.9091489,71.4086434],[-175.8146639,71.3517988],[-175.6280527,71.3036548],[-175.4363859,71.3178001],[-175.3565259,71.3660071]]],[[[-179.9999785,71.6049103],[-179.9998982,70.9230118],[-179.7380969,70.8985677],[-179.7187868,70.8914288],[-179.735825,70.8659056],[-179.7167748,70.8407641],[-179.6133466,70.8121217],[-179.170554,70.8349617],[-178.6735983,70.9073819],[-178.3616856,70.9217836],[-177.8355524,70.9786768],[-177.4469685,71.077047],[-177.333936,71.1389002],[-177.2758965,71.2251958],[-177.292855,71.2588352],[-177.400363,71.3046578],[-177.6350237,71.3441624],[-177.8502748,71.4862415],[-178.2394769,71.580331],[-178.8299678,71.6429145],[-179.188952,71.656157],[-179.9999785,71.6049103]]],[[[143.3998747,56.4001414],[143.3902296,56.4178375],[143.3717127,56.408143],[143.3768865,56.3991278],[143.3998747,56.4001414]]],[[[150.6497676,58.9625028],[150.8651439,59.0623694],[150.8766507,59.1264801],[150.8416457,59.1580304],[150.7069881,59.1986347],[150.620478,59.1785818],[150.5888206,59.1345887],[150.4580909,59.0998179],[150.3816779,59.0490648],[150.358686,59.0107439],[150.3974201,58.9594644],[150.5000252,58.9465635],[150.6497676,58.9625028]]],[[[139.3241658,54.5550617],[139.3645244,54.6178286],[139.3010028,54.6644558],[139.1597863,54.6346331],[139.1204074,54.5961723],[139.1359329,54.5579312],[139.1872225,54.5323143],[139.3241658,54.5550617]]],[[[138.3005609,54.6723727],[138.3304069,54.6939939],[138.3358737,54.7234616],[138.2607522,54.7720078],[138.1487243,54.7673919],[138.0879916,54.7203471],[138.1082498,54.6809477],[138.1685588,54.6557137],[138.3005609,54.6723727]]],[[[136.9125592,54.8520564],[137.0936101,54.8717577],[137.1497603,54.9000384],[137.1736007,54.9342453],[137.159658,54.9787194],[137.2780991,55.0878553],[137.2671138,55.1377042],[137.1872504,55.1678592],[137.0044547,55.1574292],[136.833522,55.0783443],[136.7296455,55.0542568],[136.6269926,54.9910468],[136.4879029,55.0121092],[136.4342807,54.9952143],[136.4088909,54.9637083],[136.4193851,54.9348708],[136.4700374,54.9015817],[136.586287,54.8992691],[136.6295642,54.8608449],[136.7302457,54.8345667],[136.7960755,54.8382644],[136.8541263,54.8692156],[136.9125592,54.8520564]]],[[[79.5601135,80.6916191],[80.1386682,80.7258365],[80.4050116,80.7738686],[80.4991941,80.8018673],[80.5303956,80.8343348],[80.5062224,80.8657538],[80.3371718,80.9069553],[79.6704511,80.9569958],[79.4035055,80.9571433],[78.9117634,80.9248209],[78.6363525,80.8839263],[78.4860178,80.8422101],[78.4531613,80.8171994],[78.4457957,80.7741564],[78.5300278,80.7307244],[78.788903,80.6957321],[79.5601135,80.6916191]]],[[[90.5405051,80.995926],[91.24581,80.9863145],[91.6099998,81.0158011],[91.9181732,81.0889776],[91.9615083,81.1340306],[91.879241,81.1870529],[91.7495486,81.2222984],[91.1002849,81.2792073],[90.1641253,81.2399764],[89.89532,81.1979615],[89.8232831,81.1503618],[89.8270115,81.1225099],[89.8834845,81.0824155],[90.076487,81.0409922],[90.5405051,80.995926]]],[[[37.0420749,80.1827544],[36.8909264,80.2082081],[36.655124,80.2133084],[36.4201461,80.1914291],[36.3348551,80.1520395],[36.4510248,80.1142685],[36.7775449,80.0912557],[37.0150555,80.1040761],[37.1322643,80.1413928],[37.0420749,80.1827544]]],[[[23.369822,57.789407],[23.3353992,57.8427798],[23.2457767,57.8747483],[23.1567179,57.8582527],[23.1163628,57.8063713],[23.1512547,57.7545132],[23.24605,57.7316042],[23.3330488,57.7433328],[23.369822,57.789407]]],[[[28.0909471,60.2424956],[28.0513923,60.2948268],[27.9513508,60.3143568],[27.8578745,60.2937163],[27.8201547,60.2415014],[27.8623854,60.1951985],[27.9566585,60.1773914],[28.0527941,60.1978663],[28.0909471,60.2424956]]],[[[28.2289592,59.9603494],[28.4238982,59.93372],[28.5150341,59.9718201],[28.534716,60.0151074],[28.4836357,60.0790751],[28.3564717,60.103868],[28.2411522,60.0895533],[28.178955,60.049156],[28.0434598,60.1011651],[27.9162871,60.0895096],[27.789913,60.1036609],[27.7014908,60.0722068],[27.6631374,60.0280801],[27.6796492,59.9650376],[27.7297832,59.9230887],[27.7946949,59.902816],[27.8904314,59.907466],[28.00994,59.9528172],[28.1149645,59.9568339],[28.1802367,59.9877137],[28.2289592,59.9603494]]],[[[27.8134142,59.7493045],[27.8393773,59.7787661],[27.8350581,59.8108952],[27.7570088,59.8527575],[27.6417109,59.848488],[27.575247,59.7948577],[27.5931321,59.7566272],[27.6608699,59.7277195],[27.7496125,59.7266705],[27.8134142,59.7493045]]],[[[27.2922449,59.7869849],[27.347232,59.8183447],[27.3605522,59.8561842],[27.337055,59.8909191],[27.2698212,59.9235137],[27.1110465,59.9206063],[27.0587094,59.8915555],[27.0416059,59.8472092],[26.9762016,59.8793174],[27.0183738,59.9130773],[27.0195992,59.9463764],[27.1189563,59.970825],[27.1629457,60.0176501],[27.1442197,60.0697524],[27.0294952,60.1616432],[26.9271429,60.1703313],[26.8366608,60.1382571],[26.8087259,60.0954794],[26.8457236,60.012515],[26.7643917,59.9921318],[26.7287152,59.9552593],[26.7451249,59.9107767],[26.8187996,59.87104],[26.7778715,59.8464884],[26.7634074,59.8127066],[26.7834054,59.7742606],[26.8321321,59.749068],[26.967216,59.7316293],[27.046687,59.751557],[27.0838178,59.7931261],[27.1829358,59.767279],[27.2922449,59.7869849]]],[[[28.1261183,46.8528412],[28.1147071,46.8218955],[28.1765802,46.7779301],[28.1606724,46.7771148],[28.1852217,46.7597726],[28.1734419,46.7509256],[28.2097044,46.7122331],[28.2087001,46.6864149],[28.2368097,46.6790192],[28.2521283,46.6123193],[28.2415015,46.5817732],[28.2228864,46.5794952],[28.2358363,46.5517431],[28.2095589,46.5054973],[28.2573705,46.4626497],[28.2405548,46.4493142],[28.2610065,46.4376737],[28.2245951,46.4012803],[28.2429013,46.394991],[28.2177594,46.395586],[28.1977455,46.3711354],[28.2069591,46.3580162],[28.1830088,46.3528491],[28.2046223,46.3135407],[28.1803137,46.2854575],[28.1718503,46.2980795],[28.1694169,46.282665],[28.1409906,46.2857098],[28.1262038,46.262092],[28.1466116,46.2518382],[28.1098311,46.2419584],[28.1099777,46.2049758],[28.1410802,46.1923984],[28.1281286,46.1772093],[28.1430832,46.1643571],[28.1236884,46.1502361],[28.123017,46.1049983],[28.1024669,46.0988284],[28.108774,46.0785296],[28.0921205,46.0791015],[28.1035517,46.0433594],[28.0853488,46.0082441],[28.1256717,45.922544],[28.1130463,45.8849988],[28.132462,45.8769685],[28.1058196,45.85941],[28.1128049,45.7937751],[28.1537233,45.7827043],[28.1439251,45.7613591],[28.1697062,45.7104408],[28.1577837,45.6498499],[28.1738763,45.6446392],[28.0885616,45.6045982],[28.121618,45.5718667],[28.1567226,45.5753617],[28.1539793,45.5099275],[28.1865666,45.4738713],[28.2748546,45.4480824],[28.2858409,45.394104],[28.3390559,45.3260756],[28.5728587,45.2466058],[28.7184276,45.2236379],[28.7909197,45.2402489],[28.7510942,45.2830218],[28.7946962,45.2926835],[28.8060259,45.3105534],[28.7802767,45.3240728],[28.8084291,45.3351756],[28.9443849,45.2801229],[28.9886736,45.3559271],[29.1478037,45.3870402],[29.245994,45.4340391],[29.5058119,45.4527945],[29.5921434,45.3880616],[29.659481,45.4305637],[29.8216148,45.4795126],[29.7688437,45.5282262],[29.709686,45.5186672],[30.2690926,45.84336],[30.5996337,46.1360989],[30.7290411,46.3079788],[30.8030047,46.3682588],[30.8247713,46.4456335],[30.7914435,46.5198223],[30.8571364,46.5177848],[31.1733349,46.5903757],[31.4080612,46.5576818],[31.455132,46.5725711],[31.508514,46.5148486],[31.6864613,46.3969813],[31.7324324,46.3430994],[31.6797586,46.2858786],[31.5981103,46.2969057],[31.5844527,46.3794464],[31.5517207,46.4024099],[31.4918,46.3958425],[31.4635751,46.3637519],[31.4623518,46.3140435],[31.4905835,46.2682603],[31.6172,46.1995343],[32.914872,45.9744957],[33.1096017,45.9850559],[33.1282879,46.0096869],[33.1079865,46.0427734],[32.980748,46.072976],[33.0898348,46.0957649],[33.1386003,46.0875182],[33.1492987,46.0477598],[33.185516,46.0303476],[33.2503334,46.049738],[33.3408122,46.0399021],[33.4254436,45.9926311],[33.5265543,45.9928149],[33.5659666,46.0181957],[33.580424,45.9202875],[33.5119528,45.912006],[33.2425397,45.7893268],[33.2062823,45.8377964],[33.1450604,45.8364924],[33.1040069,45.7514174],[32.9217106,45.6901384],[32.770194,45.597377],[32.5283591,45.4972072],[32.4374534,45.4253535],[32.4264256,45.3906298],[32.4440927,45.3325023],[32.4763352,45.3113137],[32.6532962,45.2772437],[32.7712643,45.3291626],[32.8914071,45.3257216],[33.0277831,45.2486133],[33.1143432,45.1748157],[33.2398862,45.1125123],[33.3012611,45.1123045],[33.4034551,45.153333],[33.4715435,45.1094808],[33.5482828,44.9980519],[33.5543731,44.8777913],[33.5095302,44.860728],[33.4823479,44.8002721],[33.4909317,44.6699387],[33.3480194,44.6148625],[33.3271095,44.571387],[33.4559252,44.4663807],[33.5859198,44.452807],[33.6102458,44.4013724],[33.7173954,44.3521697],[33.8562974,44.3676067],[33.9737458,44.3549661],[34.1525404,44.3948322],[34.2073543,44.4625698],[34.3857211,44.5220718],[34.495321,44.6832077],[34.7261313,44.7696238],[34.9173191,44.7791322],[34.9615925,44.7999924],[35.0313401,44.7660814],[35.1055737,44.7600842],[35.1797016,44.8115242],[35.1976578,44.8693865],[35.2670399,44.8874398],[35.3019596,44.9250881],[35.379078,44.9100549],[35.4213097,44.9218321],[35.4427372,44.9485751],[35.4344126,44.9741246],[35.4780971,45.0123826],[35.4502265,45.0488481],[35.5196846,45.0824481],[35.5926566,45.0916743],[35.6925616,45.0640843],[35.8320219,44.9607004],[35.9712147,44.9763205],[36.0416511,45.0129396],[36.2303565,44.9907335],[36.2853201,45.0178329],[36.3891703,45.0238462],[36.5035652,45.0859273],[36.4561638,45.2062051],[36.488475,45.260683],[36.5495157,45.2146021],[36.5499103,45.1781284],[36.6142939,45.1051305],[36.719262,45.0734105],[36.8833115,45.0695049],[37.1182439,45.0005528],[37.2285862,44.9455234],[37.2578599,44.9204107],[37.2467253,44.8775558],[37.3285435,44.7728119],[37.3275205,44.7446651],[37.4568106,44.661119],[37.7298993,44.6113065],[37.8467728,44.6506739],[37.8767968,44.5912187],[38.0484,44.5039202],[38.1686778,44.3872674],[38.2681255,44.3731614],[38.3588292,44.3326032],[38.551175,44.3130071],[38.756767,44.2518567],[38.8386664,44.1641721],[38.9640554,44.129314],[39.0007497,44.0680816],[39.0480422,44.0575077],[39.1136383,43.9935938],[39.2567935,43.9153416],[39.5690134,43.6410929],[39.6491177,43.6072728],[39.6919439,43.5427951],[39.8372984,43.4745256],[39.8827209,43.3912866],[40.203496,43.287385],[40.2279143,43.1763828],[40.3086691,43.1156169],[40.3521298,43.107182],[40.3928965,43.1282166],[40.4993475,43.1033387],[40.5749645,43.0524728],[40.8380141,43.0376919],[40.9329764,42.9524884],[41.0196885,42.9504428],[41.0577665,42.827514],[41.1146175,42.7673172],[41.2617474,42.7523977],[41.4074781,42.702575],[41.4629754,42.5788456],[41.5032685,42.3841191],[41.5482667,42.347267],[41.5741592,42.2891856],[41.5826737,42.1811102],[41.702989,41.9996689],[41.7243818,41.8583852],[41.6695654,41.7236494],[41.5242791,41.6223443],[41.4967529,41.5392802],[41.633318,41.486869],[41.709271,41.496294],[41.7079195,41.4741924],[41.785626,41.461436],[41.821883,41.4323642],[41.962815,41.524712],[42.038263,41.493912],[42.177712,41.514861],[42.204376,41.491122],[42.284337,41.492916],[42.448143,41.438524],[42.519901,41.436607],[42.512881,41.47241],[42.572667,41.51001],[42.5762406,41.5655106],[42.600855,41.584932],[42.698076,41.600707],[42.779005,41.576923],[42.835158,41.585068],[42.802074,41.495427],[42.850977,41.470226],[42.875556,41.502348],[42.900763,41.500596],[42.899224,41.478766],[42.967811,41.450781],[43.018686,41.375555],[43.095878,41.357234],[43.135839,41.318727],[43.213501,41.305794],[43.212992,41.289516],[43.127942,41.253207],[43.194404,41.253886],[43.231033,41.173085],[43.3671682,41.2034424],[43.448302,41.176102],[43.474063,41.12304],[43.4474175,41.0992602],[43.4714069,41.0681852],[43.4683864,41.0312334],[43.6714575,40.9370094],[43.6780143,40.8449421],[43.7452412,40.7408476],[43.7487173,40.6808171],[43.6695814,40.5668287],[43.643918,40.562134],[43.6499691,40.5313499],[43.6274385,40.537335],[43.6342191,40.5189213],[43.5716754,40.5040799],[43.5421389,40.476909],[43.6197206,40.4215067],[43.590814,40.3451289],[43.6409417,40.2724221],[43.6828082,40.2573388],[43.6837106,40.2266454],[43.6531003,40.2248851],[43.7128425,40.1718953],[43.6506169,40.1456596],[43.6549898,40.1135884],[43.8966693,40.0214115],[44.1729419,40.0272721],[44.2743686,40.049423],[44.4811932,39.9661832],[44.5919514,39.859107],[44.5945362,39.8244407],[44.6171957,39.8281936],[44.6118525,39.8145852],[44.6563957,39.7923225],[44.6944365,39.7930832],[44.6873476,39.7720251],[44.7107641,39.7699858],[44.7227183,39.7420096],[44.7449644,39.7433174],[44.7475578,39.7164325],[44.8018693,39.6839332],[44.8162333,39.6151527],[44.8577925,39.602389],[44.8754861,39.6152703],[44.8754974,39.5931757],[44.8972737,39.6050778],[44.888328,39.5813283],[44.9159506,39.5659716],[44.9096338,39.5250776],[44.9519918,39.4915908],[44.9398318,39.4598907],[44.9757384,39.4506505],[44.964205,39.4220713],[45.0581208,39.381279],[45.0566891,39.3648789],[45.0863731,39.3517664],[45.0803121,39.3339595],[45.1283391,39.3024018],[45.1176984,39.2874571],[45.1415414,39.2853029],[45.1501031,39.2065609],[45.173949,39.2178937],[45.337778,39.1725],[45.406869,39.0946489],[45.4035592,39.0728555],[45.4570971,39.0511487],[45.4372388,39.0120285],[45.455129,38.990694],[45.5434704,38.9646086],[45.5823706,38.9782385],[45.614866,38.9415837],[45.6921458,38.9516615],[45.736845,38.9275321],[45.7979968,38.9249278],[45.9099009,38.8737991],[45.9439823,38.8966815],[46.0080962,38.8721974],[46.0661634,38.8871924],[46.1486279,38.8414796],[46.2133626,38.8531716],[46.3409987,38.9163896],[46.4225719,38.8829842],[46.4537546,38.898485],[46.5231372,38.8891347],[46.5348809,38.8676606],[46.6547904,38.9541513],[46.6976899,39.0195054],[46.7531696,39.0258727],[46.7677438,39.0701303],[46.8341613,39.1149471],[46.8395615,39.1389486],[46.9258816,39.1631865],[46.9624669,39.1405011],[47.0187688,39.1668684],[47.0620554,39.2062574],[47.0803981,39.2660338],[47.317527,39.3726436],[47.3937324,39.4672705],[47.531501,39.4997194],[47.6704145,39.5793246],[47.7522112,39.6045906],[47.8112627,39.6581346],[47.9170061,39.6602491],[47.98571,39.708781],[48.031426,39.691611],[48.3684253,39.380421],[48.210309,39.32864],[48.129261,39.27124],[48.149027,39.198816],[48.22016,39.163148],[48.234584,39.130066],[48.307584,39.108186],[48.339269,39.036706],[48.329832,39.012676],[48.269645,38.967153],[48.088383,38.946672],[48.070691,38.91101],[48.016611,38.910483],[48.021027,38.837468],[48.107137,38.788966],[48.107318,38.769801],[48.249614,38.72651],[48.252622,38.66224],[48.294764,38.646496],[48.314928,38.604319],[48.458932,38.608471],[48.46217,38.564271],[48.506092,38.54646],[48.512574,38.518526],[48.590763,38.455868],[48.599634,38.417522],[48.66251,38.392233],[48.738442,38.410588],[48.790457,38.451464],[48.9452814,38.4443303],[48.9303585,38.7435072],[48.9022061,38.8195151],[48.9688103,38.8862232],[49.0022846,38.9700869],[48.9938733,39.14018],[49.0312954,39.1534928],[49.0934369,39.0935651],[49.1710278,39.0799744],[49.0529248,39.0098475],[49.0172192,38.9495307],[49.0779874,38.8995837],[49.1459652,38.8983813],[49.1991803,38.9216235],[49.2410656,38.9750248],[49.2414089,39.0749105],[49.2862127,39.1381827],[49.3001171,39.2521956],[49.31591,39.2580443],[49.3399426,39.199802],[49.402084,39.1856995],[49.4807049,39.2375719],[49.4906613,39.3034875],[49.4643971,39.372526],[49.3354794,39.4960935],[49.3358227,39.5498537],[49.3790814,39.6289617],[49.4408795,39.5887575],[49.4930645,39.6043659],[49.5098874,39.6297549],[49.4532391,39.7615752],[49.5102307,39.758936],[49.5792385,39.7050739],[49.6489331,39.7396666],[49.6540829,39.7655338],[49.6039578,39.8211945],[49.6012112,39.8588915],[49.4937512,39.8847139],[49.4855114,39.9131599],[49.544563,39.9213228],[49.5802685,39.9676485],[49.6880719,39.9481745],[49.706268,39.9823819],[49.662666,40.0570525],[49.5246502,40.1208783],[49.5122906,40.136891],[49.5284268,40.1612965],[49.7955319,40.259879],[50.0138852,40.2412747],[50.1182553,40.2771686],[50.1639172,40.320635],[50.2744671,40.2865974],[50.3019329,40.247302],[50.3139492,40.1694298],[50.3898236,40.151063],[50.4330822,40.187267],[50.4595181,40.2530668],[50.4289624,40.3627654],[50.4777142,40.3407876],[50.4687878,40.2784782],[50.5213162,40.2376056],[50.6002804,40.2336743],[50.6548687,40.2549009],[50.6850811,40.2787402],[50.6926342,40.3284874],[50.658302,40.3713976],[50.4097363,40.4683681],[50.3417584,40.5485049],[50.1549908,40.5615474],[50.0928494,40.6347991],[49.779739,40.6092614],[49.725494,40.622292],[49.7038647,40.6611084],[49.6183773,40.6668378],[49.5902249,40.6855849],[49.5795819,40.7404943],[49.6149441,40.7821015],[49.6108242,40.8148488],[49.3986508,40.9161073],[49.2949673,41.0249816],[49.2077633,41.1905398],[49.1590115,41.338154],[49.0395352,41.493664],[48.6876293,41.8378513],[48.5180279,41.9413614],[48.4054181,41.9839945],[48.3463665,42.1183443],[48.2818219,42.1590773],[48.147926,42.3423055],[48.0037304,42.4639931],[47.929916,42.6140019],[47.8039166,42.6710773],[47.7644341,42.8830089],[47.5268548,43.0458095],[47.5337212,43.1120122],[47.6257317,43.2882028],[47.5584405,43.4180169],[47.5873903,43.537511],[47.6237577,43.5858004],[47.6257317,43.6499887],[47.7067559,43.792907],[47.7733605,43.8592875],[47.9128149,43.9482951],[47.9256587,44.004412],[47.8667443,44.0387384],[47.6580041,44.0505838],[47.6003259,44.0259032],[47.5495141,43.93944],[47.499389,43.9216376],[47.3355134,44.1375224],[47.2882455,44.2512248],[47.2302906,44.2839563],[47.1445777,44.2770638],[47.0904916,44.3804352],[46.9839167,44.4555816],[46.9341656,44.6190013],[46.9985556,44.654514],[47.0338984,44.7763804],[47.0866483,44.7487731],[47.1523085,44.7587094],[47.2663473,44.8500518],[47.3692651,45.1468978],[47.4270421,45.2200627],[47.4847006,45.248812],[47.534581,45.40638],[47.6096701,45.4798976],[47.631552,45.5295747],[47.7073326,45.5841403],[47.7369202,45.6480406],[47.8453586,45.7014942],[48.137558,45.7034214],[48.2631104,45.7332656],[48.4323755,45.928566],[48.5107457,45.9768828],[48.5822626,45.9045318],[48.6463623,45.8977734],[48.7359605,45.9252337],[48.7714743,45.9588115],[48.7991021,46.027899],[48.9749131,46.1107199],[49.083898,46.2235765],[49.1204342,46.2966166],[49.1253004,46.4099079],[49.1493021,46.4338544],[49.3249088,46.4065085],[49.6049405,46.4467317],[49.7165006,46.4071771],[49.8274794,46.4083027],[49.9512901,46.4727533],[49.9896259,46.5494586],[50.0680528,46.5615644],[50.1812523,46.6661072],[50.2285343,46.6521561],[50.2777283,46.663811],[50.352013,46.7354625],[50.4021149,46.7282122],[50.4518196,46.7535345],[50.5007501,46.7249851],[50.5786695,46.7198862],[50.6413689,46.7576309],[50.665088,46.8186324],[50.7618134,46.8129845],[50.8225104,46.8734281],[50.9111567,46.9116974],[51.046875,46.8861249],[51.215237,46.9465925],[51.2990146,46.9323401],[51.4373808,46.9415461],[51.5109686,46.9132298],[51.4765646,46.858359],[51.4891427,46.8112222],[51.546207,46.7891396],[51.6347304,46.8021449],[51.683725,46.7706614],[51.7021583,46.7159097],[51.7570072,46.697385],[51.8222402,46.7257653],[51.841773,46.8009781],[52.3110762,46.7156493],[52.3984947,46.7623348],[52.4295809,46.8487923],[52.5101166,46.8391755],[52.6057965,46.8702229],[52.7274412,46.8062556],[52.8191071,46.8039365],[52.876407,46.8314553],[52.9643339,46.8020255],[53.0666501,46.8102692],[53.0815143,46.7424362],[53.1655419,46.6606212],[53.1475767,46.563768],[53.1591052,46.5264964],[53.1958338,46.4999958],[53.2929603,46.4798122],[53.2975937,46.4173163],[53.3278545,46.377606],[53.2868399,46.2383085],[53.2077419,46.1460416],[53.1272604,45.9540609],[53.132888,45.9085147],[53.1025412,45.8498943],[53.1039597,45.7998929],[53.1707375,45.719964],[53.3067661,45.6739328],[53.5462647,45.7062986],[53.6145439,45.7329151],[53.6395866,45.7876028],[53.8650089,45.7276432],[54.0749817,45.7293103],[54.1767411,45.7492792],[54.3169893,45.6370105],[54.2994095,45.580214],[54.3285774,45.5410386],[54.4978937,45.4789109],[54.5083636,45.4343455],[54.5455574,45.3927185],[54.7052186,45.3298482],[54.7645973,45.2512596],[54.8337595,45.2243383],[54.747696,45.194268],[54.6593717,45.1122413],[54.5274555,45.0518571],[54.3360919,45.0536877],[54.31728,45.0851033],[54.2758598,45.1029031],[54.1815477,45.1068499],[54.0820878,45.0776427],[54.0146482,45.0204051],[53.9042026,44.9875107],[53.7584333,45.0003649],[53.7051194,44.9878707],[53.4991601,44.8571072],[53.5669636,44.9438532],[53.6475433,45.0029756],[53.7933533,45.0422359],[53.9936051,45.1296103],[54.0833639,45.2135115],[54.0873686,45.2722425],[54.0362205,45.3051311],[53.9789873,45.3080981],[53.8710624,45.2538716],[53.653759,45.3297556],[53.5236006,45.3426053],[53.4380143,45.3205306],[53.3325885,45.2509537],[53.2273999,45.2261573],[52.8774159,45.2386397],[52.7805423,45.2678813],[52.7544748,45.3115438],[52.7042286,45.336132],[52.4819593,45.3715551],[52.2965345,45.3613748],[52.029256,45.458117],[51.7398363,45.4768659],[51.535011,45.3901592],[51.4361982,45.4053111],[51.3769532,45.387492],[51.2533899,45.2957722],[51.1890041,45.2028212],[51.1707243,45.1526973],[51.1815012,45.0824496],[51.0645295,45.0353332],[50.9576046,44.9497119],[50.9465195,44.9062742],[51.0064309,44.8206908],[51.1874021,44.6825583],[51.2329128,44.5794499],[51.1948688,44.5362117],[51.12266,44.526545],[51.0719643,44.5517743],[51.0440118,44.6026129],[50.9905347,44.6105752],[50.9279687,44.6592961],[50.8298902,44.6878076],[50.7433383,44.6605855],[50.6767379,44.6614531],[50.6092731,44.6812598],[50.3143602,44.6992892],[50.2659607,44.6790409],[50.2368223,44.6417853],[50.1677704,44.6306846],[50.1462492,44.596039],[50.1676824,44.5435766],[50.1754166,44.4075916],[50.2203773,44.3234124],[50.3942198,44.2511913],[50.6673838,44.2266164],[50.7812989,44.1671123],[50.809126,44.0858755],[50.8052844,44.0197179],[50.9226654,43.930273],[50.9584064,43.8045401],[51.0129044,43.7358224],[51.0188312,43.6954184],[51.10615,43.5923838],[51.214661,43.5356919],[51.2512693,43.3880996],[51.1988768,43.1883542],[51.2297462,43.1281068],[51.3113743,43.1063826],[51.5976717,43.1442209],[51.6127389,43.0677596],[51.7205036,42.9879604],[51.771354,42.8944542],[51.8754145,42.7855206],[51.9333344,42.7778888],[52.1494804,42.8299997],[52.2735685,42.7380273],[52.333545,42.7457521],[52.3952257,42.7854866],[52.5199009,42.7738594],[52.4914719,42.7165484],[52.6092673,42.5848425],[52.6046645,42.5212155],[52.5102343,42.3303046],[52.3966547,42.2159231],[52.3685171,42.1624354],[52.3534562,42.082732],[52.424747,41.9007168],[52.3774435,41.7892831],[52.3795487,41.7495947],[52.4100898,41.7129629],[52.5203119,41.6569976],[52.5262436,41.6264384],[52.4873068,41.5523199],[52.4909991,41.515505],[52.65041,41.4137915],[52.7158014,41.3508674],[52.7859499,41.1721484],[52.7767882,41.1043953],[52.7910632,41.0542294],[52.8779167,40.9789207],[52.8354361,40.9120068],[52.8061992,40.7978004],[52.7708914,40.7540702],[52.7820489,40.6746807],[52.6893245,40.5471752],[52.6411154,40.383741],[52.6406456,40.2780052],[52.6678627,40.1854225],[52.6917187,40.1607012],[52.6687981,40.0623589],[52.7013837,39.9862597],[52.8334191,39.9003881],[52.8565656,39.8472263],[52.9040025,39.8184261],[52.9525521,39.7457516],[53.0174566,39.7111156],[53.0753053,39.6465206],[53.1684381,39.6283081],[53.0322571,39.4456851],[53.0393379,39.3961341],[53.0917493,39.3130545],[53.0945183,39.2259223],[53.1187203,39.1822533],[53.1657177,39.1645799],[53.2356611,39.1810998],[53.262526,39.2225976],[53.2451181,39.2896272],[53.2820894,39.3257308],[53.356311,39.316346],[53.479864,39.2744223],[53.5960828,39.0966935],[53.6987794,39.0107579],[53.8218638,38.9959641],[53.8628877,38.9258737],[53.9383644,38.915556],[53.7980185,38.6682463],[53.7650292,38.548166],[53.8034814,38.3454265],[53.8034814,38.2478878],[53.7464898,37.9571928],[53.7485497,37.8135818],[53.8227074,37.5075476],[53.8329968,37.3567951],[54.244586,37.320029],[54.285278,37.351761],[54.397458,37.360785],[54.586515,37.459892],[54.673431,37.437178],[54.729983,37.490319],[54.799095,37.522525],[54.821928,37.601696],[54.784018,37.635078],[54.851845,37.757418],[54.99999,37.827362],[55.0378,37.880317],[55.127909,37.948674],[55.169236,37.959997],[55.201015,37.947306],[55.228383,37.97979],[55.406837,38.043531],[55.466981,38.095053],[55.501144,38.081862],[55.763367,38.127837],[55.986112,38.076518],[56.171569,38.092779],[56.21707,38.070686],[56.334994,38.077502],[56.352253,38.122064],[56.318702,38.179115],[56.410428,38.253962],[56.453284,38.264505],[56.570005,38.26373],[56.604849,38.233303],[56.753163,38.286124],[56.839996,38.228877],[56.991342,38.214719],[57.002716,38.18914],[57.062936,38.180634],[57.147989,38.2445],[57.157069,38.270338],[57.245156,38.273351],[57.250288,38.23096],[57.295884,38.215639],[57.301216,38.151241],[57.335758,38.137602],[57.378023,38.084863],[57.35015,37.98595],[57.44061,37.943543],[57.514328,37.919424],[57.578386,37.938438],[57.717887,37.922835],[57.752943,37.897699],[57.795287,37.900411],[57.826381,37.864043],[57.89179,37.871529],[58.027206,37.805737],[58.125331,37.783335],[58.15444,37.793242],[58.207621,37.770793],[58.228705,37.680738],[58.365481,37.656924],[58.385341,37.627557],[58.485929,37.637589],[58.556367,37.705281],[58.625726,37.660066],[58.740994,37.631369],[58.755443,37.659913],[58.794681,37.643441],[58.818378,37.679703],[58.804388,37.698363],[58.818942,37.697998],[58.888619,37.658772],[59.052941,37.620019],[59.228851,37.512397],[59.353621,37.5285],[59.391924,37.479073],[59.381432,37.449781],[59.411282,37.435718],[59.377812,37.407762],[59.396643,37.317292],[59.432278,37.30764],[59.483607,37.248236],[59.475714,37.214115],[59.552356,37.176657],[59.551935,37.135938],[59.626558,37.118641],[59.679454,37.141174],[59.747244,37.108005],[59.768957,37.126243],[59.899887,37.051433],[59.982395,37.047114],[60.042976,37.021749],[60.166565,36.849179],[60.214293,36.822558],[60.263029,36.76242],[60.345966,36.629056],[60.675066,36.622027],[61.146165,36.643263],[61.184655,36.56278],[61.15725,36.504753],[61.173619,36.463057],[61.157417,36.451453],[61.165128,36.413211],[61.143289,36.396921],[61.160366,36.331565],[61.149116,36.317518],[61.196719,36.262658],[61.193208,36.220719],[61.227434,36.180961],[61.210008,36.12866],[61.230656,36.117592],[61.163671,36.035772],[61.169076,35.991098],[61.117244,35.961859],[61.192066,35.942383],[61.234317,35.910659],[61.22691,35.888327],[61.244801,35.888464],[61.268655,35.799672],[61.248281,35.785862],[61.250876,35.724134],[61.215798,35.683304],[61.227401,35.645712],[61.249328,35.643202],[61.274126,35.60515],[61.371988,35.623788],[61.401033,35.553135],[61.587758,35.43695],[61.779568,35.411173],[61.968227,35.454013],[62.06428,35.43442],[62.153722,35.340903],[62.266188,35.29516],[62.291054,35.256222],[62.305539,35.129093],[62.47756,35.278924],[62.525005,35.273665],[62.577663,35.220716],[62.608839,35.236578],[62.627865,35.20793],[62.654912,35.231858],[62.743714,35.251786],[62.762772,35.286959],[62.853211,35.314888],[62.935826,35.380841],[63.006325,35.410881],[63.023329,35.401247],[63.015108,35.418558],[63.099102,35.417985],[63.130245,35.54322],[63.106185,35.549355],[63.094889,35.618425],[63.248616,35.681239],[63.243657,35.701771],[63.196137,35.712851],[63.14731,35.755122],[63.130655,35.801017],[63.099691,35.817278],[63.128522,35.850425],[63.120703,35.863179],[63.305833,35.857946],[63.535379,35.903273],[63.570691,35.951438],[63.989234,36.036302],[64.068541,35.997294],[64.057833,36.102161],[64.093274,36.129387],[64.112082,36.12294],[64.169781,36.163019],[64.283844,36.151517],[64.316071,36.208557],[64.445229,36.242727],[64.579957,36.351645],[64.636311,36.442278],[64.618141,36.635968],[64.798198,36.922695],[64.755751,37.112878],[64.990285,37.218514],[65.132608,37.246059],[65.531184,37.238038],[65.642958,37.34292],[65.646318,37.441878],[65.699843,37.533031],[65.758657,37.535581],[65.76062,37.550763],[65.839609,37.487924],[65.954374,37.472622],[65.9989,37.44625],[66.069763,37.449522],[66.112058,37.40439],[66.154913,37.399096],[66.168623,37.368856],[66.247363,37.363499],[66.316183,37.321427],[66.416617,37.34735],[66.502872,37.331606],[66.5746593,37.3691341],[66.655365,37.323028],[66.692621,37.357019],[66.851211,37.35349],[66.949974,37.39825],[67.059192,37.372518],[67.112035,37.328109],[67.125228,37.273236],[67.208649,37.24897],[67.264456,37.182738],[67.448974,37.234633],[67.500143,37.281752],[67.570956,37.224261],[67.680735,37.232606],[67.7870455,37.1855709],[67.797119,37.080655],[67.897177,37.066992],[67.898335,37.028983],[68.020205,36.922609],[68.121506,36.961781],[68.19216,37.023098],[68.272401,37.012295],[68.295317,37.105161],[68.399167,37.101386],[68.422132,37.11004],[68.408003,37.127212],[68.419902,37.14328],[68.54056,37.164061],[68.645763,37.208157],[68.656859,37.248138],[68.689736,37.244021],[68.681297,37.280026],[68.734133,37.268537],[68.782033,37.287971],[68.820326,37.243756],[68.837202,37.256409],[68.809018,37.29537],[68.834813,37.317985],[68.913005,37.268],[68.928277,37.27994],[68.90083,37.308273],[68.904604,37.334437],[68.972419,37.320114],[69.088576,37.223835],[69.116784,37.17428],[69.246418,37.095687],[69.32231,37.117019],[69.370062,37.164484],[69.40207,37.166505],[69.453934,37.233733],[69.4277571,37.2431752],[69.374246,37.377991],[69.378114,37.430848],[69.4600295,37.5131301],[69.493178,37.522501],[69.528707,37.588395],[69.620513,37.573238],[69.747027,37.588559],[69.809123,37.567668],[69.838961,37.602728],[69.911883,37.619922],[69.943277,37.606192],[69.961239,37.56226],[69.997002,37.566614],[70.113456,37.523618],[70.172345,37.530447],[70.179344,37.571711],[70.211083,37.566529],[70.203256,37.582725],[70.222432,37.583277],[70.215022,37.605022],[70.26571,37.609412],[70.261625,37.645165],[70.303519,37.693949],[70.286976,37.715246],[70.297115,37.767875],[70.278277,37.78194],[70.279556,37.815549],[70.185956,37.848349],[70.171205,37.930246],[70.18224,37.945031],[70.212504,37.920972],[70.243109,37.94437],[70.271214,37.939535],[70.262118,37.979211],[70.285864,37.969599],[70.362758,38.030376],[70.364894,38.054969],[70.505021,38.121855],[70.502304,38.161349],[70.544868,38.242813],[70.604551,38.282018],[70.6106,38.346405],[70.692504,38.370081],[70.675839,38.407166],[70.738494,38.417709],[70.770613,38.456175],[70.851355,38.438845],[70.8803557,38.4696514],[70.923284,38.429684],[70.954103,38.437355],[70.96246,38.455545],[70.945223,38.475762],[70.98841,38.490733],[71.0313319,38.4603772],[71.056212,38.398408],[71.105365,38.421978],[71.10818,38.405697],[71.165056,38.386278],[71.185636,38.344325],[71.253423,38.30978],[71.328715,38.303594],[71.334158,38.270289],[71.373526,38.255973],[71.376334,38.161379],[71.317733,38.099164],[71.30702,38.047586],[71.283616,38.041809],[71.295288,38.019026],[71.269805,37.991778],[71.257316,37.922895],[71.297727,37.931989],[71.330979,37.885356],[71.502169,37.952098],[71.590935,37.920335],[71.595605,37.803625],[71.532243,37.764764],[71.551453,37.712882],[71.49392,37.541689],[71.526507,37.479292],[71.498234,37.407378],[71.476616,37.401256],[71.4957,37.368234],[71.488329,37.330333],[71.5069198,37.3148849],[71.4791819,37.232875],[71.455601,37.214339],[71.463494,37.189826],[71.428848,37.072315],[71.462539,37.023219],[71.464855,36.956867],[71.542443,36.845689],[71.570946,36.7525406],[71.675568,36.672278],[71.8436383,36.6806171],[72.0184876,36.810933],[72.1122634,36.8470228],[72.2089783,36.924738],[72.3257058,36.9813016],[72.4274459,37.0062775],[72.4735229,36.9942691],[72.5884713,37.0076246],[72.6219534,37.0290011],[72.6625196,37.0176869],[72.8152614,37.2311678],[72.8645704,37.2308971],[72.9522857,37.2906709],[73.0941756,37.3248156],[73.1495583,37.4043116],[73.2097605,37.4041001],[73.3066472,37.4636108],[73.3642727,37.4619503],[73.3719663,37.4440445],[73.4281272,37.4688504],[73.5124716,37.4745299],[73.6404029,37.433525],[73.7758934,37.4400938],[73.774595,37.339241],[73.705064,37.306763],[73.654188,37.313148],[73.650994,37.284267],[73.617057,37.270505],[73.653873,37.236664],[73.687309,37.253863],[73.758528,37.221767],[73.781332,37.239016],[73.828782,37.226732],[73.90733,37.282615],[74.015014,37.290891],[74.066763,37.326197],[74.197299,37.335179],[74.251761,37.373958],[74.229557,37.394665],[74.242348,37.414989],[74.31636,37.398694],[74.375085,37.424007],[74.417858,37.388645],[74.439582,37.416206],[74.467556,37.40656],[74.465831,37.426421],[74.494357,37.396035],[74.554011,37.399302],[74.566123,37.372264],[74.637645,37.375815],[74.689227,37.405846],[74.7061,37.38402],[74.803881,37.355004],[74.8926077,37.2326869],[74.9153585,37.2373443],[74.9105146,37.2749773],[74.926784,37.2840781],[75.1251392,37.3157118],[75.0940415,37.3714447],[75.1539563,37.4095637],[75.1252838,37.4660283],[75.0618593,37.5254791],[75.0312832,37.5009707],[74.9320979,37.5685021],[74.939428,37.6032182],[74.8996914,37.6737014],[75.0106322,37.7760399],[74.9868645,37.8085212],[74.9244232,37.8291372],[74.9129658,37.8565016],[74.9379658,37.8945794],[74.91293,37.907079],[74.9164752,38.0245825],[74.8683408,38.0257155],[74.8541965,38.069062],[74.8202795,38.0852896],[74.7998722,38.2025209],[74.7067113,38.2133479],[74.6989661,38.228443],[74.7040435,38.2943978],[74.6650081,38.3817819],[74.6955133,38.4249092],[74.644468,38.4522149],[74.5063198,38.4714203],[74.2769555,38.5990098],[74.1210052,38.6411891],[74.1154279,38.6104411],[74.0764471,38.6105056],[74.062119,38.5783725],[74.0861936,38.5366431],[74.0280934,38.542742],[73.9982408,38.5218773],[73.9236094,38.5425815],[73.8935963,38.5839899],[73.8605337,38.578533],[73.8037175,38.611756],[73.805162,38.6639178],[73.7438518,38.7318084],[73.7678162,38.7782113],[73.7298122,38.8438058],[73.6945568,38.8528902],[73.7107779,38.9002653],[73.7554649,38.941908],[73.8354072,38.9215223],[73.8540169,38.952357],[73.8441725,38.9996377],[73.8124236,39.0428208],[73.7548285,39.0253608],[73.7367559,39.036535],[73.7322125,39.0673193],[73.7104683,39.0759157],[73.7207398,39.111942],[73.6781422,39.1466088],[73.6890577,39.1600407],[73.6618235,39.16497],[73.6345768,39.2282973],[73.6135482,39.2476424],[73.5690704,39.243868],[73.5630092,39.2713444],[73.5379428,39.2777956],[73.5561226,39.2966791],[73.5275459,39.3109254],[73.5642548,39.3500459],[73.4997347,39.3817402],[73.5921814,39.4113561],[73.5968359,39.4559745],[73.6371837,39.4739447],[73.725644,39.4609028],[73.8743953,39.4832414],[73.8920375,39.5336783],[73.878107,39.5429625],[73.9140513,39.5633702],[73.9111016,39.5908494],[73.9473835,39.5973684],[73.9490409,39.6218845],[73.919835,39.7263642],[73.8378805,39.7551801],[73.832208,39.7816191],[73.8490521,39.835949],[73.9129087,39.8738346],[73.9214678,39.9053706],[73.9072298,39.9206404],[73.9769865,40.0048077],[73.9373385,40.0327442],[73.9971652,40.0449587],[74.0413419,40.0994755],[74.0686358,40.0775449],[74.1064267,40.0864097],[74.1231119,40.1112414],[74.2572009,40.1335889],[74.2786139,40.1043326],[74.3689664,40.1032427],[74.525516,40.2089619],[74.5904952,40.2822165],[74.6605188,40.2728815],[74.684728,40.2894059],[74.6916965,40.3498523],[74.7897874,40.3537452],[74.8617605,40.3237651],[74.9014454,40.3377327],[74.905347,40.3536979],[74.7876023,40.4522324],[74.808337,40.4555942],[74.8163705,40.5052849],[74.8377619,40.5219397],[74.9871204,40.4518458],[75.017956,40.4666121],[75.0900968,40.4348988],[75.1409455,40.4613994],[75.2228344,40.4446744],[75.2564931,40.4804243],[75.3024673,40.4915152],[75.3278983,40.5320294],[75.4147401,40.555371],[75.4873098,40.618831],[75.6027621,40.6632564],[75.5955639,40.6454953],[75.631851,40.6193546],[75.6229034,40.5467208],[75.6464025,40.5056447],[75.7236068,40.4728394],[75.6800929,40.4212887],[75.6611593,40.3641862],[75.699612,40.2800837],[75.7341652,40.3061624],[75.7778688,40.3005852],[75.8258461,40.3277016],[75.9115255,40.2911229],[75.9546966,40.375176],[75.9915011,40.3812259],[76.0209509,40.3528132],[76.0462604,40.3553208],[76.0375784,40.3809439],[76.0688209,40.3951956],[76.1840981,40.3794465],[76.2726098,40.4389239],[76.2789479,40.412465],[76.326978,40.387703],[76.3159972,40.3650321],[76.3399975,40.3392595],[76.3655823,40.3867011],[76.4398081,40.3890614],[76.5378048,40.4650466],[76.5319834,40.5088141],[76.5567799,40.5523572],[76.611545,40.6107041],[76.6542303,40.6218004],[76.6545135,40.6800381],[76.672852,40.6946498],[76.6400132,40.7618267],[76.6957105,40.7827573],[76.728384,40.8179895],[76.7187295,40.8422958],[76.7533879,40.9532527],[76.8530125,40.9766964],[76.8688413,41.0245386],[76.9269405,41.0248492],[76.995851,41.0718791],[77.0168827,41.0576866],[77.0853185,41.063045],[77.0999286,41.0378465],[77.1669761,41.0106923],[77.2288796,41.0305977],[77.2765608,41.0012922],[77.3551682,41.0406907],[77.469752,41.0214305],[77.4776797,40.9957743],[77.5832538,40.9933867],[77.6469074,41.0144993],[77.6869413,41.0032863],[77.7312127,41.0300571],[77.7651781,41.0147841],[77.8244496,41.0584743],[77.8018927,41.1104479],[77.8315392,41.1502823],[77.9010057,41.1832405],[77.9804528,41.1830548],[78.1228781,41.2283943],[78.1563984,41.3818774],[78.2273744,41.4008346],[78.3208816,41.3808855],[78.3818674,41.3915945],[78.3942169,41.4124187],[78.5293457,41.4401299],[78.5674352,41.480363],[78.6450769,41.4685484],[78.7034748,41.521141],[78.6896203,41.5302044],[78.7129723,41.552982],[78.815072,41.5586411],[78.9281735,41.6416665],[79.0175479,41.6569013],[79.0293174,41.6793356],[79.0828369,41.6889601],[79.1246155,41.7228299],[79.2167217,41.7261461],[79.3227743,41.8107657],[79.352228,41.7934316],[79.4094256,41.8408038],[79.463611,41.8533249],[79.4850345,41.8372556],[79.5658541,41.842601],[79.6141385,41.8605843],[79.6377583,41.8935242],[79.772259,41.8930161],[79.8168847,41.9651363],[79.8522072,41.9856638],[79.8460431,42.0141235],[79.8800132,42.0343954],[80.2098891,42.0426668],[80.2271239,42.0658727],[80.1654701,42.1009257],[80.1386976,42.1518871],[80.1638029,42.1556414],[80.1891983,42.2252809],[80.2669946,42.2248755],[80.2893285,42.2600836],[80.2594847,42.2928525],[80.2835529,42.3199785],[80.2376545,42.3403349],[80.2334373,42.4038541],[80.2045022,42.4285447],[80.2076229,42.4690296],[80.2718854,42.5111782],[80.220581,42.5329391],[80.1824125,42.5809576],[80.1619896,42.6303331],[80.1746004,42.6683681],[80.2282745,42.6952118],[80.2599508,42.827599],[80.2765682,42.8377817],[80.4059652,42.8296341],[80.4253164,42.8560214],[80.6010006,42.8927988],[80.5893613,42.9148102],[80.4853731,42.9447399],[80.393986,42.9960601],[80.3764057,43.0314118],[80.3934859,43.0535239],[80.5489411,43.0977091],[80.5910145,43.1385779],[80.7813115,43.1378241],[80.8072807,43.1772719],[80.765071,43.2670398],[80.7785317,43.311382],[80.6831687,43.3286842],[80.7350941,43.3931528],[80.7509765,43.4690373],[80.5213287,43.8241851],[80.5101645,43.9035124],[80.471968,43.9364367],[80.483734,43.9556114],[80.4504065,43.9908022],[80.4454565,44.0709217],[80.396238,44.1101139],[80.4034102,44.2906808],[80.34692,44.4826864],[80.4104826,44.610393],[80.3372329,44.6894952],[80.1928071,44.7496961],[80.173205,44.7936329],[80.1833724,44.8234908],[80.1639574,44.8415649],[80.1142004,44.8097841],[79.9993673,44.7904463],[79.9951761,44.8235933],[79.944715,44.8500435],[79.9637534,44.8819861],[79.8859161,44.8935608],[79.8912054,44.9184347],[80.0139709,44.9805218],[80.0900778,45.0469461],[80.1283352,45.0392909],[80.1395327,45.0573519],[80.2135273,45.0232524],[80.3191195,45.0700223],[80.3449231,45.0410649],[80.3817876,45.0398697],[80.4888901,45.1264943],[80.5116859,45.1059729],[80.6009103,45.1045593],[80.6979493,45.1335134],[80.726444,45.1539845],[80.7110595,45.170178],[80.8966106,45.1246983],[80.9569092,45.1676335],[81.0700287,45.1723827],[81.1090897,45.2010812],[81.1066064,45.221885],[81.1616941,45.2056172],[81.1665431,45.2243024],[81.2265929,45.2478874],[81.2691761,45.2367339],[81.3766618,45.2529342],[81.4209574,45.2836382],[81.4598242,45.2639422],[81.5215259,45.2824792],[81.534668,45.3058528],[81.5734202,45.3073509],[81.5687807,45.3253341],[81.6193875,45.3515813],[81.7137293,45.3589223],[81.7717552,45.3860334],[81.9220346,45.228887],[82.009207,45.2335646],[82.0443053,45.2541653],[82.0904596,45.2454798],[82.081751,45.2228723],[82.1039176,45.2014898],[82.2807312,45.2430621],[82.3364153,45.207713],[82.4722453,45.1773357],[82.5601012,45.2034839],[82.5823778,45.2198886],[82.5877263,45.3447204],[82.5428316,45.4209581],[82.2799588,45.5351376],[82.2588014,45.6164839],[82.2826764,45.6494019],[82.2881234,45.7087896],[82.3450812,45.7956763],[82.3356564,45.9391583],[82.4561069,45.9771683],[82.5118959,46.1546288],[82.7216306,46.4850467],[82.8218078,46.7623843],[82.8684997,46.7991194],[82.9380671,47.0160963],[82.9931017,47.0643503],[83.0317564,47.223613],[83.1508936,47.2346519],[83.2405909,47.1788367],[83.3648907,47.1777807],[83.4134662,47.1159925],[83.4707806,47.1280202],[83.5249815,47.0852174],[83.5660068,47.0781228],[83.5651079,47.0563578],[83.6956365,47.0357719],[83.6986971,47.0175993],[83.7402355,47.0330737],[83.7835121,47.024266],[83.9164281,46.9728003],[83.9856483,46.9956887],[84.050778,46.969089],[84.1246188,46.9670148],[84.2011446,47.0022784],[84.4580197,47.0086601],[84.5101941,46.9749892],[84.579438,46.9996389],[84.7591835,47.0046508],[84.7823139,46.9736877],[84.858121,46.9469439],[84.8584897,46.9278512],[84.944232,46.8628509],[84.9795496,46.8735525],[84.9884783,46.9185869],[85.0663279,46.9256637],[85.0788428,46.9578936],[85.1759709,46.9921661],[85.2168977,47.0523679],[85.2614626,47.0498754],[85.2763604,47.0687742],[85.3235233,47.0429154],[85.4603513,47.0639884],[85.5346574,47.049095],[85.5481337,47.1061208],[85.6856976,47.2287249],[85.698654,47.2887132],[85.6729343,47.32086],[85.7029578,47.3800725],[85.6831837,47.4302465],[85.6078337,47.5089193],[85.5474043,47.9822237],[85.5264543,48.0246631],[85.5834317,48.1903809],[85.6235361,48.2027389],[85.632677,48.2334779],[85.6594133,48.2418242],[85.7136798,48.3608401],[85.7874298,48.4174528],[85.9117341,48.4362052],[86.2322688,48.432219],[86.3006973,48.4905441],[86.3749945,48.5013722],[86.4069772,48.478654],[86.588113,48.541456],[86.635018,48.62646],[86.68895,48.640015],[86.700475,48.668937],[86.773135,48.720619],[86.751076,48.782086],[86.818793,48.847533],[86.751112,48.896413],[86.726388,48.987993],[86.834461,49.052468],[86.843535,49.100629],[86.879393,49.128887],[86.996521,49.142682],[87.081006,49.130878],[87.14183,49.152374],[87.200004,49.142945],[87.230303,49.1144],[87.278729,49.117763],[87.4366665,49.0710123],[87.5040865,49.0916022],[87.4902677,49.1360135],[87.5188922,49.1439028],[87.6620149,49.1517066],[87.7214956,49.1792628],[87.988438,49.18302],[88.017979,49.226295],[88.056412,49.241085],[88.054756,49.258389],[88.1067058,49.2565686],[88.170112,49.293567],[88.160451,49.362761],[88.118763,49.390801],[88.184379,49.415928],[88.165591,49.445452],[88.221784,49.47966],[88.297742,49.470898],[88.3312,49.4935],[88.4059,49.4946],[88.4949,49.4719],[88.5992,49.5009],[88.6836,49.4622],[88.8022,49.4604],[88.8429,49.4416],[88.8801,49.4781],[88.8571,49.4918],[88.8796751,49.5137665],[88.8696149,49.5467406],[88.9000904,49.558961],[88.9295,49.5429],[88.9708,49.4657],[89.1476,49.5021],[89.2327,49.5537],[89.1914689,49.5860199],[89.1936369,49.6346834],[89.2506,49.6423],[89.36,49.5844],[89.4273522,49.6193806],[89.4615641,49.6662166],[89.6074,49.686],[89.7192,49.7283],[89.7118805,49.7900976],[89.6734516,49.7834752],[89.6244625,49.8063691],[89.6510371,49.8264402],[89.6117415,49.86352],[89.6308796,49.899345],[89.5935703,49.9122873],[89.7059568,49.9439408],[89.9748302,49.9712594],[90.0315562,49.998638],[90.0051,50.0318],[90.0077,50.0579],[90.1652129,50.1081636],[90.2852042,50.1109159],[90.3888877,50.1926407],[90.4528,50.1971],[90.5041,50.2351],[90.5807,50.2439],[90.6733,50.2143],[90.7308,50.2434],[90.7064,50.3129],[90.7726,50.3377],[90.7956,50.3264],[90.8293,50.3569],[90.9056,50.3482],[90.903,50.4084],[90.9208,50.4185],[91.0932,50.436],[91.16,50.4201],[91.2933,50.4696],[91.4094,50.4506],[91.4005094,50.4765146],[91.4590257,50.508449],[91.4549029,50.5485247],[91.5247134,50.5619628],[91.5343069,50.5814176],[91.6499476,50.5862385],[91.6611094,50.6400594],[91.7232583,50.6974786],[91.8550843,50.7338299],[92.0723391,50.6963625],[92.2666929,50.7287057],[92.3169136,50.7557624],[92.3030089,50.8099484],[92.3291444,50.827626],[92.3129312,50.8767238],[92.3731541,50.8801312],[92.4054806,50.8561594],[92.4209885,50.811078],[92.47676,50.7862778],[92.59449,50.7888187],[92.6183295,50.7678016],[92.6025187,50.7200532],[92.627846,50.7033992],[92.754,50.7275],[92.7566,50.7759],[92.799,50.8083],[93.0033854,50.7918572],[93.0319475,50.7679916],[93.022891,50.7162383],[92.9752428,50.6696209],[93.0498439,50.6011184],[93.1107241,50.5863157],[93.225,50.5898],[93.3974566,50.6345041],[93.7034139,50.5862228],[93.994415,50.6048321],[94.2540346,50.5833377],[94.2837484,50.5719246],[94.3046715,50.5259161],[94.341509,50.5012245],[94.389747,50.2139774],[94.4207507,50.191869],[94.5202886,50.174252],[94.5222135,50.140898],[94.5993715,50.074301],[94.6148431,50.0353979],[94.7606522,50.0549165],[94.9903285,50.0474119],[95.0165286,49.9805282],[95.0815791,49.9629121],[95.4259162,49.9576412],[95.5319595,49.8972247],[95.5722698,49.9442833],[95.7955507,49.9641339],[95.7653299,50.0171422],[95.8608733,50.0436247],[95.9148998,50.0223307],[95.9101477,49.9967716],[95.967566,49.9711389],[96.0662483,50.0127007],[96.1068866,49.9891336],[96.2607079,49.9765846],[96.3000389,49.9448992],[96.3366307,49.9427586],[96.3482741,49.9052923],[96.4244611,49.87581],[96.5253628,49.9441836],[96.5552317,49.9399641],[96.6030869,49.8736657],[96.7092,49.9287307],[96.7408797,49.9075723],[96.9949867,49.8929652],[97.0101282,49.8333643],[97.1252885,49.8172205],[97.1197599,49.791953],[97.1790569,49.7774694],[97.2212083,49.7444093],[97.3178537,49.7517907],[97.3573297,49.7813599],[97.4216235,49.7806963],[97.4967457,49.8064249],[97.5805751,49.8584465],[97.5783292,49.9138879],[97.5548377,49.9226236],[97.5715602,49.9407974],[97.7004,49.9611],[97.7621,50.0005],[97.8296,49.923],[97.8866,49.9235],[97.8674,49.972],[97.9342,49.9781],[97.989,50.0226],[98.0699,50.0359],[98.0637,50.07],[98.1204,50.1002],[98.1127,50.1387],[98.1768,50.1519],[98.1697854,50.2026771],[98.228312,50.2361073],[98.266244,50.3074111],[98.3081298,50.3232941],[98.2693703,50.3962349],[98.3277104,50.4748399],[98.3232759,50.4952456],[98.2994898,50.4978103],[98.2727964,50.5388819],[98.0966363,50.5973699],[98.008,50.6692],[98.0245,50.6919],[97.9974,50.6989],[97.9708,50.7499],[97.9786,50.7841],[97.9497,50.8081],[98.0333428,50.8647062],[97.8870438,50.9301184],[97.8271895,51.0176717],[97.871231,51.0514442],[97.8991,51.1494],[97.9393,51.202],[97.9408,51.2632],[97.9645,51.292],[97.9535,51.3342],[98.0211,51.3941],[98.0501,51.4502],[98.126,51.4713],[98.2241,51.4567],[98.2574,51.5296],[98.2341,51.5476],[98.245,51.58],[98.2232,51.5951],[98.2748,51.6161],[98.3284,51.6973],[98.3559,51.7011],[98.354,51.7315],[98.4523,51.7366],[98.5328,51.7981],[98.6038,51.7937],[98.7643,51.8699],[98.7799,51.9418],[98.809,51.9581],[98.8196,52.0147],[98.8065,52.0255],[98.8413,52.0588],[98.8542,52.129],[98.9345,52.1489],[98.9691966,52.1426389],[99.0046093,52.0747323],[99.0716905,52.0694975],[99.128117,52.0245544],[99.1736053,52.0355885],[99.2365749,52.0126444],[99.2760937,52.0186026],[99.2826125,51.9868506],[99.265308,51.9735296],[99.3601963,51.9406365],[99.4010184,51.9658996],[99.4658896,51.948871],[99.5219871,51.9679932],[99.600979,51.9241882],[99.6138471,51.8791078],[99.6649718,51.9043927],[99.6826564,51.8876967],[99.8011826,51.9153845],[99.8279557,51.8831591],[99.8195189,51.8478483],[99.8475769,51.8349554],[99.8307582,51.8067594],[99.8643974,51.8055016],[99.8691817,51.7774565],[99.9109125,51.7381594],[99.9797976,51.7547204],[100.0614167,51.7327195],[100.1387018,51.7593486],[100.2806417,51.7375368],[100.4143559,51.7479314],[100.4103477,51.7299883],[100.4437626,51.7263707],[100.5038521,51.7500639],[100.5864554,51.74045],[100.5973981,51.7185898],[100.6562396,51.726826],[100.668545,51.7067142],[100.929841,51.6068022],[100.9901519,51.6127877],[101.0223281,51.587153],[101.0174269,51.57027],[101.0786775,51.5598484],[101.1043937,51.5912202],[101.1366423,51.521396],[101.2562778,51.5441134],[101.3700981,51.4558456],[101.4389364,51.455689],[101.4595599,51.4911656],[101.5422172,51.4995416],[101.5677164,51.4699442],[101.6222627,51.4692107],[101.6190378,51.440028],[101.7490569,51.4553417],[101.8285311,51.4151547],[101.888839,51.4007953],[101.951935,51.4137438],[102.0014324,51.3821904],[102.0220587,51.3958157],[102.1242911,51.361612],[102.1839684,51.2950252],[102.1141597,51.2840343],[102.1044872,51.2464692],[102.1663187,51.1786882],[102.1351134,51.1742184],[102.1233246,51.1391014],[102.1401692,51.0994232],[102.1708377,51.0950287],[102.151096,51.0573035],[102.2036241,51.0394919],[102.2430083,50.9748866],[102.2137847,50.9538411],[102.2454385,50.9019733],[102.2119739,50.8758462],[102.209737,50.8170343],[102.2923499,50.7824305],[102.3403132,50.7325372],[102.3023464,50.6818549],[102.3766623,50.6667466],[102.3999391,50.6415839],[102.4459039,50.6456787],[102.4695952,50.6010441],[102.5362347,50.5885042],[102.553936,50.5560254],[102.541005,50.5315628],[102.61063,50.5063847],[102.6161129,50.4536664],[102.6476976,50.4021897],[102.7318192,50.4085293],[102.8418288,50.3341911],[102.9418745,50.3054907],[103.074565,50.3189929],[103.1472354,50.3060183],[103.1821793,50.3331721],[103.2380575,50.3219456],[103.2764247,50.2848955],[103.2492528,50.2558068],[103.2760147,50.2262201],[103.2562904,50.1928927],[103.4114027,50.2117808],[103.5141931,50.1990718],[103.5572495,50.1626788],[103.6023371,50.1662016],[103.6084584,50.1440553],[103.6841803,50.1429367],[103.7102326,50.1244635],[103.7513378,50.1638311],[103.8005986,50.1518562],[103.8466306,50.1975606],[103.8903364,50.1761474],[103.9390206,50.1831392],[103.9985566,50.1502974],[104.1354261,50.1388069],[104.2783297,50.2011989],[104.2931704,50.2417883],[104.3401541,50.2449703],[104.391917,50.3116272],[104.517244,50.3171701],[104.5612071,50.3011443],[104.6501706,50.3241071],[104.6991602,50.3672149],[104.76332,50.3387935],[104.8116849,50.3409568],[104.8734075,50.3709276],[104.8983944,50.408974],[105.0081195,50.3869217],[105.1201674,50.3899317],[105.2585512,50.4406822],[105.2682329,50.4653576],[105.3547168,50.4794989],[105.4435295,50.4421094],[105.52513,50.4580234],[105.628757,50.427396],[105.8442265,50.4403964],[105.8990523,50.4126315],[106.0573709,50.4045045],[106.0841013,50.3333998],[106.1830005,50.3396936],[106.2612304,50.2981341],[106.4687108,50.3181379],[106.5245821,50.3440559],[106.7320293,50.3163456],[106.8157278,50.2981781],[107.0124738,50.1990659],[106.9999992,50.1571821],[107.0393639,50.1291483],[107.0569988,50.0878389],[107.0752502,50.0895128],[107.0718523,50.0683334],[107.1520027,50.0433209],[107.1479797,50.0267355],[107.2129866,49.9989292],[107.2571669,49.9882462],[107.3236137,50.0034207],[107.4282582,49.971669],[107.5448277,49.9856858],[107.6788362,49.9717817],[107.706604,49.9879545],[107.7942207,49.9331705],[107.8287424,49.9609702],[107.8531964,49.9364558],[107.9690548,49.9413946],[107.9704,49.9155],[107.9192,49.8754],[107.9444,49.8549],[107.9367,49.8192],[107.9816,49.8028],[107.9485,49.7848],[107.9698,49.7474],[107.9343,49.7114],[107.9471,49.6706],[107.9683,49.6548],[108.023,49.6734],[108.0275,49.6223],[108.1611,49.5618],[108.2978,49.5399],[108.3564,49.4279],[108.4258,49.4135],[108.431,49.3721],[108.5175,49.3227],[108.6525,49.3473],[108.8206,49.3432],[108.8488,49.3266],[108.9416,49.3462],[109.0581,49.3232],[109.1946,49.3523],[109.3455,49.3249],[109.4222,49.2944],[109.4325,49.2729],[109.4753,49.2674],[109.4996,49.2362],[109.5591,49.2208],[109.9026,49.2057],[110.1998,49.1542],[110.3281,49.1991],[110.3905,49.2515],[110.5244,49.1901],[110.7083,49.1701],[110.8193,49.182],[111.2768,49.3104],[111.3748,49.3577],[111.5231,49.3232],[111.689,49.3842],[111.9575,49.3823],[112.2783,49.4844],[112.4741,49.5225],[112.6889,49.5041],[112.7226,49.52],[112.8234,49.5193],[112.9068,49.5685],[113.0439,49.6082],[113.2061,49.8283],[113.4739242,49.9354483],[113.4888,49.9736],[113.6361,49.991],[113.7427,50.0749],[113.8787,50.1049],[114.1784,50.243],[114.3388,50.2827],[114.4677,50.2335],[114.6535,50.2472],[114.8567,50.217],[115.0075,50.1639],[115.0793,50.0833],[115.2239,49.9884],[115.5067,49.9071],[115.7453945,49.8871758],[116.0727,50.0137],[116.2355,50.0356],[116.6216,49.9311],[116.7137007,49.8456631],[117.0614,49.6856],[117.2732686,49.6308469],[117.4715657,49.62638],[117.7934272,49.5200369],[117.8366302,49.541897],[117.8681243,49.5083177],[117.8930641,49.595316],[117.9433804,49.5937065],[117.9809386,49.6214903],[118.0739634,49.6138386],[118.1112827,49.6460236],[118.1070427,49.6709917],[118.1655237,49.6589839],[118.2271034,49.7363084],[118.2840742,49.7442995],[118.3058462,49.7729565],[118.3807633,49.7779227],[118.3720076,49.7896789],[118.3958708,49.8042353],[118.3783271,49.8259909],[118.4765314,49.8285915],[118.4676914,49.838834],[118.4916844,49.8404411],[118.4800205,49.8710553],[118.5576691,49.9003309],[118.5430013,49.9071783],[118.5669371,49.9300495],[118.6081223,49.923964],[118.6124867,49.9472248],[118.6440339,49.9364799],[118.6538092,49.9535123],[118.8276878,49.9589304],[118.9336026,49.9923669],[118.9758112,49.9767002],[119.0840802,49.9842595],[119.1751384,50.0411624],[119.1818306,50.087457],[119.2280534,50.0737741],[119.2860746,50.1093519],[119.2996848,50.1584156],[119.3526888,50.194526],[119.3098197,50.2163738],[119.3400945,50.2547218],[119.3159735,50.2809158],[119.3791216,50.320407],[119.3501228,50.3260876],[119.3648152,50.3316235],[119.3473762,50.3585157],[119.2943654,50.344234],[119.2690279,50.3646974],[119.2467742,50.3417267],[119.2095629,50.3633892],[119.1753501,50.3467039],[119.1880531,50.3614899],[119.1478374,50.3603797],[119.1693112,50.3770923],[119.1426853,50.3923297],[119.1674711,50.3969899],[119.1556248,50.4045235],[119.1760325,50.4220078],[119.2059419,50.409197],[119.2154587,50.4403128],[119.2567873,50.4685667],[119.2551299,50.4879602],[119.2254567,50.5009018],[119.2555843,50.5098959],[119.2750189,50.5522081],[119.2577764,50.561566],[119.2885456,50.5737234],[119.2742485,50.6034177],[119.3265326,50.6236107],[119.3282168,50.6407366],[119.3516678,50.6298853],[119.386515,50.6622144],[119.3735552,50.6799841],[119.4256538,50.6831021],[119.4917345,50.7462291],[119.4869177,50.7738022],[119.5156066,50.7888221],[119.487871,50.8436267],[119.5117375,50.8422622],[119.5027705,50.8577377],[119.5225033,50.8641258],[119.5151493,50.9045977],[119.5629829,50.9336798],[119.6243999,51.00902],[119.6875231,51.0290793],[119.6964476,51.0153475],[119.6934959,51.036975],[119.7218236,51.0603699],[119.7088834,51.0720261],[119.7563281,51.0905866],[119.7436336,51.1146868],[119.7753119,51.1531897],[119.7519431,51.1635309],[119.7812735,51.1720298],[119.7524792,51.2126993],[119.8151855,51.2141929],[119.7903171,51.2439735],[119.8208728,51.2596601],[119.8038781,51.2802999],[119.8746028,51.2969212],[119.878295,51.3374814],[119.9395708,51.3608422],[119.9022725,51.3890206],[119.9645534,51.3996351],[119.9682591,51.4351882],[119.9953628,51.4535563],[119.9780937,51.504339],[120.044391,51.5512707],[120.0275939,51.5836327],[120.0516216,51.6322636],[120.0952844,51.6489856],[120.0803649,51.6783186],[120.1667457,51.6780703],[120.2875153,51.7498174],[120.3084534,51.7834757],[120.3558323,51.7874061],[120.3989234,51.8136324],[120.3939926,51.8319979],[120.4698332,51.8514698],[120.4697091,51.8825273],[120.5355198,51.8779863],[120.5505036,51.9122194],[120.64758,51.9227252],[120.6542487,51.9547716],[120.6969717,51.9810889],[120.7116684,52.0135584],[120.6791109,52.0361783],[120.7191265,52.0773708],[120.7457618,52.0782102],[120.7348049,52.0925448],[120.760918,52.1084649],[120.7536734,52.1391169],[120.7795519,52.1637389],[120.7390554,52.2044505],[120.7516307,52.255407],[120.7108234,52.2589152],[120.6927596,52.2869761],[120.6310188,52.3121651],[120.6142057,52.3534646],[120.6431434,52.3624144],[120.6426959,52.3895622],[120.6835667,52.4289413],[120.676556,52.4659338],[120.6997762,52.4912609],[120.682075,52.5144119],[120.7262737,52.5399354],[120.4589993,52.6434643],[120.3909082,52.6152463],[120.2820189,52.6221078],[120.1846108,52.5770372],[120.0619671,52.5860533],[120.0267672,52.6354566],[120.0618436,52.7072149],[120.0266437,52.776256],[120.1374306,52.812691],[120.1791764,52.8081212],[120.21697,52.842333],[120.2808237,52.8609827],[120.2889753,52.8922303],[120.3389961,52.8998878],[120.3528776,52.9375205],[120.4059376,52.9580602],[120.4369382,53.0023997],[120.5552591,53.0804569],[120.6360335,53.1039235],[120.6499929,53.13373],[120.687645,53.1453325],[120.684644,53.1751485],[120.832706,53.238667],[120.8125743,53.2663779],[120.8782846,53.2934914],[121.0355041,53.2868564],[121.0874565,53.3053061],[121.1217855,53.2752272],[121.2265357,53.279163],[121.3271372,53.3231851],[121.4455627,53.321982],[121.8709863,53.4262629],[122.0789029,53.4205389],[122.159168,53.4691296],[122.243643,53.4636867],[122.3271847,53.5014361],[122.4296585,53.4432483],[122.5961455,53.4638679],[122.8261369,53.4557889],[123.05998,53.5067225],[123.1373138,53.4981214],[123.2712436,53.5608154],[123.4483909,53.5340843],[123.4919743,53.4962872],[123.5027771,53.5052021],[123.4839248,53.5412255],[123.5166062,53.5566533],[123.5515705,53.5367502],[123.5294019,53.4971154],[123.5629907,53.5039675],[123.5924144,53.5491108],[123.695599,53.4933535],[123.8550784,53.4874419],[123.9782819,53.4298036],[124.0081087,53.3975584],[124.0613615,53.3987514],[124.0724166,53.3653756],[124.1099497,53.3465035],[124.2437673,53.3747181],[124.3203496,53.3291717],[124.3618653,53.2591728],[124.4373351,53.2139981],[124.7076088,53.1927315],[124.7117256,53.1514201],[124.823912,53.1430901],[124.8620688,53.0990217],[124.8987478,53.1096357],[124.8779227,53.1553164],[124.8947171,53.1710359],[124.9754644,53.1957572],[125.1578079,53.2037569],[125.4947244,53.0947676],[125.507586,53.0484658],[125.6051735,53.0815844],[125.672697,53.0073086],[125.7426971,52.9839653],[125.7243043,52.9388205],[125.6564592,52.9159911],[125.6654624,52.8611685],[125.7667476,52.8966987],[125.8295396,52.8953718],[125.9092037,52.8186152],[125.9392957,52.7632283],[125.9779648,52.7569773],[126.0083476,52.7927389],[126.0385296,52.7979952],[126.1050202,52.7702062],[126.1077823,52.7571227],[126.0377128,52.7402595],[126.0629552,52.6814012],[125.9833907,52.6732013],[125.9632754,52.6224645],[126.0119622,52.5785182],[126.0382275,52.5763401],[126.0678239,52.603246],[126.1921035,52.537775],[126.1840317,52.4696134],[126.2625712,52.4735853],[126.3399577,52.3959426],[126.3404702,52.3549431],[126.3108737,52.3370059],[126.3348328,52.3033095],[126.4316939,52.2916503],[126.3113923,52.2399738],[126.3003969,52.2061976],[126.5542316,52.1303242],[126.5148031,52.0371876],[126.4382903,52.0254656],[126.4619475,51.9779382],[126.4566193,51.9440509],[126.5378208,51.8850146],[126.6176986,51.7744288],[126.6573523,51.7582809],[126.6590689,51.7341546],[126.7237853,51.7170351],[126.712799,51.6819253],[126.73357,51.6376269],[126.6695403,51.5987236],[126.7086791,51.5686439],[126.8386267,51.5285068],[126.7812918,51.4350724],[126.9146727,51.3902115],[126.9237708,51.3627809],[126.907463,51.3433766],[126.8137358,51.329542],[126.8252372,51.2721215],[126.8607711,51.2455873],[126.8999099,51.2449425],[126.9157027,51.2612733],[126.8691825,51.3150595],[126.9454001,51.3335105],[126.9773291,51.3202094],[126.894245,51.2033372],[126.9176588,51.0570394],[126.9858432,51.0210755],[127.046337,50.9605922],[127.1062468,50.9369075],[127.2331046,50.7739248],[127.3002242,50.7452574],[127.2809981,50.7073329],[127.2874214,50.6637986],[127.3670005,50.573974],[127.3539542,50.5419115],[127.3108364,50.5238993],[127.2861803,50.4702297],[127.3626618,50.4343991],[127.3613616,50.3959315],[127.325288,50.3351467],[127.380666,50.2851069],[127.6056331,50.2347146],[127.5852514,50.1457256],[127.5016447,50.0594152],[127.4889337,50.012711],[127.4990212,49.9719288],[127.5412405,49.9336611],[127.5233545,49.8579576],[127.5408951,49.8009946],[127.6651946,49.7703994],[127.6872401,49.667035],[127.8428066,49.5744854],[127.910399,49.5742775],[127.9590478,49.5963876],[128.0344656,49.5555744],[128.1694894,49.5360636],[128.2499716,49.5648864],[128.3295657,49.5402283],[128.3933811,49.5902235],[128.5529286,49.6019577],[128.7173616,49.5623248],[128.730428,49.5910431],[128.7527745,49.593385],[128.7958359,49.5777982],[128.8021721,49.5502838],[128.7472023,49.5131138],[128.7431887,49.4830985],[128.7932722,49.4717556],[128.86689,49.4894043],[128.9836595,49.4569225],[129.0269373,49.4258602],[129.0734497,49.3535964],[129.1262318,49.3504731],[129.1745703,49.3885157],[129.2260499,49.3995096],[129.3520798,49.3516938],[129.3773633,49.3665511],[129.3651125,49.4022608],[129.3799698,49.4293689],[129.4302762,49.4416197],[129.500653,49.4246771],[129.5366434,49.3980359],[129.5593003,49.2894625],[129.6000276,49.2757781],[129.71048,49.2910916],[129.7443651,49.2643745],[129.7645658,49.1865039],[129.8424364,49.1770552],[129.8600306,49.1588093],[129.8489528,49.1151497],[129.9222619,49.0942973],[129.9137906,49.0424922],[130.0196816,49.0092587],[130.0506344,48.9721154],[130.164345,48.9173779],[130.2242955,48.865247],[130.421084,48.9039212],[130.4646859,48.9003103],[130.5185693,48.8533662],[130.6693459,48.8771033],[130.6812262,48.8523837],[130.6067545,48.7750448],[130.5227923,48.6120583],[130.5994349,48.585015],[130.6083675,48.5019152],[130.6255707,48.4884678],[130.7250738,48.5131077],[130.7581971,48.4972857],[130.7320601,48.4302581],[130.7663198,48.3584883],[130.8095544,48.343911],[130.8356469,48.301678],[130.7648702,48.2474381],[130.7467745,48.1812413],[130.6672668,48.1317259],[130.6561518,48.0952509],[130.6817078,48.0471894],[130.8804506,47.9178204],[130.949798,47.825461],[130.9574947,47.7203175],[130.9937326,47.6961667],[131.0895258,47.6831675],[131.1751012,47.6953355],[131.2546492,47.7347808],[131.3660199,47.7266817],[131.4526662,47.7430901],[131.5475156,47.7266399],[131.5522286,47.6825384],[131.5944325,47.6565182],[131.7101398,47.7084722],[131.8122129,47.6671685],[131.9003025,47.6899998],[131.952136,47.6623942],[131.9827995,47.669797],[131.9995115,47.7112387],[132.0755326,47.6980177],[132.2528236,47.7080661],[132.3091865,47.756778],[132.5487282,47.7143226],[132.6036772,47.7420925],[132.598655,47.8103357],[132.6804877,47.8720795],[132.6521269,47.9355958],[132.666225,47.9558781],[132.7191884,47.9618886],[132.78052,47.9250508],[132.8157923,47.935005],[132.8630603,47.9917265],[133.0078184,48.0404716],[133.0652611,48.1072192],[133.2866995,48.0927618],[133.3915256,48.1235587],[133.4644876,48.1091196],[133.5432442,48.1265838],[133.5654847,48.1373754],[133.5933983,48.1982513],[133.703184,48.1842867],[133.7464041,48.2567535],[133.9941194,48.3021697],[134.0340251,48.3450805],[134.1231536,48.3318896],[134.1883145,48.3837178],[134.3975619,48.3863283],[134.5222446,48.3470962],[134.566917,48.3717869],[134.6304735,48.2975439],[134.7230192,48.2745707],[134.6760736,48.2573316],[134.6691084,48.1550981],[134.627746,48.0968491],[134.5446555,48.0324175],[134.5438852,47.9849746],[134.592794,47.9476883],[134.6012592,47.9035681],[134.6698204,47.8817313],[134.6633455,47.8248592],[134.7608739,47.7635194],[134.7703977,47.7151355],[134.6763379,47.62951],[134.6716199,47.5869439],[134.5724886,47.5185095],[134.5631321,47.4784451],[134.4861697,47.4430053],[134.3111775,47.433286],[134.2608592,47.3953132],[134.2538018,47.3642073],[134.1693339,47.3183854],[134.150077,47.2529601],[134.2197881,47.1869171],[134.2222345,47.1179925],[134.139837,47.092521],[134.0965784,47.0087764],[134.055723,46.9750543],[134.0680826,46.9328718],[134.0141809,46.8237464],[134.0467966,46.7741561],[134.0162408,46.7240494],[134.0078968,46.6404363],[133.9130956,46.5961777],[133.8415316,46.4723322],[133.8474893,46.4443641],[133.8908482,46.4468465],[133.9401648,46.3995158],[133.9373514,46.3794913],[133.8706582,46.3612872],[133.8615561,46.3435795],[133.9168304,46.3310022],[133.8996193,46.3012136],[133.9107072,46.2634815],[133.8536125,46.2485872],[133.8731405,46.2348514],[133.8464964,46.2030769],[133.8066128,46.2292246],[133.7779827,46.1840454],[133.6880023,46.15563],[133.6817822,46.1376931],[133.7350144,46.0772282],[133.735593,46.0540838],[133.6755621,45.9884115],[133.6684747,45.9409946],[133.597739,45.9327202],[133.612031,45.9048224],[133.5847201,45.8672222],[133.523191,45.8958491],[133.478227,45.8555972],[133.4897066,45.8370817],[133.4616556,45.835693],[133.462128,45.796393],[133.4976924,45.7780768],[133.4624174,45.777348],[133.4573369,45.7556934],[133.479866,45.7381615],[133.4473841,45.7304159],[133.4208104,45.6950974],[133.4769609,45.6895987],[133.4802591,45.6573967],[133.4387623,45.6442041],[133.4693452,45.6194379],[133.4046414,45.6170992],[133.4129426,45.5714114],[133.3644365,45.5754732],[133.2470742,45.5164022],[133.1935684,45.5143389],[133.2046474,45.5061794],[133.1614854,45.4647276],[133.164331,45.4416621],[133.1339229,45.4272582],[133.1413558,45.375518],[133.111552,45.350648],[133.123929,45.3344601],[133.0989391,45.3194124],[133.1137466,45.3094061],[133.0906917,45.2917953],[133.1051098,45.2647543],[133.0861491,45.2525539],[133.1021129,45.2517316],[133.0874352,45.2419376],[133.1307251,45.1899739],[133.1190919,45.1344987],[133.1350521,45.1416962],[133.1324658,45.1253341],[133.1007372,45.123315],[133.0953226,45.1024311],[133.0398664,45.0772153],[133.0374783,45.0564054],[132.9501371,45.0151103],[132.8632016,45.0611943],[131.9971632,45.2517744],[131.92766,45.280063],[131.9112217,45.3362833],[131.8803988,45.3402847],[131.8226445,45.3094849],[131.8266892,45.2916071],[131.7775512,45.2345705],[131.7861404,45.2096203],[131.7140579,45.2323039],[131.6743719,45.2132832],[131.6429472,45.1571666],[131.6801768,45.1490385],[131.680045,45.116035],[131.476186,44.993497],[131.486276,44.966268],[131.349244,44.987801],[131.305217,44.963455],[131.285996,44.926638],[131.210572,44.91477],[131.142807,44.944972],[131.081815,44.92221],[131.094384,44.894324],[131.071333,44.87928],[130.959151,44.8525411],[130.9591261,44.8227039],[131.008447,44.811526],[131.018817,44.779342],[131.057196,44.784002],[131.083004,44.715049],[131.1044767,44.7075263],[131.3032214,44.0439331],[131.2557281,44.0305325],[131.2359598,43.984699],[131.2387071,43.9529871],[131.261229,43.9366797],[131.2046044,43.8249127],[131.2171412,43.8039078],[131.2034061,43.7834921],[131.223097,43.760018],[131.211621,43.682089],[131.2333648,43.6635582],[131.2083335,43.6087165],[131.2391759,43.6001517],[131.1860795,43.5584796],[131.218874,43.514756],[131.3129067,43.4944951],[131.287309,43.439907],[131.311365,43.395416],[131.272877,43.375379],[131.247919,43.26232],[131.1980009,43.2333303],[131.210391,43.143803],[131.157977,43.099333],[131.163578,43.067067],[131.113457,43.066334],[131.095619,43.021124],[131.110491,42.968315],[131.143586,42.965296],[131.137532,42.934039],[131.107478,42.912674],[131.026361,42.925863],[131.010031,42.911591],[131.035367,42.860293],[130.974335,42.854546],[130.941738,42.874691],[130.883698,42.850347],[130.826974,42.880665],[130.781648,42.868503],[130.771956,42.836053],[130.719951,42.828189],[130.658965,42.845129],[130.4593221,42.7699968],[130.421564,42.72796],[130.394809,42.725705],[130.459173,42.685219],[130.521415,42.7014344],[130.5532698,42.6901398],[130.6155135,42.6290294],[130.6161557,42.5713487],[130.5634567,42.5551144],[130.5529966,42.5190073],[130.5930855,42.4837592],[130.5925964,42.445877],[130.6358361,42.4263318],[130.6722736,42.3730069],[130.6465382,42.3496818],[130.6503807,42.3301851],[130.7421562,42.2583237],[130.7979533,42.3170188],[130.8511401,42.4226183],[130.9297009,42.4058673],[130.998091,42.4416043],[131.0036359,42.4923419],[130.9414752,42.5436648],[131.0477683,42.5797382],[131.1559996,42.5095356],[131.2194176,42.5027097],[131.287221,42.537571],[131.3207267,42.6254984],[131.4203355,42.5925558],[131.499831,42.595627],[131.5945944,42.7159639],[131.5742892,42.7616578],[131.5202345,42.7781149],[131.5278611,42.7977549],[131.6387738,42.7728217],[131.7308571,42.8006403],[131.7612417,42.840952],[131.8643533,42.8404962],[131.8885792,42.8652051],[131.8894891,42.897172],[131.9514642,42.9194452],[131.9969647,42.9671075],[132.0351495,43.0508562],[132.1431198,43.1351434],[132.2504141,43.1749197],[132.2533665,43.1429661],[132.2145048,43.0777343],[132.2386066,43.0251455],[132.2171881,42.961986],[132.2183654,42.8696946],[132.2653653,42.8073679],[132.2390811,42.7732238],[132.2398798,42.7349719],[132.3179813,42.6821361],[132.4000919,42.689878],[132.4274119,42.712843],[132.4317919,42.7477521],[132.4967579,42.7475388],[132.5459526,42.7908315],[132.7124445,42.7981006],[132.7443893,42.731324],[132.8051033,42.6899335],[132.8791482,42.6821486],[132.9278671,42.7025562],[132.9988604,42.6337599],[133.0507978,42.6217875],[133.1854791,42.6414647],[133.2767554,42.7013201],[133.4531424,42.7252983],[133.6439624,42.7923821],[133.6890736,42.7592598],[133.7364756,42.753614],[133.8587888,42.8242809],[133.9631381,42.8272969],[134.0657517,42.9136946],[134.2396833,42.9930902],[134.2615439,43.0356533],[134.3924726,43.0752548],[134.7402272,43.2553684],[134.8238197,43.2724132],[134.8997508,43.3537965],[135.050184,43.4263081],[135.1929608,43.4698327],[135.2516754,43.5868966],[135.4867661,43.7329311],[135.5654715,43.8217003],[135.5975919,43.8937539],[135.6012235,43.9670558],[135.7003094,44.0130592],[135.7328802,44.1467222],[135.7706869,44.2009315],[135.8487777,44.2312873],[135.934418,44.3655649],[136.0711513,44.4018614],[136.2288089,44.483457],[136.3055403,44.5774718],[136.296261,44.6280838],[136.3112836,44.652085],[136.3882367,44.6847815],[136.4172174,44.7238607],[136.5122337,44.7428838],[136.5266719,44.8026479],[136.6206954,44.8898484],[136.6488705,44.9468007],[136.8232876,45.0696911],[136.8631284,45.1680356],[137.0027218,45.2302102],[137.0950198,45.3082457],[137.1952515,45.3415972],[137.2640641,45.427016],[137.358157,45.4964571],[137.4147078,45.5785999],[137.5635401,45.6524113],[137.7110164,45.7563588],[137.8382275,45.9183833],[138.1602623,46.2051929],[138.1900945,46.3228349],[138.2458702,46.4229667],[138.4009688,46.5159891],[138.4297643,46.5999849],[138.4127451,46.6341267],[138.447263,46.7282633],[138.563311,46.8579029],[138.6004307,46.968751],[138.6527558,47.0391812],[138.7755221,47.1148771],[138.9086169,47.2492857],[139.0191285,47.2685504],[139.0582074,47.2930338],[139.0736105,47.3424207],[139.1320336,47.394607],[139.138592,47.4787641],[139.2754198,47.6409748],[139.3391214,47.781633],[139.4588189,47.8878501],[139.5885744,47.9338762],[139.7144545,48.0363194],[139.7889034,48.1305983],[139.9935809,48.2723572],[140.0880201,48.2946504],[140.1560184,48.3751096],[140.2441059,48.4259773],[140.2762549,48.5973951],[140.2568585,48.6846539],[140.28197,48.7567135],[140.3162338,48.8208836],[140.4275524,48.8921297],[140.4721065,48.9684666],[140.4126867,49.0629445],[140.4496739,49.1514211],[140.4256351,49.2149007],[140.4970108,49.2770036],[140.5195475,49.4188737],[140.5795236,49.4652722],[140.6234202,49.5660633],[140.5818222,49.6945704],[140.6032952,49.7354513],[140.602658,49.804913],[140.5008991,49.8591375],[140.5457195,49.9642001],[140.6942812,50.0105135],[140.7703332,50.0948441],[140.7403548,50.1396032],[140.5894477,50.1785476],[140.5804154,50.2916685],[140.6094879,50.3468831],[140.5544787,50.4847459],[140.5016427,50.5381874],[140.5714638,50.621026],[140.5272668,50.7149919],[140.5960042,50.8140127],[140.6151668,50.8833904],[140.7162386,50.9313499],[140.7285218,50.9935562],[140.7617005,51.0229306],[140.7440765,51.2043442],[140.7818256,51.2351117],[140.7770959,51.2832291],[140.9189953,51.3350533],[140.9663053,51.4103483],[140.9539322,51.463505],[140.9809983,51.5237566],[140.9684743,51.5908337],[141.0389606,51.6304854],[141.1176604,51.6292646],[141.1772668,51.6524747],[141.2608019,51.7737612],[141.2585564,51.8067109],[141.4615366,51.8923951],[141.4989485,51.934943],[141.5043821,51.9789207],[141.4255201,52.036892],[141.4370303,52.0828423],[141.4702044,52.1053568],[141.5440509,52.0963006],[141.5883067,51.9822944],[141.5878929,51.9414536],[141.5442929,51.8947226],[141.5508632,51.8648079],[141.7099482,51.7964328],[141.6112973,51.7852576],[141.5865555,51.7537495],[141.5931258,51.723741],[141.7335554,51.6456146],[141.8591484,51.535273],[141.9941018,51.4552665],[141.9993444,51.3868016],[142.0924176,51.2933672],[142.0999697,51.2207193],[142.166574,51.1400793],[142.1712596,51.0611419],[142.1449047,50.9957652],[142.0496997,50.9222799],[142.0061311,50.8320577],[142.0044807,50.7289798],[141.9633493,50.5563782],[141.9718402,50.4872416],[142.0684293,50.351274],[142.0444006,50.2948115],[142.0727961,50.2285068],[142.0863149,50.1212825],[142.059892,49.9999211],[144.0689178,49.999975],[144.0667435,50.0428637],[143.8825178,50.3112955],[143.8026824,50.5005889],[143.7529241,50.809362],[143.6098548,51.2311565],[143.5628725,51.322805],[143.5145962,51.5213405],[143.2398486,52.0350312],[143.2224906,52.1551106],[143.2388637,52.2658638],[143.3455012,52.4051779],[143.4028334,52.580353],[143.4169726,52.833462],[143.4040897,52.9170686],[143.3234081,53.2501159],[142.9794696,53.8510868],[142.9739002,53.9428854],[143.073445,54.0361678],[143.0855593,54.0799791],[143.0726415,54.1318627],[142.8843632,54.3148057],[142.7820506,54.4598965],[142.7142622,54.4795874],[142.637396,54.4681133],[142.5767139,54.4273267],[142.5771668,54.3736189],[142.4593196,54.3373987],[142.3855568,54.334221],[142.2560737,54.3644997],[142.1735419,54.3300396],[142.1801831,54.2807483],[142.3069718,54.196773],[142.3539662,54.1119388],[142.5981669,53.9338149],[142.599293,53.8745715],[142.497693,53.7288457],[142.4117986,53.6930358],[142.3932591,53.6487858],[141.8887555,53.4986568],[141.692747,53.4608405],[141.6120528,53.4156655],[141.6223835,53.3627384],[141.7018164,53.31078],[141.7065638,53.2441424],[141.7499127,53.1444863],[141.8314007,53.0256385],[141.7708933,52.8946739],[141.7612578,52.7848468],[141.7286146,52.7193749],[141.7389249,52.6891796],[141.7202364,52.6027575],[141.7355613,52.5656438],[141.6838384,52.4858567],[141.5691193,52.4108727],[141.5360849,52.327134],[141.5551405,52.2875301],[141.4368612,52.2736645],[141.3081671,52.3580011],[141.3048922,52.4032701],[141.3800603,52.3824123],[141.44803,52.4017993],[141.4770089,52.4399505],[141.4700715,52.5174959],[141.4342002,52.554728],[141.3473379,52.5792324],[141.3707324,52.6762975],[141.3176172,52.7680168],[141.2676678,52.8038568],[141.3216613,52.8447548],[141.3224397,52.8853591],[141.2681067,52.9210272],[141.1784487,52.9221019],[141.3341337,53.0248185],[141.4281954,53.0476721],[141.4524277,53.097716],[141.5132158,53.1268906],[141.5309865,53.167574],[141.501929,53.2059803],[141.5138652,53.2481432],[141.5647365,53.2844874],[141.5625987,53.3199305],[141.4838421,53.3781146],[141.2245801,53.4875168],[140.8994834,53.5742113],[140.6178331,53.6804462],[140.5839582,53.7490112],[140.4034906,53.8210319],[140.3667156,53.8520393],[140.3477852,53.881973],[140.4046531,53.9154207],[140.4224559,53.9484852],[140.4035036,53.9871349],[140.3047562,54.0223778],[140.2873409,54.0670478],[140.2488343,54.0958929],[139.9977705,54.1777579],[139.9484424,54.233107],[139.8724478,54.2511956],[139.8675277,54.3106185],[139.8954902,54.3524459],[139.8414725,54.4005645],[139.7157955,54.4027524],[139.6693138,54.3695292],[139.6654928,54.3359899],[139.5738518,54.2914226],[139.2785372,54.2291759],[139.0530334,54.2622324],[138.7532655,54.3583522],[138.6639258,54.3507854],[138.6017495,54.3258916],[138.5730215,54.2931896],[138.5908789,54.2480874],[138.641512,54.2235477],[138.644835,54.1661874],[138.5790822,54.0828966],[138.5779931,54.0435104],[138.5050507,54.0311065],[138.3062868,53.940955],[138.2503498,53.846803],[138.2459322,53.7913092],[138.22115,53.7693964],[137.8868748,53.6263155],[137.3391418,53.593029],[137.3899689,53.6185462],[137.5641843,53.6292546],[137.6776842,53.7603295],[137.6882605,53.804073],[137.8606935,53.8656842],[137.9339432,53.9455162],[137.9320383,53.991394],[137.8844136,54.0202341],[137.7670762,54.0052646],[137.6084384,54.0149792],[137.5365556,54.0556723],[137.5643212,54.1004731],[137.7070163,54.2095712],[137.8160012,54.2869004],[137.8990833,54.3172714],[137.9423006,54.4022073],[138.0283999,54.4098946],[138.0852486,54.4494178],[138.0620536,54.5008196],[137.9100078,54.5499728],[137.7909069,54.5290309],[137.736717,54.4608355],[137.7434506,54.508533],[137.7142771,54.5604523],[137.7775099,54.5782919],[137.8398945,54.6406107],[138.0781964,54.7609348],[138.1019241,54.8159818],[138.082367,54.8934775],[138.1473356,54.9430835],[138.2326207,54.9525788],[138.3081862,55.006375],[138.4234258,54.9950994],[138.4887475,55.0175153],[138.5169237,55.0901136],[138.4667763,55.1352227],[138.3120048,55.144659],[138.2576448,55.1202659],[138.2372544,55.0831517],[138.0860154,55.1055467],[137.970513,55.1894803],[137.8569757,55.1816319],[137.6577915,55.2445719],[137.478805,55.2103151],[137.4245747,55.1372286],[137.3970438,55.0580467],[137.2019817,54.9184088],[137.1474966,54.7692458],[137.1543516,54.737459],[137.10424,54.7071329],[137.0983805,54.6676908],[137.0204923,54.6559827],[136.9737502,54.6176515],[136.9782614,54.5854226],[137.0099278,54.557387],[137.1264134,54.5514957],[137.1792536,54.5961746],[137.1823417,54.6311985],[137.285612,54.6690243],[137.2862245,54.7171147],[137.450573,54.7936536],[137.5985665,54.6113801],[137.5448888,54.5932396],[137.4701915,54.5263655],[137.4767592,54.4469699],[137.4517116,54.4093493],[137.4850433,54.3627619],[137.3424932,54.345123],[137.1393286,54.2526696],[137.0081103,54.1634542],[137.004424,54.110752],[137.0774745,54.0118501],[137.1643283,53.9827627],[137.1113912,53.8882562],[136.9511084,53.9050543],[136.7950407,53.8629269],[136.7797102,53.8947633],[136.7694022,53.9396958],[136.7850387,53.9945086],[136.8462149,54.0301655],[136.9018952,54.1232255],[136.9056529,54.1601532],[136.8828657,54.2052972],[136.906919,54.3117658],[136.8680613,54.3706767],[136.9132994,54.4205449],[136.9100886,54.5092971],[136.9683251,54.5644961],[136.8832538,54.6814148],[136.76373,54.6936662],[136.731645,54.7225034],[136.6733906,54.7367893],[136.6068827,54.725144],[136.5451674,54.6739616],[136.4878548,54.6989722],[136.4254143,54.6987093],[136.3785237,54.7388232],[136.442372,54.7662813],[136.4481507,54.8160386],[136.3623661,54.8693594],[136.297044,54.8779555],[136.23676,54.8593794],[136.2167038,54.8265197],[136.2977624,54.7475507],[136.2005349,54.7313701],[136.1667354,54.6979779],[136.1767368,54.6625859],[135.969822,54.6177853],[135.8145933,54.613393],[135.7898495,54.6173217],[135.7748282,54.6702051],[135.7410232,54.6946718],[135.3315124,54.7737222],[135.2694631,54.8282686],[135.3061411,54.875311],[135.5724703,55.0451842],[135.7545245,55.0694745],[136.1189284,55.2360802],[136.2023836,55.2580149],[136.3815375,55.4060594],[136.424402,55.4897841],[136.4928613,55.5310279],[136.578775,55.5398292],[136.7252888,55.6009107],[136.8216395,55.6085028],[136.9756067,55.7387872],[137.1000174,55.7449141],[137.1607229,55.8165727],[137.2256145,55.8563581],[137.3323718,55.906213],[137.4440372,55.9129241],[137.5175725,56.0080007],[137.6112656,56.0668029],[137.7831665,56.1018406],[137.8587839,56.1804877],[137.9247671,56.2167063],[137.9913979,56.3266825],[138.0964333,56.3464696],[138.1539469,56.3847753],[138.2354249,56.3770924],[138.2981623,56.3950319],[138.3475353,56.4448677],[138.3482141,56.4826736],[138.3041448,56.513127],[138.2207897,56.5212034],[138.2059667,56.5608686],[138.3335118,56.5950426],[138.3515629,56.6479273],[138.4669021,56.664463],[138.503184,56.7448189],[138.5837829,56.7311452],[138.6580689,56.7593741],[138.6743296,56.7869981],[138.6626226,56.8612339],[138.6977906,56.9320305],[138.9463938,56.9801149],[139.0081303,57.0439641],[139.0233728,57.0927439],[139.0968416,57.1156679],[139.1600345,57.1878969],[139.2672671,57.2338732],[139.4766617,57.2660368],[139.5793664,57.3203983],[139.674308,57.4194258],[139.7639599,57.4328298],[139.8512151,57.3931717],[139.935745,57.4123892],[139.9563858,57.4565129],[139.9083742,57.4923051],[140.0557604,57.6575069],[140.1683689,57.6965991],[140.3542561,57.7026611],[140.584752,57.8230298],[140.5970983,57.8891492],[140.7564295,58.1678808],[140.8528975,58.2701226],[141.0618919,58.3899092],[141.3654,58.4624706],[141.6361518,58.5794819],[141.797221,58.6790425],[142.0394302,58.9131106],[142.1757592,59.0120561],[142.3883879,59.118319],[142.6271001,59.1905125],[143.2653692,59.3121428],[143.348822,59.2822207],[143.4988531,59.2706441],[143.8880617,59.3532636],[144.4541846,59.3097455],[145.000958,59.3138431],[145.2239702,59.3541435],[145.3555584,59.3392025],[145.6574557,59.3613955],[145.7570996,59.3206711],[145.726788,59.2476704],[145.7573219,59.2045018],[145.8793494,59.1631623],[145.8881367,59.1349402],[145.9258702,59.1109868],[146.0613324,59.0899279],[146.2215706,59.1442129],[146.2956761,59.1305438],[146.3702606,59.1414507],[146.4503847,59.1838663],[146.4691286,59.2188109],[146.4213418,59.2673586],[146.4329702,59.3249479],[146.4203105,59.386895],[146.4826655,59.4081068],[146.5906453,59.3948773],[146.6361755,59.3489114],[146.8242835,59.3121504],[146.9874661,59.3148404],[147.1324875,59.2726627],[147.2468056,59.2773944],[147.4942474,59.1888734],[147.5942394,59.1941048],[147.6558694,59.231588],[147.7704725,59.2101315],[147.8558195,59.2209303],[147.9379176,59.2760501],[147.9426366,59.3073947],[147.9233385,59.3340727],[148.2971198,59.3492343],[148.3168287,59.333279],[148.3124152,59.2488897],[148.3482499,59.2176686],[148.5437443,59.1903342],[148.8385182,59.1978315],[148.8925684,59.1814509],[148.850806,59.1333794],[148.8843756,59.0902188],[149.0119167,59.0649504],[149.1750594,59.1311508],[149.2418472,59.1973113],[149.2281471,59.2376581],[149.1572437,59.2616774],[149.1961413,59.291849],[149.1940271,59.3279563],[149.1061013,59.372509],[149.0660841,59.4178856],[149.1074648,59.4310753],[149.244988,59.4125895],[149.3154461,59.44719],[149.3287973,59.5285382],[149.2851601,59.5644873],[149.2143006,59.5827729],[149.2039419,59.6073107],[149.3821407,59.665906],[149.6480418,59.7064021],[149.8296976,59.6821843],[150.1250494,59.6096445],[150.2687156,59.5977478],[150.2688708,59.56892],[150.2951159,59.5462717],[150.4182474,59.5206385],[150.4046677,59.4774407],[150.4405024,59.4464291],[150.5233201,59.4277071],[150.6308559,59.4376334],[150.660763,59.4048823],[150.7344746,59.384093],[150.990979,59.4102633],[151.0468845,59.4655179],[151.0374902,59.5206459],[151.1323676,59.5289494],[151.4035417,59.502652],[151.5855429,59.425299],[151.5900609,59.3910846],[151.6307482,59.3545747],[151.6276198,59.2930729],[151.6666906,59.2594787],[151.8560334,59.2465639],[151.9538729,59.2157857],[152.1036896,59.2240386],[152.0584639,59.199126],[151.9100722,59.1909829],[151.7939307,59.211879],[151.4270999,59.2180818],[151.3315069,59.1943201],[151.2939453,59.1621035],[151.1922635,59.1466102],[151.0868603,59.1575367],[151.0146561,59.1307794],[151.0083007,59.0753831],[151.1343557,58.9766419],[151.1474896,58.9382938],[151.2368569,58.8554231],[151.2444669,58.8148875],[151.3343126,58.7836298],[151.4986289,58.8106626],[151.7128446,58.7889969],[151.8565844,58.8223751],[152.0889603,58.8382973],[152.2095989,58.8734354],[152.253879,58.909504],[152.2638372,58.9494265],[152.3410761,58.9614884],[152.4186005,58.9562543],[152.5042038,58.9022233],[152.621155,58.8890282],[152.6889977,58.8604101],[152.9340359,58.8548703],[153.0092741,58.8927381],[153.041009,58.9813144],[153.0897883,59.0240858],[153.3267733,59.0354082],[153.4214263,59.0625017],[153.4550738,59.0998749],[153.4649747,59.1790518],[153.6180286,59.1369283],[153.77273,59.125439],[153.8610036,59.039153],[154.0350221,58.9931056],[154.2286128,59.0414852],[154.3737791,59.0542977],[154.4321362,59.0918885],[154.451026,59.148857],[154.4804253,59.1635716],[154.615936,59.1071837],[154.7961425,59.0817651],[154.8705941,59.0968277],[154.9026413,59.132096],[155.2014051,59.1250925],[155.4225801,59.1883671],[155.4831051,59.1491291],[155.5626185,59.1445301],[155.6251841,59.1701045],[155.640005,59.2238409],[155.605,59.2553015],[155.5313814,59.2680008],[155.6327545,59.2733983],[155.6859412,59.2972479],[155.6985527,59.338393],[155.659712,59.3741665],[155.5375918,59.3906382],[155.4091736,59.3509944],[155.3856105,59.3228426],[155.3969365,59.2920532],[155.4949833,59.2635924],[155.4267837,59.2289509],[155.369912,59.2603281],[155.2941325,59.2617591],[155.3222819,59.3119833],[155.2885135,59.3775099],[155.2139454,59.4271077],[155.1302455,59.4529522],[155.0830721,59.5106401],[154.9599264,59.5489032],[154.815572,59.5285128],[154.6503452,59.5947389],[154.5355367,59.5769273],[154.4613893,59.59901],[154.3331327,59.7299538],[154.3223185,59.7684121],[154.4301175,59.7843082],[154.5646971,59.8593922],[154.6286887,60.0358232],[154.7911416,60.1858082],[154.9646049,60.2946195],[155.2119384,60.3776536],[155.3773143,60.4742021],[155.4587942,60.4642677],[155.5458382,60.4916174],[155.6441745,60.585794],[155.7965992,60.6197729],[155.8527731,60.6595177],[155.9697448,60.6700903],[156.0186886,60.7276546],[156.0246257,60.8472787],[156.1627314,60.966356],[156.5203626,61.1446743],[156.5650831,61.157639],[156.6639785,61.1476297],[156.737109,61.1713261],[156.7671955,61.2116857],[156.7434311,61.286136],[156.7591669,61.3359047],[156.7345744,61.3882567],[156.764729,61.4660973],[156.9830191,61.5074827],[157.0634697,61.5555119],[157.1025219,61.6043142],[157.2815921,61.6379065],[157.4187284,61.6417297],[157.5337603,61.7360788],[157.7860321,61.7297158],[157.9192845,61.6940934],[158.0935591,61.6819375],[158.3244777,61.773834],[158.4611453,61.7324835],[158.6238617,61.7818692],[158.8542598,61.7672755],[158.9365081,61.7947497],[158.9631015,61.8439159],[159.099729,61.8672645],[159.2566874,61.8519727],[159.2106968,61.8191863],[159.2270969,61.7792026],[159.4067709,61.719531],[159.4137045,61.6639689],[159.4437805,61.6367928],[159.5992298,61.6021837],[159.7829022,61.6518633],[159.9571607,61.6682465],[160.0635736,61.7341768],[160.1175454,61.8020276],[160.2675835,61.8485137],[160.239065,61.8003015],[160.2615933,61.7678506],[160.0988547,61.6890107],[160.1090743,61.6538497],[160.1564929,61.6311928],[160.1314484,61.5874461],[160.1378858,61.5631697],[159.9491674,61.4943674],[159.9215604,61.4615675],[159.9299442,61.4348311],[159.8431187,61.4114868],[159.8260315,61.3705084],[159.7238139,61.3151325],[159.6303896,61.2329309],[159.6800827,61.1873911],[159.8250503,61.180122],[159.8557915,61.156604],[159.862198,61.1168776],[159.8393682,61.0667183],[159.7492214,61.0162566],[159.6823926,60.9473243],[159.6912953,60.9107361],[159.7266753,60.8844171],[159.8302967,60.8457952],[159.9136421,60.8450097],[160.1667514,60.9682611],[160.2378311,60.968417],[160.0732371,60.8456005],[160.0757219,60.8047593],[160.1314016,60.7441487],[160.0434109,60.6804993],[160.0258629,60.5966184],[160.0472125,60.5586929],[160.0935309,60.5354974],[160.2459402,60.5313541],[160.3659391,60.5710127],[160.4512624,60.6450627],[160.8688896,60.6810336],[161.0079586,60.852182],[161.2632582,60.9562624],[161.2982658,60.9979197],[161.5192188,61.0841539],[161.5589802,61.1311639],[161.6561984,61.1492515],[161.7173028,61.2178991],[162.0726604,61.3453306],[162.3933699,61.5447817],[162.6036728,61.5077553],[162.8351995,61.5445347],[162.8936103,61.5032875],[162.8707725,61.4482131],[162.9103457,61.4115983],[163.0153375,61.3959805],[163.1165946,61.4233989],[163.1376757,61.4526204],[163.1259249,61.4880388],[163.2030571,61.5199981],[163.2189082,61.5580266],[163.2976948,61.5690039],[163.4170659,61.6329956],[163.4514031,61.7007987],[163.428361,61.73523],[163.3280776,61.7770551],[163.1055043,61.8144336],[163.1751173,61.9344987],[163.2925038,62.0535059],[163.2059162,62.2010753],[163.3385488,62.2713348],[163.5595026,62.3048394],[163.6128592,62.3599816],[163.6020488,62.3902236],[163.548212,62.4142793],[163.4070031,62.4002712],[163.346537,62.4223486],[163.3778357,62.4513188],[163.3753467,62.4937909],[163.5290313,62.5024766],[163.8089163,62.5536624],[163.9543308,62.5396863],[164.0747394,62.6003565],[164.2967797,62.6114255],[164.414361,62.64195],[164.5663721,62.6128054],[164.591083,62.5565042],[164.7501654,62.5067552],[164.6211652,62.5089719],[164.4677093,62.4820234],[164.3667587,62.433052],[164.3306797,62.3951613],[164.1538971,62.3515648],[164.0257607,62.265433],[163.9922841,62.1649047],[164.0009094,62.1385273],[163.9690859,62.1039786],[163.9859397,62.0274331],[163.959607,61.9824623],[163.9761831,61.9034058],[163.9293176,61.8501878],[163.9563778,61.8002978],[163.9411295,61.7216593],[163.818161,61.6992295],[163.7591355,61.6661604],[163.7218557,61.5665473],[163.6490668,61.492806],[163.6288463,61.4362249],[163.640717,61.4058229],[163.6980822,61.3753003],[163.7914676,61.3659209],[163.8758077,61.3874788],[163.9077172,61.3572061],[163.8468035,61.2965893],[163.8398821,61.255399],[163.5761526,61.169416],[163.5209246,61.1258205],[163.5193909,61.0952798],[163.4219272,61.0632073],[163.3841552,61.022338],[163.3864299,60.9853002],[163.4267566,60.9519483],[163.5641028,60.9149742],[163.4087491,60.871499],[163.3457524,60.9222604],[163.2498211,60.9302117],[163.195469,60.9131961],[163.1567834,60.8644534],[163.0840285,60.8289846],[162.8927616,60.812084],[162.8822333,60.8472776],[162.850417,60.8696233],[162.7262514,60.8769931],[162.6787643,60.8545994],[162.6445818,60.8018608],[162.6760566,60.7576179],[162.7607441,60.7413167],[162.6957298,60.6854931],[162.6278464,60.6580356],[162.4754905,60.6595919],[162.3421698,60.5970032],[162.1455315,60.6052701],[162.0687015,60.5860969],[161.9611895,60.4838313],[161.8422591,60.4394499],[161.7845068,60.3236065],[161.7359816,60.2882917],[161.7462011,60.2515459],[161.7953048,60.2274662],[161.7350214,60.1833346],[161.4058971,60.0759439],[161.2385834,59.9481067],[161.1819176,59.8816649],[161.1021874,59.8491428],[161.0476007,59.7992965],[160.8694152,59.7410175],[160.8002793,59.6577879],[160.4134826,59.5884273],[160.3479214,59.5099754],[160.3482526,59.474636],[160.3000234,59.4138959],[160.2429871,59.3854247],[160.1266492,59.3689313],[159.9094465,59.2229846],[159.7705353,59.1576],[159.6196862,58.9956305],[159.6202518,58.9659033],[159.6532854,58.9381558],[159.6387487,58.9002493],[159.5452578,58.8636069],[159.4658786,58.7741444],[159.1346437,58.5920007],[158.9865727,58.4582711],[158.596803,58.3033956],[158.3322601,58.1705384],[158.267818,58.1186227],[158.090241,58.0524974],[157.9934538,58.037617],[157.8793846,58.0281433],[157.785819,58.0658676],[157.6313054,58.0610288],[157.4900303,57.9540846],[157.4939448,57.9081585],[157.4442937,57.8545871],[157.3368185,57.818482],[157.1317063,57.8357584],[157.0825525,57.8932688],[157.0185623,57.9101269],[156.7878866,57.8360425],[156.6820428,57.7214861],[156.7127312,57.6870276],[156.8082271,57.6653519],[156.8847213,57.5631842],[156.9093095,57.4409388],[156.8485516,57.3453337],[156.6711716,57.1571497],[156.6728335,57.1961053],[156.6336746,57.2229547],[156.5718682,57.2300394],[156.5103352,57.2104065],[156.48839,57.1720491],[156.5010768,57.144288],[156.4484413,57.1126587],[156.4527428,57.0545735],[156.409085,56.9897032],[156.0498247,56.8486976],[155.9121711,56.7198567],[155.8608304,56.6409068],[155.7884935,56.4448587],[155.5608672,55.9737898],[155.5332822,55.6950534],[155.4659748,55.4240079],[155.463247,55.2040603],[155.6493866,54.4207675],[155.8371788,53.9224371],[155.9432709,53.4257369],[155.9863739,53.3067924],[156.0503876,52.8697926],[156.3009056,52.3803089],[156.3608444,52.2166807],[156.391778,52.0677563],[156.4165641,51.7709418],[156.4030531,51.5015663],[156.4568817,51.2956747],[156.5011119,51.2400414],[156.5949924,51.2113019],[156.6377567,51.171158],[156.62099,51.086531],[156.668835,51.0405657],[156.6759423,50.9991163],[156.5787922,50.9032088],[156.5734183,50.8645025],[156.6207433,50.8199822],[156.706132,50.8171865],[156.7854746,50.8587221],[156.9287113,50.9800373],[157.0087868,51.0128912],[157.147972,51.1087909],[157.3704971,51.2042889],[157.3862975,51.263233],[157.4208884,51.2995081],[157.5441589,51.3328161],[157.5708644,51.3713633],[157.5697613,51.4101905],[157.6238948,51.4643691],[157.6778768,51.4478934],[157.7467646,51.4587107],[157.9075223,51.5719131],[157.9639107,51.5890167],[158.1006075,51.7543813],[158.1642588,51.7736695],[158.2351996,51.8589425],[158.3454742,51.9312003],[158.4153565,52.0839323],[158.4923988,52.1527511],[158.4938507,52.1977321],[158.5825783,52.2387338],[158.6399715,52.2975732],[158.6335795,52.3459147],[158.6544052,52.3900876],[158.5985063,52.4608866],[158.6090866,52.5356753],[158.5859642,52.5784851],[158.6825996,52.674181],[158.6633659,52.7302069],[158.7025124,52.7636036],[158.6944259,52.8046312],[158.7226594,52.8363737],[158.796125,52.8608397],[158.9738783,52.9950914],[159.1232675,53.0579754],[159.321897,53.1162616],[159.4231883,53.1059526],[159.5103074,53.1624906],[159.5804301,53.1640362],[159.6307578,53.1925714],[159.9268701,53.0633106],[160.0355935,53.0404809],[160.1053466,53.0631451],[160.1406811,53.1413741],[160.1110186,53.2771768],[160.0573705,53.3149059],[160.0463455,53.3575526],[159.97494,53.4277824],[160.0352352,53.4741636],[160.0345627,53.5727625],[159.9833243,53.6515227],[159.9811142,53.6947075],[159.9294517,53.7229573],[159.9293405,53.7914247],[159.959199,53.8996571],[160.0421235,54.0129252],[160.0712661,54.0865849],[160.1311515,54.144932],[160.3843417,54.2728582],[160.4649595,54.3382019],[160.6104891,54.4159515],[160.9065326,54.5189447],[161.1104957,54.5420653],[161.1502832,54.4781796],[161.2659648,54.4323441],[161.472248,54.4602854],[161.7177312,54.4542118],[161.788477,54.476963],[161.9011008,54.5634364],[162.2138991,54.727311],[162.2416376,54.8642762],[162.2146437,54.8971053],[162.1530691,54.9234747],[162.1371495,54.9607378],[162.0221849,55.0712854],[161.9518213,55.1039744],[161.8948213,55.1876699],[161.8380107,55.3450875],[161.8302628,55.4985072],[161.9085982,55.6774478],[161.9888621,55.7513367],[162.0128255,55.8167244],[162.1089265,55.9248856],[162.114168,55.9579682],[162.1562573,56.0013416],[162.1665927,56.0612219],[162.2734532,56.1119596],[162.57347,56.1763963],[162.767927,56.0189208],[162.8752463,55.9760247],[163.0482009,55.9565505],[163.1228305,55.9832272],[163.2277665,56.0875143],[163.3321496,56.1086486],[163.4430787,56.1680272],[163.4287013,56.2569693],[163.4449503,56.3250267],[163.4109949,56.3982458],[163.3635586,56.4467301],[163.3652994,56.486495],[163.3431107,56.5187102],[163.368046,56.5720795],[163.326838,56.6191922],[163.3652691,56.690847],[163.3257329,56.7565564],[163.2188318,56.7928501],[163.0540498,56.7919446],[162.9202782,56.7505131],[162.8802717,56.7752918],[162.876876,56.8600077],[162.9285815,56.9640557],[162.9429821,57.0466208],[162.864618,57.1892683],[162.8598637,57.2844684],[162.8670711,57.3274781],[162.9435855,57.3828275],[163.1545634,57.4459268],[163.1969087,57.4783917],[163.2206241,57.5266837],[163.296482,57.5522436],[163.3384232,57.6059402],[163.3322121,57.645289],[163.4150353,57.7094366],[163.4119295,57.7452494],[163.261213,57.8638569],[163.0842965,57.8715397],[162.7269957,58.0008299],[162.5024268,57.972578],[162.3484298,57.8422555],[162.3037275,57.8511928],[162.1363873,57.9353999],[162.0951517,58.0065411],[162.0908907,58.0801218],[162.1046269,58.1377072],[162.2106862,58.328433],[162.439831,58.5945068],[162.6081469,58.7127576],[162.810554,58.7759056],[162.9378444,58.8718198],[163.0804057,58.910548],[163.169582,58.9784121],[163.2761015,58.995132],[163.3232514,59.0269704],[163.342123,59.1003698],[163.308713,59.1676034],[163.4208884,59.2383108],[163.444868,59.3089491],[163.4251111,59.4190053],[163.321094,59.5025252],[163.5139122,59.6133996],[163.524132,59.6507576],[163.4746774,59.7364976],[163.5323235,59.8210654],[163.5893496,59.8477225],[163.6788095,59.8250118],[163.7588132,59.8325653],[163.8547213,59.9303245],[163.9586469,59.9678739],[164.0469337,59.9560386],[163.9678036,59.8980604],[164.0015157,59.8371176],[164.1738809,59.8053332],[164.2490343,59.8097862],[164.292118,59.8274985],[164.3182811,59.86406],[164.2963939,59.8952412],[164.2415447,59.9160319],[164.4066125,59.9570355],[164.4443169,59.9888283],[164.4631868,60.0381107],[164.54971,59.9851481],[164.6242345,59.9660033],[164.6721281,59.9209516],[164.7019772,59.8723645],[164.7032524,59.8117307],[164.7414626,59.7607234],[164.8786883,59.7396176],[165.155918,59.8306043],[165.220453,59.8836145],[165.2519162,59.9393991],[165.3126671,59.9767569],[165.308963,60.0107897],[165.2766096,60.0421379],[165.3877797,60.102554],[165.8388116,60.2280714],[165.9074298,60.2756897],[166.0625829,60.3192224],[166.147687,60.3810863],[166.1814277,60.3052475],[166.1743206,60.2391633],[166.1974207,60.2088302],[166.1005428,60.1362963],[166.0585905,60.0196488],[166.0629176,59.9761668],[166.0030391,59.8960892],[165.9806866,59.8027408],[166.0764039,59.7506028],[166.3023542,59.7604268],[166.387161,59.7896812],[166.4960163,59.8925784],[166.731857,60.0183077],[167.0508451,60.2495708],[167.5538984,60.3756011],[167.6700046,60.3851748],[168.1107796,60.5075597],[168.4473392,60.5440577],[168.5079154,60.5437184],[168.5819485,60.5097948],[168.6983564,60.490564],[168.8082436,60.5171703],[169.2303692,60.4941621],[169.6213437,60.3786229],[169.642328,60.3706059],[169.6322674,60.3269815],[169.6817232,60.250573],[169.768815,60.2047035],[169.8715795,60.0460715],[170.0289407,60.0001286],[170.0233156,59.9603787],[170.0636165,59.9311244],[170.2401043,59.8804375],[170.3481559,59.8840764],[170.4571893,59.9108251],[170.5132874,59.9500537],[170.5661958,60.0647422],[170.5967762,60.2109445],[170.7748258,60.2821467],[170.7941621,60.3050878],[170.7933396,60.3623161],[170.9298572,60.4415108],[171.1364882,60.4990894],[171.2474277,60.5077763],[171.4432123,60.5713039],[171.5585738,60.6658743],[171.6540693,60.6656639],[171.7141568,60.685382],[171.7704091,60.7686497],[171.9239553,60.7697081],[172.1718907,60.8080835],[172.2065166,60.8407214],[172.2123466,60.8827013],[172.3039275,60.9227703],[172.3306763,60.957507],[172.4807951,60.970438],[172.562394,61.0080069],[172.5940293,61.0443887],[172.6001282,61.1096992],[172.7203189,61.1299546],[172.7810673,61.1841332],[172.8525129,61.2092099],[173.0095982,61.2372009],[173.0620769,61.2753409],[173.0713244,61.3245641],[173.1988499,61.3421923],[173.401187,61.4148057],[173.4386033,61.4493322],[173.4397829,61.4899517],[173.5469075,61.5079607],[173.5995314,61.5427638],[173.6188347,61.6705022],[173.7895006,61.6033049],[173.9033481,61.6084442],[174.14151,61.7181347],[174.2644127,61.7498514],[174.6929905,61.7894448],[174.9596307,61.9001192],[175.2690144,61.9631685],[175.4139555,62.0388192],[175.6648041,62.1219083],[176.0212269,62.2044852],[176.3381931,62.2494716],[176.430667,62.2816707],[176.4939719,62.3331329],[176.6615927,62.3911765],[176.9648318,62.4671931],[177.2252588,62.4966454],[177.5627488,62.5190517],[178.031993,62.4865796],[178.1040365,62.4519802],[178.2856554,62.412806],[178.943876,62.3018728],[179.0309312,62.2355839],[179.131454,62.2260474],[179.2347264,62.2532124],[179.2844585,62.3003296],[179.2876431,62.3255129],[179.2620358,62.3539317],[179.2947633,62.3946037],[179.2639551,62.4297959],[179.4480716,62.4418558],[179.5197889,62.4867365],[179.5611902,62.5658451],[179.6924173,62.6002049],[179.7359642,62.6685339],[179.7335976,62.7508807],[179.698673,62.7947881],[179.6927229,62.8410893],[179.5958411,62.9079151],[179.4338167,62.9345501],[179.4059666,62.9770075],[179.4170681,63.0027126],[179.4995325,63.0057461],[179.5558768,63.0310096],[179.5766956,63.0679271],[179.5553938,63.1342371],[179.4390088,63.2226757],[179.1698978,63.3141214],[178.9908099,63.4689792],[178.9352364,63.5730366],[178.8670509,63.8345432],[178.7867019,64.0023497],[178.3922403,64.4153732],[178.2862303,64.4816155],[178.1464431,64.4764296],[178.109164,64.4313425],[178.2071022,64.3277384],[177.9780502,64.2622065],[177.916084,64.2745368],[177.6021458,64.425055],[177.5268576,64.5187963],[177.5521334,64.5777332],[177.5982795,64.6101533],[177.5994242,64.6453187],[177.8978679,64.6327409],[177.9280476,64.6014345],[177.9981171,64.5855804],[178.1505037,64.6117491],[178.2508908,64.5858717],[178.4096435,64.5902097],[178.4080143,64.5632488],[178.4479413,64.5321513],[178.5228024,64.513284],[178.6206263,64.5165419],[179.1472042,64.7059911],[179.5777224,64.7636516],[179.6803832,64.8322421],[179.9998682,64.979115],[179.9999675,69.0606144],[179.4590018,69.2912419],[178.9317846,69.4281016],[178.4627322,69.5075381],[178.0549331,69.5190824],[177.5469169,69.6411998],[177.1871776,69.6563865],[177.010653,69.6824271],[176.5547457,69.7765922],[176.1640129,69.9245198],[175.7703728,69.9308214],[175.1342248,69.8931199],[174.6266222,69.8948271],[174.1849307,69.9575436],[173.652527,69.9450412],[173.5503408,69.9776917],[173.4467644,69.9825949],[173.205859,69.9608161],[173.071392,69.9057051],[172.9685321,69.9323604],[172.9163875,70.0041846],[172.8296623,70.031253],[172.4826265,69.9928272],[171.8224087,70.0519762],[171.4630679,70.103404],[171.0176087,70.1398891],[170.7904812,70.1385906],[170.5259145,70.177281],[170.3676177,70.1584696],[170.2808417,70.1156249],[170.3192152,70.0671476],[170.4280126,70.0442542],[170.3674637,69.911183],[170.4186532,69.8687185],[170.412953,69.8088222],[170.0437315,69.8243078],[169.8358904,69.7685565],[169.8074046,69.721606],[169.9193604,69.6595915],[170.0201901,69.638652],[170.000795,69.6075944],[170.011283,69.5783971],[170.1006935,69.5385065],[170.30996,69.5239304],[170.4905539,69.5479415],[170.5275332,69.5182315],[170.548516,69.4495447],[170.6107092,69.4227606],[170.6185538,69.3456494],[170.7277412,69.3085716],[170.7830512,69.267431],[170.7487403,69.1520421],[170.8673988,69.088478],[170.6902109,69.0028348],[170.4937728,68.9579205],[170.4158339,68.9169755],[170.1336082,68.8542414],[169.7592575,68.8214685],[169.686929,68.8211737],[169.59151,68.849579],[169.5634606,68.8780932],[169.5948444,68.9355439],[169.5606621,69.0413899],[169.5285791,69.076133],[169.4243643,69.1220748],[169.1997405,69.1329888],[168.9984368,69.2059756],[168.7809011,69.2530734],[168.4249798,69.2600926],[168.402434,69.2750549],[168.3689953,69.3777876],[168.4398231,69.5316833],[168.416013,69.5718915],[168.8589765,69.508335],[169.2774205,69.5174539],[169.3988112,69.5760613],[169.4652576,69.65664],[169.4525491,69.7105735],[169.5389548,69.7386813],[169.6139869,69.808881],[169.5765438,69.8770066],[169.4172905,69.9547761],[169.1284732,69.9989197],[168.9678585,69.9908263],[168.5709171,70.0683221],[168.1650693,70.0509037],[167.9051192,69.9882069],[167.7776336,69.9308792],[167.6220026,69.8168142],[167.4874487,69.7466042],[167.0999948,69.5845739],[166.9709809,69.5609666],[166.7190117,69.587321],[166.5522345,69.5571413],[166.4064508,69.5537716],[165.8284549,69.6211773],[165.2607168,69.6447661],[164.9511113,69.6193101],[164.6737576,69.6283797],[164.3759616,69.7026132],[164.2454766,69.7822587],[164.0645803,69.8027672],[163.8976925,69.7926182],[163.775744,69.7342928],[163.6929482,69.7248497],[163.2775444,69.7576313],[162.8043667,69.6948475],[162.6355533,69.7208899],[162.4728584,69.7110213],[162.3409599,69.7281516],[162.1409588,69.6808817],[161.9935173,69.7110154],[161.2825714,69.6546443],[161.1761711,69.7023761],[160.9807376,69.73564],[160.8754533,69.7318682],[160.7975403,69.7006553],[160.4469764,69.7268243],[159.936705,69.8302725],[159.9302037,69.913016],[160.0090693,69.9653776],[160.1570415,70.158768],[160.2274641,70.2126913],[160.2508469,70.2617905],[160.1792911,70.4189606],[160.0361368,70.5516515],[159.7731366,70.7007233],[159.305233,70.8523309],[158.5792899,71.002056],[158.1273583,71.0580887],[157.2956373,71.1141798],[156.022592,71.1315199],[154.5104404,71.0172285],[153.9212088,70.9414591],[153.1095171,70.8787065],[152.5644955,70.8760676],[152.4526424,70.8919742],[152.3155883,70.9456035],[152.2448694,70.9845763],[152.1703698,71.062953],[152.0797415,71.1074174],[151.9661794,71.2110578],[151.7093524,71.344659],[151.3792772,71.4595935],[151.1312298,71.5024072],[150.9107576,71.5146115],[150.3519794,71.6945135],[150.2327923,71.7119368],[150.2228589,71.796818],[150.2766706,71.8316003],[150.2921512,71.8854244],[150.2229633,71.9725525],[149.9661554,72.1010546],[149.4084056,72.244028],[148.4823892,72.3710592],[147.6747767,72.3900899],[147.0609618,72.3643715],[146.8808993,72.4072694],[146.0282468,72.5316115],[144.3995324,72.6929141],[143.3604223,72.7442308],[142.1143762,72.7651337],[141.7308488,72.8091062],[141.4902744,72.8818067],[140.8870559,72.9312727],[140.6186501,72.9129202],[140.5300416,72.8697753],[140.5982899,72.7733725],[140.8019507,72.6821976],[140.8087868,72.5988768],[140.7675844,72.5743487],[140.5191166,72.5368941],[140.2759841,72.5792574],[140.0440637,72.5300124],[139.862553,72.5493461],[139.494502,72.5338921],[139.1462262,72.4021807],[138.9939929,72.3046263],[138.9603304,72.2445927],[139.0043709,72.174051],[139.0986679,72.1383999],[139.2320919,72.1251145],[139.2501779,72.0457348],[139.1912632,71.9629288],[139.2085612,71.9013667],[139.3350178,71.8654128],[139.549243,71.8718337],[139.5977593,71.8129206],[139.6103061,71.6877541],[139.6634274,71.6248478],[139.6329575,71.5486022],[139.4146316,71.5550178],[139.2932151,71.6173578],[139.2189429,71.633773],[139.1522957,71.7236362],[139.0677179,71.7651666],[138.9769472,71.7831196],[138.8759565,71.887003],[138.6458141,71.9348766],[138.4649046,71.9491887],[138.3499567,71.9349028],[138.1791703,71.8675446],[138.1613247,71.8406098],[138.1971922,71.8090335],[138.2059585,71.7231522],[138.0207473,71.6459093],[137.4277708,71.6508409],[136.9288397,71.5982187],[136.6598307,71.6494315],[136.4991487,71.6463687],[136.0863222,71.7041349],[135.7764924,71.7105557],[135.5387495,71.6857844],[134.8850939,71.5562415],[134.7314005,71.5191413],[134.5736307,71.4389874],[134.3282998,71.4142544],[134.1484437,71.4243463],[133.7024766,71.503389],[133.4982863,71.5590743],[133.2988746,71.6415807],[133.1714276,71.7331925],[133.21864,71.8037826],[133.4173401,71.7940284],[133.4962094,71.8156854],[133.5236853,71.8472938],[133.4527218,71.9246856],[133.309528,71.9873576],[133.0887604,72.0259334],[132.7137188,72.0043453],[132.5669312,71.9756027],[132.4647632,71.9335107],[132.1532319,71.7188717],[132.0000299,71.5495475],[131.8417269,71.2748336],[131.6357609,71.1254902],[131.6357609,71.0212493],[131.6007751,70.975765],[131.3670673,70.8284844],[131.2531997,70.7822898],[131.1806176,70.7751775],[131.047361,70.8934505],[131.0031548,70.9811235],[130.9653893,71.0026002],[130.8066052,71.0160734],[130.6644714,70.975042],[130.5014646,70.9617411],[130.2791736,71.1032992],[129.9828271,71.1386146],[129.9147315,71.233511],[129.8688335,71.2620384],[129.6502136,71.3109134],[129.452994,71.5782822],[129.4746691,71.6607215],[129.6921981,71.6514767],[129.8008765,71.5733507],[129.8584192,71.478001],[129.9369925,71.4475681],[130.1358911,71.4501839],[130.2002093,71.4765799],[130.2282308,71.5203194],[130.2204333,71.5739122],[130.1352155,71.6324926],[130.0197241,71.6650772],[129.8602691,71.664116],[129.7747752,71.7318234],[129.577306,71.8200906],[129.4807954,71.8957896],[129.4828798,71.9814402],[129.5724538,72.0468356],[129.7509906,72.1242386],[129.796239,72.2310114],[129.7800924,72.2675581],[129.7919521,72.3517668],[129.8104436,72.3718955],[129.8109722,72.4594136],[129.7354204,72.6754611],[129.7198896,72.8169603],[129.7594808,72.8835331],[129.7357032,73.0024655],[129.6057151,73.0721393],[129.2175471,73.1843954],[129.0765958,73.2439608],[128.2727891,73.4773615],[127.9284846,73.5503055],[127.6679508,73.5738107],[127.0005926,73.5704856],[126.7095467,73.5117937],[126.6491774,73.5143132],[126.3686329,73.5975924],[126.2587691,73.6806093],[126.0339534,73.7308435],[125.9086182,73.7349019],[125.7269785,73.7029662],[125.4815959,73.6886257],[125.2313966,73.7487412],[125.007675,73.7542062],[125.0064736,73.8399939],[125.1186567,73.8758255],[125.1371481,73.8942642],[125.1288778,73.9139228],[125.0529369,73.9410064],[124.7759529,73.9808958],[124.3347009,73.9574969],[123.9885768,73.8574065],[123.6944846,73.8725824],[123.5912569,73.8535667],[123.5556099,73.8260703],[123.4698896,73.8424643],[123.4939718,73.9266875],[123.4118838,74.0141832],[123.309852,74.0405652],[123.1724676,74.0418679],[123.0001779,74.0021713],[122.9109696,73.8666938],[122.9424878,73.8282091],[123.0867934,73.7919514],[123.1226921,73.711901],[123.0548805,73.6524155],[122.9837679,73.4889658],[123.1666235,73.2057207],[123.2223965,73.1652058],[123.2377641,73.0808062],[123.2091918,73.0566816],[123.120246,73.0379003],[122.9970503,73.0974533],[122.8334813,73.1306304],[122.3230124,73.1267765],[122.0076789,73.0659589],[121.8835477,72.9970236],[121.7864145,73.0194971],[121.5952313,73.0254656],[121.1386782,72.9817472],[120.6945195,73.0405952],[120.6568292,73.0578062],[120.6128339,73.146684],[120.5733998,73.1695767],[120.1079842,73.2349125],[119.5585342,73.2097537],[119.175596,73.1499705],[118.8158889,73.1856751],[118.8141716,73.272928],[118.9645374,73.3106707],[119.0559702,73.4006339],[119.1970133,73.4533285],[119.2148525,73.4908919],[119.1746332,73.5247457],[119.0923455,73.5510971],[118.6928564,73.6112805],[117.4229224,73.6329541],[116.6402995,73.7196434],[116.30609,73.7133158],[115.4961547,73.7656288],[115.1818604,73.7415772],[114.7484385,73.648073],[114.2022972,73.6491464],[113.7203543,73.5858511],[113.33731,73.8939423],[113.1390735,73.954886],[113.043323,74.0097038],[113.055323,74.0845337],[113.0908344,74.1108049],[113.3963407,74.1796507],[113.6535348,74.3214775],[113.6909868,74.3768742],[113.6493427,74.4370963],[113.4978068,74.5060648],[113.2365045,74.556421],[113.2043161,74.6378877],[113.2186857,74.6598158],[113.2066752,74.6878824],[113.0766802,74.7319425],[112.9113877,74.7391874],[112.7594546,74.7114856],[112.7193245,74.686168],[112.7205858,74.6307662],[112.6559814,74.5733739],[112.1268621,74.6106423],[112.1067215,74.6947349],[112.3335824,74.8193602],[112.4040703,74.83959],[112.6299754,74.8457418],[113.0110424,74.9304008],[113.7136107,75.184198],[113.8953861,75.2973022],[113.965524,75.4293885],[113.932893,75.5087046],[113.932299,75.5926365],[114.0036957,75.6772665],[114.1350878,75.780126],[114.126001,75.8928836],[114.0698306,75.9457761],[113.8366234,76.0070706],[113.7659792,76.0443314],[113.6878542,76.1624543],[113.6257197,76.2053233],[113.6285604,76.2880645],[113.7086346,76.3248559],[113.7206248,76.366843],[113.5759065,76.448723],[113.3570392,76.50978],[112.9367019,76.5308544],[112.7751252,76.6326264],[112.6153749,76.670009],[112.3449706,76.6954261],[112.0018526,76.6806089],[111.3671505,76.8129412],[110.8481667,76.8457702],[110.6661894,76.8396845],[110.4637747,76.8032521],[109.9179026,76.7525017],[109.4614479,76.8077335],[108.6867449,76.7570292],[108.3571782,76.7984015],[107.9787416,76.7929255],[107.7895406,76.7677295],[107.7144126,76.7355827],[107.7232627,76.6480166],[107.6850718,76.5700521],[107.4440327,76.5878522],[107.1193666,76.5761949],[107.0828222,76.6533007],[107.1067956,76.6758972],[107.4548651,76.7703987],[107.6591002,76.8597974],[107.789759,76.8911762],[107.9928549,76.884693],[108.3631089,76.9359976],[108.4524394,76.9600759],[108.4720453,76.9874253],[108.3370799,77.039026],[108.173982,77.064475],[107.8415178,77.0496253],[107.6377267,76.9912163],[107.4814767,77.0478495],[107.1643806,77.07446],[107.1737172,77.1601178],[107.5063492,77.1613943],[107.8386921,77.2111838],[107.9517291,77.2426654],[108.0116404,77.303697],[107.9686622,77.3467609],[107.710525,77.4437285],[107.4577377,77.4518404],[107.3015569,77.4107977],[107.2215126,77.4457374],[107.1945145,77.4767824],[107.06265,77.5068089],[106.8527685,77.5217894],[106.662386,77.5089223],[106.4790113,77.5673932],[106.2238206,77.5702191],[106.0166667,77.6028439],[105.3831015,77.6063715],[105.1771768,77.6313275],[104.9165113,77.7208875],[104.2320299,77.7743623],[103.9441457,77.7587915],[103.5890138,77.6802282],[103.1751701,77.6771559],[102.7948674,77.6107327],[102.6645676,77.5612337],[102.3705066,77.5519291],[102.2498791,77.5191571],[102.1815115,77.4389241],[101.8878417,77.3971908],[101.6998092,77.304177],[101.1641935,77.1374855],[101.0045404,77.0365031],[100.8365268,76.9780154],[100.7747382,76.9292952],[100.4607231,76.9739582],[100.2997197,76.9609923],[100.2152643,76.9282363],[100.2311424,76.8962115],[100.3252703,76.8710259],[100.5949981,76.8716265],[100.6678647,76.8474865],[100.7638128,76.7720547],[100.88774,76.7173996],[100.9148382,76.6281333],[100.8297991,76.5802778],[100.7169782,76.5497514],[100.4354684,76.5182697],[100.0610347,76.5244196],[99.6792875,76.5057877],[99.0318941,76.5590784],[98.7966189,76.5468024],[98.6440564,76.5125182],[98.5910555,76.4728086],[98.6100486,76.445147],[98.717875,76.3973059],[98.6996223,76.3115065],[98.2762747,76.2299507],[97.9887354,76.2063924],[97.6680172,76.1428455],[97.3627264,76.1613416],[97.3244956,76.2241101],[97.4336601,76.3530041],[97.5652547,76.3657827],[97.6717028,76.4006282],[97.6927839,76.5237408],[97.8487462,76.5558263],[97.885379,76.5797343],[97.9078534,76.635746],[97.9558268,76.6518483],[98.1837766,76.6573934],[98.3055806,76.6975765],[98.3054381,76.7348158],[98.2398465,76.7637646],[98.1889475,76.8236608],[98.2112079,76.9240956],[98.1118035,76.9612062],[97.9411918,76.9743584],[97.2322406,76.9017954],[97.1173282,76.9017257],[96.8781299,76.9411848],[96.6019588,76.924355],[96.6114121,77.0097164],[96.7732653,77.0785935],[96.8175119,77.1393104],[96.6737954,77.2165935],[96.3750558,77.2319609],[95.8244724,77.1293644],[95.3334555,77.0706995],[95.0982467,77.0133541],[95.023939,76.9726918],[95.0531884,76.9412598],[95.1601425,76.9169242],[95.3967039,76.9125647],[95.4707766,76.8527378],[95.446333,76.7781636],[95.090517,76.7829331],[94.6391385,76.8275659],[94.3914343,76.8207944],[94.1941263,76.7585754],[94.1242649,76.6846061],[93.8513305,76.6722894],[93.7007047,76.5853601],[93.7290117,76.5363974],[93.8231397,76.5105328],[94.4206811,76.479329],[94.4377196,76.3932787],[94.3350916,76.3574345],[94.3262485,76.2502828],[94.1960244,76.2199815],[93.8737457,76.2330252],[93.5077115,76.1579801],[93.1888714,76.1646299],[92.6580048,76.0574947],[92.5243139,76.0522932],[92.1204111,76.1218833],[91.3843991,76.1009989],[91.241479,76.0733103],[91.2202307,76.0487879],[91.2508411,76.0240921],[91.4415233,75.9990209],[91.4483225,75.9143537],[91.4173188,75.885184],[91.5045796,75.8450227],[91.499814,75.7601287],[91.4079631,75.7262936],[91.2377111,75.7448548],[90.823251,75.7192495],[90.3730094,75.646148],[89.818348,75.6587788],[89.6480303,75.636288],[89.5081469,75.5944959],[89.3862281,75.5862286],[89.3557995,75.586862],[89.3288447,75.7081747],[89.1612672,75.7441048],[88.9466809,75.7311231],[88.6003082,75.7569638],[88.2824129,75.7402577],[87.7211348,75.6710299],[87.6700931,75.6477874],[87.6517397,75.6132893],[87.7906644,75.5709793],[88.1302777,75.5827275],[88.3184306,75.6377426],[88.5310763,75.6521633],[88.7263565,75.6110058],[88.9434262,75.6213778],[88.9888558,75.5496315],[88.9288433,75.4880794],[88.5947144,75.4340353],[88.4722002,75.3655568],[88.3286492,75.3162996],[88.0362009,75.323009],[87.8943978,75.3016799],[87.8542678,75.2773176],[87.8716529,75.2461643],[87.8334219,75.1680703],[87.0910067,75.2094941],[86.7598097,75.1527276],[86.704184,75.1218665],[86.6222047,75.034338],[86.1902054,75.0150074],[86.0117176,74.9500243],[85.0723911,74.9249691],[84.9068246,74.8615013],[84.8834029,74.7589481],[84.902903,74.7320719],[84.8875266,74.647684],[84.7133223,74.6133714],[84.5986726,74.5594111],[84.2424767,74.5233707],[84.1078536,74.4975252],[84.0527763,74.4670655],[84.052663,74.4437413],[84.104568,74.3930527],[84.174775,74.3586648],[84.3268216,74.3434436],[84.5008272,74.3621205],[84.6785158,74.3565894],[84.7689444,74.2670056],[85.0171946,74.2370976],[85.0470681,74.1637178],[84.9801434,74.0849315],[84.6012684,74.1007534],[84.127866,74.06773],[83.8784102,74.0778806],[83.6449024,74.1568717],[83.3000532,74.189417],[82.9149427,74.1444931],[82.8336982,74.1489145],[82.7008322,74.1892766],[82.5184065,74.1887506],[82.3574659,74.1596034],[82.2594452,74.1056087],[82.2961811,74.0551169],[82.4718577,74.0100021],[82.7152816,74.0005944],[83.0438965,74.0269569],[83.3478609,73.9962867],[83.6243991,74.0169078],[83.8017289,73.95795],[84.3297501,73.9143326],[84.3917656,73.8411758],[84.3704445,73.7621537],[83.3787268,73.691927],[82.3942371,73.7014714],[81.5737227,73.673548],[80.8695558,73.6146209],[80.488932,73.6122387],[80.2047294,73.5873563],[79.9884744,73.5407152],[79.9707378,73.5211117],[79.9670497,73.4532616],[80.1508468,73.3841543],[80.1855816,73.3046786],[80.163627,73.2021175],[80.1376412,73.1777097],[80.1478369,73.1572497],[80.3009841,73.1140262],[80.4312034,73.0377253],[80.5457561,73.0195884],[80.6538738,72.9538829],[80.6614147,72.8664875],[80.6155899,72.7927048],[80.5051838,72.7258949],[80.5264994,72.6202022],[80.566871,72.5889243],[80.5886355,72.518546],[80.5459129,72.4331303],[80.6005135,72.3843455],[80.7241721,72.3447276],[80.8904909,72.2244896],[80.9054633,72.2093272],[80.884426,72.1263189],[80.1789933,72.224196],[79.8299625,72.3348014],[79.5549052,72.3986807],[78.5998479,72.4356922],[78.4448747,72.5628769],[78.248087,72.6089994],[77.9009531,72.6453111],[77.5911233,72.6545885],[77.3503637,72.6096418],[77.1451611,72.5353569],[77.0228781,72.4593535],[76.8513773,72.4271405],[76.7604915,72.3868278],[76.6770588,72.3093264],[76.7090278,72.1799868],[76.6802266,72.1041144],[76.1954633,72.0371127],[75.8997245,71.9498527],[75.8141136,71.9038525],[75.8225528,71.8765288],[76.1527152,71.5624872],[76.57716,71.4248021],[77.0103474,71.3587854],[77.1435662,71.3039505],[77.1312647,71.2182389],[75.9355523,71.2687419],[75.5385801,71.3333746],[75.5334622,71.4168688],[75.6617135,71.5184479],[75.6738985,71.6426172],[75.6430282,71.685013],[75.4755132,71.7375952],[75.4263993,71.7737761],[75.4222674,71.8576035],[75.5731907,71.9524576],[75.6832759,72.1178452],[75.8709415,72.1669756],[75.9143978,72.2051551],[75.847983,72.3320263],[75.7592046,72.3707848],[75.7679935,72.453852],[75.8253329,72.4740875],[75.8544778,72.5074286],[75.8337785,72.5447144],[75.662156,72.6288632],[75.6477645,72.7105766],[75.659694,72.7423988],[75.6359259,72.7676121],[75.0848973,72.9215756],[75.0658118,73.0063836],[75.0919832,73.0410288],[75.030076,73.0767916],[74.5086678,73.167742],[74.288648,73.1625019],[74.0901917,73.1203921],[73.9620329,73.0535767],[73.9409083,73.0254569],[73.946098,72.9753912],[74.1738958,72.8816697],[74.568072,72.784192],[74.7483341,72.6742595],[74.865988,72.4662686],[74.8889527,72.3121513],[74.8711238,72.2392064],[74.748144,72.1551942],[74.610662,72.1076277],[73.5534179,71.8941932],[73.3391263,71.8275479],[73.2786022,71.7743526],[73.3052549,71.6575327],[73.2520946,71.591843],[72.9901983,71.4982583],[72.8650474,71.4018916],[72.9278155,71.3511383],[73.2180057,71.2829543],[73.4271356,71.1949957],[73.5920033,71.0275335],[73.6930854,70.9788362],[73.7490818,70.8667489],[73.7882036,70.8297009],[74.1007036,70.6760594],[74.1529471,70.6015339],[74.1445521,70.5084626],[74.0848361,70.4484887],[73.5512273,70.1381823],[73.5474783,70.1072866],[73.6030038,70.0058692],[73.5974693,69.9848022],[73.5448344,69.8930532],[73.4925769,69.8298574],[73.425162,69.7936039],[73.39835,69.7392837],[73.5103272,69.5997972],[73.6630261,69.5207387],[73.7427908,69.4372675],[73.7367742,69.3351714],[73.6544953,69.228617],[73.6407722,69.1681864],[73.7307578,69.0740496],[73.8754316,69.0281773],[74.0682976,69.0292391],[74.3586508,69.0814903],[74.5357255,69.0748827],[74.6573519,69.0374365],[74.8036763,69.0248086],[75.2144256,69.0664273],[75.3351306,69.1362794],[75.5403595,69.1961105],[75.9952425,69.1899926],[76.2942928,69.1120074],[76.2694186,69.0283337],[75.6005626,68.9474743],[75.3804214,68.9388796],[74.7714945,68.8442731],[74.3594051,68.7249296],[74.303002,68.6484268],[74.2934313,68.4731247],[74.1975341,68.3850455],[74.1928974,68.3544955],[74.225725,68.322454],[74.4685064,68.2135392],[74.6385446,68.0287177],[74.6779025,67.960357],[74.676127,67.8886214],[74.6563401,67.8008096],[74.603268,67.7147047],[74.4042928,67.61394],[74.050067,67.4902072],[73.9714434,67.4435902],[73.7829389,67.2949324],[73.7823362,67.1508289],[73.7193035,67.0468412],[73.6492622,66.9984157],[73.5325272,66.9693722],[73.3791239,66.8691783],[72.9180928,66.7606911],[72.8143098,66.6994083],[72.3686039,66.6339561],[72.1707396,66.5247991],[72.1297405,66.4118008],[71.9833123,66.3035644],[71.9112865,66.3040872],[71.6652936,66.369189],[71.2952796,66.4046895],[71.2896493,66.490368],[71.7050697,66.614038],[71.7797373,66.6909444],[71.7565588,66.7455092],[71.7724431,66.828227],[72.1330782,67.0047285],[72.2376868,67.084766],[72.332733,67.1176817],[72.3656748,67.1516905],[72.366405,67.2000495],[72.4211513,67.2681862],[72.5215404,67.2986267],[72.6159987,67.4607456],[72.7507902,67.5529619],[72.9052983,67.5768237],[73.2362057,67.6755951],[73.2596725,67.7027089],[73.2755294,67.8034105],[73.3306952,67.8484419],[73.3349765,67.9204433],[73.216753,68.0323698],[73.2077975,68.1181972],[73.2898268,68.2260657],[73.3572984,68.2691659],[73.7303207,68.392406],[73.7558294,68.4195865],[73.7659517,68.4725946],[73.7428567,68.5230413],[73.6935914,68.5657799],[73.2256878,68.7617379],[72.8910346,68.8539531],[72.7754388,68.9231323],[72.6704135,69.0187186],[72.6366777,69.0803013],[72.6325942,69.1660433],[72.7632868,69.2685557],[72.7503141,69.3311778],[72.800563,69.4741511],[72.7189463,69.5828726],[72.7221377,69.6688834],[72.8073649,69.7360204],[72.8325232,69.8034244],[72.7893766,69.8873058],[72.699415,69.9561663],[72.6884019,70.0412754],[72.7485512,70.1364409],[72.7201294,70.191578],[72.6681594,70.2259287],[72.6656947,70.3120802],[72.8150673,70.3465405],[72.8641831,70.3737497],[72.8936028,70.4168831],[72.90125,70.5112752],[72.8663927,70.5593355],[72.8687693,70.6445023],[72.913134,70.7222503],[72.9332103,70.8641786],[72.8200118,70.9503201],[72.8248879,71.0711825],[72.7012648,71.1623873],[72.2374416,71.2933842],[72.0511908,71.4266504],[72.062313,71.5132128],[72.2647625,71.5601666],[72.4711612,71.6741138],[72.5307573,71.8175786],[72.6380646,71.8629814],[72.7287305,72.0112237],[72.8725515,72.096024],[72.9209255,72.2028465],[73.0128214,72.2417351],[73.0234463,72.2769532],[72.9648526,72.3772128],[72.9879634,72.4560111],[73.1743981,72.5286554],[73.1619406,72.6731207],[73.0876044,72.7138572],[72.9222552,72.7497067],[71.7848631,72.9210825],[71.7920128,73.0073469],[71.8794642,73.0255567],[71.9167962,73.0592825],[71.8805897,73.1435951],[71.7907902,73.2461788],[71.436326,73.4399171],[70.9788383,73.5239358],[70.7711659,73.5281745],[70.2171584,73.4841954],[69.9497438,73.4317596],[69.8446534,73.3901321],[69.8268078,73.365392],[69.8552169,73.2675223],[69.8499992,73.1833612],[69.7772009,73.0632571],[69.7164093,73.006582],[69.4579791,73.0063566],[69.2697529,72.9783377],[69.2075644,72.947504],[69.0579136,72.8217472],[68.8453485,72.7042404],[68.6585738,72.4323147],[68.5982045,72.2697417],[68.3902999,71.9190549],[68.1898239,71.7494746],[67.8763004,71.5750475],[67.2457425,71.3854788],[66.8079375,71.3016475],[66.6999043,71.1978638],[66.449852,71.0179707],[66.2930764,70.828602],[66.2601575,70.6736509],[66.2741673,70.6072103],[66.330987,70.5357332],[66.4742685,70.4518567],[66.7258549,70.3618423],[66.9550756,70.3349299],[66.9914003,70.2551038],[66.9739359,70.2178574],[66.9748946,70.1213114],[66.7854344,70.0337787],[66.6908037,69.9028192],[66.6496672,69.7943547],[66.6401291,69.7148526],[66.6630167,69.5511693],[66.8470013,69.3726373],[67.0335257,69.3171736],[67.1846933,69.3093848],[67.2750697,69.3279546],[67.4412582,69.4141382],[67.8409117,69.4381726],[67.8775054,69.3216639],[67.961168,69.2109494],[68.1857797,69.0721958],[68.3340344,68.9483656],[68.5525252,68.8746683],[68.921356,68.837566],[68.7700009,68.6191045],[68.4413756,68.3799262],[68.4144558,68.3346086],[68.3018863,68.4266707],[67.9823971,68.4971403],[67.7319705,68.6132336],[67.4580833,68.7079038],[67.5366893,68.7368897],[67.5459637,68.78568],[67.4041048,68.8580471],[66.6949694,68.934393],[66.5539427,69.0255695],[66.3329378,69.1062857],[65.4507084,69.2217706],[65.3452606,69.245791],[65.2283303,69.3050359],[65.1096332,69.3214519],[64.4469277,69.530493],[63.9394224,69.6360822],[62.7639244,69.7730823],[62.2236548,69.7811804],[61.8811313,69.8004778],[61.7655418,69.8238248],[61.5575982,69.8201344],[61.4837878,69.830248],[61.3007179,69.9022974],[61.1983727,69.9169291],[61.0021173,69.8979148],[60.8253236,69.9166333],[60.6272914,69.8753855],[60.6369366,69.9185584],[60.5705138,69.9620639],[60.3649569,70.0161972],[60.2104312,70.081846],[60.2013601,70.1107655],[60.1568973,70.1321562],[59.9659673,70.1503177],[59.915454,70.1871754],[59.7064044,70.2507756],[59.50484,70.3771403],[59.237756,70.4600003],[59.1832339,70.5021795],[59.070303,70.5208497],[58.8613006,70.4790233],[58.7031029,70.5123648],[58.5595661,70.5004511],[58.5058145,70.4650156],[58.5455946,70.4128175],[58.3588929,70.4207021],[58.2543028,70.3934964],[58.238627,70.3593938],[58.2970838,70.304422],[58.1916834,70.2850569],[58.1589761,70.2464553],[58.2072432,70.1858633],[58.390365,70.1329894],[58.4608355,70.0489939],[58.5560591,69.989423],[58.6796953,69.9323962],[58.8347295,69.8934006],[58.8925154,69.8489126],[58.9763262,69.8185247],[59.2015375,69.8030468],[59.3049619,69.7646299],[59.4127967,69.7642804],[59.3682855,69.7395136],[59.3701592,69.7079108],[59.5093466,69.6634779],[60.0369072,69.6088098],[60.0266519,69.5561089],[60.0785723,69.4843204],[60.4850566,69.2322626],[60.4825845,69.1390919],[60.5221453,69.0938543],[60.6189657,69.0525587],[60.7814019,69.0351595],[60.8074729,68.9754145],[60.785114,68.9256368],[60.6617224,68.8835883],[60.5916342,68.8227403],[60.4215434,68.7478731],[60.1243215,68.7310707],[59.9183408,68.762212],[59.692179,68.6738172],[59.656068,68.6394269],[59.6737965,68.5856083],[59.809607,68.4970697],[59.8304581,68.453719],[59.7423771,68.4065255],[59.64135,68.3841046],[59.2623173,68.4402263],[59.3268708,68.5143899],[59.3057373,68.5473332],[59.2627524,68.5664629],[59.3114439,68.5871588],[59.3313623,68.6179187],[59.5465515,68.6281172],[59.6070158,68.6503202],[59.6289948,68.6812655],[59.6147278,68.7069842],[59.5466686,68.7389324],[59.56857,68.7639905],[59.5474365,68.8055076],[59.4486214,68.8345005],[59.3068754,68.9086195],[59.455416,68.9458184],[59.6418251,68.9561894],[59.6874472,68.9901933],[59.6660199,69.039643],[59.6193689,69.0763371],[59.4917027,69.1254124],[59.4622214,69.1539085],[59.4531598,69.2274767],[59.3990966,69.2729007],[59.2220369,69.3294508],[58.9179451,69.3866076],[58.8347688,69.4334241],[58.7213783,69.4451359],[58.7244914,69.4881285],[58.6571327,69.5237685],[58.4366944,69.5360527],[58.3463133,69.5090212],[58.3084829,69.4729909],[58.3101406,69.4517288],[58.3777143,69.4157948],[58.4903335,69.3985155],[58.4886684,69.372048],[58.5134871,69.3525513],[58.7620928,69.2573399],[59.0558791,69.200452],[59.0980425,69.1158951],[59.238349,69.0628475],[59.2638331,69.0327733],[58.8093308,69.0232735],[57.7408793,68.8268798],[57.2781113,68.7840355],[57.1365989,68.7541011],[57.0207225,68.6804059],[57.0400754,68.6349456],[57.1395238,68.6085392],[57.2476624,68.6151016],[57.361776,68.6579594],[57.3469097,68.6161432],[57.2661982,68.5839711],[57.118582,68.5771879],[56.9620031,68.598593],[56.8752992,68.6422123],[56.6603082,68.6743889],[56.3267692,68.6412889],[56.1771335,68.6844509],[56.0438702,68.6972624],[55.8811579,68.6836069],[55.6067946,68.6047386],[55.3400988,68.6018976],[54.8851646,68.4527316],[54.8210849,68.3786196],[54.7062924,68.3250714],[54.7168014,68.2820697],[54.7737724,68.2521174],[54.7535154,68.241078],[54.4948527,68.3985967],[54.3688725,68.4039268],[54.221419,68.3746349],[54.1215997,68.3844867],[54.0932563,68.3994448],[54.0780706,68.4768752],[54.037011,68.535982],[53.8798679,68.6279665],[53.9884239,68.6762798],[54.0060555,68.7009776],[53.9901921,68.7389845],[54.1064879,68.7772988],[54.4107419,68.7334632],[54.5211033,68.7547507],[54.5581185,68.7871083],[54.5185559,68.8274217],[54.387736,68.8649264],[54.0920413,68.8774024],[54.4326467,68.9044823],[54.5617378,68.8835551],[54.7803973,68.9005336],[54.9159131,68.8623877],[55.1471526,68.8772382],[55.2715954,68.8472783],[55.3975979,68.850703],[55.5807858,68.8194686],[55.7137365,68.845944],[55.7466932,68.8875046],[55.743893,68.911151],[55.6695504,68.9464616],[55.5069464,68.9755823],[55.1379019,68.9645547],[54.9123113,69.0243046],[54.7797775,69.0188465],[54.5401241,69.0428304],[54.0417658,69.0317744],[53.6127976,68.9839085],[52.9203425,68.8427863],[52.060724,68.6027515],[51.6917355,68.5470521],[51.1798273,68.5438513],[50.9599702,68.5109639],[50.7466765,68.4398859],[50.580162,68.3402804],[50.0700799,68.1595179],[49.1794205,67.910129],[48.9452762,67.8803822],[48.8536968,67.8936546],[48.6826608,67.9586322],[48.5111603,67.9541365],[48.4660532,67.9306962],[48.4603253,67.9064503],[48.6413042,67.8213467],[48.6425916,67.7643371],[48.6234067,67.7444522],[48.4620808,67.6990635],[48.2956292,67.7154085],[48.1208681,67.6714105],[47.9461146,67.6914917],[47.7152999,67.6009668],[47.7026079,67.5679854],[47.7293669,67.5163345],[47.801721,67.4608058],[47.7462626,67.4001534],[47.6368644,67.3433292],[47.6472757,67.2526342],[47.5884391,67.227973],[47.5572022,67.1926101],[47.6243652,67.1221067],[47.6243723,67.0548362],[47.541764,66.9818547],[46.7083335,66.879746],[46.5685126,66.9196795],[46.1924621,66.8779297],[45.9698067,66.9091666],[45.9149144,66.9320383],[45.8319325,67.0043127],[45.8104734,67.051454],[45.7529838,67.0900633],[45.7503727,67.1388868],[45.6981491,67.1859283],[45.1896555,67.301601],[45.0455212,67.3570816],[45.0389699,67.3766256],[45.0642141,67.4343509],[45.1292443,67.4841398],[45.2492463,67.5293283],[45.3416072,67.5283176],[45.4226676,67.5550625],[45.4799036,67.6329701],[45.4679748,67.677416],[45.5503852,67.6994718],[45.8745751,67.7048152],[46.0027461,67.7351656],[46.3497442,67.7682843],[46.7035318,67.754352],[46.8185872,67.7893303],[46.8476125,67.8459765],[46.8342186,67.8995578],[46.6704832,68.0349685],[46.6606568,68.1333734],[46.4286043,68.2602537],[46.4907035,68.2799171],[46.513572,68.3139027],[46.4975467,68.349552],[46.4567227,68.375328],[46.2752003,68.4103565],[46.0572636,68.4815643],[45.5043614,68.5718239],[45.037959,68.5997207],[44.0896174,68.5821504],[43.8150585,68.6591198],[43.5223491,68.7096478],[43.2460862,68.7122682],[43.1734131,68.6929991],[43.1430963,68.6644564],[43.204619,68.5904865],[43.457743,68.4872532],[43.8982083,68.3581644],[44.0851796,68.2744594],[44.0883523,68.2075617],[44.0592801,68.0898559],[44.0089992,68.0094597],[44.0279433,67.9576319],[43.973249,67.8512083],[44.0023366,67.7610229],[43.9378403,67.6961689],[43.9122355,67.6335866],[43.8162984,67.5476929],[43.7076987,67.4107991],[43.6325053,67.2674135],[43.645226,67.1940438],[43.6894805,67.1590931],[43.8588546,67.1054923],[44.0531005,67.1041195],[44.3547059,66.9113779],[44.3363366,66.8792192],[44.3498095,66.8452913],[44.2637929,66.8175528],[44.2256557,66.783548],[44.239816,66.7361268],[44.3270606,66.6669742],[44.2506542,66.5764768],[44.2452656,66.531919],[44.1003233,66.4484571],[44.0026375,66.3417721],[43.9407285,66.2297801],[43.8099605,66.2483795],[43.7575859,66.2935096],[43.6446239,66.3452423],[43.4636962,66.3754025],[43.4045531,66.4261128],[43.3179029,66.4582891],[43.1297912,66.468405],[42.7458336,66.451377],[42.6621159,66.4906546],[42.3772269,66.5540433],[42.2300941,66.5676052],[42.1138315,66.5543104],[41.9746657,66.5033051],[41.846461,66.3885399],[41.7411725,66.3518491],[41.6169761,66.253372],[41.382198,66.1434973],[41.002565,66.0623617],[40.6330532,66.0184775],[40.3217699,65.8226398],[40.0428007,65.7245561],[39.7862214,65.6673543],[39.667545,65.6065843],[39.6064854,65.5420961],[39.5692766,65.4293971],[39.5902561,65.3388348],[39.7982974,65.2100523],[39.904087,65.128793],[39.9312487,65.0861365],[40.0256917,65.031512],[40.0888696,64.8971077],[40.1368435,64.8432836],[39.8673901,64.797846],[39.7327857,64.7187923],[39.6542197,64.6074721],[39.5801249,64.6048395],[39.3589114,64.6888036],[39.1671838,64.7143577],[38.9414913,64.787997],[38.6066532,64.8215268],[38.4063562,64.8967557],[38.1544228,64.899487],[37.9786022,64.9306114],[37.8324741,64.9853058],[37.8232775,65.0376368],[37.752919,65.0760188],[37.4461908,65.1512071],[37.077575,65.2199856],[36.9653389,65.2192034],[36.8669842,65.2625625],[36.7668696,65.2602003],[36.6878611,65.2333711],[36.6603509,65.1949699],[36.7067637,65.1538685],[36.6955424,65.119402],[36.7305822,65.0820246],[36.6816488,64.9934356],[36.6081224,64.975682],[36.3959618,64.9769987],[36.3160401,64.9300938],[36.3177873,64.8926045],[36.3894815,64.7964218],[36.4260581,64.6912085],[36.4889916,64.6670311],[36.6221433,64.6612632],[36.8047864,64.5035834],[37.0325768,64.3579275],[37.321564,64.288016],[37.2609808,64.2704256],[37.2333251,64.240913],[37.2437601,64.2081984],[37.2908368,64.1837085],[37.3910569,64.1717928],[37.4823237,64.1956733],[37.5034233,64.225504],[37.4885081,64.2516401],[37.3723993,64.2899642],[37.4952401,64.3250783],[37.6238983,64.3023824],[37.7180477,64.3213979],[37.7947866,64.3026087],[37.8256448,64.274858],[37.7816296,64.2473559],[37.7729304,64.1949259],[37.8208728,64.1373519],[37.882376,64.1110624],[37.9122487,64.0566163],[37.8140464,64.0947704],[37.6973366,64.078861],[37.6665588,64.0561765],[37.6640041,64.0290809],[37.7647007,63.9549723],[37.570867,63.9308268],[37.5151792,63.8914686],[37.5173103,63.8566227],[37.4599997,63.842715],[37.3859046,63.8491635],[37.4183382,63.8764384],[37.4115926,63.9078682],[37.3059157,63.9419279],[37.2515224,63.9902591],[37.2799849,64.0246336],[37.257937,64.0585201],[37.3290515,64.1022857],[37.3323447,64.1416174],[37.3066824,64.1654143],[37.1887356,64.2028829],[37.0725992,64.1925042],[37.0210585,64.1516767],[37.0303764,64.1256829],[37.0966609,64.0799214],[37.0574695,64.0670548],[36.9698961,64.1078385],[36.9641571,64.1590492],[36.8730539,64.1996088],[36.8271766,64.2507106],[36.641396,64.3062904],[36.6059725,64.3505112],[36.5363253,64.3794533],[36.4308919,64.3943699],[36.3339978,64.3782568],[36.2866857,64.4236913],[36.2142269,64.4425327],[36.0272219,64.4333214],[35.7155478,64.4616258],[35.688821,64.4790828],[35.7374505,64.5078278],[35.738176,64.5505038],[35.8115625,64.5726493],[35.8320295,64.6078697],[35.7736641,64.6589922],[35.6246963,64.7360484],[35.4552179,64.7358269],[35.3619578,64.6808916],[35.3889868,64.6368129],[35.4892362,64.6165886],[35.5478909,64.5787568],[35.4960209,64.5443825],[35.4955337,64.5121242],[35.5288467,64.4855427],[35.4955549,64.4708574],[35.4321194,64.4614417],[35.3502116,64.496285],[35.3520485,64.5384455],[35.2894514,64.5674368],[35.2041433,64.5727038],[35.1317409,64.5532258],[35.0658755,64.5655468],[35.197169,64.6397861],[35.2058431,64.6724666],[35.1760985,64.7019248],[35.223423,64.7274495],[35.2325599,64.753866],[35.3151051,64.7624953],[35.3682902,64.7963665],[35.3637942,64.8274763],[35.3330808,64.8495472],[35.2217446,64.8653258],[35.3580797,64.8998432],[35.4759302,64.8943035],[35.5438999,64.9226309],[35.6189957,64.9033915],[35.8021513,64.9042495],[36.0747959,64.9689095],[36.1413873,65.0119618],[36.1403004,65.0544696],[36.1184947,65.0757263],[36.3396012,65.1128318],[36.3864203,65.1373532],[36.3933445,65.1738817],[36.3194413,65.2119742],[36.1261708,65.2131193],[36.0042168,65.2453265],[35.5200829,65.1993497],[35.3964529,65.153664],[35.3754341,65.1211283],[35.3810214,65.0895541],[35.4432103,65.0342603],[35.3328507,64.9951219],[35.1656475,65.0249729],[35.1442507,65.0870961],[35.0878854,65.1150471],[34.9161564,65.1198359],[34.9288535,65.1423977],[34.9174606,65.1679173],[34.8030542,65.2492286],[34.6893567,65.2948232],[34.7015048,65.3167587],[34.6885288,65.3401382],[34.8089446,65.4032806],[34.8131884,65.4537338],[34.9044646,65.5171918],[34.9185704,65.5628583],[35.0341263,65.5796975],[35.0662106,65.6037733],[35.0680301,65.6275728],[35.1467387,65.6688033],[35.1841244,65.7482441],[35.1614658,65.7837722],[35.1680992,65.8293029],[34.9815278,65.8975399],[34.9388993,65.9356886],[34.8484633,65.9501511],[34.821477,66.004399],[34.6266017,66.1095115],[34.1212425,66.2835583],[34.004755,66.3529119],[33.9891402,66.384574],[34.0110848,66.4222417],[33.9646652,66.4568555],[33.882125,66.4850237],[33.7597094,66.4869398],[33.6512806,66.5449097],[33.7996287,66.5575288],[33.8356732,66.5906643],[33.816397,66.6219027],[34.0060016,66.6322183],[34.1773834,66.6110028],[34.3585687,66.5066008],[34.4413648,66.4880699],[34.5903067,66.4904035],[34.8383505,66.5421958],[35.1049373,66.4330051],[35.4837845,66.3367835],[36.503702,66.2239455],[36.7527874,66.2309465],[36.9275832,66.2113423],[37.2908908,66.154069],[37.58634,66.0692462],[37.8482424,66.0381468],[38.3899196,66.0034263],[38.749122,66.012547],[38.9588953,66.0553692],[39.1523613,66.0525422],[39.5184411,66.1322487],[40.0630422,66.2090091],[40.3487405,66.3255084],[40.4669424,66.3417058],[40.6824855,66.4278844],[40.7640011,66.4410747],[40.8286885,66.482593],[40.8361088,66.5476834],[41.2070409,66.7150032],[41.3577507,66.8169711],[41.4246768,66.9451068],[41.5012383,67.0057273],[41.5074452,67.0348555],[41.4829278,67.0605526],[41.5259068,67.0852878],[41.5376094,67.1188379],[41.4736785,67.1599715],[41.4940389,67.1990662],[41.4517008,67.2417441],[41.3567002,67.2670162],[41.2231144,67.2717135],[41.2493614,67.328889],[41.2549597,67.4072737],[41.2274963,67.4500079],[41.142787,67.494071],[41.1279679,67.5509977],[41.176919,67.6315624],[41.1057224,67.7209349],[40.9863273,67.7698657],[40.8560346,67.7797119],[40.761147,67.8337437],[40.522783,67.885528],[40.3913563,67.9489525],[40.2308892,67.9844182],[40.0778387,68.057385],[40.0376864,68.1111284],[39.9714208,68.1527433],[39.8484041,68.1952316],[39.7379951,68.2086907],[39.6443379,68.194283],[39.6016752,68.1595717],[39.6275348,68.1155854],[39.4622227,68.1484576],[39.2875702,68.2257888],[39.1259376,68.2624263],[39.0674833,68.3097621],[38.8496643,68.3606213],[38.7358065,68.4170749],[38.4565003,68.4509751],[38.2140723,68.5297824],[38.0863869,68.609564],[37.959763,68.6509198],[37.8931126,68.7245804],[37.6921943,68.7558047],[37.6275517,68.8093878],[37.1846301,68.9004299],[36.5580458,69.0751277],[36.5092421,69.1046283],[36.1022705,69.1875694],[35.958792,69.240687],[35.2499308,69.3072554],[35.0843489,69.3006162],[35.0077079,69.2658438],[34.8697511,69.3003638],[34.5497677,69.3127538],[34.5440722,69.3482097],[34.4971786,69.3743029],[34.1226837,69.4379219],[33.9588003,69.4264855],[33.8679999,69.3977305],[33.819983,69.3619245],[33.6221654,69.3568799],[33.6375653,69.3878131],[33.6280866,69.4190353],[33.5207433,69.4625734],[32.9047246,69.5213939],[33.0654097,69.550108],[33.2122126,69.6182199],[33.2724131,69.725355],[33.1576557,69.789283],[32.6552852,69.8521634],[32.1189027,70.0039049],[31.8563593,70.0050167],[31.7711409,69.9737737],[31.7160438,69.8923547],[31.5855417,69.9068879],[31.437654,69.8898559],[31.3840227,69.8567359],[31.401387,69.792854],[30.8953155,69.8450293],[30.8176414,69.7948444],[30.8905984,69.7372657],[30.8736595,69.7149353],[30.9444154,69.6832279],[30.9233763,69.6697388],[30.9542528,69.6324096],[30.9465507,69.576363],[30.81799,69.5288883],[30.5159812,69.5404206],[30.2240291,69.6531205],[30.1516722,69.6693762],[30.0852915,69.6580972],[30.0912854,69.6428379],[30.137826,69.6435197],[30.1882397,69.5688834],[30.1741007,69.5352056],[30.1211636,69.5151341],[30.1154171,69.4682344],[29.9679075,69.4061259],[29.8599306,69.4239936],[29.723781,69.3894702],[29.5704517,69.3178794],[29.3965182,69.3236938],[29.2904654,69.2972815],[29.276971,69.250761],[29.3139861,69.2312317],[29.2864934,69.1692013],[29.2487203,69.1615253],[29.2310095,69.1216852],[29.242137,69.1130186],[29.0414375,69.0108297],[28.8545772,69.0766388],[28.8054301,69.1111559],[28.8315392,69.2243617],[29.2193396,69.3976362],[29.3364957,69.4783227],[29.1339096,69.6953404],[28.4042255,69.818425],[28.3304764,69.8491925],[28.3452696,69.8808318],[28.160713,69.9209937],[27.9842853,70.0139707],[27.9593817,70.0920997],[27.7437914,70.0641613],[27.6124605,70.0745603],[27.5543012,70.0589838],[27.5259901,70.0234638],[27.42856,70.0192135],[27.2764584,69.9793042],[27.2950395,69.9530537],[27.0397648,69.9105594],[26.9697279,69.9384857],[26.8783009,69.933415],[26.8512933,69.9601348],[26.7180742,69.9449865],[26.6786914,69.9647723],[26.4866911,69.9443317],[26.4075386,69.901482],[26.4182157,69.8890931],[26.3859388,69.855347],[26.24359,69.816682],[26.2466627,69.7949518],[26.1834167,69.7602459],[26.1076144,69.7297383],[26.0071415,69.7228555],[25.8914933,69.6655033],[25.9552996,69.6465275],[25.9767208,69.610675],[25.937492,69.5725322],[25.8414635,69.551013],[25.8762674,69.528579],[25.8463574,69.4925419],[25.8644283,69.4753245],[25.8337268,69.4673453],[25.7930398,69.4209091],[25.8466481,69.3938352],[25.8125943,69.375912],[25.8178938,69.3602083],[25.7593793,69.3403793],[25.7377666,69.3105776],[25.7431537,69.2769261],[25.7023114,69.2542757],[25.7133284,69.2115884],[25.6930215,69.1967444],[25.7429553,69.1441116],[25.7201295,69.1097323],[25.7242909,69.0796029],[25.7774412,69.0182803],[25.7124077,68.9806253],[25.6542301,68.9058741],[25.5881395,68.8832597],[25.4748028,68.9045169],[25.2432899,68.8414239],[25.1395912,68.7835026],[25.1210113,68.7456046],[25.1309621,68.7148973],[25.1070853,68.6806281],[25.1163891,68.6395883],[24.9169241,68.6052466],[24.9031657,68.5545918],[24.8571661,68.5622099],[24.7834247,68.6362346],[24.608388,68.6819016],[24.2509647,68.7271321],[24.1529624,68.753591],[24.1585511,68.7897096],[24.0755916,68.7799669],[23.9833308,68.8271434],[23.8714607,68.8365192],[23.7753916,68.8188513],[23.7310634,68.7507514],[23.6735203,68.7055213],[23.4406356,68.6921635],[23.1675823,68.6285189],[23.0459523,68.6893435],[22.8008241,68.6875481],[22.5353894,68.7445126],[22.3745219,68.7166665],[22.3407807,68.8272257],[22.191868,68.9187737],[22.1757625,68.9563244],[21.6270865,69.2765883],[21.2788211,69.3118841],[21.0961699,69.260912],[21.0033135,69.2223382],[20.9875752,69.1919275],[21.0556254,69.1220853],[21.1086751,69.1039292],[21.0575439,69.0362897],[20.7173223,69.1197913],[20.5486473,69.0599736],[20.6754611,69.0181656],[20.9112089,68.9807002],[20.9342566,68.9490225],[20.8876445,68.92706],[20.8845439,68.9066995],[20.9057312,68.8946072],[21.0721294,68.8694408],[21.2166167,68.8172476],[21.3053968,68.7558043],[21.4063725,68.7488797],[21.46363,68.686868],[21.7168445,68.6192235],[21.7371017,68.5879076],[21.9192094,68.5682189],[22.0721717,68.47701],[22.303062,68.4761315],[22.6622132,68.4274006],[22.7486162,68.385491],[22.8082508,68.3948961],[22.9037488,68.3366051],[23.066943,68.2902514],[23.1552063,68.2174393],[23.1494186,68.1394079],[23.165645,68.1220446],[23.3065149,68.145609],[23.3829961,68.0512479],[23.6621521,67.9504271],[23.6361072,67.9134785],[23.4812846,67.8646443],[23.4845919,67.7371585],[23.5535283,67.5870385],[23.4734298,67.5549991],[23.4846953,67.5429585],[23.4312618,67.4855201],[23.4771505,67.4438172],[23.5945594,67.4536099],[23.7651949,67.4200719],[23.751449,67.3462263],[23.7856588,67.3375188],[23.7354293,67.2896923],[23.6027242,67.2602626],[23.5914588,67.2250192],[23.6149199,67.2139863],[23.5739921,67.1730327],[23.5813302,67.1531373],[23.6665963,67.097921],[23.6767249,67.0584919],[23.7203398,67.0168666],[23.8166647,66.9754996],[23.9333501,66.8887607],[24.0040434,66.8051999],[23.9392412,66.7911181],[23.8924223,66.7509138],[23.903171,66.6863183],[23.8818803,66.5635351],[23.652437,66.4588386],[23.6423084,66.436256],[23.677035,66.3636248],[23.6659762,66.305463],[23.7241639,66.2066318],[23.9114393,66.148625],[23.9745879,66.0728157],[24.0196497,66.0489411],[24.0553064,65.9851724],[24.0547897,65.9479137],[24.1496837,65.8636891],[24.1222362,65.8583203],[24.155502,65.8158602],[24.1280362,65.7778569],[24.1726681,65.7251226],[24.177818,65.6606802],[24.1443392,65.5572314],[24.327733,65.5726436],[24.4334553,65.6133933],[24.5002111,65.5704036],[24.6761547,65.5513787],[24.7496808,65.4619866],[24.6971641,65.4273058],[24.702866,65.3570231],[24.7925557,65.299387],[24.7482982,65.2701897],[24.7454117,65.2253752],[24.7742848,65.1988287],[24.8424702,65.181708],[24.8544151,65.1515388],[24.5943938,65.1300075],[24.4558346,65.0706604],[24.4392801,65.0288805],[24.4653137,64.9843741],[24.5499008,64.9303355],[24.6359229,64.9106776],[24.4407284,64.8424935],[24.4213436,64.763352],[24.3355284,64.7592566],[24.2532742,64.7278257],[24.2361745,64.7046418],[24.2607636,64.6593622],[24.2420698,64.5917617],[24.1688128,64.5717008],[24.0815736,64.5048743],[23.9888163,64.4786218],[23.8889,64.4026104],[23.8124478,64.3731665],[23.7950496,64.3407088],[23.7066467,64.2860597],[23.6429811,64.2896607],[23.6183265,64.3405558],[23.4974317,64.3785749],[23.416127,64.3827078],[23.3424392,64.3595019],[23.3251738,64.3310178],[23.3514818,64.3001941],[23.509116,64.2521695],[23.4395519,64.2126291],[23.4224999,64.1816773],[23.4373738,64.1489615],[23.289938,64.1146006],[23.2538535,64.017781],[23.1231188,64.0245904],[22.987157,63.9870911],[22.8862729,64.008463],[22.6467741,63.9634355],[22.5241954,63.8692022],[22.4254207,63.7621225],[22.4566595,63.6943523],[22.2855376,63.6564176],[22.2237422,63.6064045],[22.2211767,63.5689625],[22.0791399,63.5532345],[22.0529419,63.5297658],[22.0576408,63.4940168],[21.7151522,63.5175086],[21.5910826,63.45673],[21.4484112,63.4633798],[21.3974629,63.4126441],[21.190416,63.4869631],[20.9955685,63.4754947],[20.9474163,63.4420356],[20.9485105,63.3947518],[20.9220368,63.3701698],[20.917062,63.3234904],[21.0538487,63.190773],[20.9470377,63.2057642],[20.8481967,63.1841387],[20.7596262,63.1967743],[20.6033046,63.1560003],[20.591592,63.1252091],[20.6253416,63.0958224],[20.6340787,63.0603287],[20.6986962,63.0276724],[20.6384522,62.9889528],[20.6572785,62.9395001],[20.8988546,62.8928291],[20.991708,62.8370389],[21.0067299,62.7891616],[20.9466798,62.7410737],[20.9606603,62.6882039],[20.9305437,62.646733],[20.9543673,62.6025304],[20.9396496,62.5760643],[20.9537551,62.5293178],[21.012992,62.4586464],[20.9993741,62.4049273],[21.0542702,62.374235],[21.096045,62.3016622],[21.1876447,62.2447605],[21.2050633,62.1968557],[21.1860689,62.0757293],[21.1456387,62.0173309],[21.1895644,61.9563833],[21.1779448,61.9199372],[21.2163847,61.8910875],[21.2077362,61.8386318],[21.2462125,61.7998475],[21.298,61.7811894],[21.3041629,61.747979],[21.221513,61.6471748],[21.2812315,61.583475],[21.3390635,61.5630809],[21.329212,61.5314361],[21.2414958,61.4977499],[21.2461542,61.4546822],[21.2240846,61.4263164],[21.2410966,61.3951211],[21.2886372,61.3697511],[21.2772076,61.3380033],[21.2991018,61.3115453],[21.2495403,61.2791083],[21.2244279,61.2246783],[21.2384453,61.1859484],[21.2047602,61.1625624],[21.177367,61.1028304],[21.1143239,61.0795583],[21.1066156,61.0318736],[21.0418828,61.0079188],[21.0252652,60.9738389],[20.9500148,60.9422199],[20.9005062,60.8485804],[20.9759612,60.7758271],[20.9196599,60.7524647],[20.9046727,60.7170724],[20.7590192,60.6819031],[20.7135511,60.6439831],[20.6165402,60.6359761],[20.5043769,60.5739907],[20.395097,60.5545602],[20.3311608,60.5191749],[20.2902004,60.5715142],[20.2015007,60.5886115],[20.1274717,60.5726101],[20.0967134,60.5163567],[20.0514014,60.5047987],[19.8415812,60.5204344],[19.6473437,60.4710671],[19.3706219,60.4458553],[19.3350245,60.4229501],[19.2804839,60.3204138],[19.2030804,60.3104386],[19.1645412,60.282862],[19.2091327,60.1379731],[19.3023725,60.109038],[19.4348527,60.1372802],[19.5556976,60.0816358],[19.74798,60.0298237],[19.8275708,59.9837922],[19.8948713,59.9165765],[19.8951364,59.8947263],[19.7569682,59.8430347],[19.7562024,59.8090118],[19.8062027,59.7804771],[19.9741616,59.7885842],[20.036971,59.8094063],[20.060559,59.8479242],[20.2346242,59.870875],[20.2807261,59.8161946],[20.385774,59.80898],[20.4675308,59.7752733],[20.6337633,59.7736856],[20.8256919,59.8238995],[20.8651243,59.7706847],[20.9598876,59.7238795],[21.3167336,59.7158171],[21.3902174,59.6845073],[21.4234636,59.6391833],[21.494145,59.6256078],[21.5563209,59.6376087],[21.5938384,59.6834669],[21.6444341,59.694565],[21.7510002,59.6832068],[22.0028047,59.7190491],[22.1643608,59.7019182],[22.2690724,59.7483138],[22.3661376,59.6772852],[22.5066038,59.6722739],[22.5757763,59.6875669],[22.6122635,59.7272682],[22.6967312,59.7082546],[22.850331,59.7235297],[22.9721993,59.7000129],[23.0619759,59.7375263],[23.2567657,59.7527734],[23.3082153,59.7179938],[23.3828466,59.7115889],[23.4979368,59.7439845],[23.6146912,59.7438636],[23.7125275,59.8055033],[24.0094073,59.8602555],[24.1178673,59.8522686],[24.1942896,59.8707796],[24.2426709,59.8289655],[24.3251698,59.8198004],[24.6874244,59.9483555],[24.7241157,59.9855425],[24.8488799,60.0331224],[25.0420275,60.0271301],[25.2782775,60.0759186],[25.3397763,60.0559804],[25.4505815,60.0566185],[25.5345553,60.0983878],[25.6922808,60.0782037],[25.7656835,60.1084293],[26.0584399,60.1492003],[26.279706,60.1129502],[26.354203,60.1481374],[26.3335745,60.2018463],[26.4847354,60.219609],[26.6179532,60.2023801],[26.7498828,60.2667951],[26.8277138,60.2573973],[26.9044285,60.2760299],[26.9422365,60.2078531],[27.0257626,60.1872795],[27.313329,60.2187412],[27.4873588,60.2784562],[27.5786689,60.2545006],[27.5357529,60.2154705],[27.553351,60.1783292],[27.6705182,60.1563483],[27.754839,60.1758899],[27.7823927,60.2162355],[27.7369942,60.252282],[27.6375565,60.2663696],[27.7113233,60.3046036],[27.7267047,60.3444217],[27.8204491,60.3896013],[27.9124756,60.3526098],[28.0425434,60.3810397],[28.1587235,60.3555713],[28.2215012,60.377422],[28.2444554,60.4302909],[28.331904,60.3969858],[28.3260205,60.3429649],[28.4521177,60.2611062],[28.6492569,60.2107686],[28.7919464,60.2411287],[28.8740955,60.2171742],[28.9325997,60.1577591],[28.99929,60.134304],[29.1271512,60.1129557],[29.3723732,60.1102089],[29.4819681,60.1143728],[29.5931575,60.1462527],[29.7734741,60.1340618],[29.5595381,60.0658642],[29.5327796,60.0118248],[29.2245533,60.0411954],[29.0660248,60.0276454],[28.9049811,59.9302687],[28.9067435,59.8920871],[28.9527176,59.8547782],[28.7459131,59.838074],[28.5948037,59.887851],[28.5059778,59.8940007],[28.3867342,59.8467101],[28.32653,59.7561551],[28.1613851,59.8517546],[28.0939928,59.8661418],[28.0264335,59.8554359],[27.9004154,59.7003852],[27.9014945,59.6386501],[27.9991179,59.5932686],[27.9965559,59.5471292],[27.9257306,59.464268],[27.8600528,59.4464684],[27.4053393,59.4939296],[26.9762093,59.4833803],[26.7902597,59.5640683],[26.5963412,59.6098422],[26.6250544,59.6432762],[26.6236909,59.6702212],[26.5772776,59.7093083],[26.5221483,59.7247692],[26.419916,59.6945957],[26.4196158,59.6627954],[26.476362,59.6021123],[26.4216627,59.5985375],[26.291231,59.6317815],[26.1740246,59.6306264],[26.0811174,59.6741055],[25.9172114,59.6771495],[25.8562328,59.7212435],[25.7985888,59.7339278],[25.5732121,59.680942],[25.465238,59.6954169],[25.3948481,59.6548501],[25.281217,59.6697677],[25.2161593,59.6315167],[25.1706604,59.6297288],[24.9753008,59.6937583],[24.8896234,59.6712505],[24.8774632,59.6109017],[24.7438638,59.6369413],[24.6233533,59.5992745],[24.5624849,59.6455228],[24.4643467,59.6430023],[24.3827043,59.5847401],[24.4046979,59.5267359],[24.2859908,59.5037731],[24.2463932,59.461041],[23.8112319,59.3891317],[23.7708377,59.3645112],[23.7681584,59.3311267],[23.5634016,59.2687958],[23.522662,59.2756972],[23.4843087,59.3210796],[23.4123536,59.3475278],[23.2992812,59.3385486],[23.2717119,59.3153023],[23.2740927,59.2875392],[23.4006295,59.2239581],[23.3899065,59.1812735],[23.4336518,59.1305593],[23.3512296,59.102135],[23.1587897,59.0971909],[23.0703521,59.0736545],[23.0182385,59.0372896],[22.9265181,59.033452],[22.7813014,59.0494897],[22.7853878,59.0863115],[22.7583719,59.1107238],[22.5754264,59.1402405],[22.5137315,59.1214802],[22.4867029,59.075864],[22.413747,59.0593638],[22.2942821,58.9974278],[22.2034377,58.9832144],[22.0542624,58.9951771],[21.9895721,58.9785953],[21.9500865,58.9316685],[21.9910631,58.8861707],[22.1771833,58.8333376],[22.3519389,58.8401629],[22.3414745,58.8067117],[22.3774132,58.7605646],[22.3750206,58.7101792],[22.434641,58.6475208],[22.4233985,58.6281511],[22.2671042,58.6192206],[22.1602191,58.5885336],[22.076332,58.5359346],[21.9204541,58.5671682],[21.7839665,58.5404967],[21.7452692,58.503279],[21.7472178,58.4700358],[21.774897,58.4431324],[21.6856713,58.3617304],[21.6703952,58.3265441],[21.6881131,58.2954359],[21.7896657,58.2328943],[21.8641936,58.1949594],[21.9578084,58.178693],[22.0330051,58.1273683],[21.8866996,57.9679928],[21.9043189,57.9247928],[21.9677789,57.8676226],[22.0383468,57.8472782],[22.1052446,57.8596643],[22.2851227,57.9620661],[22.2852297,58.0085098],[22.3354995,58.0783248],[22.3406845,58.1370894],[22.4512712,58.0732751],[22.5588241,58.0455173],[22.6476716,58.0729909],[22.6573525,58.0962009],[22.6411129,58.1236921],[22.6674286,58.1688559],[22.745847,58.1127619],[22.8607098,58.1107992],[22.8973536,58.1315418],[22.9063629,58.1594893],[22.8329696,58.2114268],[22.9137824,58.2503519],[23.0342759,58.2632211],[23.066245,58.3091062],[23.1755813,58.3668097],[23.3693589,58.3850924],[23.4144976,58.4437352],[23.5068231,58.4991715],[23.5493256,58.4921912],[23.5480576,58.4342139],[23.6915943,58.3032781],[23.9013554,58.2573573],[23.8330397,58.2303649],[23.8143594,58.1980851],[23.8617396,58.0912958],[23.9208922,58.0560157],[24.0559517,58.0654465],[24.0968968,58.0968122],[24.1165067,58.1547402],[24.197794,58.1750776],[24.2458625,58.2255845],[24.3760027,58.2486088],[24.3576672,58.1772728],[24.3806242,58.0712076],[24.2381791,57.8415945],[24.2459576,57.6949213],[24.2800141,57.6188619],[24.2656567,57.5494194],[24.3140716,57.3587784],[24.314099,57.2688075],[24.1409788,57.1584406],[23.971742,57.1092698],[23.8987613,57.0593315],[23.7624382,57.0261263],[23.603426,57.0209196],[23.5453326,57.0793534],[23.3534647,57.1077723],[23.2292162,57.0399834],[23.332213,56.8301935],[23.492888,56.7135518],[24.1053758,56.6894258],[24.1314684,56.6720757],[24.2729173,56.6569821],[24.4404588,56.5942791],[24.4322191,56.5556991],[24.5496365,56.5172686],[24.5798489,56.5303354],[24.7340008,56.4535747],[24.7446438,56.4653358],[24.8511528,56.4358274],[24.8735304,56.4499344],[24.9175094,56.4412951],[24.9022061,56.4182044],[24.9694909,56.3652847],[24.9732607,56.3103669],[25.0565941,56.2656967],[25.0920036,56.1860471],[25.1664592,56.1739273],[25.2338283,56.1922059],[25.3148717,56.1449216],[25.4040585,56.158185],[25.5047183,56.1445499],[25.5360911,56.1653961],[25.6018286,56.13442],[25.6730701,56.1493749],[25.6995979,56.1194833],[25.6877714,56.0865011],[25.8200977,56.0547717],[25.8586877,56.0225178],[25.8602891,55.9997355],[26.0459539,55.9542284],[26.0224908,55.7989657],[26.0492699,55.7499176],[26.111068,55.718216],[26.1968967,55.429015],[26.1759564,55.346718],[26.0018914,55.189453],[26.0561364,55.1443496],[26.2020489,55.1176555],[26.2693402,55.0795466],[26.2133786,54.9967214],[26.3177483,54.9705203],[26.1364739,54.9212234],[25.9881585,54.8355005],[26.002578,54.7614823],[25.8837884,54.7230344],[25.8707421,54.6174126],[25.7883447,54.6154246],[25.6517022,54.4776189],[25.7553857,54.4660475],[25.8274834,54.3609579],[25.561065,54.3281372],[25.4422753,54.2856716],[25.4333482,54.2058305],[25.3811632,54.1366973],[25.3921495,54.069866],[25.3399644,53.9770904],[25.4402147,53.8614371],[25.6032085,53.8257862],[25.70114,53.8654863],[25.8055101,53.8476668],[25.7588182,53.8201126],[25.7450853,53.7340919],[25.6420885,53.71134],[25.583037,53.6430105],[25.7244859,53.5819082],[25.8068834,53.4610736],[25.5638109,53.3874245],[25.3564439,53.1648877],[24.9252312,53.0577239],[24.9032586,53.000323],[24.9279778,52.9655977],[24.8641198,52.8927494],[24.7700487,52.8517187],[24.7439561,52.7986109],[24.6231065,52.7579063],[24.2275987,52.4785992],[23.9392035,52.4124754],[23.6295312,52.3147759],[23.6274712,52.2668972],[23.5478204,52.2820224],[23.5018151,52.2378928],[23.3739709,52.1951657],[23.3053922,52.2219634],[23.203082,52.2268005],[23.200593,52.2785037],[23.1107258,52.3004825],[23.0503562,52.2859386],[23.0484475,52.3230527],[22.9953329,52.3319283],[22.9614254,52.3667956],[22.8484723,52.3584095],[22.720263,52.383694],[22.6469408,52.0592467],[22.5178514,51.8985296],[22.5171655,51.7470139],[22.5583642,51.6746847],[22.6565545,51.7172453],[22.8103634,51.6007467],[23.5471337,51.3773529],[23.5835259,51.3258925],[23.6396813,51.3110127],[23.6484591,51.2872957],[23.6955537,51.2915761],[23.7268228,51.2615836],[23.7388909,51.2123596],[23.8693787,51.1505168],[23.8698952,51.1299073],[23.8495125,51.123999],[23.8567984,51.0997655],[23.875673,51.0771464],[23.9115347,51.0745394],[23.9132241,51.0415075],[23.9316828,51.038066],[23.9159558,51.0281833],[23.9358507,51.0147822],[23.9150764,51.0067894],[23.9569222,50.9913098],[23.9709985,50.9502325],[24.0520226,50.8916888],[24.1457991,50.8691737],[24.1004696,50.8360088],[23.9894691,50.8373736],[23.9573423,50.7947832],[23.9776366,50.7688086],[24.0239887,50.7662047],[24.0166043,50.7230261],[24.072149,50.7205172],[24.0623536,50.6778772],[24.0909606,50.6637033],[24.0800476,50.6451121],[24.0881457,50.6354349],[24.1548753,50.6466569],[24.2117888,50.5920837],[24.3123579,50.5718995],[24.3232153,50.5995835],[24.3807219,50.6086263],[24.4129942,50.5866155],[24.4061278,50.5608869],[24.4500731,50.5402721],[24.5297239,50.551944],[24.5580481,50.5087326],[24.5227716,50.4797391],[24.4686125,50.4855283],[24.4964216,50.460127],[24.4972799,50.4140694],[24.5422981,50.4044696],[24.5746779,50.4286705],[24.653964,50.4101107],[24.7218132,50.3737699],[24.7129726,50.3428723],[24.8674679,50.3611915],[24.9365938,50.345481],[24.9406009,50.389259],[25.0167489,50.3418178],[25.0591761,50.3414652],[25.0543642,50.3010184],[25.2046963,50.2790288],[25.2067562,50.2474247],[25.1899334,50.2485224],[25.1659008,50.2109661],[25.2150821,50.1800312],[25.1971432,50.1311434],[25.3200528,50.0159025],[25.401957,49.9864694],[25.4025793,49.9499221],[25.4267943,49.9435082],[25.4201315,49.9156408],[25.4611584,49.8871144],[25.4766079,49.8246953],[25.5319688,49.7800172],[25.6329485,49.7856285],[25.6545353,49.7387371],[25.7253241,49.7139148],[25.8160253,49.7564984],[25.8226776,49.7387094],[25.7921216,49.7417603],[25.8506584,49.7221903],[25.8672666,49.7422871],[25.9449431,49.7008364],[25.9501359,49.7156841],[26.1606785,49.7137139],[26.1653134,49.7274756],[26.2413811,49.6938549],[26.2690186,49.6673501],[26.2643409,49.638802],[26.1995601,49.6111827],[26.2155676,49.5508439],[26.1751842,49.5475584],[26.1428046,49.5090765],[26.1950648,49.4764135],[26.1942601,49.4281283],[26.2357271,49.4000336],[26.2191939,49.3777767],[26.2441063,49.3695615],[26.2440741,49.3476473],[26.2260818,49.3480387],[26.2252235,49.3273806],[26.2592661,49.2899222],[26.2412095,49.2759809],[26.2584615,49.2637999],[26.2433982,49.2432115],[26.2037229,49.2451727],[26.1831987,49.1959378],[26.2111471,49.1617263],[26.1903761,49.157685],[26.2058472,49.132995],[26.1920928,49.077633],[26.2154387,49.0710546],[26.1840677,49.0520734],[26.2161253,49.0060106],[26.1775015,48.9948614],[26.2125204,48.982921],[26.1762999,48.9716538],[26.2084864,48.9555374],[26.1845827,48.9140953],[26.2249659,48.9095545],[26.1993025,48.8600847],[26.2329481,48.8197503],[26.2590407,48.8154551],[26.2255667,48.8136465],[26.2344073,48.7901284],[26.2078857,48.7972528],[26.2459944,48.7559625],[26.2229918,48.7526805],[26.2437628,48.7387576],[26.2369823,48.6960028],[26.218786,48.6897706],[26.248183,48.668122],[26.2761211,48.6743284],[26.2720871,48.6474562],[26.3086079,48.6557633],[26.2874077,48.6413598],[26.3235424,48.6307816],[26.2927721,48.6232647],[26.3601492,48.5885311],[26.3366316,48.5669525],[26.3656424,48.5572959],[26.3603209,48.5418416],[26.3814352,48.5650213],[26.4435113,48.5386984],[26.3937948,48.5362723],[26.3568876,48.5077344],[26.3060759,48.5080756],[26.27346,48.5395686],[26.1697766,48.5288837],[26.1471173,48.544342],[26.1454007,48.5977278],[26.1059185,48.6179315],[26.0956189,48.5993171],[26.1220547,48.5716098],[26.1199948,48.5447966],[26.093645,48.5384887],[26.0552358,48.5697283],[26.0309886,48.549065],[26.0495281,48.5345815],[26.0253882,48.513399],[26.0672628,48.4578254],[26.0640871,48.4218034],[26.1590373,48.3750633],[26.1952069,48.2840265],[26.2633162,48.2363184],[26.2563264,48.2181607],[26.2925792,48.187992],[26.4349419,48.1929833],[26.4718081,48.2194171],[26.5290123,48.2092213],[26.572207,48.2191197],[26.5862077,48.246352],[26.6196458,48.2389872],[26.6332587,48.2618482],[26.6619296,48.2642292],[26.666986,48.2462907],[26.7015286,48.2653964],[26.7250996,48.2454298],[26.7274703,48.2578488],[26.7385102,48.2445132],[26.8109859,48.2540683],[26.8308888,48.2267769],[26.8518252,48.2338841],[26.9090383,48.2010763],[26.8924031,48.1914127],[26.9034951,48.1808211],[26.9201697,48.1819176],[26.9153762,48.1991883],[26.9434549,48.1956967],[26.9349106,48.1643655],[26.9914167,48.1513362],[26.9530877,48.1510344],[26.957185,48.1346045],[27.0389805,48.1302988],[27.0271195,48.088377],[27.1083151,48.0317854],[27.0908529,48.0097906],[27.1662399,47.9952063],[27.1452137,47.9682913],[27.1807195,47.947807],[27.1426701,47.9155138],[27.2035333,47.9028773],[27.197096,47.8727456],[27.2172002,47.8528428],[27.1949573,47.8481562],[27.2463837,47.8355944],[27.2149738,47.8200066],[27.2415384,47.8151602],[27.2312292,47.7990513],[27.2664493,47.7796614],[27.2642813,47.7603859],[27.2973154,47.750873],[27.2803795,47.7366849],[27.2934931,47.7237532],[27.2501918,47.7196017],[27.2817393,47.7006561],[27.2734603,47.6884999],[27.3727625,47.5973719],[27.4284121,47.5829479],[27.4182368,47.5661395],[27.4572108,47.5361051],[27.4515458,47.5218807],[27.4677467,47.5264177],[27.4549994,47.5072278],[27.4744791,47.4859805],[27.5164739,47.4902546],[27.5153546,47.4739713],[27.5398185,47.4881423],[27.5718688,47.4648145],[27.5526227,47.4326634],[27.5852925,47.4082725],[27.5698743,47.3739149],[27.5977753,47.3710942],[27.5958248,47.3471511],[27.6164185,47.3402591],[27.5805827,47.3283924],[27.7479227,47.2768808],[27.7587556,47.257193],[27.745141,47.2429352],[27.7862546,47.2183172],[27.7772335,47.2042279],[27.8114155,47.164978],[27.7812675,47.1423706],[27.8425869,47.1356355],[27.8498517,47.1242324],[27.8261042,47.1213618],[27.8748199,47.1078868],[27.8975789,47.0733913],[27.995521,47.0288985],[28.0485592,47.0247348],[28.0324917,47.0110302],[28.0960838,46.9786715],[28.0783942,46.9631454],[28.0962384,46.9405583],[28.0809635,46.9376996],[28.1127107,46.9210712],[28.0830292,46.9024625],[28.1134222,46.893054],[28.1184254,46.8774058],[28.0982832,46.870505],[28.1261183,46.8528412]]]]}}]}
