{
  "type": "FeatureCollection",
  "metadata": {
    "dataset": "Natural Earth 1:10m admin-1 Tuva spatial reference",
    "upstream": "https://raw.githubusercontent.com/nvkelso/natural-earth-vector/ca96624a/geojson/ne_10m_admin_1_states_provinces.geojson",
    "upstream_sha256": "22d0e3ad85eb3e27f17cabf8ba2d50e554fbc27a87796ff891d958185da62fb5",
    "upstream_commit": "ca96624a",
    "license": "public domain",
    "selection": [
      "RUS-2605"
    ]
  },
  "features": [
    {
      "type": "Feature",
      "properties": {
        "featurecla": "Admin-1 states provinces",
        "scalerank": 2,
        "adm1_code": "RUS-2605",
        "diss_me": 2605,
        "iso_3166_2": "RU-TY",
        "wikipedia": null,
        "iso_a2": "RU",
        "adm0_sr": 1,
        "name": "Tuva",
        "name_alt": "Respublika Tyva|Republic of Tuva|Tyva|Tuvinskaya A.S.S.R.|Republic of Tyva",
        "name_local": "Республика Тыва",
        "type": "Respublika",
        "type_en": "Republic",
        "code_local": null,
        "code_hasc": "RU.TU",
        "note": null,
        "hasc_maybe": null,
        "region": "Siberian",
        "region_cod": null,
        "provnum_ne": 20068,
        "gadm_level": 1,
        "check_me": 20,
        "datarank": 2,
        "abbrev": null,
        "postal": "TU",
        "area_sqkm": 0,
        "sameascity": -99,
        "labelrank": 2,
        "name_len": 4,
        "mapcolor9": 7,
        "mapcolor13": 7,
        "fips": "RS79",
        "fips_alt": null,
        "woe_id": 2346879,
        "woe_label": "Tyva, RU, Russia",
        "woe_name": "Tuva",
        "latitude": 51.6051,
        "longitude": 93.9927,
        "sov_a3": "RUS",
        "adm0_a3": "RUS",
        "adm0_label": 2,
        "admin": "Russia",
        "geonunit": "Russia",
        "gu_a3": "RUS",
        "gn_id": 1488873,
        "gn_name": "Respublika Tyva",
        "gns_id": -3022957,
        "gns_name": "Tyva, Respublika",
        "gn_level": 1,
        "gn_region": null,
        "gn_a1_code": "RU.79",
        "region_sub": "East Siberian",
        "sub_code": null,
        "gns_level": 1,
        "gns_lang": "fas",
        "gns_adm1": "RS79",
        "gns_region": null,
        "min_label": 5,
        "max_label": 10.2,
        "min_zoom": 4.7,
        "wikidataid": "Q960",
        "name_ar": "توفا",
        "name_bn": "তুভা",
        "name_de": "Tuwa",
        "name_en": "Tuva Republic",
        "name_es": "Tuvá",
        "name_fr": "Touva",
        "name_el": "Δημοκρατία της Τιβά",
        "name_hi": "तूवा",
        "name_hu": "Tuva",
        "name_id": "Tuva",
        "name_it": "Tuva",
        "name_ja": "トゥヴァ共和国",
        "name_ko": "투바 공화국",
        "name_nl": "Toeva",
        "name_pl": "Tuwa",
        "name_pt": "Tuva",
        "name_ru": "Тыва",
        "name_sv": "Tuva",
        "name_tr": "Tuva Cumhuriyeti",
        "name_vi": "Tuva",
        "name_zh": "图瓦共和国",
        "ne_id": 1159313613,
        "name_he": "טובה",
        "name_uk": "Тива",
        "name_ur": "تووا",
        "name_fa": "تووا",
        "name_zht": "图瓦共和国",
        "FCLASS_ISO": null,
        "FCLASS_US": null,
        "FCLASS_FR": null,
        "FCLASS_RU": null,
        "FCLASS_ES": null,
        "FCLASS_CN": null,
        "FCLASS_TW": null,
        "FCLASS_IN": null,
        "FCLASS_NP": null,
        "FCLASS_PK": null,
        "FCLASS_DE": null,
        "FCLASS_GB": null,
        "FCLASS_BR": null,
        "FCLASS_IL": null,
        "FCLASS_PS": null,
        "FCLASS_SA": null,
        "FCLASS_EG": null,
        "FCLASS_MA": null,
        "FCLASS_PT": null,
        "FCLASS_AR": null,
        "FCLASS_JP": null,
        "FCLASS_KO": null,
        "FCLASS_VN": null,
        "FCLASS_TR": null,
        "FCLASS_ID": null,
        "FCLASS_PL": null,
        "FCLASS_GR": null,
        "FCLASS_IT": null,
        "FCLASS_NL": null,
        "FCLASS_SE": null,
        "FCLASS_BD": null,
        "FCLASS_UA": null,
        "FCLASS_TLC": null
      },
      "bbox": [
        88.7357,
        49.725545,
        99.249787,
        53.729072
      ],
      "geometry": {
        "type": "Polygon",
        "coordinates": [
          [
            [
              98.937652,
              52.124687
            ],
            [
              98.927636,
              52.129584
            ],
            [
              98.886398,
              52.128551
            ],
            [
              98.855599,
              52.106691
            ],
            [
              98.849604,
              52.090129
            ],
            [
              98.848881,
              52.056307
            ],
            [
              98.846504,
              52.039331
            ],
            [
              98.838545,
              52.025275
            ],
            [
              98.800201,
              51.992745
            ],
            [
              98.791727,
              51.9775
            ],
            [
              98.776637,
              51.930113
            ],
            [
              98.711111,
              51.845105
            ],
            [
              98.682689,
              51.819474
            ],
            [
              98.651373,
              51.797485
            ],
            [
              98.618714,
              51.780665
            ],
            [
              98.425031,
              51.746222
            ],
            [
              98.33222,
              51.718317
            ],
            [
              98.273515,
              51.654833
            ],
            [
              98.263387,
              51.635196
            ],
            [
              98.238685,
              51.601477
            ],
            [
              98.228247,
              51.583416
            ],
            [
              98.224319,
              51.560006
            ],
            [
              98.233828,
              51.516521
            ],
            [
              98.2299,
              51.492879
            ],
            [
              98.220392,
              51.475205
            ],
            [
              98.137813,
              51.485877
            ],
            [
              98.111355,
              51.484714
            ],
            [
              98.066706,
              51.469263
            ],
            [
              98.050893,
              51.46642
            ],
            [
              98.039731,
              51.4573
            ],
            [
              98.020611,
              51.435182
            ],
            [
              97.974515,
              51.368597
            ],
            [
              97.962216,
              51.355445
            ],
            [
              97.933794,
              51.331777
            ],
            [
              97.922839,
              51.318471
            ],
            [
              97.915708,
              51.300617
            ],
            [
              97.916328,
              51.285889
            ],
            [
              97.92811,
              51.251472
            ],
            [
              97.931727,
              51.230414
            ],
            [
              97.92904,
              51.21504
            ],
            [
              97.900308,
              51.168428
            ],
            [
              97.894727,
              51.153855
            ],
            [
              97.885632,
              51.120111
            ],
            [
              97.870129,
              51.086805
            ],
            [
              97.80636,
              51.001126
            ],
            [
              97.808531,
              50.970482
            ],
            [
              97.835713,
              50.940716
            ],
            [
              97.871989,
              50.9171
            ],
            [
              97.919428,
              50.897411
            ],
            [
              97.92966,
              50.886611
            ],
            [
              97.938755,
              50.874415
            ],
            [
              97.953018,
              50.86284
            ],
            [
              97.984644,
              50.846923
            ],
            [
              97.990225,
              50.835606
            ],
            [
              97.947437,
              50.79597
            ],
            [
              97.944026,
              50.774473
            ],
            [
              97.974515,
              50.723158
            ],
            [
              98.023298,
              50.642026
            ],
            [
              98.038491,
              50.622958
            ],
            [
              98.060092,
              50.608902
            ],
            [
              98.135953,
              50.570971
            ],
            [
              98.163341,
              50.564667
            ],
            [
              98.22556,
              50.557639
            ],
            [
              98.251294,
              50.550559
            ],
            [
              98.275376,
              50.537692
            ],
            [
              98.293462,
              50.518623
            ],
            [
              98.300697,
              50.49294
            ],
            [
              98.300697,
              50.492836
            ],
            [
              98.300594,
              50.492785
            ],
            [
              98.298217,
              50.460125
            ],
            [
              98.266281,
              50.400697
            ],
            [
              98.261836,
              50.367469
            ],
            [
              98.270105,
              50.335947
            ],
            [
              98.272275,
              50.318997
            ],
            [
              98.269278,
              50.299412
            ],
            [
              98.262457,
              50.283805
            ],
            [
              98.105567,
              50.06387
            ],
            [
              98.047999,
              50.023046
            ],
            [
              97.906199,
              49.973075
            ],
            [
              97.874573,
              49.953955
            ],
            [
              97.847391,
              49.93008
            ],
            [
              97.829925,
              49.92331
            ],
            [
              97.810701,
              49.931165
            ],
            [
              97.777525,
              49.956177
            ],
            [
              97.756338,
              49.961499
            ],
            [
              97.7336,
              49.958347
            ],
            [
              97.642236,
              49.930028
            ],
            [
              97.566582,
              49.916799
            ],
            [
              97.563171,
              49.908944
            ],
            [
              97.571749,
              49.896749
            ],
            [
              97.581258,
              49.877939
            ],
            [
              97.57361,
              49.847501
            ],
            [
              97.542707,
              49.822748
            ],
            [
              97.474598,
              49.788693
            ],
            [
              97.390778,
              49.749471
            ],
            [
              97.343339,
              49.734175
            ],
            [
              97.301688,
              49.725545
            ],
            [
              97.262311,
              49.726113
            ],
            [
              97.205053,
              49.734071
            ],
            [
              97.152964,
              49.750246
            ],
            [
              97.128986,
              49.775826
            ],
            [
              97.119891,
              49.793654
            ],
            [
              97.10015,
              49.802181
            ],
            [
              97.08527,
              49.805838
            ],
            [
              97.057259,
              49.812723
            ],
            [
              97.042273,
              49.823213
            ],
            [
              97.005892,
              49.865278
            ],
            [
              96.969202,
              49.886672
            ],
            [
              96.701932,
              49.91375
            ],
            [
              96.680227,
              49.90972
            ],
            [
              96.625967,
              49.873391
            ],
            [
              96.604366,
              49.862901
            ],
            [
              96.585143,
              49.857526
            ],
            [
              96.56809,
              49.861764
            ],
            [
              96.553,
              49.879851
            ],
            [
              96.539254,
              49.901865
            ],
            [
              96.523855,
              49.915766
            ],
            [
              96.503287,
              49.922122
            ],
            [
              96.474659,
              49.921657
            ],
            [
              96.44882,
              49.913957
            ],
            [
              96.399108,
              49.891736
            ],
            [
              96.372856,
              49.886052
            ],
            [
              96.346294,
              49.888584
            ],
            [
              96.32335,
              49.897886
            ],
            [
              96.281182,
              49.926256
            ],
            [
              96.235603,
              49.9492
            ],
            [
              96.086362,
              49.992764
            ],
            [
              96.086259,
              49.992815
            ],
            [
              96.086052,
              49.992867
            ],
            [
              96.085949,
              49.992919
            ],
            [
              96.071066,
              49.996743
            ],
            [
              96.055976,
              49.99881
            ],
            [
              96.04099,
              49.997931
            ],
            [
              96.026624,
              49.992815
            ],
            [
              96.011948,
              49.985219
            ],
            [
              95.998305,
              49.975917
            ],
            [
              95.985696,
              49.964962
            ],
            [
              95.974844,
              49.952456
            ],
            [
              95.946319,
              49.938503
            ],
            [
              95.922651,
              49.944601
            ],
            [
              95.904461,
              49.964807
            ],
            [
              95.892162,
              49.992764
            ],
            [
              95.892162,
              49.992919
            ],
            [
              95.867047,
              50.014984
            ],
            [
              95.827876,
              50.020152
            ],
            [
              95.787672,
              50.011729
            ],
            [
              95.75894,
              49.993074
            ],
            [
              95.721423,
              49.958502
            ],
            [
              95.680495,
              49.945996
            ],
            [
              95.583964,
              49.936695
            ],
            [
              95.56319,
              49.9276
            ],
            [
              95.537145,
              49.900728
            ],
            [
              95.520608,
              49.889617
            ],
            [
              95.500661,
              49.886724
            ],
            [
              95.480611,
              49.892201
            ],
            [
              95.477201,
              49.894083
            ],
            [
              95.461697,
              49.90264
            ],
            [
              95.445161,
              49.914422
            ],
            [
              95.399789,
              49.938865
            ],
            [
              95.354727,
              49.947702
            ],
            [
              95.076398,
              49.945531
            ],
            [
              95.028339,
              49.963411
            ],
            [
              95.021621,
              49.969819
            ],
            [
              95.004051,
              49.992764
            ],
            [
              94.98059,
              50.024751
            ],
            [
              94.953718,
              50.040616
            ],
            [
              94.921575,
              50.045887
            ],
            [
              94.746392,
              50.040358
            ],
            [
              94.650997,
              50.017827
            ],
            [
              94.624539,
              50.015191
            ],
            [
              94.603455,
              50.019739
            ],
            [
              94.592293,
              50.029816
            ],
            [
              94.574413,
              50.058548
            ],
            [
              94.563974,
              50.071002
            ],
            [
              94.520876,
              50.09777
            ],
            [
              94.509094,
              50.109862
            ],
            [
              94.502273,
              50.125055
            ],
            [
              94.498552,
              50.139525
            ],
            [
              94.491731,
              50.152289
            ],
            [
              94.474987,
              50.162262
            ],
            [
              94.391788,
              50.185568
            ],
            [
              94.368534,
              50.202725
            ],
            [
              94.354478,
              50.223602
            ],
            [
              94.344349,
              50.249182
            ],
            [
              94.332257,
              50.301013
            ],
            [
              94.327503,
              50.404366
            ],
            [
              94.319751,
              50.429016
            ],
            [
              94.279754,
              50.492681
            ],
            [
              94.278204,
              50.529217
            ],
            [
              94.273346,
              50.544771
            ],
            [
              94.25867,
              50.557535
            ],
            [
              94.237586,
              50.565235
            ],
            [
              93.886961,
              50.574976
            ],
            [
              93.536337,
              50.584717
            ],
            [
              93.421512,
              50.609367
            ],
            [
              93.188348,
              50.599807
            ],
            [
              93.139152,
              50.599445
            ],
            [
              93.104942,
              50.598825
            ],
            [
              93.04262,
              50.609884
            ],
            [
              93.02288,
              50.616291
            ],
            [
              93.011408,
              50.623319
            ],
            [
              93.002933,
              50.634843
            ],
            [
              92.991874,
              50.65479
            ],
            [
              92.973374,
              50.694374
            ],
            [
              92.973994,
              50.742175
            ],
            [
              92.961695,
              50.777884
            ],
            [
              92.921077,
              50.792456
            ],
            [
              92.857722,
              50.795505
            ],
            [
              92.796123,
              50.788012
            ],
            [
              92.76026,
              50.770752
            ],
            [
              92.753439,
              50.754681
            ],
            [
              92.746617,
              50.721453
            ],
            [
              92.735249,
              50.705227
            ],
            [
              92.717369,
              50.692152
            ],
            [
              92.695251,
              50.68192
            ],
            [
              92.671893,
              50.675616
            ],
            [
              92.649776,
              50.674066
            ],
            [
              92.611845,
              50.687657
            ],
            [
              92.554588,
              50.743002
            ],
            [
              92.516451,
              50.760624
            ],
            [
              92.474903,
              50.770494
            ],
            [
              92.443277,
              50.786307
            ],
            [
              92.418989,
              50.811732
            ],
            [
              92.399869,
              50.850592
            ],
            [
              92.384572,
              50.865579
            ],
            [
              92.360905,
              50.868369
            ],
            [
              92.33548,
              50.863615
            ],
            [
              92.315223,
              50.855863
            ],
            [
              92.301683,
              50.843358
            ],
            [
              92.297446,
              50.827596
            ],
            [
              92.297033,
              50.809871
            ],
            [
              92.294449,
              50.791268
            ],
            [
              92.242772,
              50.720006
            ],
            [
              92.15885,
              50.689103
            ],
            [
              92.062732,
              50.686313
            ],
            [
              91.899951,
              50.707242
            ],
            [
              91.824193,
              50.701558
            ],
            [
              91.749779,
              50.684091
            ],
            [
              91.679602,
              50.656547
            ],
            [
              91.653144,
              50.640063
            ],
            [
              91.602708,
              50.579601
            ],
            [
              91.575733,
              50.561979
            ],
            [
              91.475067,
              50.535986
            ],
            [
              91.450366,
              50.519088
            ],
            [
              91.440031,
              50.498572
            ],
            [
              91.432486,
              50.478057
            ],
            [
              91.415743,
              50.461365
            ],
            [
              91.382153,
              50.454958
            ],
            [
              91.297507,
              50.466378
            ],
            [
              91.260093,
              50.466585
            ],
            [
              91.163355,
              50.432788
            ],
            [
              91.129765,
              50.426174
            ],
            [
              91.012046,
              50.425295
            ],
            [
              90.975149,
              50.413926
            ],
            [
              90.948588,
              50.397493
            ],
            [
              90.877068,
              50.339357
            ],
            [
              90.839964,
              50.320806
            ],
            [
              90.762449,
              50.305716
            ],
            [
              90.726586,
              50.291867
            ],
            [
              90.717594,
              50.280756
            ],
            [
              90.717387,
              50.252024
            ],
            [
              90.712633,
              50.237968
            ],
            [
              90.699714,
              50.225152
            ],
            [
              90.683901,
              50.216212
            ],
            [
              90.666434,
              50.210373
            ],
            [
              90.648451,
              50.206652
            ],
            [
              90.604939,
              50.205981
            ],
            [
              90.51895,
              50.218383
            ],
            [
              90.475232,
              50.21461
            ],
            [
              90.425002,
              50.186912
            ],
            [
              90.404952,
              50.182623
            ],
            [
              90.363921,
              50.179781
            ],
            [
              90.34387,
              50.174665
            ],
            [
              90.222947,
              50.11441
            ],
            [
              90.182433,
              50.102473
            ],
            [
              90.051226,
              50.084179
            ],
            [
              90.020531,
              50.070743
            ],
            [
              90.004924,
              50.050745
            ],
            [
              89.998723,
              50.024648
            ],
            [
              89.997091,
              50.003664
            ],
            [
              89.996243,
              49.992764
            ],
            [
              89.969423,
              49.96708
            ],
            [
              89.920175,
              49.950854
            ],
            [
              89.866432,
              49.942741
            ],
            [
              89.720704,
              49.939744
            ],
            [
              89.667684,
              49.92729
            ],
            [
              89.633211,
              49.907939
            ],
            [
              89.6327,
              49.908117
            ],
            [
              89.597456,
              49.920364
            ],
            [
              89.590635,
              49.926824
            ],
            [
              89.584951,
              49.933748
            ],
            [
              89.584951,
              49.939381
            ],
            [
              89.587535,
              49.945065
            ],
            [
              89.591565,
              49.950802
            ],
            [
              89.601487,
              49.961705
            ],
            [
              89.605518,
              49.969973
            ],
            [
              89.607275,
              49.980515
            ],
            [
              89.603658,
              49.998861
            ],
            [
              89.597353,
              50.00656
            ],
            [
              89.589395,
              50.01041
            ],
            [
              89.579473,
              50.013278
            ],
            [
              89.568621,
              50.018394
            ],
            [
              89.554358,
              50.031417
            ],
            [
              89.549397,
              50.039478
            ],
            [
              89.548881,
              50.046687
            ],
            [
              89.552601,
              50.052268
            ],
            [
              89.574099,
              50.07175
            ],
            [
              89.579783,
              50.076013
            ],
            [
              89.584951,
              50.081543
            ],
            [
              89.589292,
              50.087589
            ],
            [
              89.591152,
              50.095185
            ],
            [
              89.588982,
              50.10025
            ],
            [
              89.582884,
              50.103454
            ],
            [
              89.575132,
              50.104952
            ],
            [
              89.550018,
              50.107045
            ],
            [
              89.540716,
              50.109448
            ],
            [
              89.531207,
              50.114409
            ],
            [
              89.521285,
              50.124331
            ],
            [
              89.517151,
              50.131152
            ],
            [
              89.515394,
              50.137405
            ],
            [
              89.514981,
              50.142521
            ],
            [
              89.516945,
              50.180503
            ],
            [
              89.516221,
              50.1881
            ],
            [
              89.513224,
              50.199365
            ],
            [
              89.507333,
              50.204378
            ],
            [
              89.501442,
              50.206807
            ],
            [
              89.448422,
              50.210734
            ],
            [
              89.440463,
              50.210088
            ],
            [
              89.434056,
              50.20753
            ],
            [
              89.428681,
              50.203034
            ],
            [
              89.42093,
              50.192906
            ],
            [
              89.417933,
              50.189857
            ],
            [
              89.413488,
              50.186885
            ],
            [
              89.406977,
              50.185723
            ],
            [
              89.399019,
              50.185929
            ],
            [
              89.390234,
              50.1881
            ],
            [
              89.345069,
              50.204481
            ],
            [
              89.336387,
              50.209597
            ],
            [
              89.336697,
              50.214868
            ],
            [
              89.339901,
              50.219855
            ],
            [
              89.345172,
              50.224712
            ],
            [
              89.34941,
              50.229803
            ],
            [
              89.351683,
              50.235074
            ],
            [
              89.352614,
              50.240345
            ],
            [
              89.352614,
              50.245461
            ],
            [
              89.35065,
              50.255331
            ],
            [
              89.34941,
              50.264219
            ],
            [
              89.356541,
              50.27166
            ],
            [
              89.383206,
              50.279205
            ],
            [
              89.385997,
              50.283494
            ],
            [
              89.38796,
              50.288559
            ],
            [
              89.386927,
              50.293494
            ],
            [
              89.3861,
              50.29985
            ],
            [
              89.38672,
              50.307369
            ],
            [
              89.390337,
              50.319306
            ],
            [
              89.395608,
              50.325714
            ],
            [
              89.402016,
              50.33052
            ],
            [
              89.415142,
              50.335946
            ],
            [
              89.428991,
              50.340003
            ],
            [
              89.459274,
              50.343852
            ],
            [
              89.470539,
              50.346488
            ],
            [
              89.507953,
              50.362353
            ],
            [
              89.517255,
              50.369794
            ],
            [
              89.520252,
              50.375944
            ],
            [
              89.517875,
              50.380594
            ],
            [
              89.51033,
              50.389276
            ],
            [
              89.502269,
              50.396614
            ],
            [
              89.499891,
              50.399146
            ],
            [
              89.497824,
              50.402247
            ],
            [
              89.496481,
              50.406769
            ],
            [
              89.495964,
              50.411859
            ],
            [
              89.497101,
              50.417155
            ],
            [
              89.499995,
              50.427052
            ],
            [
              89.501132,
              50.43439
            ],
            [
              89.501545,
              50.450668
            ],
            [
              89.503199,
              50.457282
            ],
            [
              89.507229,
              50.465964
            ],
            [
              89.513741,
              50.469426
            ],
            [
              89.522112,
              50.46984
            ],
            [
              89.540096,
              50.464569
            ],
            [
              89.607275,
              50.427413
            ],
            [
              89.612029,
              50.423253
            ],
            [
              89.614716,
              50.41868
            ],
            [
              89.615853,
              50.413822
            ],
            [
              89.615337,
              50.408448
            ],
            [
              89.610996,
              50.397751
            ],
            [
              89.610169,
              50.393513
            ],
            [
              89.610996,
              50.390723
            ],
            [
              89.613993,
              50.387261
            ],
            [
              89.619884,
              50.384677
            ],
            [
              89.63332,
              50.385194
            ],
            [
              89.765405,
              50.418008
            ],
            [
              89.822662,
              50.423072
            ],
            [
              89.834548,
              50.426173
            ],
            [
              89.843643,
              50.42992
            ],
            [
              89.849017,
              50.434545
            ],
            [
              89.853668,
              50.440074
            ],
            [
              89.86359,
              50.457618
            ],
            [
              89.865761,
              50.463328
            ],
            [
              89.868448,
              50.474542
            ],
            [
              89.869068,
              50.479865
            ],
            [
              89.869171,
              50.485084
            ],
            [
              89.868551,
              50.490148
            ],
            [
              89.866897,
              50.49821
            ],
            [
              89.865657,
              50.501724
            ],
            [
              89.859249,
              50.512731
            ],
            [
              89.855115,
              50.518002
            ],
            [
              89.828347,
              50.543065
            ],
            [
              89.810053,
              50.554382
            ],
            [
              89.779668,
              50.56694
            ],
            [
              89.758687,
              50.573037
            ],
            [
              89.731919,
              50.577688
            ],
            [
              89.698639,
              50.576293
            ],
            [
              89.673731,
              50.57898
            ],
            [
              89.666083,
              50.582546
            ],
            [
              89.662052,
              50.58699
            ],
            [
              89.662155,
              50.597351
            ],
            [
              89.661742,
              50.602441
            ],
            [
              89.659572,
              50.607196
            ],
            [
              89.656161,
              50.611691
            ],
            [
              89.647169,
              50.620373
            ],
            [
              89.593736,
              50.660319
            ],
            [
              89.585261,
              50.668742
            ],
            [
              89.577819,
              50.67732
            ],
            [
              89.571618,
              50.686416
            ],
            [
              89.559939,
              50.699283
            ],
            [
              89.498651,
              50.751786
            ],
            [
              89.47302,
              50.778167
            ],
            [
              89.469506,
              50.78349
            ],
            [
              89.457723,
              50.797882
            ],
            [
              89.447905,
              50.803463
            ],
            [
              89.42062,
              50.814005
            ],
            [
              89.412248,
              50.818604
            ],
            [
              89.407081,
              50.823255
            ],
            [
              89.40491,
              50.82744
            ],
            [
              89.402016,
              50.837827
            ],
            [
              89.399226,
              50.844132
            ],
            [
              89.392404,
              50.852684
            ],
            [
              89.383619,
              50.857568
            ],
            [
              89.33277,
              50.879479
            ],
            [
              89.31644,
              50.893018
            ],
            [
              89.308999,
              50.901338
            ],
            [
              89.198204,
              50.967406
            ],
            [
              89.17247,
              50.991952
            ],
            [
              89.162341,
              50.999911
            ],
            [
              89.136606,
              51.010323
            ],
            [
              89.083689,
              51.03859
            ],
            [
              89.068807,
              51.048306
            ],
            [
              89.059712,
              51.055902
            ],
            [
              89.052373,
              51.064584
            ],
            [
              89.046792,
              51.073782
            ],
            [
              89.044415,
              51.078433
            ],
            [
              89.041935,
              51.088251
            ],
            [
              89.041211,
              51.093161
            ],
            [
              89.040695,
              51.108379
            ],
            [
              89.041521,
              51.113185
            ],
            [
              89.043175,
              51.118586
            ],
            [
              89.048446,
              51.130006
            ],
            [
              89.050203,
              51.135639
            ],
            [
              89.050927,
              51.141013
            ],
            [
              89.050823,
              51.146129
            ],
            [
              89.049893,
              51.151168
            ],
            [
              89.044312,
              51.166903
            ],
            [
              89.040591,
              51.173828
            ],
            [
              89.03222,
              51.184318
            ],
            [
              89.024778,
              51.190157
            ],
            [
              89.015787,
              51.193956
            ],
            [
              89.000904,
              51.197547
            ],
            [
              88.980337,
              51.205634
            ],
            [
              88.960803,
              51.215841
            ],
            [
              88.951398,
              51.222403
            ],
            [
              88.945817,
              51.22832
            ],
            [
              88.94375,
              51.232997
            ],
            [
              88.94313,
              51.238113
            ],
            [
              88.94344,
              51.243281
            ],
            [
              88.944266,
              51.248655
            ],
            [
              88.951191,
              51.270876
            ],
            [
              88.952741,
              51.281573
            ],
            [
              88.952948,
              51.292115
            ],
            [
              88.94499,
              51.332268
            ],
            [
              88.9453,
              51.342758
            ],
            [
              88.94592,
              51.348132
            ],
            [
              88.949021,
              51.359139
            ],
            [
              88.956462,
              51.376296
            ],
            [
              88.967521,
              51.394434
            ],
            [
              88.971862,
              51.405751
            ],
            [
              88.972585,
              51.412056
            ],
            [
              88.971552,
              51.418774
            ],
            [
              88.967211,
              51.427869
            ],
            [
              88.96194,
              51.433605
            ],
            [
              88.955429,
              51.438359
            ],
            [
              88.883392,
              51.463577
            ],
            [
              88.861171,
              51.475566
            ],
            [
              88.854556,
              51.481096
            ],
            [
              88.848975,
              51.4874
            ],
            [
              88.837606,
              51.50497
            ],
            [
              88.831612,
              51.511326
            ],
            [
              88.824997,
              51.516494
            ],
            [
              88.7357,
              51.559385
            ],
            [
              89.03253,
              51.600081
            ],
            [
              89.042762,
              51.603827
            ],
            [
              89.049066,
              51.608323
            ],
            [
              89.052167,
              51.613387
            ],
            [
              89.054441,
              51.618813
            ],
            [
              89.056921,
              51.623774
            ],
            [
              89.060435,
              51.62765
            ],
            [
              89.126271,
              51.633489
            ],
            [
              89.152419,
              51.639897
            ],
            [
              89.167199,
              51.647442
            ],
            [
              89.19376,
              51.658139
            ],
            [
              89.206163,
              51.658501
            ],
            [
              89.217428,
              51.657028
            ],
            [
              89.226213,
              51.653747
            ],
            [
              89.231587,
              51.649768
            ],
            [
              89.232724,
              51.644807
            ],
            [
              89.230967,
              51.639226
            ],
            [
              89.221252,
              51.616385
            ],
            [
              89.214327,
              51.594215
            ],
            [
              89.213397,
              51.588841
            ],
            [
              89.213087,
              51.578402
            ],
            [
              89.214017,
              51.573338
            ],
            [
              89.215568,
              51.568532
            ],
            [
              89.218565,
              51.563985
            ],
            [
              89.223112,
              51.559851
            ],
            [
              89.231277,
              51.555768
            ],
            [
              89.242336,
              51.552254
            ],
            [
              89.259079,
              51.548637
            ],
            [
              89.269931,
              51.548223
            ],
            [
              89.27944,
              51.548895
            ],
            [
              89.286571,
              51.551014
            ],
            [
              89.293082,
              51.554166
            ],
            [
              89.298973,
              51.558507
            ],
            [
              89.323881,
              51.587704
            ],
            [
              89.336491,
              51.59344
            ],
            [
              89.355611,
              51.598194
            ],
            [
              89.42093,
              51.605378
            ],
            [
              89.437466,
              51.604964
            ],
            [
              89.474157,
              51.59884
            ],
            [
              89.482838,
              51.596541
            ],
            [
              89.49059,
              51.59375
            ],
            [
              89.542369,
              51.563494
            ],
            [
              89.551671,
              51.559696
            ],
            [
              89.563247,
              51.556233
            ],
            [
              89.58061,
              51.553029
            ],
            [
              89.591772,
              51.552513
            ],
            [
              89.601384,
              51.553029
            ],
            [
              89.636421,
              51.561763
            ],
            [
              89.684273,
              51.568274
            ],
            [
              89.730368,
              51.582226
            ],
            [
              89.751142,
              51.595921
            ],
            [
              89.77729,
              51.625221
            ],
            [
              89.942862,
              51.750175
            ],
            [
              89.964979,
              51.761414
            ],
            [
              89.972524,
              51.759425
            ],
            [
              89.979862,
              51.756634
            ],
            [
              90.000326,
              51.745886
            ],
            [
              90.026888,
              51.737204
            ],
            [
              90.035569,
              51.735705
            ],
            [
              90.048695,
              51.736067
            ],
            [
              90.064095,
              51.738444
            ],
            [
              90.089519,
              51.745421
            ],
            [
              90.100888,
              51.750898
            ],
            [
              90.106779,
              51.756893
            ],
            [
              90.107089,
              51.761234
            ],
            [
              90.104609,
              51.767693
            ],
            [
              90.068332,
              51.821075
            ],
            [
              90.057997,
              51.840557
            ],
            [
              90.056447,
              51.846345
            ],
            [
              90.055723,
              51.852468
            ],
            [
              90.056963,
              51.872183
            ],
            [
              90.056447,
              51.889288
            ],
            [
              90.051072,
              51.920707
            ],
            [
              90.029678,
              51.965304
            ],
            [
              90.026991,
              51.976259
            ],
            [
              90.027508,
              51.984372
            ],
            [
              90.031539,
              51.988868
            ],
            [
              90.036499,
              51.992692
            ],
            [
              90.059857,
              52.006077
            ],
            [
              90.073396,
              52.018324
            ],
            [
              90.079184,
              52.021528
            ],
            [
              90.106159,
              52.032277
            ],
            [
              90.112981,
              52.037031
            ],
            [
              90.118872,
              52.0438
            ],
            [
              90.124039,
              52.057185
            ],
            [
              90.125383,
              52.066073
            ],
            [
              90.126003,
              52.074186
            ],
            [
              90.123729,
              52.128601
            ],
            [
              90.129414,
              52.135216
            ],
            [
              90.138302,
              52.138006
            ],
            [
              90.177886,
              52.13457
            ],
            [
              90.19866,
              52.135009
            ],
            [
              90.216333,
              52.137671
            ],
            [
              90.223775,
              52.14059
            ],
            [
              90.230286,
              52.144621
            ],
            [
              90.242998,
              52.15506
            ],
            [
              90.24889,
              52.158987
            ],
            [
              90.255297,
              52.162036
            ],
            [
              90.262429,
              52.164258
            ],
            [
              90.271214,
              52.165498
            ],
            [
              90.290644,
              52.166118
            ],
            [
              90.299016,
              52.167669
            ],
            [
              90.306147,
              52.169994
            ],
            [
              90.318136,
              52.176557
            ],
            [
              90.328368,
              52.184154
            ],
            [
              90.334362,
              52.187668
            ],
            [
              90.3417,
              52.190251
            ],
            [
              90.350072,
              52.191595
            ],
            [
              90.359374,
              52.191802
            ],
            [
              90.368055,
              52.190587
            ],
            [
              90.398131,
              52.181234
            ],
            [
              90.416011,
              52.178288
            ],
            [
              90.435855,
              52.178107
            ],
            [
              90.476589,
              52.183401
            ],
            [
              90.477609,
              52.183533
            ],
            [
              90.491252,
              52.181854
            ],
            [
              90.519364,
              52.161209
            ],
            [
              90.540758,
              52.135888
            ],
            [
              90.549956,
              52.127542
            ],
            [
              90.559672,
              52.12116
            ],
            [
              90.581789,
              52.111807
            ],
            [
              90.680284,
              52.089844
            ],
            [
              90.723899,
              52.075917
            ],
            [
              90.735992,
              52.06938
            ],
            [
              90.74364,
              52.063437
            ],
            [
              90.758316,
              52.038684
            ],
            [
              90.760073,
              52.033
            ],
            [
              90.760073,
              52.026695
            ],
            [
              90.758523,
              52.013518
            ],
            [
              90.762863,
              52.004681
            ],
            [
              90.773819,
              51.992512
            ],
            [
              90.79666,
              51.978197
            ],
            [
              90.807408,
              51.9698
            ],
            [
              90.81392,
              51.963108
            ],
            [
              90.81702,
              51.951739
            ],
            [
              90.819191,
              51.939879
            ],
            [
              90.822395,
              51.932541
            ],
            [
              90.827872,
              51.924479
            ],
            [
              90.839448,
              51.912439
            ],
            [
              90.849266,
              51.908046
            ],
            [
              90.857328,
              51.906961
            ],
            [
              90.863839,
              51.908796
            ],
            [
              90.876758,
              51.913989
            ],
            [
              90.907454,
              51.922154
            ],
            [
              91.100517,
              51.942721
            ],
            [
              91.153434,
              51.902465
            ],
            [
              91.180409,
              51.890115
            ],
            [
              91.238907,
              51.882312
            ],
            [
              91.248725,
              51.883345
            ],
            [
              91.275494,
              51.894094
            ],
            [
              91.283555,
              51.895902
            ],
            [
              91.543074,
              51.900915
            ],
            [
              91.55775,
              51.899881
            ],
            [
              91.569119,
              51.897892
            ],
            [
              91.57563,
              51.894921
            ],
            [
              91.597541,
              51.879676
            ],
            [
              91.616455,
              51.868979
            ],
            [
              91.62741,
              51.866938
            ],
            [
              91.685598,
              51.867377
            ],
            [
              91.708129,
              51.863786
            ],
            [
              91.722908,
              51.863036
            ],
            [
              91.733243,
              51.863605
            ],
            [
              91.777995,
              51.871563
            ],
            [
              91.788847,
              51.870814
            ],
            [
              91.798562,
              51.8681
            ],
            [
              91.807451,
              51.864431
            ],
            [
              91.824814,
              51.859936
            ],
            [
              91.870496,
              51.857714
            ],
            [
              91.884242,
              51.85575
            ],
            [
              91.894164,
              51.852804
            ],
            [
              91.898711,
              51.848774
            ],
            [
              91.902225,
              51.844174
            ],
            [
              91.904086,
              51.840169
            ],
            [
              91.906463,
              51.833529
            ],
            [
              91.925066,
              51.814202
            ],
            [
              91.945117,
              51.804125
            ],
            [
              91.963204,
              51.798286
            ],
            [
              91.986665,
              51.793609
            ],
            [
              92.10521,
              51.783041
            ],
            [
              92.208563,
              51.806347
            ],
            [
              92.429532,
              51.801851
            ],
            [
              92.455473,
              51.798389
            ],
            [
              92.467876,
              51.790948
            ],
            [
              92.476144,
              51.787098
            ],
            [
              92.48958,
              51.782834
            ],
            [
              92.498158,
              51.781517
            ],
            [
              92.505393,
              51.781439
            ],
            [
              92.519552,
              51.784746
            ],
            [
              92.526373,
              51.787563
            ],
            [
              92.531541,
              51.791206
            ],
            [
              92.540843,
              51.799423
            ],
            [
              92.547044,
              51.80242
            ],
            [
              92.620114,
              51.81074
            ],
            [
              92.627659,
              51.81291
            ],
            [
              92.634067,
              51.815752
            ],
            [
              92.639855,
              51.81906
            ],
            [
              92.64988,
              51.826708
            ],
            [
              92.658872,
              51.835028
            ],
            [
              92.672824,
              51.839833
            ],
            [
              92.782068,
              51.850427
            ],
            [
              92.800879,
              51.849445
            ],
            [
              92.80894,
              51.84681
            ],
            [
              92.831161,
              51.836449
            ],
            [
              92.844287,
              51.832444
            ],
            [
              92.852555,
              51.833116
            ],
            [
              92.859583,
              51.835596
            ],
            [
              92.885938,
              51.853838
            ],
            [
              92.886041,
              51.87624
            ],
            [
              92.893793,
              51.889133
            ],
            [
              92.901234,
              51.895076
            ],
            [
              92.932033,
              51.912336
            ],
            [
              92.938648,
              51.914971
            ],
            [
              92.946399,
              51.916883
            ],
            [
              92.996836,
              51.916366
            ],
            [
              93.023811,
              51.923885
            ],
            [
              93.074557,
              51.945253
            ],
            [
              93.085306,
              51.952023
            ],
            [
              93.090473,
              51.956571
            ],
            [
              93.098225,
              51.965872
            ],
            [
              93.104219,
              51.976363
            ],
            [
              93.1067,
              51.981892
            ],
            [
              93.111247,
              51.989592
            ],
            [
              93.118172,
              51.998428
            ],
            [
              93.133571,
              52.012407
            ],
            [
              93.14401,
              52.018841
            ],
            [
              93.153415,
              52.023026
            ],
            [
              93.203748,
              52.028556
            ],
            [
              93.218941,
              52.032121
            ],
            [
              93.227726,
              52.035946
            ],
            [
              93.234444,
              52.039976
            ],
            [
              93.239198,
              52.04411
            ],
            [
              93.243229,
              52.048684
            ],
            [
              93.277542,
              52.076098
            ],
            [
              93.360431,
              52.129428
            ],
            [
              93.422649,
              52.157695
            ],
            [
              93.456032,
              52.166635
            ],
            [
              93.545123,
              52.170408
            ],
            [
              93.590598,
              52.183947
            ],
            [
              93.667182,
              52.215624
            ],
            [
              93.678034,
              52.223841
            ],
            [
              93.677724,
              52.228802
            ],
            [
              93.67266,
              52.251746
            ],
            [
              93.67266,
              52.257534
            ],
            [
              93.67359,
              52.263063
            ],
            [
              93.680721,
              52.279755
            ],
            [
              93.681755,
              52.285982
            ],
            [
              93.687336,
              52.295568
            ],
            [
              93.697258,
              52.307764
            ],
            [
              93.753275,
              52.352309
            ],
            [
              93.762164,
              52.360887
            ],
            [
              93.765574,
              52.365796
            ],
            [
              93.767641,
              52.371403
            ],
            [
              93.767641,
              52.377165
            ],
            [
              93.766401,
              52.382798
            ],
            [
              93.75865,
              52.404295
            ],
            [
              93.755859,
              52.415509
            ],
            [
              93.756169,
              52.422382
            ],
            [
              93.75865,
              52.430056
            ],
            [
              93.764541,
              52.439487
            ],
            [
              93.773946,
              52.446153
            ],
            [
              93.818181,
              52.468684
            ],
            [
              93.825829,
              52.47442
            ],
            [
              93.845363,
              52.497778
            ],
            [
              93.851874,
              52.503204
            ],
            [
              93.973003,
              52.572295
            ],
            [
              93.982822,
              52.579117
            ],
            [
              93.989333,
              52.585421
            ],
            [
              93.99078,
              52.590847
            ],
            [
              93.989643,
              52.596066
            ],
            [
              93.986853,
              52.600743
            ],
            [
              93.979411,
              52.609761
            ],
            [
              93.976931,
              52.615187
            ],
            [
              93.976001,
              52.620974
            ],
            [
              93.978171,
              52.628597
            ],
            [
              93.983029,
              52.633222
            ],
            [
              93.98892,
              52.636839
            ],
            [
              94.05889,
              52.65813
            ],
            [
              94.066434,
              52.662496
            ],
            [
              94.071395,
              52.667199
            ],
            [
              94.097234,
              52.716162
            ],
            [
              94.102918,
              52.72319
            ],
            [
              94.134544,
              52.753473
            ],
            [
              94.139091,
              52.761018
            ],
            [
              94.141675,
              52.786752
            ],
            [
              94.141262,
              52.799129
            ],
            [
              94.151804,
              52.815329
            ],
            [
              94.148703,
              52.819722
            ],
            [
              94.145913,
              52.825716
            ],
            [
              94.141262,
              52.831763
            ],
            [
              94.143846,
              52.837576
            ],
            [
              94.148703,
              52.841736
            ],
            [
              94.155214,
              52.845018
            ],
            [
              94.206891,
              52.860908
            ],
            [
              94.29009,
              52.899975
            ],
            [
              94.304973,
              52.903955
            ],
            [
              94.385691,
              52.913721
            ],
            [
              94.394166,
              52.913618
            ],
            [
              94.401504,
              52.911654
            ],
            [
              94.407189,
              52.90845
            ],
            [
              94.421038,
              52.896461
            ],
            [
              94.436231,
              52.891139
            ],
            [
              94.472094,
              52.892947
            ],
            [
              94.512299,
              52.910828
            ],
            [
              94.516639,
              52.916486
            ],
            [
              94.521084,
              52.923592
            ],
            [
              94.520153,
              52.929328
            ],
            [
              94.519843,
              52.936511
            ],
            [
              94.52067,
              52.94465
            ],
            [
              94.525734,
              52.957052
            ],
            [
              94.533693,
              52.964881
            ],
            [
              94.558807,
              52.983175
            ],
            [
              94.565939,
              52.990358
            ],
            [
              94.569556,
              52.996404
            ],
            [
              94.570176,
              52.998884
            ],
            [
              94.570486,
              53.000331
            ],
            [
              94.57307,
              53.008651
            ],
            [
              94.579478,
              53.019916
            ],
            [
              94.600252,
              53.041982
            ],
            [
              94.604283,
              53.049424
            ],
            [
              94.603663,
              53.055263
            ],
            [
              94.591674,
              53.068131
            ],
            [
              94.58847,
              53.072859
            ],
            [
              94.586403,
              53.078104
            ],
            [
              94.584852,
              53.083582
            ],
            [
              94.583819,
              53.089938
            ],
            [
              94.583819,
              53.097018
            ],
            [
              94.585059,
              53.106061
            ],
            [
              94.58785,
              53.112521
            ],
            [
              94.60821,
              53.137377
            ],
            [
              94.610691,
              53.145025
            ],
            [
              94.610174,
              53.151485
            ],
            [
              94.60542,
              53.162285
            ],
            [
              94.604179,
              53.168435
            ],
            [
              94.604179,
              53.175773
            ],
            [
              94.60883,
              53.179958
            ],
            [
              94.625883,
              53.186005
            ],
            [
              94.636425,
              53.191224
            ],
            [
              94.649241,
              53.203833
            ],
            [
              94.657716,
              53.21068
            ],
            [
              94.665468,
              53.215563
            ],
            [
              94.681694,
              53.220421
            ],
            [
              94.690066,
              53.2244
            ],
            [
              94.699057,
              53.231687
            ],
            [
              94.701124,
              53.237629
            ],
            [
              94.700504,
              53.243159
            ],
            [
              94.691306,
              53.262434
            ],
            [
              94.685001,
              53.271787
            ],
            [
              94.680764,
              53.276077
            ],
            [
              94.67601,
              53.280056
            ],
            [
              94.669188,
              53.283001
            ],
            [
              94.66154,
              53.285533
            ],
            [
              94.64366,
              53.288841
            ],
            [
              94.597358,
              53.288789
            ],
            [
              94.590743,
              53.292355
            ],
            [
              94.586919,
              53.297781
            ],
            [
              94.585679,
              53.307005
            ],
            [
              94.58878,
              53.311992
            ],
            [
              94.594464,
              53.315661
            ],
            [
              94.679213,
              53.344961
            ],
            [
              94.718488,
              53.369973
            ],
            [
              94.739882,
              53.382737
            ],
            [
              94.882405,
              53.393795
            ],
            [
              94.917235,
              53.385631
            ],
            [
              94.927054,
              53.385889
            ],
            [
              94.935115,
              53.387853
            ],
            [
              94.963951,
              53.400927
            ],
            [
              94.97563,
              53.405009
            ],
            [
              94.982244,
              53.403614
            ],
            [
              94.987515,
              53.400462
            ],
            [
              95.000021,
              53.38483
            ],
            [
              95.006635,
              53.381652
            ],
            [
              95.017384,
              53.378396
            ],
            [
              95.041052,
              53.375915
            ],
            [
              95.053041,
              53.377466
            ],
            [
              95.0672,
              53.38129
            ],
            [
              95.081153,
              53.386767
            ],
            [
              95.139754,
              53.401469
            ],
            [
              95.146472,
              53.404389
            ],
            [
              95.157841,
              53.411469
            ],
            [
              95.166832,
              53.420357
            ],
            [
              95.177994,
              53.435188
            ],
            [
              95.186779,
              53.440821
            ],
            [
              95.200112,
              53.446609
            ],
            [
              95.229361,
              53.454412
            ],
            [
              95.246827,
              53.456582
            ],
            [
              95.260367,
              53.456376
            ],
            [
              95.269152,
              53.454412
            ],
            [
              95.284138,
              53.448986
            ],
            [
              95.289409,
              53.445265
            ],
            [
              95.292923,
              53.440769
            ],
            [
              95.294473,
              53.435188
            ],
            [
              95.292509,
              53.4155
            ],
            [
              95.292613,
              53.409428
            ],
            [
              95.293853,
              53.403821
            ],
            [
              95.29778,
              53.399428
            ],
            [
              95.303051,
              53.395242
            ],
            [
              95.326202,
              53.382427
            ],
            [
              95.351731,
              53.375037
            ],
            [
              95.380876,
              53.371885
            ],
            [
              95.396276,
              53.372195
            ],
            [
              95.407128,
              53.374365
            ],
            [
              95.432863,
              53.386354
            ],
            [
              95.486606,
              53.400927
            ],
            [
              95.498285,
              53.405733
            ],
            [
              95.501386,
              53.407748
            ],
            [
              95.50521,
              53.411262
            ],
            [
              95.514511,
              53.417412
            ],
            [
              95.529394,
              53.424646
            ],
            [
              95.621792,
              53.448572
            ],
            [
              95.634607,
              53.454515
            ],
            [
              95.640498,
              53.458133
            ],
            [
              95.645046,
              53.462577
            ],
            [
              95.64856,
              53.467641
            ],
            [
              95.657758,
              53.484074
            ],
            [
              95.662409,
              53.488441
            ],
            [
              95.704577,
              53.507639
            ],
            [
              95.743128,
              53.518646
            ],
            [
              95.757081,
              53.520454
            ],
            [
              95.767623,
              53.519524
            ],
            [
              95.772997,
              53.516217
            ],
            [
              95.777234,
              53.511979
            ],
            [
              95.780645,
              53.507639
            ],
            [
              95.782505,
              53.50353
            ],
            [
              95.783746,
              53.501231
            ],
            [
              95.784262,
              53.500352
            ],
            [
              95.785503,
              53.49906
            ],
            [
              95.788396,
              53.497252
            ],
            [
              95.794288,
              53.494823
            ],
            [
              95.864878,
              53.48578
            ],
            [
              95.87604,
              53.487071
            ],
            [
              95.899811,
              53.494306
            ],
            [
              95.910353,
              53.49472
            ],
            [
              95.920378,
              53.493764
            ],
            [
              95.928543,
              53.491516
            ],
            [
              95.935778,
              53.488622
            ],
            [
              95.941255,
              53.485056
            ],
            [
              95.949834,
              53.476736
            ],
            [
              95.956035,
              53.473326
            ],
            [
              96.048329,
              53.45374
            ],
            [
              96.079645,
              53.450019
            ],
            [
              96.091634,
              53.450536
            ],
            [
              96.100935,
              53.452345
            ],
            [
              96.107447,
              53.455342
            ],
            [
              96.112408,
              53.459063
            ],
            [
              96.115405,
              53.463559
            ],
            [
              96.115198,
              53.468545
            ],
            [
              96.10848,
              53.483661
            ],
            [
              96.114268,
              53.49012
            ],
            [
              96.125947,
              53.496993
            ],
            [
              96.174833,
              53.510688
            ],
            [
              96.185995,
              53.51539
            ],
            [
              96.215761,
              53.547843
            ],
            [
              96.218861,
              53.553011
            ],
            [
              96.220515,
              53.558592
            ],
            [
              96.219895,
              53.564121
            ],
            [
              96.217001,
              53.575076
            ],
            [
              96.217621,
              53.581278
            ],
            [
              96.219171,
              53.587479
            ],
            [
              96.221962,
              53.593215
            ],
            [
              96.225992,
              53.599468
            ],
            [
              96.23147,
              53.605927
            ],
            [
              96.241495,
              53.613472
            ],
            [
              96.252037,
              53.616107
            ],
            [
              96.263199,
              53.617115
            ],
            [
              96.293482,
              53.614867
            ],
            [
              96.297513,
              53.612593
            ],
            [
              96.295549,
              53.609493
            ],
            [
              96.275602,
              53.593835
            ],
            [
              96.271881,
              53.589804
            ],
            [
              96.271571,
              53.585515
            ],
            [
              96.277152,
              53.582905
            ],
            [
              96.287591,
              53.580657
            ],
            [
              96.296169,
              53.581639
            ],
            [
              96.332859,
              53.597401
            ],
            [
              96.346399,
              53.601793
            ],
            [
              96.35632,
              53.602827
            ],
            [
              96.365312,
              53.601586
            ],
            [
              96.372443,
              53.599054
            ],
            [
              96.377921,
              53.595644
            ],
            [
              96.379265,
              53.591665
            ],
            [
              96.376991,
              53.587324
            ],
            [
              96.359318,
              53.569702
            ],
            [
              96.355907,
              53.565361
            ],
            [
              96.354667,
              53.56102
            ],
            [
              96.358698,
              53.557661
            ],
            [
              96.365209,
              53.555439
            ],
            [
              96.417919,
              53.543192
            ],
            [
              96.423706,
              53.539626
            ],
            [
              96.4266,
              53.534769
            ],
            [
              96.427841,
              53.523038
            ],
            [
              96.429908,
              53.51725
            ],
            [
              96.434352,
              53.513013
            ],
            [
              96.443654,
              53.510688
            ],
            [
              96.449751,
              53.513013
            ],
            [
              96.454712,
              53.517199
            ],
            [
              96.45864,
              53.522857
            ],
            [
              96.463084,
              53.528361
            ],
            [
              96.469905,
              53.5342
            ],
            [
              96.477967,
              53.535906
            ],
            [
              96.564576,
              53.534407
            ],
            [
              96.642298,
              53.54805
            ],
            [
              96.65284,
              53.551796
            ],
            [
              96.657697,
              53.556008
            ],
            [
              96.661418,
              53.561072
            ],
            [
              96.673097,
              53.58381
            ],
            [
              96.676611,
              53.589029
            ],
            [
              96.680848,
              53.59368
            ],
            [
              96.696145,
              53.605617
            ],
            [
              96.699452,
              53.61001
            ],
            [
              96.700382,
              53.614919
            ],
            [
              96.698212,
              53.619518
            ],
            [
              96.68829,
              53.632231
            ],
            [
              96.684052,
              53.638535
            ],
            [
              96.697592,
              53.644478
            ],
            [
              96.700485,
              53.648896
            ],
            [
              96.703793,
              53.655227
            ],
            [
              96.713198,
              53.69078
            ],
            [
              96.718366,
              53.698635
            ],
            [
              96.726737,
              53.705094
            ],
            [
              96.742757,
              53.711037
            ],
            [
              96.807766,
              53.725041
            ],
            [
              96.874945,
              53.729072
            ],
            [
              96.884557,
              53.72778
            ],
            [
              96.891998,
              53.725093
            ],
            [
              96.897786,
              53.721579
            ],
            [
              96.934166,
              53.695224
            ],
            [
              96.942848,
              53.692175
            ],
            [
              96.983982,
              53.685509
            ],
            [
              96.9907,
              53.681737
            ],
            [
              96.992354,
              53.676621
            ],
            [
              96.993284,
              53.671427
            ],
            [
              96.995041,
              53.666854
            ],
            [
              96.998245,
              53.663236
            ],
            [
              97.004446,
              53.661014
            ],
            [
              97.015195,
              53.658172
            ],
            [
              97.051679,
              53.652178
            ],
            [
              97.06191,
              53.649025
            ],
            [
              97.100978,
              53.630112
            ],
            [
              97.117618,
              53.617348
            ],
            [
              97.12754,
              53.612697
            ],
            [
              97.135188,
              53.613007
            ],
            [
              97.144799,
              53.61541
            ],
            [
              97.155445,
              53.61926
            ],
            [
              97.174358,
              53.623497
            ],
            [
              97.187898,
              53.624117
            ],
            [
              97.198646,
              53.622903
            ],
            [
              97.205261,
              53.619828
            ],
            [
              97.210739,
              53.616056
            ],
            [
              97.214769,
              53.611818
            ],
            [
              97.225621,
              53.606392
            ],
            [
              97.242261,
              53.600553
            ],
            [
              97.282982,
              53.593163
            ],
            [
              97.303239,
              53.592388
            ],
            [
              97.317915,
              53.593835
            ],
            [
              97.328354,
              53.596367
            ],
            [
              97.333935,
              53.594403
            ],
            [
              97.337656,
              53.590321
            ],
            [
              97.34055,
              53.579469
            ],
            [
              97.344477,
              53.573371
            ],
            [
              97.351505,
              53.567351
            ],
            [
              97.37724,
              53.554974
            ],
            [
              97.383855,
              53.55022
            ],
            [
              97.386335,
              53.545104
            ],
            [
              97.391606,
              53.529291
            ],
            [
              97.394087,
              53.52433
            ],
            [
              97.397394,
              53.519731
            ],
            [
              97.402355,
              53.515287
            ],
            [
              97.408866,
              53.511101
            ],
            [
              97.432637,
              53.499939
            ],
            [
              97.433877,
              53.497562
            ],
            [
              97.435428,
              53.488002
            ],
            [
              97.435531,
              53.481955
            ],
            [
              97.436771,
              53.475341
            ],
            [
              97.439872,
              53.468933
            ],
            [
              97.44783,
              53.461492
            ],
            [
              97.455375,
              53.459063
            ],
            [
              97.464883,
              53.458236
            ],
            [
              97.484727,
              53.458288
            ],
            [
              97.562035,
              53.448288
            ],
            [
              97.574127,
              53.445033
            ],
            [
              97.580328,
              53.441751
            ],
            [
              97.585806,
              53.438082
            ],
            [
              97.5887,
              53.43338
            ],
            [
              97.59025,
              53.427902
            ],
            [
              97.590767,
              53.422011
            ],
            [
              97.585599,
              53.395397
            ],
            [
              97.58684,
              53.388163
            ],
            [
              97.592111,
              53.381341
            ],
            [
              97.60627,
              53.373022
            ],
            [
              97.618776,
              53.369611
            ],
            [
              97.630765,
              53.367957
            ],
            [
              97.650195,
              53.368836
            ],
            [
              97.698771,
              53.378913
            ],
            [
              97.731327,
              53.377931
            ],
            [
              97.809565,
              53.365942
            ],
            [
              97.858141,
              53.363461
            ],
            [
              97.878398,
              53.357105
            ],
            [
              97.903823,
              53.352299
            ],
            [
              97.913538,
              53.352299
            ],
            [
              97.942167,
              53.356847
            ],
            [
              97.957566,
              53.357725
            ],
            [
              97.966248,
              53.355503
            ],
            [
              97.971519,
              53.351628
            ],
            [
              97.972966,
              53.346201
            ],
            [
              97.972966,
              53.340181
            ],
            [
              97.967488,
              53.313542
            ],
            [
              97.967178,
              53.30747
            ],
            [
              97.968418,
              53.301863
            ],
            [
              97.970485,
              53.296695
            ],
            [
              97.973689,
              53.292045
            ],
            [
              97.977617,
              53.287652
            ],
            [
              97.987332,
              53.280004
            ],
            [
              98.007176,
              53.27016
            ],
            [
              98.012447,
              53.266878
            ],
            [
              98.030844,
              53.252615
            ],
            [
              98.039215,
              53.249902
            ],
            [
              98.048207,
              53.249412
            ],
            [
              98.08469,
              53.252357
            ],
            [
              98.179568,
              53.245019
            ],
            [
              98.191557,
              53.241557
            ],
            [
              98.199825,
              53.236983
            ],
            [
              98.20489,
              53.232307
            ],
            [
              98.212228,
              53.227139
            ],
            [
              98.220703,
              53.22502
            ],
            [
              98.279511,
              53.225692
            ],
            [
              98.289122,
              53.223263
            ],
            [
              98.295944,
              53.219749
            ],
            [
              98.299044,
              53.215667
            ],
            [
              98.299974,
              53.211739
            ],
            [
              98.297184,
              53.207554
            ],
            [
              98.287572,
              53.199544
            ],
            [
              98.283438,
              53.194945
            ],
            [
              98.281061,
              53.189829
            ],
            [
              98.280957,
              53.184816
            ],
            [
              98.282818,
              53.179855
            ],
            [
              98.288709,
              53.170502
            ],
            [
              98.290673,
              53.165386
            ],
            [
              98.291603,
              53.159701
            ],
            [
              98.291293,
              53.153655
            ],
            [
              98.286022,
              53.135465
            ],
            [
              98.285608,
              53.130091
            ],
            [
              98.287572,
              53.125285
            ],
            [
              98.29646,
              53.109833
            ],
            [
              98.303178,
              53.103736
            ],
            [
              98.31434,
              53.100532
            ],
            [
              98.332737,
              53.097638
            ],
            [
              98.34762,
              53.092522
            ],
            [
              98.358369,
              53.090765
            ],
            [
              98.36581,
              53.091695
            ],
            [
              98.385034,
              53.100403
            ],
            [
              98.392475,
              53.102573
            ],
            [
              98.546264,
              53.110402
            ],
            [
              98.599078,
              53.103426
            ],
            [
              98.608173,
              53.104718
            ],
            [
              98.615201,
              53.107508
            ],
            [
              98.665947,
              53.148126
            ],
            [
              98.671838,
              53.151485
            ],
            [
              98.678969,
              53.154017
            ],
            [
              98.687444,
              53.155154
            ],
            [
              98.697883,
              53.154844
            ],
            [
              98.861284,
              53.12451
            ],
            [
              98.878854,
              53.125026
            ],
            [
              98.882058,
              53.130246
            ],
            [
              98.886915,
              53.142545
            ],
            [
              98.893116,
              53.147919
            ],
            [
              98.903658,
              53.150916
            ],
            [
              98.925259,
              53.151097
            ],
            [
              98.937662,
              53.149366
            ],
            [
              98.947273,
              53.146937
            ],
            [
              98.953165,
              53.143785
            ],
            [
              98.963706,
              53.136499
            ],
            [
              99.055691,
              53.103787
            ],
            [
              99.064372,
              53.097405
            ],
            [
              99.061892,
              53.093039
            ],
            [
              99.056517,
              53.089576
            ],
            [
              99.024375,
              53.074745
            ],
            [
              99.010732,
              53.069888
            ],
            [
              99.004014,
              53.068337
            ],
            [
              98.99957,
              53.066787
            ],
            [
              98.995022,
              53.064565
            ],
            [
              98.987581,
              53.05547
            ],
            [
              98.984377,
              53.050199
            ],
            [
              98.98262,
              53.044618
            ],
            [
              98.984377,
              53.039192
            ],
            [
              98.989338,
              53.034489
            ],
            [
              99.249787,
              52.953822
            ],
            [
              99.244826,
              52.940283
            ],
            [
              99.239865,
              52.934857
            ],
            [
              99.223019,
              52.919923
            ],
            [
              99.217438,
              52.913153
            ],
            [
              99.21413,
              52.903076
            ],
            [
              99.213407,
              52.895738
            ],
            [
              99.21382,
              52.889227
            ],
            [
              99.220332,
              52.865249
            ],
            [
              99.219608,
              52.861425
            ],
            [
              99.215887,
              52.856852
            ],
            [
              99.206689,
              52.853441
            ],
            [
              99.197697,
              52.853053
            ],
            [
              99.189326,
              52.854681
            ],
            [
              99.15863,
              52.871192
            ],
            [
              99.150879,
              52.873621
            ],
            [
              99.081735,
              52.880959
            ],
            [
              99.045045,
              52.888788
            ],
            [
              99.030059,
              52.894239
            ],
            [
              99.016933,
              52.900492
            ],
            [
              99.006081,
              52.907365
            ],
            [
              98.995332,
              52.915969
            ],
            [
              98.985101,
              52.922765
            ],
            [
              98.977659,
              52.925452
            ],
            [
              98.968357,
              52.927338
            ],
            [
              98.957919,
              52.928294
            ],
            [
              98.947997,
              52.928294
            ],
            [
              98.938075,
              52.924858
            ],
            [
              98.92867,
              52.918476
            ],
            [
              98.856323,
              52.846594
            ],
            [
              98.852706,
              52.841323
            ],
            [
              98.850742,
              52.835535
            ],
            [
              98.853326,
              52.82768
            ],
            [
              98.856736,
              52.823029
            ],
            [
              98.858183,
              52.818637
            ],
            [
              98.858803,
              52.812487
            ],
            [
              98.858183,
              52.802772
            ],
            [
              98.861077,
              52.796726
            ],
            [
              98.866451,
              52.79285
            ],
            [
              98.874203,
              52.791817
            ],
            [
              98.882264,
              52.792592
            ],
            [
              98.913994,
              52.799258
            ],
            [
              98.922779,
              52.799878
            ],
            [
              98.93146,
              52.799361
            ],
            [
              98.937765,
              52.797501
            ],
            [
              98.938902,
              52.792282
            ],
            [
              98.937455,
              52.782205
            ],
            [
              98.930944,
              52.761483
            ],
            [
              98.929703,
              52.750372
            ],
            [
              98.930324,
              52.742104
            ],
            [
              98.939005,
              52.722829
            ],
            [
              98.939935,
              52.718385
            ],
            [
              98.939625,
              52.705207
            ],
            [
              98.937455,
              52.69097
            ],
            [
              98.937145,
              52.672703
            ],
            [
              98.934044,
              52.665623
            ],
            [
              98.92805,
              52.657613
            ],
            [
              98.913684,
              52.647226
            ],
            [
              98.904072,
              52.645211
            ],
            [
              98.897561,
              52.646038
            ],
            [
              98.89384,
              52.649603
            ],
            [
              98.889809,
              52.652704
            ],
            [
              98.885055,
              52.655236
            ],
            [
              98.877924,
              52.652885
            ],
            [
              98.869862,
              52.646813
            ],
            [
              98.856736,
              52.634049
            ],
            [
              98.847021,
              52.628261
            ],
            [
              98.838339,
              52.62423
            ],
            [
              98.816429,
              52.617667
            ],
            [
              98.810124,
              52.614722
            ],
            [
              98.804646,
              52.610949
            ],
            [
              98.800409,
              52.606143
            ],
            [
              98.796585,
              52.598702
            ],
            [
              98.793794,
              52.589503
            ],
            [
              98.792864,
              52.572915
            ],
            [
              98.795758,
              52.564595
            ],
            [
              98.800719,
              52.558601
            ],
            [
              98.818186,
              52.548292
            ],
            [
              98.822526,
              52.544855
            ],
            [
              98.825627,
              52.541315
            ],
            [
              98.82511,
              52.537362
            ],
            [
              98.82232,
              52.530799
            ],
            [
              98.805577,
              52.514004
            ],
            [
              98.798135,
              52.509715
            ],
            [
              98.791314,
              52.507235
            ],
            [
              98.765062,
              52.503979
            ],
            [
              98.747492,
              52.504496
            ],
            [
              98.738191,
              52.508113
            ],
            [
              98.73292,
              52.507183
            ],
            [
              98.728475,
              52.504909
            ],
            [
              98.720517,
              52.496538
            ],
            [
              98.718864,
              52.492869
            ],
            [
              98.718554,
              52.488063
            ],
            [
              98.720724,
              52.478658
            ],
            [
              98.722688,
              52.473128
            ],
            [
              98.723204,
              52.468787
            ],
            [
              98.721654,
              52.464111
            ],
            [
              98.715453,
              52.458452
            ],
            [
              98.673388,
              52.433957
            ],
            [
              98.658505,
              52.429875
            ],
            [
              98.633184,
              52.427239
            ],
            [
              98.629257,
              52.424294
            ],
            [
              98.629153,
              52.420625
            ],
            [
              98.634424,
              52.41277
            ],
            [
              98.676179,
              52.375563
            ],
            [
              98.677109,
              52.369698
            ],
            [
              98.675972,
              52.362282
            ],
            [
              98.669978,
              52.346185
            ],
            [
              98.660986,
              52.329571
            ],
            [
              98.646413,
              52.309004
            ],
            [
              98.643623,
              52.302958
            ],
            [
              98.640625,
              52.289057
            ],
            [
              98.640832,
              52.271538
            ],
            [
              98.646103,
              52.262753
            ],
            [
              98.660159,
              52.256862
            ],
            [
              98.672768,
              52.263063
            ],
            [
              98.675869,
              52.267456
            ],
            [
              98.68486,
              52.277223
            ],
            [
              98.689511,
              52.281564
            ],
            [
              98.70057,
              52.288747
            ],
            [
              98.707185,
              52.291486
            ],
            [
              98.714626,
              52.293423
            ],
            [
              98.726305,
              52.292467
            ],
            [
              98.741498,
              52.289005
            ],
            [
              98.765682,
              52.279342
            ],
            [
              98.779842,
              52.276654
            ],
            [
              98.791004,
              52.275724
            ],
            [
              98.799479,
              52.274226
            ],
            [
              98.807024,
              52.269626
            ],
            [
              98.813845,
              52.259239
            ],
            [
              98.816429,
              52.253452
            ],
            [
              98.817566,
              52.247974
            ],
            [
              98.816635,
              52.236398
            ],
            [
              98.808987,
              52.204514
            ],
            [
              98.808677,
              52.201
            ],
            [
              98.808987,
              52.196401
            ],
            [
              98.813535,
              52.191802
            ],
            [
              98.821906,
              52.187668
            ],
            [
              98.839993,
              52.184929
            ],
            [
              98.851155,
              52.185497
            ],
            [
              98.860457,
              52.187461
            ],
            [
              98.887329,
              52.197693
            ],
            [
              98.894977,
              52.199605
            ],
            [
              98.903142,
              52.200483
            ],
            [
              98.91203,
              52.200018
            ],
            [
              98.919782,
              52.198029
            ],
            [
              98.92681,
              52.195367
            ],
            [
              98.932391,
              52.191853
            ],
            [
              98.936835,
              52.186066
            ],
            [
              98.940555,
              52.178676
            ],
            [
              98.947583,
              52.152786
            ],
            [
              98.947273,
              52.146094
            ],
            [
              98.941796,
              52.140487
            ],
            [
              98.937652,
              52.124687
            ]
          ]
        ]
      }
    }
  ]
}
